category_id,total_behavior_count,buy_count,buy_percentage
6344,93059,2208,1.84
1863,393247,2000,1.66
5232,144200,1611,1.34
6977,26410,1324,1.1
8877,67689,1072,0.89
6513,295768,1059,0.88
5399,281739,1054,0.88
3424,54325,1053,0.88
3472,55024,1038,0.86
7957,47180,997,0.83
5894,330207,958,0.8
1838,55532,919,0.76
10392,97029,866,0.72
10894,138782,865,0.72
5027,334280,858,0.71
13230,356773,841,0.7
9516,86683,828,0.69
3064,112805,806,0.67
4370,121728,775,0.64
11279,187056,722,0.6
2825,163626,625,0.52
10431,43203,614,0.51
3628,73705,583,0.49
7767,27767,578,0.48
11824,71109,578,0.48
2993,51549,572,0.48
5689,116029,563,0.47
11537,21445,548,0.46
8291,40238,545,0.45
3673,57804,534,0.44
1083,69782,530,0.44
11623,46020,495,0.41
2513,51836,490,0.41
552,63879,488,0.41
2901,15164,484,0.4
14079,98190,479,0.4
8771,14787,458,0.38
11552,78214,439,0.37
4269,32485,438,0.36
3662,33544,437,0.36
13041,30326,427,0.36
3381,88586,406,0.34
3660,28653,398,0.33
9397,27228,387,0.32
6717,8992,384,0.32
3783,66274,375,0.31
6054,78048,374,0.31
2949,1907,373,0.31
508,46608,371,0.31
446,14478,370,0.31
12067,24060,369,0.31
3798,27839,358,0.3
1121,43752,358,0.3
874,24408,353,0.29
9412,18224,348,0.29
3368,16797,347,0.29
10507,11127,346,0.29
10984,24123,340,0.28
5271,67523,339,0.28
12569,14994,336,0.28
9179,26639,335,0.28
6648,65046,329,0.27
5503,72765,328,0.27
3099,31762,328,0.27
1421,16111,327,0.27
5468,19449,320,0.27
13500,20126,319,0.27
9614,26119,319,0.27
6512,35164,310,0.26
9517,61687,307,0.26
5751,7083,306,0.25
6000,107606,301,0.25
7549,18585,296,0.25
8586,7996,291,0.24
1674,8821,282,0.23
6255,52087,275,0.23
13338,25017,267,0.22
10121,3385,267,0.22
10661,34603,267,0.22
292,18435,263,0.22
9261,22128,263,0.22
4333,13349,252,0.21
3760,11934,251,0.21
10703,17904,247,0.21
4676,42816,246,0.2
9247,45027,242,0.2
8099,15770,239,0.2
10961,21576,236,0.2
2284,27841,234,0.19
13926,6920,230,0.19
12630,28629,229,0.19
7831,7625,225,0.19
4245,17669,224,0.19
7876,18582,224,0.19
6576,13686,223,0.19
12685,8076,221,0.18
12189,15893,221,0.18
5388,28520,219,0.18
8095,27263,218,0.18
5623,7446,218,0.18
675,7909,216,0.18
12753,8291,215,0.18
10079,7245,214,0.18
4264,23093,212,0.18
12855,35183,211,0.18
9807,12715,210,0.17
3944,6104,210,0.17
7572,11507,210,0.17
5550,6110,207,0.17
11406,28654,206,0.17
11178,7917,206,0.17
10523,18872,205,0.17
7312,16425,204,0.17
7440,20600,199,0.17
3252,33141,198,0.16
11497,5317,197,0.16
7606,7004,197,0.16
9720,10957,195,0.16
8874,18487,193,0.16
11652,25388,191,0.16
1843,38070,186,0.15
3431,13495,186,0.15
9559,43875,186,0.15
7590,5152,185,0.15
2950,7809,184,0.15
10533,67119,184,0.15
3942,13598,184,0.15
6936,11694,184,0.15
814,8240,182,0.15
11376,7178,181,0.15
10223,26387,179,0.15
3988,5291,177,0.15
9541,19318,176,0.15
3475,9231,175,0.15
5204,18545,173,0.14
7195,26420,171,0.14
2883,34402,169,0.14
5533,7961,167,0.14
12328,22404,166,0.14
12982,11627,165,0.14
3625,3359,165,0.14
9053,9778,164,0.14
1509,4045,164,0.14
5395,96878,162,0.13
8744,3998,162,0.13
4560,2586,160,0.13
5273,11662,158,0.13
3960,8739,157,0.13
11757,11174,157,0.13
8864,15853,156,0.13
284,7226,155,0.13
2153,7604,154,0.13
6697,5059,151,0.13
6327,14946,149,0.12
6226,15669,149,0.12
8254,5247,147,0.12
8796,5007,146,0.12
10901,18623,144,0.12
1303,7771,141,0.12
1723,4210,140,0.12
8860,11632,139,0.12
12170,8579,138,0.11
9569,11692,137,0.11
8956,12069,137,0.11
12553,6784,137,0.11
11311,7141,136,0.11
7516,5154,136,0.11
889,11146,135,0.11
7995,40812,135,0.11
7639,3184,134,0.11
11750,2322,133,0.11
3093,3965,133,0.11
9552,10305,132,0.11
939,11382,132,0.11
242,16131,131,0.11
12294,4768,131,0.11
6828,6936,130,0.11
438,4452,129,0.11
6424,3794,129,0.11
9790,10567,127,0.11
12304,6165,127,0.11
9835,25390,126,0.1
3544,23826,126,0.1
1230,4887,126,0.1
11330,4355,126,0.1
7712,4456,126,0.1
7299,7205,125,0.1
8537,3316,125,0.1
9001,5482,125,0.1
231,7940,124,0.1
1877,4278,124,0.1
10015,4223,124,0.1
6045,4369,123,0.1
10804,4576,123,0.1
12326,8782,123,0.1
12090,28538,122,0.1
5661,3270,122,0.1
8010,3249,121,0.1
11241,33458,121,0.1
3156,18518,120,0.1
4640,20057,119,0.1
12863,18549,119,0.1
5454,7236,119,0.1
8077,7109,117,0.1
9899,3142,116,0.1
13381,10917,115,0.1
5908,12048,114,0.09
437,26242,113,0.09
7103,24936,113,0.09
2261,8882,112,0.09
2828,4528,111,0.09
11489,6309,111,0.09
14033,6265,110,0.09
9579,10327,110,0.09
4898,7548,110,0.09
8792,4765,110,0.09
12135,3706,109,0.09
989,19679,108,0.09
13515,3812,108,0.09
6417,7622,107,0.09
11991,19412,107,0.09
10412,6224,107,0.09
13712,4890,105,0.09
7753,4136,105,0.09
603,4904,105,0.09
9444,5149,105,0.09
11335,5373,104,0.09
5649,2401,104,0.09
3709,3326,104,0.09
8161,14503,104,0.09
1346,3389,104,0.09
3852,6102,103,0.09
436,13657,102,0.08
11914,6937,102,0.08
9598,7799,101,0.08
12406,4272,101,0.08
3846,4834,101,0.08
7928,2236,101,0.08
4747,6422,101,0.08
6531,2655,100,0.08
7021,2342,100,0.08
5017,7266,99,0.08
3940,8606,99,0.08
13152,6112,99,0.08
4721,7344,98,0.08
9856,4376,98,0.08
7917,4559,98,0.08
2730,3480,97,0.08
7146,2520,96,0.08
6460,5324,95,0.08
7344,13070,94,0.08
4365,2145,94,0.08
4582,14776,94,0.08
630,4048,93,0.08
3793,3045,93,0.08
10049,31432,92,0.08
1963,5769,92,0.08
7117,1778,92,0.08
13038,5565,92,0.08
10356,7737,92,0.08
3378,5402,91,0.08
5867,16940,91,0.08
13332,3574,91,0.08
4435,4518,91,0.08
8179,7707,91,0.08
8986,11472,91,0.08
6742,2858,90,0.07
881,4603,90,0.07
2254,3376,90,0.07
6253,4267,89,0.07
150,5236,88,0.07
11140,5204,88,0.07
8409,2007,88,0.07
5993,5409,86,0.07
2866,2123,86,0.07
12488,30906,86,0.07
4276,2890,85,0.07
13932,1827,85,0.07
10908,1546,84,0.07
451,9733,84,0.07
3975,5532,84,0.07
6825,5008,84,0.07
1797,8855,84,0.07
4190,6103,84,0.07
13971,3584,84,0.07
3321,5015,84,0.07
4364,5736,83,0.07
4329,3087,83,0.07
10314,21476,82,0.07
3879,4034,82,0.07
8662,3684,81,0.07
3067,3463,81,0.07
7619,2586,80,0.07
8749,2215,80,0.07
9970,2710,80,0.07
2631,2653,79,0.07
5944,3759,79,0.07
2040,2226,79,0.07
12740,1489,79,0.07
13455,3156,79,0.07
5319,1867,78,0.06
12973,7480,78,0.06
1518,7714,78,0.06
1488,24973,78,0.06
11774,2943,78,0.06
1310,1856,78,0.06
3502,5875,77,0.06
10258,8238,77,0.06
1396,12531,76,0.06
10686,4754,76,0.06
13186,4021,76,0.06
732,2843,76,0.06
1968,14269,75,0.06
3000,2759,75,0.06
13092,3940,75,0.06
10135,4875,75,0.06
10029,2136,75,0.06
8930,6685,74,0.06
2252,3271,74,0.06
4111,5301,74,0.06
10271,7467,74,0.06
7404,1839,74,0.06
3979,6259,74,0.06
8561,12841,73,0.06
10472,2552,73,0.06
13547,4592,72,0.06
11756,5532,72,0.06
9942,4427,71,0.06
6669,5374,71,0.06
4250,3723,71,0.06
13288,5906,71,0.06
10590,8439,71,0.06
4584,9521,70,0.06
9017,4187,70,0.06
8575,2832,70,0.06
5919,1083,70,0.06
4583,1573,70,0.06
7467,4169,70,0.06
1969,2046,69,0.06
3924,1474,69,0.06
10236,3044,69,0.06
198,10339,68,0.06
1370,4017,68,0.06
10275,7942,68,0.06
7229,1021,68,0.06
9909,2729,68,0.06
11589,3497,68,0.06
6228,7267,67,0.06
10187,2890,67,0.06
12184,6565,67,0.06
5002,2826,67,0.06
110,1422,67,0.06
4830,20803,67,0.06
4999,6780,67,0.06
7079,3506,67,0.06
1427,8186,66,0.05
12514,801,66,0.05
6795,4855,66,0.05
13727,12450,66,0.05
11296,8110,66,0.05
1911,865,66,0.05
5065,2536,66,0.05
1096,1361,65,0.05
3898,6147,65,0.05
10460,6579,65,0.05
3324,1784,65,0.05
8829,1592,65,0.05
9354,1788,65,0.05
8040,3167,65,0.05
2953,42324,65,0.05
7691,1097,65,0.05
8371,1646,65,0.05
94,5795,64,0.05
11270,4224,64,0.05
6020,2440,64,0.05
7880,5763,63,0.05
1308,10237,63,0.05
3222,1799,62,0.05
107,7862,62,0.05
8132,5678,62,0.05
5653,28758,61,0.05
9130,6450,61,0.05
8709,3864,61,0.05
3925,3361,61,0.05
4396,1812,60,0.05
4677,2759,60,0.05
7850,2543,60,0.05
4778,12260,60,0.05
2656,5784,60,0.05
3046,3801,60,0.05
9561,1012,59,0.05
7167,3880,59,0.05
10662,3360,59,0.05
12368,6513,59,0.05
12230,11979,59,0.05
13852,5173,58,0.05
8665,6827,58,0.05
11103,5399,58,0.05
9847,6329,58,0.05
6321,2614,58,0.05
1361,2658,58,0.05
4817,1601,58,0.05
9829,3682,58,0.05
12370,2702,58,0.05
6575,4309,58,0.05
8365,5058,57,0.05
1173,1588,57,0.05
6194,2101,57,0.05
6304,1487,57,0.05
3275,5164,57,0.05
4008,7936,57,0.05
5334,895,57,0.05
12479,2934,57,0.05
10753,6129,57,0.05
1005,1120,57,0.05
4213,5638,56,0.05
10290,7406,56,0.05
220,2049,56,0.05
2204,1603,56,0.05
12015,1229,56,0.05
11304,1700,56,0.05
6991,2756,56,0.05
11895,2198,56,0.05
7791,4228,55,0.05
6724,8438,55,0.05
4670,3897,55,0.05
13985,2031,55,0.05
11821,4392,55,0.05
9205,8946,54,0.04
4593,2368,54,0.04
2010,2230,54,0.04
1032,2418,54,0.04
5553,4896,54,0.04
7266,1770,54,0.04
1483,7718,53,0.04
5466,1794,53,0.04
12345,6996,53,0.04
232,2821,53,0.04
6431,3186,53,0.04
12570,3014,53,0.04
8854,3118,53,0.04
5746,747,52,0.04
3636,1529,52,0.04
9580,1202,52,0.04
12251,1291,52,0.04
12158,2539,52,0.04
1854,14222,52,0.04
11599,1323,52,0.04
4776,733,52,0.04
5513,6593,52,0.04
5915,1983,51,0.04
12662,998,51,0.04
5444,1282,51,0.04
13305,1798,51,0.04
4382,2448,51,0.04
2754,4900,51,0.04
13598,1375,51,0.04
7929,6392,51,0.04
6256,4987,51,0.04
8681,3314,51,0.04
11981,6294,51,0.04
9280,2170,51,0.04
9232,3541,50,0.04
2490,2681,50,0.04
10567,16170,50,0.04
8270,12237,50,0.04
12823,1211,50,0.04
6794,3066,50,0.04
11834,9160,50,0.04
9638,4306,50,0.04
1504,1626,50,0.04
10798,1536,50,0.04
1317,1579,50,0.04
13892,878,50,0.04
13378,2822,49,0.04
6689,4794,49,0.04
3271,4504,49,0.04
4296,34739,49,0.04
13541,1787,49,0.04
12141,11614,49,0.04
8664,7208,49,0.04
13396,1901,48,0.04
11687,1971,48,0.04
6564,1719,48,0.04
887,4874,48,0.04
6331,1493,48,0.04
11324,1449,48,0.04
4991,1418,48,0.04
10265,5064,48,0.04
9693,6371,47,0.04
4739,1424,47,0.04
10012,2591,47,0.04
12652,1389,47,0.04
12626,1563,47,0.04
2054,1102,47,0.04
11691,2656,47,0.04
6307,1605,47,0.04
2042,1170,47,0.04
9820,11479,47,0.04
3090,3356,47,0.04
983,3384,46,0.04
4195,1647,46,0.04
2511,2893,46,0.04
2551,3868,46,0.04
6209,22416,46,0.04
13308,1054,46,0.04
5600,2798,46,0.04
5263,9496,46,0.04
11879,1897,46,0.04
9762,4723,46,0.04
3956,3218,45,0.04
8650,10596,45,0.04
9372,1306,45,0.04
10072,7257,45,0.04
13393,1600,45,0.04
13590,3212,45,0.04
10920,4492,45,0.04
3087,1201,45,0.04
9276,2412,44,0.04
10975,2234,44,0.04
13404,2586,44,0.04
5201,5458,44,0.04
10456,757,44,0.04
8088,1637,44,0.04
4636,1907,44,0.04
13963,2366,43,0.04
4963,778,43,0.04
2683,2752,43,0.04
10875,7841,43,0.04
10930,1488,43,0.04
8879,1773,43,0.04
6287,2482,43,0.04
9100,3631,43,0.04
3833,3722,43,0.04
1080,3462,43,0.04
7939,6139,42,0.03
11034,1434,42,0.03
1604,1229,42,0.03
4405,2293,42,0.03
11721,3927,42,0.03
1519,5987,42,0.03
13374,3052,42,0.03
8666,1384,42,0.03
940,2675,42,0.03
5749,19527,42,0.03
10250,3270,42,0.03
2610,7310,42,0.03
215,7228,42,0.03
9419,941,41,0.03
566,968,41,0.03
2313,2954,41,0.03
8126,6266,41,0.03
11281,1053,41,0.03
9503,4595,41,0.03
12397,859,41,0.03
2413,1253,41,0.03
12249,2624,41,0.03
11327,2525,41,0.03
10740,15780,40,0.03
7551,2425,40,0.03
7911,2638,40,0.03
2130,1221,40,0.03
512,2420,40,0.03
3827,2462,40,0.03
3509,1347,40,0.03
3397,8155,40,0.03
9816,3451,40,0.03
12741,2637,39,0.03
9576,2353,39,0.03
7768,1517,39,0.03
6402,4101,39,0.03
9637,1557,39,0.03
13915,1049,39,0.03
7322,4862,39,0.03
4181,1104,39,0.03
4751,586,39,0.03
11802,1108,39,0.03
5376,6578,39,0.03
9278,2056,39,0.03
11499,1948,38,0.03
11695,1107,38,0.03
11091,738,38,0.03
3330,1354,38,0.03
7580,3198,38,0.03
12147,8283,38,0.03
4116,15222,38,0.03
9258,1448,38,0.03
13807,1845,38,0.03
13548,932,38,0.03
4153,1738,38,0.03
1385,9971,38,0.03
3537,981,38,0.03
11894,1653,38,0.03
10944,862,38,0.03
1720,2383,38,0.03
11618,5049,37,0.03
4605,5172,37,0.03
6655,1688,37,0.03
6064,746,37,0.03
11307,5502,37,0.03
1169,7184,37,0.03
3561,1067,37,0.03
13729,1875,37,0.03
11956,1252,37,0.03
9457,616,36,0.03
738,1210,36,0.03
4280,2261,36,0.03
8943,1702,36,0.03
2679,1476,36,0.03
9388,1058,36,0.03
7582,5280,36,0.03
7296,1076,36,0.03
2510,517,36,0.03
2839,1536,36,0.03
6678,2327,36,0.03
6541,5261,36,0.03
4110,1431,36,0.03
205,771,36,0.03
9102,2676,36,0.03
11492,2812,36,0.03
9155,1647,36,0.03
9363,17449,36,0.03
893,2518,35,0.03
13365,890,35,0.03
4627,1394,35,0.03
4690,1147,35,0.03
11680,1376,35,0.03
12744,7541,35,0.03
5988,1900,35,0.03
9944,1448,35,0.03
4438,1076,35,0.03
9334,2885,35,0.03
583,801,35,0.03
7023,1531,35,0.03
484,2683,35,0.03
12311,6396,34,0.03
12221,8931,34,0.03
10832,890,34,0.03
12268,1380,34,0.03
8066,1160,34,0.03
13280,5058,34,0.03
6400,1674,34,0.03
2178,164,34,0.03
9618,3854,34,0.03
2649,1832,34,0.03
7393,9635,34,0.03
13599,4181,34,0.03
1810,3845,34,0.03
6121,2294,34,0.03
4520,6335,34,0.03
10569,1730,34,0.03
3747,1452,33,0.03
9752,6149,33,0.03
5492,2607,33,0.03
733,4198,33,0.03
11604,407,33,0.03
12172,3676,33,0.03
6015,975,33,0.03
9298,3638,33,0.03
6516,1978,33,0.03
5324,999,33,0.03
2812,776,33,0.03
8141,1838,33,0.03
11998,535,33,0.03
1029,1763,33,0.03
8300,2252,33,0.03
10929,737,33,0.03
758,987,33,0.03
3176,2513,32,0.03
10344,8556,32,0.03
10242,19934,32,0.03
6248,2296,32,0.03
6986,3075,32,0.03
12097,2679,32,0.03
1081,762,32,0.03
10722,3219,32,0.03
12441,4328,32,0.03
4322,3204,32,0.03
4962,2105,32,0.03
12602,904,32,0.03
9413,2726,32,0.03
10520,4893,32,0.03
6059,1866,32,0.03
12762,719,32,0.03
5447,1525,32,0.03
7182,2003,32,0.03
7025,517,32,0.03
12760,1016,32,0.03
5625,2152,32,0.03
8147,1277,31,0.03
10019,950,31,0.03
856,2207,31,0.03
2380,1115,31,0.03
9540,1926,31,0.03
483,1135,31,0.03
905,2285,31,0.03
108,3049,31,0.03
6211,1047,31,0.03
9933,5151,31,0.03
9960,1291,31,0.03
2797,1178,31,0.03
12683,3366,31,0.03
895,14428,31,0.03
10364,2435,31,0.03
6711,907,31,0.03
7311,2189,31,0.03
5985,1322,31,0.03
14038,4835,31,0.03
6945,4933,30,0.02
4869,944,30,0.02
13696,552,30,0.02
3102,822,30,0.02
1337,4148,30,0.02
8765,3077,30,0.02
12919,5692,30,0.02
8104,1050,30,0.02
10501,2690,30,0.02
2347,1763,30,0.02
4076,4373,30,0.02
5699,5386,30,0.02
5477,2755,30,0.02
11135,2477,30,0.02
13903,694,30,0.02
4540,2229,30,0.02
10544,11233,30,0.02
14061,2066,29,0.02
7033,4418,29,0.02
12327,768,29,0.02
4348,866,29,0.02
769,1512,29,0.02
12721,1614,29,0.02
12536,1971,29,0.02
3339,608,29,0.02
836,2006,29,0.02
782,1922,29,0.02
3081,1977,29,0.02
3476,1094,29,0.02
13763,3968,29,0.02
9229,1277,29,0.02
3690,2087,29,0.02
3085,731,29,0.02
6549,826,29,0.02
7472,944,29,0.02
7601,2526,29,0.02
5369,856,29,0.02
2158,1904,29,0.02
1392,3903,29,0.02
6863,550,28,0.02
9202,964,28,0.02
2236,864,28,0.02
2936,1615,28,0.02
12693,1381,28,0.02
3341,894,28,0.02
13040,169,28,0.02
10761,552,28,0.02
12680,1811,28,0.02
10609,2091,28,0.02
8619,782,28,0.02
6084,2387,28,0.02
7350,12098,28,0.02
8007,2453,28,0.02
11797,3261,28,0.02
2909,1203,28,0.02
10338,1156,28,0.02
10283,1175,28,0.02
8480,2146,28,0.02
14041,1013,28,0.02
13619,3927,27,0.02
6748,1113,27,0.02
3074,4546,27,0.02
7645,1947,27,0.02
11379,3460,27,0.02
3171,695,27,0.02
5898,1385,27,0.02
6673,1593,27,0.02
10380,1002,27,0.02
1126,1110,27,0.02
11282,509,27,0.02
4439,605,27,0.02
4007,825,27,0.02
3015,6954,27,0.02
6272,2169,27,0.02
12137,1251,27,0.02
10979,637,27,0.02
5618,719,27,0.02
2431,1329,27,0.02
2463,1674,27,0.02
7709,837,27,0.02
7223,729,26,0.02
4602,571,26,0.02
1956,1671,26,0.02
9343,696,26,0.02
2029,3852,26,0.02
11771,2189,26,0.02
9396,3913,26,0.02
8937,810,26,0.02
13028,1831,26,0.02
12407,788,26,0.02
12261,2822,26,0.02
6437,902,26,0.02
10725,1049,26,0.02
11606,1045,26,0.02
13853,4124,26,0.02
3631,471,26,0.02
3464,2736,26,0.02
12123,664,26,0.02
5494,2078,25,0.02
5727,5562,25,0.02
5719,726,25,0.02
13050,2510,25,0.02
5879,1317,25,0.02
1954,1114,25,0.02
5822,4231,25,0.02
9518,5218,25,0.02
10846,1480,25,0.02
7811,2654,25,0.02
13713,2487,25,0.02
12398,1946,25,0.02
12582,1669,25,0.02
12621,1716,25,0.02
9023,868,25,0.02
8685,1758,25,0.02
9605,1258,25,0.02
12592,840,25,0.02
4273,1661,25,0.02
3528,3492,25,0.02
1486,1557,25,0.02
5446,1665,25,0.02
363,5223,25,0.02
2302,1048,25,0.02
7900,676,25,0.02
1260,779,25,0.02
4097,2281,25,0.02
13425,1184,25,0.02
8849,2987,25,0.02
13355,913,25,0.02
8583,3019,25,0.02
13570,471,25,0.02
8892,1028,25,0.02
169,1785,25,0.02
4722,833,24,0.02
12387,1107,24,0.02
4998,948,24,0.02
13980,1626,24,0.02
12309,248,24,0.02
5372,1191,24,0.02
11840,2213,24,0.02
8579,295,24,0.02
10524,3442,24,0.02
11622,2336,24,0.02
1408,1888,24,0.02
909,2077,24,0.02
4387,1367,24,0.02
784,3221,24,0.02
11952,1663,24,0.02
8426,603,24,0.02
4006,868,24,0.02
12790,2917,24,0.02
1159,2319,24,0.02
12913,1607,24,0.02
7727,1024,24,0.02
1650,3221,24,0.02
9488,753,23,0.02
4372,1061,23,0.02
118,976,23,0.02
11529,461,23,0.02
13825,667,23,0.02
7401,1413,23,0.02
8171,442,23,0.02
4230,1361,23,0.02
12512,3717,23,0.02
767,5765,23,0.02
10926,642,23,0.02
10585,1099,23,0.02
13087,1186,23,0.02
9127,873,23,0.02
10336,643,23,0.02
13042,1563,23,0.02
8595,1671,23,0.02
3359,521,23,0.02
13007,1057,23,0.02
11995,735,23,0.02
1800,623,23,0.02
12100,2774,23,0.02
5522,1430,23,0.02
2226,1586,23,0.02
8907,902,23,0.02
5354,1856,23,0.02
11924,676,23,0.02
13698,1630,23,0.02
11455,963,23,0.02
11625,1669,23,0.02
7898,1067,23,0.02
7490,723,23,0.02
6924,1172,22,0.02
13065,485,22,0.02
11477,1325,22,0.02
11508,2517,22,0.02
1199,1713,22,0.02
6657,995,22,0.02
10529,1517,22,0.02
10548,710,22,0.02
8004,1492,22,0.02
6836,388,22,0.02
2298,2055,22,0.02
1686,1283,22,0.02
2667,3168,22,0.02
4468,775,22,0.02
6974,539,22,0.02
7720,1751,22,0.02
13003,4391,22,0.02
4466,426,22,0.02
8317,742,22,0.02
10762,1219,22,0.02
12598,774,22,0.02
12111,711,22,0.02
712,913,22,0.02
5701,1763,22,0.02
1588,710,22,0.02
12380,1806,22,0.02
3654,385,22,0.02
4753,5922,21,0.02
11039,3384,21,0.02
7143,1236,21,0.02
4954,2403,21,0.02
2362,443,21,0.02
7111,683,21,0.02
5693,840,21,0.02
1741,5659,21,0.02
2373,1114,21,0.02
879,1385,21,0.02
7032,2110,21,0.02
1606,879,21,0.02
12584,1391,21,0.02
3876,461,21,0.02
9297,1812,21,0.02
9307,1770,21,0.02
9311,1319,21,0.02
7466,895,21,0.02
4588,3038,21,0.02
316,3021,21,0.02
9727,317,21,0.02
11493,1492,21,0.02
1267,2206,21,0.02
3070,722,21,0.02
1152,814,21,0.02
5186,757,21,0.02
7618,1723,21,0.02
5165,1080,21,0.02
56,2470,20,0.02
7452,1469,20,0.02
5084,4647,20,0.02
8043,1774,20,0.02
1900,783,20,0.02
6571,623,20,0.02
8405,1048,20,0.02
10500,687,20,0.02
9789,2102,20,0.02
444,4079,20,0.02
388,631,20,0.02
7273,1219,20,0.02
332,941,20,0.02
5897,377,20,0.02
8597,843,20,0.02
9199,844,20,0.02
4807,761,20,0.02
7985,2789,20,0.02
12968,1396,20,0.02
4254,8067,20,0.02
5554,270,20,0.02
12551,2411,20,0.02
7405,1039,20,0.02
6154,967,20,0.02
12778,1382,20,0.02
4282,1703,20,0.02
6507,312,20,0.02
9435,532,20,0.02
2437,619,20,0.02
2454,761,20,0.02
7766,2164,20,0.02
3245,1190,20,0.02
12564,3158,20,0.02
883,1730,20,0.02
4704,1800,20,0.02
13911,1368,20,0.02
4832,1518,19,0.02
10218,873,19,0.02
11393,902,19,0.02
2907,564,19,0.02
13759,1189,19,0.02
2378,756,19,0.02
4371,2180,19,0.02
5578,967,19,0.02
2605,2287,19,0.02
10873,304,19,0.02
3358,1480,19,0.02
5571,7379,19,0.02
5686,784,19,0.02
10017,584,19,0.02
12658,4913,19,0.02
2334,5352,19,0.02
4601,989,19,0.02
12758,609,19,0.02
12029,892,19,0.02
4455,1042,19,0.02
2425,793,19,0.02
14024,1495,19,0.02
3656,3519,19,0.02
11225,537,19,0.02
1550,932,19,0.02
11273,1054,19,0.02
13098,587,19,0.02
3056,2693,19,0.02
7359,645,19,0.02
10405,180,19,0.02
5692,1181,19,0.02
10716,604,19,0.02
9849,1646,19,0.02
8951,2172,19,0.02
5515,829,19,0.02
9021,921,19,0.02
1805,385,19,0.02
11643,610,19,0.02
11610,982,19,0.02
2781,654,18,0.01
3111,4294,18,0.01
12560,1032,18,0.01
2048,2340,18,0.01
3103,446,18,0.01
16,588,18,0.01
8432,2077,18,0.01
1183,1002,18,0.01
5829,659,18,0.01
4247,4411,18,0.01
9784,3257,18,0.01
493,1133,18,0.01
5426,576,18,0.01
11339,2833,18,0.01
4837,634,18,0.01
6903,678,18,0.01
10559,730,18,0.01
13056,311,18,0.01
13783,534,18,0.01
7955,6048,18,0.01
9384,910,18,0.01
11763,5061,18,0.01
5558,956,18,0.01
6446,657,18,0.01
2947,1362,18,0.01
2420,767,18,0.01
12117,373,18,0.01
1150,404,18,0.01
7061,1334,18,0.01
2016,1479,18,0.01
1362,628,18,0.01
13730,2248,18,0.01
12386,1881,18,0.01
12874,706,18,0.01
8649,3867,18,0.01
4573,973,18,0.01
8083,918,18,0.01
634,478,18,0.01
1456,626,18,0.01
4561,2635,18,0.01
2160,918,18,0.01
8869,583,17,0.01
10179,424,17,0.01
14073,255,17,0.01
5842,1098,17,0.01
12998,1732,17,0.01
4864,3190,17,0.01
114,958,17,0.01
1039,779,17,0.01
1572,979,17,0.01
11837,1346,17,0.01
9510,435,17,0.01
9491,1055,17,0.01
6792,1092,17,0.01
888,2267,17,0.01
2903,474,17,0.01
5566,756,17,0.01
831,520,17,0.01
8439,147,17,0.01
2859,895,17,0.01
5591,472,17,0.01
10021,506,17,0.01
6544,137,17,0.01
5220,491,17,0.01
6267,1336,17,0.01
7070,936,17,0.01
3063,508,17,0.01
4303,1472,17,0.01
1233,532,17,0.01
12636,510,17,0.01
8159,1428,17,0.01
11512,479,17,0.01
2251,647,17,0.01
9896,1829,17,0.01
5981,2023,17,0.01
3607,291,17,0.01
11954,630,17,0.01
8280,2073,17,0.01
2271,679,17,0.01
1514,582,17,0.01
1401,603,17,0.01
13215,560,17,0.01
1116,2083,17,0.01
7711,1742,17,0.01
11992,1019,17,0.01
8531,428,16,0.01
6744,1085,16,0.01
10331,671,16,0.01
8344,361,16,0.01
7125,206,16,0.01
12219,812,16,0.01
5631,649,16,0.01
10973,1909,16,0.01
7673,902,16,0.01
8491,1736,16,0.01
6793,1173,16,0.01
14006,881,16,0.01
4813,408,16,0.01
987,1649,16,0.01
12124,361,16,0.01
6264,1063,16,0.01
11965,991,16,0.01
7040,561,16,0.01
10464,1156,16,0.01
3865,1087,16,0.01
9293,509,16,0.01
11398,964,16,0.01
3155,264,16,0.01
8848,714,16,0.01
1990,2267,16,0.01
4609,782,16,0.01
3682,1389,16,0.01
11685,1408,16,0.01
13508,474,16,0.01
8723,648,16,0.01
5706,723,16,0.01
1098,3773,16,0.01
11876,954,16,0.01
6101,939,16,0.01
1477,1604,16,0.01
3670,1342,16,0.01
5827,355,16,0.01
6235,2605,16,0.01
5430,745,16,0.01
4510,852,16,0.01
9401,4035,16,0.01
10481,13018,16,0.01
6824,2068,16,0.01
7297,1391,16,0.01
13773,1908,16,0.01
10141,794,16,0.01
9772,550,16,0.01
9757,750,16,0.01
9753,4744,16,0.01
4949,1313,15,0.01
9769,409,15,0.01
10162,517,15,0.01
10138,286,15,0.01
492,11311,15,0.01
13154,754,15,0.01
5320,1879,15,0.01
7942,300,15,0.01
11223,514,15,0.01
600,727,15,0.01
10659,1089,15,0.01
6489,942,15,0.01
9279,2312,15,0.01
7276,1140,15,0.01
7269,817,15,0.01
5752,3442,15,0.01
8094,739,15,0.01
6964,1073,15,0.01
11861,147,15,0.01
8373,2747,15,0.01
11275,435,15,0.01
1198,1432,15,0.01
5809,4222,15,0.01
8716,440,15,0.01
5892,438,15,0.01
12615,2036,15,0.01
281,1044,15,0.01
12317,925,15,0.01
5599,851,15,0.01
1742,289,15,0.01
7971,1592,15,0.01
6442,304,15,0.01
12388,10851,15,0.01
5648,321,15,0.01
849,1630,15,0.01
8484,1374,15,0.01
2170,1942,15,0.01
1722,402,15,0.01
9090,1557,15,0.01
13664,2258,15,0.01
892,302,15,0.01
10010,1331,15,0.01
11664,841,15,0.01
8191,766,15,0.01
6247,2122,15,0.01
2177,1675,15,0.01
7419,260,15,0.01
4025,1556,15,0.01
11475,3304,15,0.01
618,816,15,0.01
12819,3412,15,0.01
7622,1182,15,0.01
5899,1414,15,0.01
12735,283,15,0.01
3838,226,14,0.01
7717,231,14,0.01
10726,462,14,0.01
5351,1962,14,0.01
5453,238,14,0.01
5360,2446,14,0.01
11062,1577,14,0.01
1822,290,14,0.01
12837,1120,14,0.01
1227,191,14,0.01
3283,663,14,0.01
4210,1564,14,0.01
11904,2770,14,0.01
5801,1646,14,0.01
8912,507,14,0.01
4221,454,14,0.01
7889,118,14,0.01
8793,422,14,0.01
2966,331,14,0.01
13840,1262,14,0.01
4688,1118,14,0.01
4961,807,14,0.01
7951,1834,14,0.01
2079,471,14,0.01
10213,2533,14,0.01
13823,5413,14,0.01
12961,358,14,0.01
5814,130,14,0.01
14050,299,14,0.01
10576,3852,14,0.01
1872,399,14,0.01
2939,1218,14,0.01
3645,225,14,0.01
606,1252,14,0.01
7576,286,14,0.01
2535,1043,14,0.01
8954,619,14,0.01
11498,390,14,0.01
9719,1050,14,0.01
11616,895,14,0.01
725,1617,14,0.01
6957,980,14,0.01
8735,382,14,0.01
2342,666,14,0.01
11111,979,14,0.01
12096,188,14,0.01
8809,572,14,0.01
1442,299,14,0.01
4274,555,14,0.01
6439,447,14,0.01
838,999,14,0.01
1316,221,14,0.01
5041,607,14,0.01
10304,1201,14,0.01
10799,986,14,0.01
2213,995,14,0.01
6367,2335,14,0.01
1726,462,14,0.01
12245,1670,14,0.01
12239,2087,14,0.01
11564,1440,14,0.01
1630,438,14,0.01
5998,650,14,0.01
11482,774,14,0.01
13769,1016,14,0.01
13908,698,14,0.01
10063,3178,13,0.01
3723,1632,13,0.01
2092,450,13,0.01
1860,2307,13,0.01
1584,775,13,0.01
10040,313,13,0.01
10862,732,13,0.01
13323,677,13,0.01
414,414,13,0.01
3200,2361,13,0.01
5379,134,13,0.01
11047,1113,13,0.01
1807,2001,13,0.01
6423,907,13,0.01
10983,1321,13,0.01
6985,699,13,0.01
10678,1522,13,0.01
2537,354,13,0.01
6608,577,13,0.01
6580,681,13,0.01
6569,552,13,0.01
689,311,13,0.01
12612,836,13,0.01
4302,211,13,0.01
12555,399,13,0.01
1048,1540,13,0.01
9622,185,13,0.01
2955,555,13,0.01
11883,701,13,0.01
5646,355,13,0.01
3562,350,13,0.01
10209,762,13,0.01
6901,365,13,0.01
805,645,13,0.01
43,1148,13,0.01
5604,986,13,0.01
5579,909,13,0.01
4701,3094,13,0.01
5004,435,13,0.01
6858,374,13,0.01
7694,407,13,0.01
1157,82,13,0.01
5881,1273,13,0.01
3584,235,13,0.01
11702,912,13,0.01
590,1545,13,0.01
5900,485,13,0.01
1287,303,13,0.01
11551,820,13,0.01
4159,1196,13,0.01
7832,448,13,0.01
4531,1511,13,0.01
5340,1136,13,0.01
9358,614,12,0.01
5276,1074,12,0.01
9881,1508,12,0.01
11114,736,12,0.01
11219,1885,12,0.01
2026,548,12,0.01
10322,1064,12,0.01
10062,464,12,0.01
9139,284,12,0.01
5077,664,12,0.01
9117,257,12,0.01
8052,692,12,0.01
9093,244,12,0.01
3489,396,12,0.01
9101,1346,12,0.01
6518,1163,12,0.01
13691,540,12,0.01
7534,577,12,0.01
2771,2446,12,0.01
6441,369,12,0.01
5264,942,12,0.01
3032,517,12,0.01
13269,2581,12,0.01
3033,247,12,0.01
6485,325,12,0.01
10772,357,12,0.01
5127,2769,12,0.01
8068,795,12,0.01
3403,175,12,0.01
13441,224,12,0.01
340,413,12,0.01
6627,338,12,0.01
7948,521,12,0.01
3139,754,12,0.01
157,387,12,0.01
12540,1000,12,0.01
5602,416,12,0.01
2410,211,12,0.01
2620,441,12,0.01
12657,239,12,0.01
11917,2199,12,0.01
13846,4534,12,0.01
10137,1740,12,0.01
192,272,12,0.01
12233,452,12,0.01
6176,888,12,0.01
6091,1473,12,0.01
9808,433,12,0.01
9480,481,12,0.01
7843,134,12,0.01
7690,721,12,0.01
5869,442,12,0.01
12688,795,12,0.01
5927,596,12,0.01
11621,700,12,0.01
5932,2257,12,0.01
6168,1421,12,0.01
11401,769,12,0.01
3297,679,12,0.01
3289,502,12,0.01
7392,479,12,0.01
10734,1853,12,0.01
13346,686,12,0.01
13224,427,12,0.01
5480,3299,12,0.01
705,1058,12,0.01
3227,807,12,0.01
3228,463,12,0.01
11909,2128,12,0.01
12183,586,12,0.01
8216,1132,12,0.01
12275,430,12,0.01
4034,545,12,0.01
4127,1638,12,0.01
6129,475,12,0.01
10816,491,11,0.01
8724,544,11,0.01
9160,358,11,0.01
5229,568,11,0.01
13135,192,11,0.01
4625,5080,11,0.01
13408,766,11,0.01
9221,787,11,0.01
9224,1444,11,0.01
13480,381,11,0.01
1892,499,11,0.01
3814,506,11,0.01
1996,379,11,0.01
219,359,11,0.01
5118,307,11,0.01
10241,802,11,0.01
13645,372,11,0.01
7530,730,11,0.01
10735,918,11,0.01
10741,886,11,0.01
11055,860,11,0.01
7210,377,11,0.01
11021,409,11,0.01
11097,645,11,0.01
13148,237,11,0.01
7014,893,11,0.01
11184,867,11,0.01
11159,4473,11,0.01
9872,958,11,0.01
7708,3621,11,0.01
11754,56,11,0.01
11733,492,11,0.01
632,336,11,0.01
8967,1034,11,0.01
5930,1249,11,0.01
8541,650,11,0.01
1215,1656,11,0.01
4422,747,11,0.01
7653,978,11,0.01
8633,683,11,0.01
8613,649,11,0.01
11365,657,11,0.01
504,256,11,0.01
2255,1655,11,0.01
1530,207,11,0.01
5964,389,11,0.01
8156,918,11,0.01
11412,574,11,0.01
12923,468,11,0.01
12922,347,11,0.01
574,3705,11,0.01
564,167,11,0.01
1324,1246,11,0.01
4385,241,11,0.01
7385,396,11,0.01
7384,113,11,0.01
3453,309,11,0.01
674,926,11,0.01
1224,482,11,0.01
7057,413,11,0.01
12277,345,11,0.01
5635,1038,11,0.01
7739,702,11,0.01
1102,368,11,0.01
11967,905,11,0.01
910,293,11,0.01
863,417,11,0.01
4227,373,11,0.01
9526,1867,11,0.01
8259,543,11,0.01
4310,1142,11,0.01
12195,397,11,0.01
13831,422,11,0.01
4762,312,11,0.01
2971,427,11,0.01
9086,5376,11,0.01
9191,1128,11,0.01
155,1711,11,0.01
138,343,11,0.01
2122,244,11,0.01
8867,272,11,0.01
14064,697,11,0.01
3721,433,11,0.01
13928,933,11,0.01
4880,632,11,0.01
4953,364,10,0.01
6896,318,10,0.01
6888,922,10,0.01
10206,203,10,0.01
4692,161,10,0.01
47,1014,10,0.01
14018,585,10,0.01
4750,369,10,0.01
4841,402,10,0.01
12342,540,10,0.01
829,329,10,0.01
2395,1705,10,0.01
9082,301,10,0.01
12550,607,10,0.01
4320,449,10,0.01
12194,721,10,0.01
9550,308,10,0.01
12351,231,10,0.01
11761,283,10,0.01
2931,1704,10,0.01
5844,231,10,0.01
9597,667,10,0.01
5711,598,10,0.01
768,284,10,0.01
3555,203,10,0.01
5523,303,10,0.01
9712,286,10,0.01
2291,1702,10,0.01
7050,451,10,0.01
9653,478,10,0.01
1190,1055,10,0.01
11584,265,10,0.01
3282,298,10,0.01
9745,295,10,0.01
1250,1262,10,0.01
11720,240,10,0.01
12864,751,10,0.01
12861,346,10,0.01
5437,195,10,0.01
9373,210,10,0.01
522,270,10,0.01
6048,399,10,0.01
11439,708,10,0.01
7035,604,10,0.01
3613,321,10,0.01
8994,308,10,0.01
8990,2409,10,0.01
8611,223,10,0.01
9833,1871,10,0.01
11392,335,10,0.01
8587,655,10,0.01
4092,543,10,0.01
501,305,10,0.01
5332,1965,10,0.01
2484,545,10,0.01
4539,989,10,0.01
5329,1386,10,0.01
5308,677,10,0.01
432,1850,10,0.01
11076,1465,10,0.01
11068,383,10,0.01
11150,207,10,0.01
11229,402,10,0.01
1564,2944,10,0.01
3190,385,10,0.01
13200,210,10,0.01
8115,106,10,0.01
7894,372,10,0.01
10814,646,10,0.01
3926,523,10,0.01
9959,1746,10,0.01
9948,1130,10,0.01
2199,260,10,0.01
9938,1496,10,0.01
6375,235,10,0.01
6363,747,10,0.01
10967,550,10,0.01
1824,166,10,0.01
7415,620,10,0.01
9983,544,10,0.01
10785,2480,10,0.01
10779,386,10,0.01
5141,2717,10,0.01
347,417,10,0.01
9228,231,10,0.01
7354,1272,10,0.01
288,2612,10,0.01
280,2244,10,0.01
2702,212,10,0.01
3393,248,10,0.01
6562,1051,10,0.01
1852,403,10,0.01
10613,285,10,0.01
10174,674,10,0.01
10216,2066,10,0.01
3727,779,10,0.01
10288,265,10,0.01
3687,15460,10,0.01
2156,176,10,0.01
6677,1404,10,0.01
3786,680,10,0.01
6686,404,10,0.01
254,1664,10,0.01
13571,328,10,0.01
5095,465,10,0.01
7966,1482,10,0.01
4668,403,10,0.01
126,695,9,0.01
4642,4016,9,0.01
5053,238,9,0.01
5114,1699,9,0.01
4656,662,9,0.01
8017,394,9,0.01
13459,373,9,0.01
9664,2684,9,0.01
9570,110,9,0.01
9529,647,9,0.01
2415,5177,9,0.01
9061,717,9,0.01
3457,76,9,0.01
9432,192,9,0.01
5132,193,9,0.01
338,302,9,0.01
13334,2460,9,0.01
4599,628,9,0.01
8073,580,9,0.01
9920,508,9,0.01
3629,397,9,0.01
3620,657,9,0.01
7390,2193,9,0.01
2312,1084,9,0.01
13348,512,9,0.01
5208,232,9,0.01
5269,976,9,0.01
13114,2707,9,0.01
13066,1333,9,0.01
4549,546,9,0.01
13060,298,9,0.01
12964,804,9,0.01
7834,838,9,0.01
8166,70,9,0.01
12822,877,9,0.01
10122,392,9,0.01
10120,6514,9,0.01
10037,4390,9,0.01
10033,490,9,0.01
3659,1620,9,0.01
9895,649,9,0.01
9885,175,9,0.01
12784,242,9,0.01
12761,719,9,0.01
4411,160,9,0.01
8234,1171,9,0.01
5569,752,9,0.01
12490,4369,9,0.01
4373,175,9,0.01
12465,786,9,0.01
3213,442,9,0.01
7822,216,9,0.01
7804,216,9,0.01
7772,538,9,0.01
8333,349,9,0.01
10286,450,9,0.01
6804,739,9,0.01
7428,6431,9,0.01
8868,388,9,0.01
1010,309,9,0.01
11990,356,9,0.01
11974,488,9,0.01
11815,320,9,0.01
1155,2713,9,0.01
4197,428,9,0.01
11740,1346,9,0.01
8764,241,9,0.01
6631,415,9,0.01
10514,251,9,0.01
3807,419,9,0.01
11703,176,9,0.01
1242,1311,9,0.01
11636,402,9,0.01
2908,233,9,0.01
11597,181,9,0.01
8515,1145,9,0.01
7674,154,9,0.01
7670,511,9,0.01
4115,203,9,0.01
11481,1100,9,0.01
11470,3700,9,0.01
11520,7216,9,0.01
8609,539,9,0.01
2848,169,9,0.01
8598,723,9,0.01
10673,775,9,0.01
6540,484,9,0.01
6529,686,9,0.01
10629,2597,9,0.01
10593,814,9,0.01
11317,235,9,0.01
1451,1247,9,0.01
11237,809,9,0.01
1643,592,9,0.01
1638,485,9,0.01
11038,987,9,0.01
6397,2299,9,0.01
10825,1900,9,0.01
3937,491,9,0.01
7558,355,9,0.01
6445,452,9,0.01
13922,859,9,0.01
13834,375,9,0.01
13774,871,9,0.01
7996,197,9,0.01
7994,146,9,0.01
7961,970,9,0.01
2459,1355,9,0.01
2443,472,9,0.01
9165,265,9,0.01
2568,3163,9,0.01
13945,277,9,0.01
13989,297,8,0.01
7250,1454,8,0.01
9111,177,8,0.01
2479,1169,8,0.01
9310,273,8,0.01
7980,991,8,0.01
5037,1201,8,0.01
13672,334,8,0.01
240,431,8,0.01
10821,735,8,0.01
1750,1951,8,0.01
115,267,8,0.01
13749,350,8,0.01
10732,1894,8,0.01
1441,3578,8,0.01
6058,2975,8,0.01
7607,275,8,0.01
1471,853,8,0.01
11236,720,8,0.01
2801,1077,8,0.01
11143,282,8,0.01
11037,592,8,0.01
1642,1233,8,0.01
10906,282,8,0.01
6401,1593,8,0.01
6200,217,8,0.01
11308,77,8,0.01
1561,1052,8,0.01
11343,308,8,0.01
5962,1072,8,0.01
1329,489,8,0.01
11595,1398,8,0.01
2905,307,8,0.01
11779,134,8,0.01
8401,360,8,0.01
11645,227,8,0.01
11644,753,8,0.01
5906,234,8,0.01
1249,211,8,0.01
3380,306,8,0.01
10379,678,8,0.01
11585,126,8,0.01
8518,57,8,0.01
11565,417,8,0.01
8526,1256,8,0.01
10607,270,8,0.01
10599,1088,8,0.01
3862,3293,8,0.01
4114,364,8,0.01
10616,853,8,0.01
6469,103,8,0.01
11443,168,8,0.01
2831,907,8,0.01
10582,4447,8,0.01
4336,662,8,0.01
1087,168,8,0.01
11934,231,8,0.01
467,245,8,0.01
460,551,8,0.01
7883,181,8,0.01
13094,221,8,0.01
13109,367,8,0.01
390,518,8,0.01
5193,350,8,0.01
337,893,8,0.01
10161,697,8,0.01
2229,116,8,0.01
354,925,8,0.01
410,1168,8,0.01
9766,416,8,0.01
2260,603,8,0.01
7000,395,8,0.01
13326,6348,8,0.01
257,455,8,0.01
5051,901,8,0.01
5049,396,8,0.01
5048,1221,8,0.01
3137,200,8,0.01
24,1625,8,0.01
4889,276,8,0.01
4902,1055,8,0.01
300,1669,8,0.01
7140,5395,8,0.01
7095,475,8,0.01
9592,308,8,0.01
13428,375,8,0.01
9450,5593,8,0.01
5176,2432,8,0.01
3599,1007,8,0.01
12365,454,8,0.01
12421,3517,8,0.01
5586,110,8,0.01
12435,390,8,0.01
12722,565,8,0.01
12690,638,8,0.01
8332,2418,8,0.01
4343,408,8,0.01
924,295,8,0.01
10101,158,8,0.01
12972,503,8,0.01
12836,225,8,0.01
2659,733,8,0.01
8916,523,8,0.01
722,548,8,0.01
3230,227,8,0.01
8376,4440,8,0.01
8901,4922,8,0.01
2076,472,8,0.01
6819,222,8,0.01
1436,82,7,0.01
11278,552,7,0.01
4050,155,7,0.01
10939,536,7,0.01
1640,662,7,0.01
11427,197,7,0.01
8612,268,7,0.01
11354,237,7,0.01
6142,300,7,0.01
2762,189,7,0.01
4700,1601,7,0.01
13832,257,7,0.01
1144,958,7,0.01
11833,613,7,0.01
11804,431,7,0.01
5824,968,7,0.01
7707,326,7,0.01
7522,166,7,0.01
6633,246,7,0.01
6638,170,7,0.01
6700,3842,7,0.01
6668,27,7,0.01
6658,273,7,0.01
10402,585,7,0.01
5878,1530,7,0.01
10315,735,7,0.01
10329,207,7,0.01
10360,1381,7,0.01
11631,370,7,0.01
11639,594,7,0.01
11650,825,7,0.01
4179,588,7,0.01
11704,107,7,0.01
11679,270,7,0.01
1394,581,7,0.01
6009,206,7,0.01
8521,907,7,0.01
7668,475,7,0.01
5991,247,7,0.01
11531,39,7,0.01
5937,168,7,0.01
4128,393,7,0.01
11611,798,7,0.01
1305,200,7,0.01
10592,294,7,0.01
10679,170,7,0.01
8767,310,7,0.01
6017,284,7,0.01
10588,644,7,0.01
11510,324,7,0.01
10708,1351,7,0.01
2493,150,7,0.01
13863,640,7,0.01
13872,230,7,0.01
7305,610,7,0.01
4990,111,7,0.01
13597,363,7,0.01
7192,185,7,0.01
9375,634,7,0.01
10957,249,7,0.01
11164,271,7,0.01
11158,622,7,0.01
1599,800,7,0.01
4016,79,7,0.01
1610,969,7,0.01
8675,790,7,0.01
3994,337,7,0.01
3770,1016,7,0.01
12220,813,7,0.01
12211,238,7,0.01
1040,53,7,0.01
5774,464,7,0.01
1059,299,7,0.01
1079,625,7,0.01
4228,780,7,0.01
1110,2843,7,0.01
13001,164,7,0.01
8178,250,7,0.01
8128,424,7,0.01
12816,382,7,0.01
2117,149,7,0.01
9893,965,7,0.01
10085,1035,7,0.01
10111,220,7,0.01
12746,230,7,0.01
8920,302,7,0.01
12457,278,7,0.01
12409,425,7,0.01
8272,688,7,0.01
8182,635,7,0.01
12627,748,7,0.01
728,448,7,0.01
5581,412,7,0.01
5576,237,7,0.01
12142,1552,7,0.01
5687,279,7,0.01
5717,125,7,0.01
12129,187,7,0.01
10177,424,7,0.01
5640,135,7,0.01
7454,539,7,0.01
7450,1417,7,0.01
3708,445,7,0.01
10254,163,7,0.01
6775,545,7,0.01
6754,4533,7,0.01
6745,674,7,0.01
3592,271,7,0.01
7905,239,7,0.01
13180,278,7,0.01
6997,503,7,0.01
9850,208,7,0.01
7399,114,7,0.01
8966,3756,7,0.01
9715,341,7,0.01
5309,535,7,0.01
13150,307,7,0.01
13035,777,7,0.01
497,447,7,0.01
5214,1510,7,0.01
4559,539,7,0.01
13263,500,7,0.01
13318,1318,7,0.01
4581,266,7,0.01
13472,326,7,0.01
8029,538,7,0.01
9490,168,7,0.01
7148,133,7,0.01
9066,316,7,0.01
5177,367,7,0.01
3542,88,7,0.01
9416,201,7,0.01
4647,207,7,0.01
13483,131,7,0.01
13505,141,7,0.01
5102,400,7,0.01
13876,505,7,0.01
13913,137,7,0.01
7953,365,7,0.01
14047,380,7,0.01
3789,984,6,0.0
6654,309,6,0.0
1943,302,6,0.0
1930,319,6,0.0
2007,177,6,0.0
3795,477,6,0.0
13521,324,6,0.0
13638,944,6,0.0
3194,671,6,0.0
7841,823,6,0.0
8148,389,6,0.0
13670,1664,6,0.0
4662,255,6,0.0
5028,80,6,0.0
158,105,6,0.0
10522,128,6,0.0
6595,738,6,0.0
6583,200,6,0.0
6811,244,6,0.0
6796,624,6,0.0
2034,288,6,0.0
10637,1725,6,0.0
13457,112,6,0.0
309,210,6,0.0
279,3159,6,0.0
8202,474,6,0.0
8184,925,6,0.0
8326,240,6,0.0
8320,290,6,0.0
5067,171,6,0.0
5057,917,6,0.0
10618,133,6,0.0
1820,186,6,0.0
10644,351,6,0.0
6481,833,6,0.0
2089,167,6,0.0
10175,116,6,0.0
2062,363,6,0.0
6478,447,6,0.0
10751,514,6,0.0
13214,198,6,0.0
3238,251,6,0.0
2946,125,6,0.0
8356,401,6,0.0
13328,450,6,0.0
13356,258,6,0.0
10826,298,6,0.0
1758,207,6,0.0
6418,96,6,0.0
10889,347,6,0.0
10864,589,6,0.0
6915,510,6,0.0
10112,647,6,0.0
10839,893,6,0.0
4505,2135,6,0.0
5315,77,6,0.0
13080,2645,6,0.0
4533,1760,6,0.0
13164,668,6,0.0
2929,510,6,0.0
2914,152,6,0.0
8442,327,6,0.0
11051,276,6,0.0
6249,1042,6,0.0
2238,171,6,0.0
9875,258,6,0.0
6993,182,6,0.0
2202,860,6,0.0
6219,563,6,0.0
11316,248,6,0.0
1527,913,6,0.0
12910,235,6,0.0
12905,133,6,0.0
5381,369,6,0.0
2856,484,6,0.0
8542,319,6,0.0
8505,324,6,0.0
7680,207,6,0.0
7660,540,6,0.0
7655,424,6,0.0
13024,371,6,0.0
12788,292,6,0.0
3322,321,6,0.0
2786,284,6,0.0
4469,38,6,0.0
5438,622,6,0.0
11298,203,6,0.0
6146,197,6,0.0
6133,615,6,0.0
11322,285,6,0.0
2241,308,6,0.0
11377,347,6,0.0
6040,300,6,0.0
6035,343,6,0.0
11430,150,6,0.0
11419,321,6,0.0
9660,310,6,0.0
9650,319,6,0.0
1404,129,6,0.0
4119,116,6,0.0
12631,202,6,0.0
4415,226,6,0.0
633,158,6,0.0
12765,293,6,0.0
2758,1083,6,0.0
8698,454,6,0.0
8697,117,6,0.0
5489,726,6,0.0
5475,274,6,0.0
11521,137,6,0.0
5956,188,6,0.0
5942,482,6,0.0
1300,99,6,0.0
9520,348,6,0.0
7131,604,6,0.0
9610,1038,6,0.0
9574,499,6,0.0
4156,540,6,0.0
1288,407,6,0.0
2708,378,6,0.0
8836,209,6,0.0
765,1152,6,0.0
756,244,6,0.0
740,5456,6,0.0
4394,95,6,0.0
4390,328,6,0.0
11633,244,6,0.0
9327,1135,6,0.0
9515,219,6,0.0
2396,749,6,0.0
9499,160,6,0.0
9493,179,6,0.0
11678,120,6,0.0
11663,635,6,0.0
11693,200,6,0.0
12346,115,6,0.0
8804,445,6,0.0
7442,144,6,0.0
7438,421,6,0.0
12376,262,6,0.0
12375,1244,6,0.0
12545,130,6,0.0
12506,526,6,0.0
5865,490,6,0.0
7213,923,6,0.0
4226,101,6,0.0
1124,500,6,0.0
976,639,6,0.0
5684,100,6,0.0
5655,234,6,0.0
12228,290,6,0.0
922,746,6,0.0
12193,337,6,0.0
8913,309,6,0.0
878,179,6,0.0
4354,129,6,0.0
7301,275,6,0.0
9195,436,6,0.0
2539,230,6,0.0
9219,391,6,0.0
5721,178,6,0.0
2633,621,6,0.0
3449,191,6,0.0
7329,712,6,0.0
4295,1703,6,0.0
14023,701,6,0.0
7956,175,6,0.0
13,113,6,0.0
1960,350,6,0.0
1958,464,6,0.0
10381,431,6,0.0
145,85,6,0.0
13789,158,6,0.0
3051,231,6,0.0
120,678,6,0.0
4709,2724,6,0.0
13973,483,5,0.0
4883,718,5,0.0
4931,3542,5,0.0
13855,185,5,0.0
7870,369,5,0.0
7872,150,5,0.0
13798,631,5,0.0
4684,182,5,0.0
4705,423,5,0.0
4706,741,5,0.0
13747,238,5,0.0
10363,436,5,0.0
11,8995,5,0.0
12,221,5,0.0
4872,235,5,0.0
4874,265,5,0.0
8025,132,5,0.0
7973,80,5,0.0
4773,3427,5,0.0
28,92,5,0.0
35,181,5,0.0
12128,223,5,0.0
4301,224,5,0.0
5704,196,5,0.0
7356,111,5,0.0
7365,610,5,0.0
7381,871,5,0.0
8999,293,5,0.0
994,93,5,0.0
1002,405,5,0.0
12009,688,5,0.0
1034,60,5,0.0
11955,704,5,0.0
5755,103,5,0.0
5761,745,5,0.0
5795,95,5,0.0
5800,219,5,0.0
11925,1535,5,0.0
11939,155,5,0.0
9152,152,5,0.0
7308,407,5,0.0
3483,1034,5,0.0
3487,477,5,0.0
11953,72,5,0.0
5637,385,5,0.0
8985,141,5,0.0
2648,889,5,0.0
2653,280,5,0.0
8998,256,5,0.0
12229,629,5,0.0
953,327,5,0.0
11856,1001,5,0.0
5806,30,5,0.0
9331,302,5,0.0
9349,333,5,0.0
7291,223,5,0.0
9216,297,5,0.0
5838,219,5,0.0
4191,688,5,0.0
11776,1985,5,0.0
11790,460,5,0.0
1204,734,5,0.0
11689,159,5,0.0
12510,874,5,0.0
12321,667,5,0.0
8888,298,5,0.0
7430,307,5,0.0
3410,236,5,0.0
7471,271,5,0.0
12324,100,5,0.0
12357,210,5,0.0
11697,324,5,0.0
4172,370,5,0.0
3546,116,5,0.0
2453,644,5,0.0
9319,198,5,0.0
11641,287,5,0.0
1286,299,5,0.0
12649,259,5,0.0
687,157,5,0.0
4391,326,5,0.0
12504,267,5,0.0
8850,461,5,0.0
8853,229,5,0.0
7484,899,5,0.0
7512,187,5,0.0
8777,146,5,0.0
4147,235,5,0.0
3571,303,5,0.0
9530,398,5,0.0
5947,122,5,0.0
5963,169,5,0.0
11549,485,5,0.0
4437,647,5,0.0
2753,441,5,0.0
8695,516,5,0.0
8721,3137,5,0.0
7533,168,5,0.0
623,138,5,0.0
5525,270,5,0.0
5987,429,5,0.0
4112,412,5,0.0
1393,38,5,0.0
11513,197,5,0.0
2322,129,5,0.0
7064,445,5,0.0
3594,432,5,0.0
7087,123,5,0.0
1407,257,5,0.0
4087,173,5,0.0
6060,1332,5,0.0
7034,316,5,0.0
1453,895,5,0.0
1455,964,5,0.0
1480,75,5,0.0
1491,410,5,0.0
1508,2373,5,0.0
6109,389,5,0.0
12921,1814,5,0.0
4450,459,5,0.0
4464,294,5,0.0
586,421,5,0.0
8661,536,5,0.0
2788,160,5,0.0
7594,868,5,0.0
7602,491,5,0.0
8627,575,5,0.0
599,670,5,0.0
612,244,5,0.0
8605,2698,5,0.0
12940,254,5,0.0
12948,530,5,0.0
5365,243,5,0.0
5383,277,5,0.0
12862,1081,5,0.0
11300,197,5,0.0
4040,240,5,0.0
6213,857,5,0.0
11250,139,5,0.0
2198,372,5,0.0
3637,639,5,0.0
11170,366,5,0.0
11185,219,5,0.0
1559,231,5,0.0
4018,221,5,0.0
11131,240,5,0.0
10107,410,5,0.0
6938,178,5,0.0
3658,421,5,0.0
11058,1117,5,0.0
11060,485,5,0.0
11081,158,5,0.0
6308,127,5,0.0
3973,151,5,0.0
11029,89,5,0.0
11046,386,5,0.0
1656,280,5,0.0
3945,1076,5,0.0
5206,352,5,0.0
8443,79,5,0.0
8495,285,5,0.0
3264,1053,5,0.0
8415,2075,5,0.0
435,179,5,0.0
13090,316,5,0.0
13034,110,5,0.0
3964,329,5,0.0
1710,624,5,0.0
2114,430,5,0.0
6909,263,5,0.0
3695,617,5,0.0
3928,48,5,0.0
10817,603,5,0.0
10733,857,5,0.0
5153,818,5,0.0
13322,374,5,0.0
13335,418,5,0.0
13242,168,5,0.0
8436,391,5,0.0
13300,329,5,0.0
13176,1705,5,0.0
13189,226,5,0.0
398,136,5,0.0
13212,138,5,0.0
1769,107,5,0.0
6440,333,5,0.0
3713,276,5,0.0
6862,286,5,0.0
2097,137,5,0.0
6499,95,5,0.0
10694,245,5,0.0
13551,246,5,0.0
8327,342,5,0.0
13498,89,5,0.0
270,200,5,0.0
5115,296,5,0.0
13415,525,5,0.0
13440,284,5,0.0
1861,257,5,0.0
10635,191,5,0.0
6542,695,5,0.0
10257,278,5,0.0
2046,257,5,0.0
10215,459,5,0.0
10554,200,5,0.0
3828,137,5,0.0
10519,360,5,0.0
13748,146,5,0.0
13761,510,5,0.0
233,328,5,0.0
8242,125,5,0.0
3001,1310,5,0.0
8096,227,5,0.0
13636,448,5,0.0
10532,641,5,0.0
6603,266,5,0.0
6630,273,5,0.0
10389,358,5,0.0
6712,123,5,0.0
6719,244,5,0.0
6743,241,5,0.0
10466,393,5,0.0
10467,466,5,0.0
6680,264,5,0.0
8,993,4,0.0
8075,485,4,0.0
3060,325,4,0.0
8002,70,4,0.0
13859,165,4,0.0
13777,245,4,0.0
4965,1310,4,0.0
13742,197,4,0.0
6694,230,4,0.0
2015,423,4,0.0
10465,279,4,0.0
6666,36,4,0.0
1965,315,4,0.0
10,228,4,0.0
15,727,4,0.0
13745,183,4,0.0
5016,609,4,0.0
4663,197,4,0.0
13701,524,4,0.0
13725,393,4,0.0
13615,1166,4,0.0
8124,170,4,0.0
8145,420,4,0.0
7844,139,4,0.0
7849,309,4,0.0
7854,48,4,0.0
6550,966,4,0.0
10503,375,4,0.0
6632,832,4,0.0
6643,502,4,0.0
7859,162,4,0.0
8110,77,4,0.0
13540,100,4,0.0
8285,502,4,0.0
2051,113,4,0.0
6750,345,4,0.0
10600,580,4,0.0
10564,376,4,0.0
7770,88,4,0.0
7817,502,4,0.0
3211,811,4,0.0
3215,369,4,0.0
13486,1952,4,0.0
271,129,4,0.0
4603,72,4,0.0
13409,340,4,0.0
13447,139,4,0.0
13360,32,4,0.0
318,683,4,0.0
343,81,4,0.0
8380,114,4,0.0
6503,61,4,0.0
10638,191,4,0.0
1834,326,4,0.0
10620,248,4,0.0
6526,1431,4,0.0
3855,136,4,0.0
1867,168,4,0.0
10247,123,4,0.0
2050,529,4,0.0
2937,100,4,0.0
3242,79,4,0.0
404,610,4,0.0
418,385,4,0.0
13216,615,4,0.0
5212,191,4,0.0
6821,417,4,0.0
6829,258,4,0.0
2091,85,4,0.0
10715,492,4,0.0
1801,150,4,0.0
1806,159,4,0.0
6488,15,4,0.0
3877,1130,4,0.0
8479,668,4,0.0
7697,128,4,0.0
13107,2692,4,0.0
5248,424,4,0.0
5265,206,4,0.0
4535,88,4,0.0
13077,68,4,0.0
443,149,4,0.0
13103,133,4,0.0
5304,233,4,0.0
4515,200,4,0.0
12997,876,4,0.0
10797,407,4,0.0
1762,180,4,0.0
10823,255,4,0.0
10771,94,4,0.0
10789,250,4,0.0
6463,62,4,0.0
6471,712,4,0.0
8639,1735,4,0.0
2819,95,4,0.0
8560,1350,4,0.0
2851,172,4,0.0
8539,221,4,0.0
8546,781,4,0.0
519,610,4,0.0
527,84,4,0.0
12996,2237,4,0.0
5392,67,4,0.0
2102,177,4,0.0
2120,150,4,0.0
6922,213,4,0.0
3921,1976,4,0.0
4479,208,4,0.0
5402,151,4,0.0
12885,133,4,0.0
5405,137,4,0.0
4472,89,4,0.0
577,35,4,0.0
7577,98,4,0.0
7578,303,4,0.0
8658,119,4,0.0
8690,66,4,0.0
6295,3802,4,0.0
10947,98,4,0.0
1663,82,4,0.0
1666,290,4,0.0
6373,105,4,0.0
3947,530,4,0.0
10927,183,4,0.0
7591,144,4,0.0
3318,689,4,0.0
8615,160,4,0.0
591,453,4,0.0
12801,199,4,0.0
12802,645,4,0.0
12805,277,4,0.0
12814,171,4,0.0
5478,182,4,0.0
4433,45,4,0.0
2750,225,4,0.0
10092,113,4,0.0
10028,74,4,0.0
2167,50,4,0.0
10043,759,4,0.0
1582,332,4,0.0
1601,1200,4,0.0
11078,135,4,0.0
11089,314,4,0.0
8710,859,4,0.0
7536,916,4,0.0
7573,1152,4,0.0
12738,279,4,0.0
12678,125,4,0.0
12687,88,4,0.0
12701,102,4,0.0
12711,703,4,0.0
5538,284,4,0.0
7008,752,4,0.0
9839,246,4,0.0
11112,42,4,0.0
11127,225,4,0.0
10091,229,4,0.0
12659,365,4,0.0
730,978,4,0.0
5570,174,4,0.0
7504,761,4,0.0
7506,201,4,0.0
8754,109,4,0.0
8760,297,4,0.0
4074,504,4,0.0
11290,882,4,0.0
11295,332,4,0.0
4038,55,4,0.0
4045,194,4,0.0
6225,251,4,0.0
9913,460,4,0.0
6975,686,4,0.0
12402,260,4,0.0
807,564,4,0.0
819,900,4,0.0
834,177,4,0.0
8938,83,4,0.0
8886,782,4,0.0
8904,152,4,0.0
3632,118,4,0.0
2278,123,4,0.0
9722,389,4,0.0
1505,296,4,0.0
11340,1174,4,0.0
6082,1033,4,0.0
8826,299,4,0.0
8827,126,4,0.0
855,437,4,0.0
12363,58,4,0.0
5611,498,4,0.0
5622,1069,4,0.0
5628,92,4,0.0
4339,193,4,0.0
885,214,4,0.0
9655,84,4,0.0
11399,142,4,0.0
1452,114,4,0.0
2240,40,4,0.0
7411,134,4,0.0
2662,179,4,0.0
12256,63,4,0.0
12197,665,4,0.0
12201,727,4,0.0
5668,698,4,0.0
12143,366,4,0.0
12157,555,4,0.0
12112,231,4,0.0
970,427,4,0.0
5715,204,4,0.0
7309,122,4,0.0
9098,139,4,0.0
5951,3277,4,0.0
1357,84,4,0.0
4101,258,4,0.0
11447,280,4,0.0
11465,278,4,0.0
2306,137,4,0.0
9635,119,4,0.0
9137,86,4,0.0
7383,6689,4,0.0
9042,247,4,0.0
9081,199,4,0.0
12037,583,4,0.0
997,1133,4,0.0
5729,574,4,0.0
12003,182,4,0.0
12018,1205,4,0.0
5745,271,4,0.0
5763,537,4,0.0
9251,62,4,0.0
9189,191,4,0.0
2564,458,4,0.0
9611,719,4,0.0
7104,427,4,0.0
3558,765,4,0.0
3579,106,4,0.0
1301,200,4,0.0
1313,488,4,0.0
11566,406,4,0.0
11579,214,4,0.0
1334,292,4,0.0
3500,149,4,0.0
11872,626,4,0.0
4234,177,4,0.0
5816,38,4,0.0
9337,826,4,0.0
9438,382,4,0.0
9462,88,4,0.0
2424,47,4,0.0
5901,353,4,0.0
5920,259,4,0.0
4164,337,4,0.0
2516,46,4,0.0
11813,148,4,0.0
5835,25,4,0.0
5845,115,4,0.0
11770,367,4,0.0
1166,2270,4,0.0
11731,500,4,0.0
1186,48,4,0.0
11699,317,4,0.0
1213,1205,4,0.0
2414,783,4,0.0
67,1221,4,0.0
13866,338,4,0.0
13883,1074,4,0.0
85,1130,4,0.0
8121,207,4,0.0
7904,146,4,0.0
4868,46,4,0.0
13923,220,4,0.0
13961,143,4,0.0
66,225,4,0.0
1961,200,3,0.0
4839,257,3,0.0
13754,1544,3,0.0
172,105,3,0.0
5031,62,3,0.0
4679,375,3,0.0
3026,144,3,0.0
6579,250,3,0.0
3829,359,3,0.0
10482,90,3,0.0
10485,44,3,0.0
3803,63,3,0.0
3813,128,3,0.0
10418,334,3,0.0
10421,52,3,0.0
10446,787,3,0.0
5856,70,3,0.0
11742,396,3,0.0
5884,283,3,0.0
5889,365,3,0.0
4188,217,3,0.0
11647,202,3,0.0
1238,423,3,0.0
2370,407,3,0.0
7201,140,3,0.0
7205,1556,3,0.0
14015,82,3,0.0
80,113,3,0.0
93,409,3,0.0
13910,86,3,0.0
4913,341,3,0.0
4927,264,3,0.0
4165,138,3,0.0
5928,354,3,0.0
11613,42,3,0.0
2346,230,3,0.0
9609,96,3,0.0
9361,98,3,0.0
7239,1639,3,0.0
7242,294,3,0.0
7260,365,3,0.0
3505,90,3,0.0
2517,216,3,0.0
9313,363,3,0.0
11808,266,3,0.0
11835,124,3,0.0
11845,211,3,0.0
1149,136,3,0.0
9211,152,3,0.0
1092,154,3,0.0
1101,876,3,0.0
1109,248,3,0.0
11888,197,3,0.0
1120,279,3,0.0
5802,426,3,0.0
4239,183,3,0.0
5813,104,3,0.0
2496,27,3,0.0
9350,207,3,0.0
2423,29,3,0.0
1253,758,3,0.0
11624,126,3,0.0
11632,431,3,0.0
5913,162,3,0.0
5739,121,3,0.0
5744,139,3,0.0
12008,253,3,0.0
11957,392,3,0.0
1065,37,3,0.0
11947,194,3,0.0
9252,250,3,0.0
9194,78,3,0.0
9209,126,3,0.0
7096,339,3,0.0
3564,65,3,0.0
3565,29,3,0.0
7116,47,3,0.0
1349,126,3,0.0
11603,156,3,0.0
5943,104,3,0.0
11527,37,3,0.0
11536,334,3,0.0
1350,87,3,0.0
11511,41,3,0.0
2316,135,3,0.0
9633,158,3,0.0
9651,64,3,0.0
9151,198,3,0.0
9018,100,3,0.0
12047,705,3,0.0
12056,297,3,0.0
12099,347,3,0.0
12104,27,3,0.0
5726,102,3,0.0
4267,52,3,0.0
4272,141,3,0.0
8909,174,3,0.0
8923,463,3,0.0
930,176,3,0.0
5647,430,3,0.0
4327,286,3,0.0
12150,516,3,0.0
12173,251,3,0.0
12105,131,3,0.0
12107,274,3,0.0
969,147,3,0.0
978,105,3,0.0
4288,169,3,0.0
12031,291,3,0.0
9118,1654,3,0.0
5952,260,3,0.0
5984,129,3,0.0
7076,313,3,0.0
7080,102,3,0.0
7094,165,3,0.0
1412,192,3,0.0
1447,239,3,0.0
11431,701,3,0.0
6010,295,3,0.0
6037,68,3,0.0
11344,32,3,0.0
9804,68,3,0.0
9815,537,3,0.0
7413,721,3,0.0
3421,150,3,0.0
3430,216,3,0.0
3435,212,3,0.0
8905,277,3,0.0
3623,750,3,0.0
9765,135,3,0.0
2288,211,3,0.0
9803,67,3,0.0
9680,124,3,0.0
9721,688,3,0.0
11384,122,3,0.0
6114,335,3,0.0
7435,242,3,0.0
8811,671,3,0.0
12341,93,3,0.0
4350,140,3,0.0
912,53,3,0.0
8979,502,3,0.0
8991,449,3,0.0
2325,29,3,0.0
11256,707,3,0.0
9989,465,3,0.0
2175,1250,3,0.0
2197,187,3,0.0
6989,1422,3,0.0
2727,137,3,0.0
12524,100,3,0.0
12538,433,3,0.0
4369,113,3,0.0
12423,185,3,0.0
12458,211,3,0.0
808,79,3,0.0
8872,233,3,0.0
8873,91,3,0.0
2269,85,3,0.0
3619,848,3,0.0
4010,205,3,0.0
4017,95,3,0.0
11141,123,3,0.0
2129,314,3,0.0
5543,540,3,0.0
12674,243,3,0.0
12580,306,3,0.0
4388,116,3,0.0
12480,304,3,0.0
8852,107,3,0.0
7487,129,3,0.0
7488,59,3,0.0
3382,182,3,0.0
6161,100,3,0.0
6184,223,3,0.0
11239,147,3,0.0
9952,502,3,0.0
1602,247,3,0.0
8696,280,3,0.0
2761,44,3,0.0
7538,237,3,0.0
7575,29,3,0.0
12689,63,3,0.0
12707,97,3,0.0
4417,32,3,0.0
3647,220,3,0.0
9851,33,3,0.0
11267,106,3,0.0
11274,943,3,0.0
11201,180,3,0.0
11204,415,3,0.0
4000,381,3,0.0
10912,860,3,0.0
10925,368,3,0.0
10935,1295,3,0.0
10205,49,3,0.0
10134,192,3,0.0
3323,72,3,0.0
12860,172,3,0.0
614,259,3,0.0
5491,483,3,0.0
2739,4155,3,0.0
10108,251,3,0.0
6929,123,3,0.0
6933,151,3,0.0
3667,350,3,0.0
10044,1385,3,0.0
10048,318,3,0.0
1714,26,3,0.0
10876,146,3,0.0
10882,87,3,0.0
10886,339,3,0.0
3929,167,3,0.0
6422,263,3,0.0
12884,689,3,0.0
12889,984,3,0.0
547,2024,3,0.0
560,285,3,0.0
5449,462,3,0.0
8684,92,3,0.0
10990,113,3,0.0
10960,24,3,0.0
10976,359,3,0.0
1664,21,3,0.0
10713,267,3,0.0
10237,81,3,0.0
10240,511,3,0.0
2052,98,3,0.0
8630,103,3,0.0
8646,1155,3,0.0
3313,106,3,0.0
12985,176,3,0.0
12990,134,3,0.0
515,629,3,0.0
6908,203,3,0.0
3678,201,3,0.0
6919,102,3,0.0
10052,249,3,0.0
10058,54,3,0.0
10073,206,3,0.0
13104,431,3,0.0
13159,178,3,0.0
5255,186,3,0.0
4537,4440,3,0.0
454,84,3,0.0
13055,213,3,0.0
470,1970,3,0.0
472,123,3,0.0
13005,49,3,0.0
13018,110,3,0.0
13023,510,3,0.0
6429,205,3,0.0
1770,438,3,0.0
6453,496,3,0.0
6455,193,3,0.0
6456,1920,3,0.0
6812,67,3,0.0
6833,87,3,0.0
2085,186,3,0.0
1793,101,3,0.0
1799,327,3,0.0
6479,208,3,0.0
3872,167,3,0.0
2861,121,3,0.0
2886,229,3,0.0
2899,442,3,0.0
7683,76,3,0.0
8413,263,3,0.0
2921,461,3,0.0
2933,392,3,0.0
5230,284,3,0.0
5231,95,3,0.0
1835,667,3,0.0
6534,165,3,0.0
3842,14,3,0.0
1869,71,3,0.0
2030,56,3,0.0
8400,55,3,0.0
7755,369,3,0.0
7756,103,3,0.0
3249,502,3,0.0
3258,97,3,0.0
13265,494,3,0.0
13291,124,3,0.0
13299,463,3,0.0
13198,107,3,0.0
397,437,3,0.0
10245,155,3,0.0
13460,1325,3,0.0
5098,112,3,0.0
5109,53,3,0.0
4621,124,3,0.0
13361,212,3,0.0
13369,132,3,0.0
13375,271,3,0.0
13394,294,3,0.0
5140,227,3,0.0
5183,167,3,0.0
8425,155,3,0.0
8431,293,3,0.0
8438,111,3,0.0
8361,510,3,0.0
6496,261,3,0.0
10680,60,3,0.0
3732,206,3,0.0
3738,170,3,0.0
10220,34,3,0.0
10234,836,3,0.0
1886,196,3,0.0
10608,35,3,0.0
10540,108,3,0.0
10547,556,3,0.0
10551,33,3,0.0
10556,206,3,0.0
10557,37,3,0.0
8301,263,3,0.0
8314,60,3,0.0
2960,302,3,0.0
7790,16,3,0.0
7826,112,3,0.0
10328,116,3,0.0
10341,270,3,0.0
1980,90,3,0.0
3189,398,3,0.0
3198,264,3,0.0
243,109,3,0.0
13644,812,3,0.0
13538,327,3,0.0
13555,877,3,0.0
13585,49,3,0.0
259,331,3,0.0
5072,140,3,0.0
5073,383,3,0.0
4638,297,3,0.0
7764,298,3,0.0
6762,215,3,0.0
3159,392,3,0.0
3174,236,3,0.0
8072,213,3,0.0
3061,34,3,0.0
3075,253,3,0.0
13808,134,3,0.0
13819,1547,3,0.0
4696,48,3,0.0
13737,136,3,0.0
1985,316,3,0.0
1993,53,3,0.0
10274,357,3,0.0
10282,216,3,0.0
10297,389,3,0.0
2024,276,3,0.0
6660,660,3,0.0
4959,69,3,0.0
3031,45,3,0.0
3035,38,3,0.0
8118,548,3,0.0
4844,366,3,0.0
4865,540,3,0.0
13921,114,3,0.0
13939,151,3,0.0
3096,132,3,0.0
7963,307,3,0.0
7913,24,3,0.0
3129,59,3,0.0
3140,234,3,0.0
7954,129,3,0.0
14055,63,3,0.0
4768,334,3,0.0
3428,191,2,0.0
46,124,2,0.0
14068,35,2,0.0
14066,202,2,0.0
14057,64,2,0.0
21,159,2,0.0
13964,47,2,0.0
13954,129,2,0.0
4775,727,2,0.0
13946,33,2,0.0
13919,58,2,0.0
3371,57,2,0.0
7584,261,2,0.0
3362,52,2,0.0
3460,44,2,0.0
3459,27,2,0.0
3451,678,2,0.0
97,80,2,0.0
4860,135,2,0.0
4840,2696,2,0.0
13889,37,2,0.0
13888,20,2,0.0
13879,144,2,0.0
13861,650,2,0.0
13848,268,2,0.0
7362,171,2,0.0
7361,176,2,0.0
7357,124,2,0.0
7325,337,2,0.0
7609,460,2,0.0
7604,55,2,0.0
3335,149,2,0.0
3328,915,2,0.0
4888,51,2,0.0
4754,152,2,0.0
13817,92,2,0.0
139,48,2,0.0
13804,177,2,0.0
13797,200,2,0.0
3300,563,2,0.0
3484,300,2,0.0
7307,232,2,0.0
7663,678,2,0.0
7737,739,2,0.0
7722,38,2,0.0
7306,69,2,0.0
3527,253,2,0.0
3279,871,2,0.0
7700,53,2,0.0
7685,156,2,0.0
13784,48,2,0.0
13781,29,2,0.0
176,450,2,0.0
4916,60,2,0.0
164,269,2,0.0
201,67,2,0.0
3221,33,2,0.0
7274,115,2,0.0
7821,87,2,0.0
7800,118,2,0.0
7781,287,2,0.0
3254,210,2,0.0
3236,284,2,0.0
7892,37,2,0.0
7881,94,2,0.0
7857,83,2,0.0
3181,263,2,0.0
3180,160,2,0.0
13685,146,2,0.0
13681,338,2,0.0
13677,31,2,0.0
4926,109,2,0.0
13655,118,2,0.0
13649,34,2,0.0
3123,768,2,0.0
3530,123,2,0.0
3143,299,2,0.0
3170,219,2,0.0
3166,109,2,0.0
8050,339,2,0.0
8047,230,2,0.0
7174,303,2,0.0
8011,100,2,0.0
8005,108,2,0.0
13637,125,2,0.0
4728,183,2,0.0
255,97,2,0.0
7136,151,2,0.0
8091,32,2,0.0
3068,101,2,0.0
8084,293,2,0.0
7127,55,2,0.0
7121,183,2,0.0
3568,305,2,0.0
8123,71,2,0.0
3052,835,2,0.0
8217,271,2,0.0
4985,32,2,0.0
13514,175,2,0.0
13509,289,2,0.0
13492,244,2,0.0
13475,121,2,0.0
13473,90,2,0.0
13648,59,2,0.0
3606,86,2,0.0
8165,64,2,0.0
8268,287,2,0.0
8249,56,2,0.0
3590,91,2,0.0
7081,282,2,0.0
2975,37,2,0.0
2956,82,2,0.0
8313,499,2,0.0
8311,164,2,0.0
7051,44,2,0.0
3622,164,2,0.0
3618,126,2,0.0
3610,23,2,0.0
3005,289,2,0.0
3004,433,2,0.0
8392,93,2,0.0
5008,16,2,0.0
5006,792,2,0.0
299,13,2,0.0
297,1239,2,0.0
13434,65,2,0.0
2940,16,2,0.0
7015,153,2,0.0
3646,85,2,0.0
8385,251,2,0.0
8378,784,2,0.0
8368,354,2,0.0
8350,248,2,0.0
8343,1137,2,0.0
13416,359,2,0.0
4657,492,2,0.0
336,76,2,0.0
13470,57,2,0.0
7009,179,2,0.0
7001,83,2,0.0
6999,51,2,0.0
8418,37,2,0.0
2922,95,2,0.0
2896,92,2,0.0
2892,39,2,0.0
6972,90,2,0.0
6969,142,2,0.0
3664,20,2,0.0
8468,160,2,0.0
13336,396,2,0.0
384,3154,2,0.0
5062,32,2,0.0
13295,232,2,0.0
13292,288,2,0.0
13287,205,2,0.0
13418,67,2,0.0
8550,58,2,0.0
6940,265,2,0.0
8528,472,2,0.0
8524,30,2,0.0
8517,276,2,0.0
8500,63,2,0.0
13279,66,2,0.0
13271,72,2,0.0
13257,61,2,0.0
13223,218,2,0.0
13222,290,2,0.0
13213,439,2,0.0
8624,297,2,0.0
8617,244,2,0.0
8608,208,2,0.0
8606,120,2,0.0
2852,29,2,0.0
3700,300,2,0.0
3693,91,2,0.0
8589,20,2,0.0
6900,1410,2,0.0
2811,412,2,0.0
5126,24,2,0.0
5122,74,2,0.0
5101,75,2,0.0
13179,199,2,0.0
8741,23,2,0.0
8711,221,2,0.0
8702,160,2,0.0
8683,112,2,0.0
2755,31,2,0.0
2747,140,2,0.0
2736,333,2,0.0
6860,383,2,0.0
6855,292,2,0.0
6854,438,2,0.0
6841,60,2,0.0
8782,199,2,0.0
8772,160,2,0.0
8761,68,2,0.0
8843,20,2,0.0
427,693,2,0.0
13155,37,2,0.0
5146,275,2,0.0
5145,576,2,0.0
4632,79,2,0.0
13128,99,2,0.0
13122,17,2,0.0
2704,47,2,0.0
6813,238,2,0.0
8837,93,2,0.0
8834,46,2,0.0
8810,178,2,0.0
8807,249,2,0.0
449,313,2,0.0
447,330,2,0.0
5163,71,2,0.0
13044,20,2,0.0
13030,78,2,0.0
429,377,2,0.0
8917,67,2,0.0
6798,432,2,0.0
2688,200,2,0.0
8885,76,2,0.0
8882,55,2,0.0
8962,322,2,0.0
8952,45,2,0.0
6788,102,2,0.0
6760,78,2,0.0
2681,106,2,0.0
2677,56,2,0.0
2671,202,2,0.0
2670,33,2,0.0
9080,174,2,0.0
5198,149,2,0.0
4596,26,2,0.0
4591,44,2,0.0
13009,111,2,0.0
12999,140,2,0.0
9051,422,2,0.0
3756,212,2,0.0
8996,685,2,0.0
2657,179,2,0.0
8983,99,2,0.0
2589,278,2,0.0
9136,181,2,0.0
9121,16,2,0.0
6709,109,2,0.0
9108,38,2,0.0
2637,200,2,0.0
2624,112,2,0.0
514,293,2,0.0
513,37,2,0.0
12981,846,2,0.0
12971,384,2,0.0
4555,133,2,0.0
4554,228,2,0.0
12946,475,2,0.0
9161,635,2,0.0
6704,70,2,0.0
6688,28,2,0.0
9156,18,2,0.0
12930,227,2,0.0
12929,51,2,0.0
544,166,2,0.0
540,107,2,0.0
5242,442,2,0.0
4579,402,2,0.0
4569,187,2,0.0
536,215,2,0.0
535,396,2,0.0
2569,1023,2,0.0
6667,117,2,0.0
3782,31,2,0.0
3777,141,2,0.0
9190,113,2,0.0
3810,51,2,0.0
3804,23,2,0.0
9248,224,2,0.0
9223,312,2,0.0
9218,152,2,0.0
9217,86,2,0.0
9206,144,2,0.0
5266,829,2,0.0
5254,198,2,0.0
5252,88,2,0.0
5249,771,2,0.0
12895,5,2,0.0
12859,217,2,0.0
12853,36,2,0.0
582,121,2,0.0
9340,296,2,0.0
9318,92,2,0.0
9315,71,2,0.0
9282,59,2,0.0
2525,753,2,0.0
572,29,2,0.0
12846,28,2,0.0
12835,134,2,0.0
620,169,2,0.0
604,84,2,0.0
9443,157,2,0.0
9414,91,2,0.0
9410,102,2,0.0
6610,225,2,0.0
3836,69,2,0.0
3823,66,2,0.0
9402,71,2,0.0
9511,251,2,0.0
3817,442,2,0.0
3816,44,2,0.0
9558,174,2,0.0
597,1223,2,0.0
12773,542,2,0.0
2384,102,2,0.0
9549,65,2,0.0
9542,165,2,0.0
3843,2383,2,0.0
6506,214,2,0.0
6504,300,2,0.0
9593,965,2,0.0
9589,324,2,0.0
9582,65,2,0.0
9560,31,2,0.0
9687,143,2,0.0
9685,91,2,0.0
9682,190,2,0.0
2323,58,2,0.0
9625,351,2,0.0
9621,57,2,0.0
657,298,2,0.0
4508,81,2,0.0
5343,49,2,0.0
12703,330,2,0.0
12698,129,2,0.0
6483,69,2,0.0
6470,67,2,0.0
3915,128,2,0.0
3901,64,2,0.0
2308,69,2,0.0
9728,134,2,0.0
9708,139,2,0.0
9703,16,2,0.0
2239,27,2,0.0
12675,316,2,0.0
697,812,2,0.0
686,348,2,0.0
4527,4,2,0.0
12665,55,2,0.0
12642,23,2,0.0
3896,27,2,0.0
6461,443,2,0.0
9842,82,2,0.0
9812,198,2,0.0
9800,41,2,0.0
2211,273,2,0.0
9935,61,2,0.0
6421,70,2,0.0
6420,1199,2,0.0
9882,354,2,0.0
2247,50,2,0.0
12620,92,2,0.0
12567,95,2,0.0
12684,52,2,0.0
2191,38,2,0.0
6409,73,2,0.0
3958,44,2,0.0
3948,103,2,0.0
10016,99,2,0.0
2225,3991,2,0.0
10082,174,2,0.0
10080,103,2,0.0
10053,137,2,0.0
2159,243,2,0.0
12542,100,2,0.0
12633,112,2,0.0
2103,581,2,0.0
6348,204,2,0.0
2147,429,2,0.0
2132,335,2,0.0
2087,108,2,0.0
10193,259,2,0.0
10181,361,2,0.0
3981,50,2,0.0
10153,56,2,0.0
10150,45,2,0.0
2128,101,2,0.0
2047,46,2,0.0
6296,261,2,0.0
10230,114,2,0.0
2093,44,2,0.0
781,33,2,0.0
780,542,2,0.0
5432,46,2,0.0
5428,37,2,0.0
5412,166,2,0.0
772,143,2,0.0
12528,306,2,0.0
12525,73,2,0.0
12558,687,2,0.0
6265,128,2,0.0
6252,89,2,0.0
10396,278,2,0.0
10352,121,2,0.0
1910,82,2,0.0
1908,15,2,0.0
6243,165,2,0.0
4004,200,2,0.0
6236,678,2,0.0
1937,582,2,0.0
10454,438,2,0.0
12502,53,2,0.0
12492,39,2,0.0
4475,109,2,0.0
12483,98,2,0.0
12478,76,2,0.0
12473,16,2,0.0
792,412,2,0.0
10565,207,2,0.0
10563,60,2,0.0
10542,103,2,0.0
6230,220,2,0.0
10527,180,2,0.0
1916,758,2,0.0
5458,132,2,0.0
12446,310,2,0.0
12400,29,2,0.0
830,116,2,0.0
10615,145,2,0.0
1870,252,2,0.0
10730,155,2,0.0
10723,32,2,0.0
1818,89,2,0.0
1815,171,2,0.0
10654,82,2,0.0
1851,117,2,0.0
10781,1164,2,0.0
4048,45,2,0.0
6135,38,2,0.0
10750,89,2,0.0
12319,551,2,0.0
12318,427,2,0.0
12316,1053,2,0.0
12280,276,2,0.0
10855,71,2,0.0
10853,60,2,0.0
6123,30,2,0.0
6120,137,2,0.0
10844,247,2,0.0
10830,62,2,0.0
10824,88,2,0.0
10899,43,2,0.0
6098,10,2,0.0
6077,145,2,0.0
1731,111,2,0.0
1718,473,2,0.0
12253,315,2,0.0
903,238,2,0.0
897,109,2,0.0
825,223,2,0.0
4090,97,2,0.0
4088,410,2,0.0
1689,34,2,0.0
11073,63,2,0.0
11059,8,2,0.0
11045,118,2,0.0
6052,337,2,0.0
6021,133,2,0.0
11009,120,2,0.0
11006,19,2,0.0
12202,165,2,0.0
946,100,2,0.0
944,125,2,0.0
12140,118,2,0.0
12113,178,2,0.0
12269,34,2,0.0
1618,91,2,0.0
6019,142,2,0.0
6007,171,2,0.0
4120,144,2,0.0
4118,25,2,0.0
11082,1354,2,0.0
11174,25,2,0.0
5986,389,2,0.0
5980,76,2,0.0
4129,262,2,0.0
11146,107,2,0.0
11118,92,2,0.0
11115,362,2,0.0
11109,66,2,0.0
1568,110,2,0.0
996,334,2,0.0
12077,14,2,0.0
12075,46,2,0.0
4397,193,2,0.0
4393,321,2,0.0
12066,73,2,0.0
12210,100,2,0.0
1556,152,2,0.0
11220,119,2,0.0
11214,173,2,0.0
5595,214,2,0.0
5590,248,2,0.0
4374,99,2,0.0
11985,396,2,0.0
11969,58,2,0.0
5957,40,2,0.0
5936,32,2,0.0
11226,124,2,0.0
1579,39,2,0.0
5909,45,2,0.0
5903,89,2,0.0
1512,150,2,0.0
11301,923,2,0.0
1555,147,2,0.0
1551,56,2,0.0
11346,141,2,0.0
11345,139,2,0.0
5893,40,2,0.0
1501,193,2,0.0
1498,39,2,0.0
1497,11,2,0.0
1485,286,2,0.0
1099,91,2,0.0
5626,42,2,0.0
11916,254,2,0.0
1129,561,2,0.0
11422,99,2,0.0
11403,171,2,0.0
4214,103,2,0.0
4200,34,2,0.0
11389,38,2,0.0
11385,981,2,0.0
11382,106,2,0.0
11889,245,2,0.0
11886,152,2,0.0
11882,169,2,0.0
4360,65,2,0.0
11859,38,2,0.0
11966,211,2,0.0
11474,149,2,0.0
11454,523,2,0.0
5836,119,2,0.0
5821,101,2,0.0
5817,307,2,0.0
11446,58,2,0.0
5805,179,2,0.0
5792,93,2,0.0
1377,1540,2,0.0
11502,153,2,0.0
1419,31,2,0.0
1413,37,2,0.0
5677,237,2,0.0
4331,98,2,0.0
1344,93,2,0.0
4256,195,2,0.0
1371,31,2,0.0
1353,201,2,0.0
1243,40,2,0.0
11681,85,2,0.0
11659,23,2,0.0
11657,149,2,0.0
5771,585,2,0.0
11638,428,2,0.0
1315,92,2,0.0
1304,829,2,0.0
1193,164,2,0.0
11786,50,2,0.0
1175,74,2,0.0
1163,72,2,0.0
5710,32,2,0.0
4309,187,2,0.0
11765,121,2,0.0
11741,60,2,0.0
1194,66,2,0.0
1180,72,2,0.0
5732,482,2,0.0
4281,46,2,0.0
4271,63,2,0.0
11722,14,2,0.0
11716,426,2,0.0
11684,114,2,0.0
1252,57,2,0.0
11793,267,2,0.0
14035,266,2,0.0
14016,28,2,0.0
14002,454,2,0.0
13988,279,2,0.0
13984,53,2,0.0
4786,55,2,0.0
77,544,2,0.0
72,52,2,0.0
7511,392,2,0.0
3400,151,2,0.0
3391,209,2,0.0
7456,17,2,0.0
7445,20,2,0.0
4821,44,1,0.0
4819,116,1,0.0
4769,40,1,0.0
4763,74,1,0.0
13943,146,1,0.0
7589,14,1,0.0
3363,386,1,0.0
7367,155,1,0.0
3461,31,1,0.0
3447,22,1,0.0
3345,68,1,0.0
3343,613,1,0.0
7543,92,1,0.0
7518,47,1,0.0
3374,12,1,0.0
7615,44,1,0.0
11784,277,1,0.0
11780,47,1,0.0
11773,160,1,0.0
11769,33,1,0.0
11767,16,1,0.0
11836,135,1,0.0
11735,5,1,0.0
5716,37,1,0.0
11725,39,1,0.0
11709,64,1,0.0
1220,13,1,0.0
1271,55,1,0.0
1254,108,1,0.0
14005,68,1,0.0
13999,49,1,0.0
13998,14,1,0.0
11580,92,1,0.0
11557,31,1,0.0
11553,317,1,0.0
1365,116,1,0.0
1356,503,1,0.0
1354,135,1,0.0
11655,41,1,0.0
4244,305,1,0.0
5768,51,1,0.0
5764,28,1,0.0
5762,41,1,0.0
11654,77,1,0.0
1279,147,1,0.0
1273,9,1,0.0
5705,75,1,0.0
4299,12,1,0.0
11825,124,1,0.0
5688,90,1,0.0
5678,700,1,0.0
4324,15,1,0.0
4323,255,1,0.0
4316,85,1,0.0
11818,146,1,0.0
11811,142,1,0.0
11806,97,1,0.0
11801,44,1,0.0
1119,72,1,0.0
1343,19,1,0.0
4259,63,1,0.0
4251,228,1,0.0
11596,19,1,0.0
11591,8,1,0.0
1430,97,1,0.0
1429,39,1,0.0
11541,46,1,0.0
11532,306,1,0.0
11522,117,1,0.0
4240,106,1,0.0
4225,111,1,0.0
4223,15,1,0.0
5794,274,1,0.0
1389,23,1,0.0
11484,28,1,0.0
1420,184,1,0.0
11620,7,1,0.0
11832,1024,1,0.0
11828,6,1,0.0
11826,314,1,0.0
1114,89,1,0.0
11897,44,1,0.0
11880,31,1,0.0
4356,129,1,0.0
11867,11,1,0.0
11849,21,1,0.0
1140,163,1,0.0
1139,71,1,0.0
11844,2,1,0.0
11480,209,1,0.0
11457,42,1,0.0
11449,38,1,0.0
5851,13,1,0.0
5819,48,1,0.0
11434,144,1,0.0
1431,120,1,0.0
11940,32,1,0.0
11935,48,1,0.0
11933,135,1,0.0
11931,59,1,0.0
11918,51,1,0.0
12064,11,1,0.0
11413,101,1,0.0
5862,122,1,0.0
5859,54,1,0.0
5857,312,1,0.0
4212,148,1,0.0
11387,77,1,0.0
1467,64,1,0.0
11364,409,1,0.0
1405,35,1,0.0
1117,79,1,0.0
11360,134,1,0.0
5868,10,1,0.0
11337,4,1,0.0
11336,4,1,0.0
1507,35,1,0.0
1495,83,1,0.0
1489,98,1,0.0
11328,8,1,0.0
11321,138,1,0.0
11428,121,1,0.0
11964,50,1,0.0
11960,91,1,0.0
5641,37,1,0.0
5609,4,1,0.0
11945,113,1,0.0
11943,81,1,0.0
4163,42,1,0.0
4162,201,1,0.0
4160,91,1,0.0
4155,155,1,0.0
4154,223,1,0.0
1578,100,1,0.0
11313,58,1,0.0
1531,19,1,0.0
1529,4,1,0.0
1513,85,1,0.0
5910,68,1,0.0
4174,299,1,0.0
11303,59,1,0.0
11293,30,1,0.0
1554,34,1,0.0
1537,118,1,0.0
12024,46,1,0.0
1033,55,1,0.0
12005,56,1,0.0
11989,59,1,0.0
4376,21,1,0.0
11987,32,1,0.0
1085,44,1,0.0
1078,17,1,0.0
1075,7,1,0.0
1062,56,1,0.0
1008,73,1,0.0
11271,51,1,0.0
11264,57,1,0.0
11252,21,1,0.0
11249,44,1,0.0
11245,601,1,0.0
4383,107,1,0.0
4381,50,1,0.0
5556,111,1,0.0
11205,132,1,0.0
11203,49,1,0.0
11200,130,1,0.0
4123,64,1,0.0
4121,27,1,0.0
5967,57,1,0.0
5960,33,1,0.0
5959,126,1,0.0
11196,238,1,0.0
11194,37,1,0.0
11192,29,1,0.0
11191,30,1,0.0
11280,9,1,0.0
11093,170,1,0.0
11090,147,1,0.0
11172,37,1,0.0
11161,120,1,0.0
1594,53,1,0.0
4136,123,1,0.0
1580,126,1,0.0
11132,52,1,0.0
11121,215,1,0.0
1626,122,1,0.0
12091,147,1,0.0
12088,30,1,0.0
12071,7,1,0.0
5573,114,1,0.0
5565,242,1,0.0
4384,39,1,0.0
962,79,1,0.0
4414,75,1,0.0
4410,153,1,0.0
4408,41,1,0.0
4404,45,1,0.0
12161,966,1,0.0
12136,234,1,0.0
972,52,1,0.0
12103,654,1,0.0
1624,72,1,0.0
4108,37,1,0.0
4107,21,1,0.0
5999,58,1,0.0
1614,5,1,0.0
11099,16,1,0.0
11095,238,1,0.0
10963,53,1,0.0
10962,54,1,0.0
1709,107,1,0.0
1696,18,1,0.0
1680,22,1,0.0
11074,5,1,0.0
1654,65,1,0.0
1649,634,1,0.0
1635,253,1,0.0
1632,927,1,0.0
4079,92,1,0.0
6030,81,1,0.0
6029,16,1,0.0
11014,139,1,0.0
1625,452,1,0.0
12181,57,1,0.0
907,136,1,0.0
894,325,1,0.0
4401,18,1,0.0
12232,8,1,0.0
12225,13,1,0.0
938,158,1,0.0
937,13,1,0.0
920,399,1,0.0
12216,69,1,0.0
1676,8,1,0.0
1675,159,1,0.0
4098,15,1,0.0
4091,908,1,0.0
4085,19,1,0.0
10981,242,1,0.0
10966,67,1,0.0
1757,32,1,0.0
10937,24,1,0.0
10934,33,1,0.0
10916,104,1,0.0
6078,591,1,0.0
10879,150,1,0.0
1728,56,1,0.0
1727,348,1,0.0
10874,128,1,0.0
10868,9,1,0.0
10865,7,1,0.0
10861,27,1,0.0
11000,69,1,0.0
12260,8,1,0.0
12255,13,1,0.0
914,38,1,0.0
12337,286,1,0.0
5495,58,1,0.0
4430,23,1,0.0
12331,187,1,0.0
12325,88,1,0.0
12299,160,1,0.0
12290,103,1,0.0
12279,49,1,0.0
12471,38,1,0.0
10845,22,1,0.0
6130,248,1,0.0
6104,262,1,0.0
10843,43,1,0.0
10840,28,1,0.0
10836,392,1,0.0
10813,36,1,0.0
10796,229,1,0.0
1784,33,1,0.0
1768,11,1,0.0
10769,31,1,0.0
10757,56,1,0.0
10755,12,1,0.0
4052,321,1,0.0
6144,113,1,0.0
6140,61,1,0.0
6134,166,1,0.0
10743,283,1,0.0
1791,112,1,0.0
10859,21,1,0.0
865,203,1,0.0
12359,30,1,0.0
12356,160,1,0.0
6175,131,1,0.0
1904,81,1,0.0
1901,72,1,0.0
1895,71,1,0.0
1888,47,1,0.0
10568,79,1,0.0
1790,32,1,0.0
10728,107,1,0.0
1829,240,1,0.0
1821,99,1,0.0
6149,33,1,0.0
4066,147,1,0.0
10699,1732,1,0.0
10682,54,1,0.0
10668,40,1,0.0
10649,161,1,0.0
5482,31,1,0.0
5479,20,1,0.0
12468,298,1,0.0
12452,380,1,0.0
12445,104,1,0.0
12431,53,1,0.0
12405,7,1,0.0
840,98,1,0.0
12507,103,1,0.0
10601,7,1,0.0
10598,55,1,0.0
1876,229,1,0.0
6206,38,1,0.0
6195,117,1,0.0
6193,12,1,0.0
6192,178,1,0.0
4461,158,1,0.0
4457,187,1,0.0
5443,56,1,0.0
6224,77,1,0.0
4046,31,1,0.0
4044,78,1,0.0
4035,134,1,0.0
4027,39,1,0.0
1925,88,1,0.0
1922,13,1,0.0
1921,22,1,0.0
1917,9,1,0.0
1832,157,1,0.0
818,118,1,0.0
811,57,1,0.0
5486,19,1,0.0
1912,27,1,0.0
10518,104,1,0.0
10517,51,1,0.0
10494,38,1,0.0
10486,159,1,0.0
10470,46,1,0.0
1936,98,1,0.0
1931,283,1,0.0
10438,9,1,0.0
10566,204,1,0.0
12505,29,1,0.0
12496,23,1,0.0
12491,161,1,0.0
5452,46,1,0.0
5448,37,1,0.0
4474,169,1,0.0
5413,40,1,0.0
770,49,1,0.0
12527,117,1,0.0
12523,25,1,0.0
12517,54,1,0.0
10423,5,1,0.0
10417,45,1,0.0
6270,36,1,0.0
6262,241,1,0.0
6251,402,1,0.0
1962,670,1,0.0
2000,279,1,0.0
10339,35,1,0.0
10335,463,1,0.0
10321,18,1,0.0
2014,70,1,0.0
10144,168,1,0.0
10309,134,1,0.0
2043,44,1,0.0
6306,22,1,0.0
6293,265,1,0.0
6289,67,1,0.0
6282,58,1,0.0
6280,16,1,0.0
10252,20,1,0.0
2063,34,1,0.0
2053,294,1,0.0
10201,49,1,0.0
2098,12,1,0.0
10434,26,1,0.0
791,120,1,0.0
783,378,1,0.0
6354,295,1,0.0
6352,9,1,0.0
6349,428,1,0.0
6345,21,1,0.0
6330,40,1,0.0
2136,39,1,0.0
2134,26,1,0.0
2131,56,1,0.0
2088,17,1,0.0
10196,6,1,0.0
10194,113,1,0.0
10191,69,1,0.0
6329,19,1,0.0
6315,3338,1,0.0
3991,55,1,0.0
10155,2447,1,0.0
734,18,1,0.0
12549,11,1,0.0
5406,392,1,0.0
5404,10,1,0.0
5403,134,1,0.0
5400,80,1,0.0
5397,65,1,0.0
4504,118,1,0.0
4502,239,1,0.0
4500,75,1,0.0
4495,318,1,0.0
4493,29,1,0.0
12546,117,1,0.0
10129,117,1,0.0
10125,48,1,0.0
10115,40,1,0.0
9946,40,1,0.0
9945,52,1,0.0
10078,133,1,0.0
10075,119,1,0.0
10055,116,1,0.0
6384,43,1,0.0
6380,105,1,0.0
6368,143,1,0.0
10045,108,1,0.0
10038,200,1,0.0
2163,288,1,0.0
2162,39,1,0.0
2157,39,1,0.0
10022,105,1,0.0
2107,88,1,0.0
742,38,1,0.0
5391,34,1,0.0
5387,36,1,0.0
12616,11,1,0.0
721,49,1,0.0
718,129,1,0.0
715,132,1,0.0
12601,385,1,0.0
12589,10,1,0.0
12573,111,1,0.0
2185,88,1,0.0
6399,75,1,0.0
3963,27,1,0.0
6394,9,1,0.0
2174,39,1,0.0
9982,117,1,0.0
9956,50,1,0.0
2279,60,1,0.0
2218,272,1,0.0
9930,131,1,0.0
9915,70,1,0.0
9910,19,1,0.0
6419,186,1,0.0
3933,34,1,0.0
3930,14,1,0.0
3927,75,1,0.0
6416,21,1,0.0
9900,100,1,0.0
2192,80,1,0.0
12628,89,1,0.0
12625,33,1,0.0
12618,59,1,0.0
4489,41,1,0.0
5350,142,1,0.0
5348,158,1,0.0
677,41,1,0.0
12666,131,1,0.0
12648,90,1,0.0
12641,160,1,0.0
12731,140,1,0.0
2235,23,1,0.0
2230,97,1,0.0
9862,143,1,0.0
3894,51,1,0.0
6450,134,1,0.0
6447,45,1,0.0
9836,1348,1,0.0
2256,109,1,0.0
2293,46,1,0.0
5341,34,1,0.0
5338,45,1,0.0
5322,9,1,0.0
12710,182,1,0.0
12694,17,1,0.0
602,22,1,0.0
9770,28,1,0.0
9748,82,1,0.0
2320,10,1,0.0
2309,65,1,0.0
2305,26,1,0.0
9707,104,1,0.0
9698,80,1,0.0
685,72,1,0.0
5363,125,1,0.0
5358,277,1,0.0
9691,42,1,0.0
9689,12,1,0.0
9683,8,1,0.0
9674,184,1,0.0
6501,12,1,0.0
3881,45,1,0.0
6493,104,1,0.0
9666,114,1,0.0
2340,15,1,0.0
2329,45,1,0.0
9773,137,1,0.0
12718,703,1,0.0
669,100,1,0.0
662,96,1,0.0
659,205,1,0.0
4512,81,1,0.0
6559,103,1,0.0
6551,251,1,0.0
6548,701,1,0.0
3864,69,1,0.0
3859,92,1,0.0
9534,85,1,0.0
9533,202,1,0.0
9620,222,1,0.0
9604,11,1,0.0
2368,40,1,0.0
2355,48,1,0.0
6539,17,1,0.0
6521,592,1,0.0
6511,62,1,0.0
2343,214,1,0.0
9566,24,1,0.0
12792,8,1,0.0
12791,708,1,0.0
12780,48,1,0.0
642,431,1,0.0
637,147,1,0.0
636,12,1,0.0
625,102,1,0.0
12768,74,1,0.0
12733,48,1,0.0
12732,106,1,0.0
581,74,1,0.0
9556,157,1,0.0
9553,78,1,0.0
2385,344,1,0.0
2383,20,1,0.0
2382,39,1,0.0
9531,9,1,0.0
9513,80,1,0.0
9507,65,1,0.0
2412,16,1,0.0
2392,6,1,0.0
6588,2211,1,0.0
9483,53,1,0.0
9477,91,1,0.0
2428,18,1,0.0
2427,333,1,0.0
9471,71,1,0.0
9467,20,1,0.0
9456,123,1,0.0
12796,149,1,0.0
4544,68,1,0.0
12794,12,1,0.0
5279,5,1,0.0
12847,66,1,0.0
12840,199,1,0.0
12824,546,1,0.0
12810,111,1,0.0
12807,60,1,0.0
607,81,1,0.0
12907,656,1,0.0
9424,84,1,0.0
3826,10,1,0.0
9400,35,1,0.0
9398,8,1,0.0
2456,235,1,0.0
9393,18,1,0.0
9385,90,1,0.0
9383,192,1,0.0
12857,27,1,0.0
12933,15,1,0.0
9362,68,1,0.0
2472,8,1,0.0
2468,4,1,0.0
9338,244,1,0.0
9336,39,1,0.0
9326,35,1,0.0
2519,12,1,0.0
2518,58,1,0.0
2499,46,1,0.0
9291,462,1,0.0
9455,38,1,0.0
568,28,1,0.0
12848,46,1,0.0
5287,21,1,0.0
9268,47,1,0.0
9265,234,1,0.0
9262,42,1,0.0
6664,30,1,0.0
6662,412,1,0.0
6659,82,1,0.0
3811,10,1,0.0
9239,92,1,0.0
9215,432,1,0.0
9378,77,1,0.0
12906,36,1,0.0
12896,20,1,0.0
5259,84,1,0.0
5244,162,1,0.0
12890,80,1,0.0
12872,35,1,0.0
4578,63,1,0.0
4576,256,1,0.0
4557,159,1,0.0
12917,268,1,0.0
12908,65,1,0.0
516,83,1,0.0
2566,168,1,0.0
2559,11,1,0.0
2556,11,1,0.0
2555,173,1,0.0
3776,25,1,0.0
3775,124,1,0.0
3771,95,1,0.0
6665,21,1,0.0
9187,104,1,0.0
9178,77,1,0.0
12969,33,1,0.0
12936,139,1,0.0
13020,14,1,0.0
9174,28,1,0.0
9170,90,1,0.0
9166,240,1,0.0
6708,24,1,0.0
6706,63,1,0.0
6703,269,1,0.0
6696,12,1,0.0
6691,432,1,0.0
6675,70,1,0.0
2599,75,1,0.0
2596,47,1,0.0
9196,104,1,0.0
551,103,1,0.0
2593,47,1,0.0
9133,57,1,0.0
9116,73,1,0.0
3749,23,1,0.0
6739,50,1,0.0
2615,128,1,0.0
2614,28,1,0.0
9087,10,1,0.0
9085,182,1,0.0
9176,37,1,0.0
12978,61,1,0.0
12975,94,1,0.0
5218,61,1,0.0
5210,30,1,0.0
5205,67,1,0.0
5202,21,1,0.0
4580,24,1,0.0
13012,57,1,0.0
13002,23,1,0.0
533,49,1,0.0
520,62,1,0.0
13105,58,1,0.0
9047,46,1,0.0
3765,88,1,0.0
3759,69,1,0.0
9037,10,1,0.0
9031,75,1,0.0
9024,479,1,0.0
9009,30,1,0.0
9003,244,1,0.0
2644,229,1,0.0
8972,23,1,0.0
2693,85,1,0.0
2692,38,1,0.0
8845,25,1,0.0
8953,53,1,0.0
6782,64,1,0.0
6771,119,1,0.0
6768,87,1,0.0
6764,84,1,0.0
2678,127,1,0.0
8934,22,1,0.0
8933,23,1,0.0
507,182,1,0.0
506,13,1,0.0
5190,39,1,0.0
4589,227,1,0.0
4587,35,1,0.0
463,26,1,0.0
442,242,1,0.0
5147,110,1,0.0
13085,31,1,0.0
13067,28,1,0.0
488,62,1,0.0
479,34,1,0.0
465,13,1,0.0
13047,45,1,0.0
8906,594,1,0.0
6797,108,1,0.0
3737,54,1,0.0
3728,38,1,0.0
8899,21,1,0.0
8887,222,1,0.0
2695,103,1,0.0
5128,234,1,0.0
4633,17,1,0.0
13138,248,1,0.0
13124,43,1,0.0
413,124,1,0.0
2725,239,1,0.0
6814,7,1,0.0
6810,115,1,0.0
8824,44,1,0.0
8822,182,1,0.0
8821,6,1,0.0
8814,38,1,0.0
8802,680,1,0.0
8799,5,1,0.0
8932,35,1,0.0
13100,55,1,0.0
6867,70,1,0.0
6866,132,1,0.0
8706,56,1,0.0
8704,91,1,0.0
2785,62,1,0.0
8680,4,1,0.0
2746,101,1,0.0
2745,38,1,0.0
6846,230,1,0.0
8763,117,1,0.0
8756,37,1,0.0
2767,38,1,0.0
13156,287,1,0.0
5143,77,1,0.0
5138,16,1,0.0
5135,194,1,0.0
396,287,1,0.0
13195,71,1,0.0
5112,33,1,0.0
5105,4,1,0.0
5104,52,1,0.0
13187,110,1,0.0
13182,19,1,0.0
13175,4,1,0.0
13173,224,1,0.0
434,845,1,0.0
13284,276,1,0.0
8742,157,1,0.0
8738,51,1,0.0
8719,20,1,0.0
6878,15,1,0.0
6874,150,1,0.0
8678,783,1,0.0
8676,136,1,0.0
8655,106,1,0.0
8653,45,1,0.0
2823,37,1,0.0
2821,20,1,0.0
6910,32,1,0.0
6894,14,1,0.0
6892,59,1,0.0
6883,79,1,0.0
6882,146,1,0.0
6881,78,1,0.0
2809,63,1,0.0
8648,98,1,0.0
2763,46,1,0.0
402,75,1,0.0
4651,1207,1,0.0
4649,43,1,0.0
13260,115,1,0.0
13255,36,1,0.0
13251,30,1,0.0
13208,49,1,0.0
13206,8,1,0.0
416,222,1,0.0
351,38,1,0.0
2847,37,1,0.0
2843,27,1,0.0
6926,31,1,0.0
6918,82,1,0.0
2834,143,1,0.0
8599,78,1,0.0
8591,56,1,0.0
382,658,1,0.0
371,328,1,0.0
369,3,1,0.0
13294,118,1,0.0
13290,15,1,0.0
8573,72,1,0.0
2867,6,1,0.0
8535,67,1,0.0
6950,70,1,0.0
6949,230,1,0.0
8527,213,1,0.0
8516,327,1,0.0
8512,1415,1,0.0
2906,24,1,0.0
8643,12,1,0.0
5088,163,1,0.0
2915,48,1,0.0
2893,25,1,0.0
2888,78,1,0.0
8483,26,1,0.0
8477,21,1,0.0
6978,51,1,0.0
3674,190,1,0.0
8476,294,1,0.0
8474,152,1,0.0
8460,186,1,0.0
8451,327,1,0.0
8577,31,1,0.0
344,105,1,0.0
13329,241,1,0.0
13320,34,1,0.0
5069,3,1,0.0
13376,162,1,0.0
13372,97,1,0.0
13359,190,1,0.0
13352,160,1,0.0
13350,87,1,0.0
13339,82,1,0.0
362,507,1,0.0
8444,315,1,0.0
8434,6,1,0.0
8433,51,1,0.0
3633,57,1,0.0
7005,43,1,0.0
6982,107,1,0.0
6980,9,1,0.0
2926,548,1,0.0
2917,70,1,0.0
291,53,1,0.0
13433,42,1,0.0
13545,30,1,0.0
2942,71,1,0.0
2938,9,1,0.0
8372,74,1,0.0
8360,17,1,0.0
8339,81,1,0.0
2984,63,1,0.0
2978,11,1,0.0
8445,102,1,0.0
13403,45,1,0.0
5055,251,1,0.0
5035,14,1,0.0
331,18,1,0.0
327,233,1,0.0
8245,11,1,0.0
8241,13,1,0.0
8310,87,1,0.0
7055,58,1,0.0
3626,180,1,0.0
3615,99,1,0.0
8276,66,1,0.0
3006,219,1,0.0
13464,36,1,0.0
13463,92,1,0.0
13462,109,1,0.0
13450,51,1,0.0
5032,64,1,0.0
5022,103,1,0.0
306,16,1,0.0
296,1223,1,0.0
3602,133,1,0.0
3593,139,1,0.0
8157,34,1,0.0
3025,16,1,0.0
3023,154,1,0.0
3021,316,1,0.0
3003,114,1,0.0
2996,64,1,0.0
8261,267,1,0.0
8253,291,1,0.0
3587,24,1,0.0
7084,227,1,0.0
7072,64,1,0.0
7066,45,1,0.0
7059,11,1,0.0
8247,474,1,0.0
13539,32,1,0.0
13526,458,1,0.0
13525,417,1,0.0
13519,66,1,0.0
13518,53,1,0.0
289,34,1,0.0
4984,1856,1,0.0
13493,37,1,0.0
13477,84,1,0.0
8212,808,1,0.0
8208,37,1,0.0
8203,110,1,0.0
8195,55,1,0.0
8187,618,1,0.0
7097,33,1,0.0
3603,9,1,0.0
7128,9,1,0.0
8101,15,1,0.0
8093,101,1,0.0
3097,51,1,0.0
3094,13,1,0.0
3013,31,1,0.0
8144,1,1,0.0
8138,122,1,0.0
8134,8,1,0.0
7126,8,1,0.0
7118,19,1,0.0
3575,71,1,0.0
3570,29,1,0.0
7115,14,1,0.0
8114,195,1,0.0
8112,33,1,0.0
13623,195,1,0.0
13606,228,1,0.0
258,5,1,0.0
247,293,1,0.0
245,33,1,0.0
13583,227,1,0.0
13580,33,1,0.0
13560,139,1,0.0
13553,53,1,0.0
13715,52,1,0.0
3038,6,1,0.0
3037,13,1,0.0
7152,94,1,0.0
7151,70,1,0.0
7141,676,1,0.0
7134,78,1,0.0
7912,4,1,0.0
3086,218,1,0.0
3082,317,1,0.0
8054,6,1,0.0
8039,5,1,0.0
8038,198,1,0.0
8035,97,1,0.0
8032,33,1,0.0
7187,27,1,0.0
8028,15,1,0.0
8024,286,1,0.0
8016,253,1,0.0
3043,6,1,0.0
13642,64,1,0.0
4730,15,1,0.0
13629,28,1,0.0
4948,47,1,0.0
4936,75,1,0.0
4923,943,1,0.0
13665,111,1,0.0
13662,52,1,0.0
13654,33,1,0.0
13795,75,1,0.0
3101,24,1,0.0
3098,72,1,0.0
7214,11,1,0.0
3556,15,1,0.0
3553,12,1,0.0
7962,20,1,0.0
7960,449,1,0.0
3146,413,1,0.0
7950,58,1,0.0
7748,47,1,0.0
7897,140,1,0.0
7890,114,1,0.0
7256,54,1,0.0
7238,23,1,0.0
7233,1034,1,0.0
7224,97,1,0.0
7873,147,1,0.0
7864,118,1,0.0
7862,36,1,0.0
7861,17,1,0.0
3188,29,1,0.0
7978,439,1,0.0
13684,23,1,0.0
13683,117,1,0.0
13669,53,1,0.0
4895,209,1,0.0
170,84,1,0.0
13758,7,1,0.0
13744,113,1,0.0
13728,34,1,0.0
206,30,1,0.0
202,57,1,0.0
194,24,1,0.0
129,4,1,0.0
7851,198,1,0.0
3507,52,1,0.0
7267,58,1,0.0
7814,15,1,0.0
7785,123,1,0.0
7774,15,1,0.0
3241,64,1,0.0
7669,159,1,0.0
7666,15,1,0.0
7634,20,1,0.0
7633,40,1,0.0
7628,2,1,0.0
7745,83,1,0.0
7734,75,1,0.0
7284,9,1,0.0
3525,59,1,0.0
3517,40,1,0.0
3513,33,1,0.0
3288,39,1,0.0
3269,109,1,0.0
3311,33,1,0.0
7856,416,1,0.0
13771,30,1,0.0
127,62,1,0.0
112,27,1,0.0
111,22,1,0.0
4748,44,1,0.0
4745,17,1,0.0
4743,32,1,0.0
13818,32,1,0.0
140,108,1,0.0
13815,87,1,0.0
13900,4,1,0.0
3299,104,1,0.0
3490,24,1,0.0
3482,209,1,0.0
3478,125,1,0.0
3474,35,1,0.0
7677,953,1,0.0
102,74,1,0.0
101,4,1,0.0
90,1,1,0.0
13896,49,1,0.0
4833,38,1,0.0
13860,136,1,0.0
13850,561,1,0.0
68,19,1,0.0
7614,169,1,0.0
7613,173,1,0.0
7363,121,1,0.0
7352,82,1,0.0
7347,95,1,0.0
7332,38,1,0.0
3320,26,1,0.0
3305,51,1,0.0
14046,10,1,0.0
3425,105,1,0.0
14027,35,1,0.0
34,144,1,0.0
32,22,1,0.0
14017,171,1,0.0
14075,48,1,0.0
14060,64,1,0.0
14054,26,1,0.0
14049,220,1,0.0
7593,120,1,0.0
59,20,1,0.0
58,352,1,0.0
13957,93,1,0.0
13953,30,1,0.0
13950,16,1,0.0
4781,1116,1,0.0
13976,58,1,0.0
83,56,1,0.0
73,37,1,0.0
7423,54,1,0.0
7505,7,1,0.0
7502,247,1,0.0
7493,19,1,0.0
7491,446,1,0.0
7480,158,1,0.0
7388,33,1,0.0
7387,91,1,0.0
7479,54,1,0.0
7439,13,1,0.0
7436,103,1,0.0
18,35,1,0.0
14080,90,0,0.0
19,25,0,0.0
23,2,0,0.0
25,31,0,0.0
14056,40,0,0.0
14065,13,0,0.0
14071,6,0,0.0
14072,4,0,0.0
14074,9,0,0.0
14020,5,0,0.0
26,3,0,0.0
13991,7,0,0.0
13987,12,0,0.0
4812,121,0,0.0
4810,10,0,0.0
4808,19,0,0.0
4806,105,0,0.0
4804,10,0,0.0
4800,2,0,0.0
4796,6,0,0.0
4795,20,0,0.0
4790,5,0,0.0
4789,10,0,0.0
4788,3,0,0.0
4785,24,0,0.0
4780,28,0,0.0
14076,29,0,0.0
3389,26,0,0.0
7464,20,0,0.0
7463,104,0,0.0
7460,247,0,0.0
7459,58,0,0.0
7458,9,0,0.0
7457,90,0,0.0
7453,87,0,0.0
7451,15,0,0.0
7449,82,0,0.0
7448,36,0,0.0
7446,15,0,0.0
7433,13,0,0.0
7426,10,0,0.0
7424,12,0,0.0
7421,16,0,0.0
7377,48,0,0.0
7376,102,0,0.0
7477,3,0,0.0
7474,1,0,0.0
7470,36,0,0.0
7468,12,0,0.0
7465,182,0,0.0
3414,1,0,0.0
3412,90,0,0.0
3411,1,0,0.0
3409,5,0,0.0
3405,2,0,0.0
3402,84,0,0.0
3399,21,0,0.0
3396,4,0,0.0
3392,11,0,0.0
7501,3,0,0.0
7494,12,0,0.0
7489,2,0,0.0
7483,3,0,0.0
3423,80,0,0.0
3422,20,0,0.0
7412,130,0,0.0
7408,70,0,0.0
7406,67,0,0.0
7403,1,0,0.0
7398,19,0,0.0
7397,85,0,0.0
7396,2,0,0.0
7395,4,0,0.0
7386,2,0,0.0
7379,3,0,0.0
7524,13,0,0.0
7521,20,0,0.0
7519,122,0,0.0
3388,3,0,0.0
3387,2,0,0.0
3386,18,0,0.0
3385,9,0,0.0
3384,21,0,0.0
3379,8,0,0.0
3377,4,0,0.0
3370,460,0,0.0
3365,3,0,0.0
7514,137,0,0.0
7513,277,0,0.0
7509,12,0,0.0
7507,2,0,0.0
3342,18,0,0.0
7571,3,0,0.0
7568,320,0,0.0
7566,111,0,0.0
7563,6,0,0.0
7556,3,0,0.0
7552,2,0,0.0
7550,25,0,0.0
7548,124,0,0.0
7545,35,0,0.0
7541,12,0,0.0
7539,34,0,0.0
7535,33,0,0.0
7531,16,0,0.0
7529,2,0,0.0
7525,15,0,0.0
3357,10,0,0.0
3356,5,0,0.0
3355,6,0,0.0
3353,10,0,0.0
3352,1,0,0.0
3350,3,0,0.0
7374,60,0,0.0
7373,74,0,0.0
7369,1,0,0.0
7368,22,0,0.0
3465,4,0,0.0
3458,63,0,0.0
3455,12,0,0.0
3454,8,0,0.0
3450,35,0,0.0
3448,36,0,0.0
7611,14,0,0.0
7610,1,0,0.0
7605,2,0,0.0
3340,8,0,0.0
3338,2,0,0.0
3337,3,0,0.0
3325,387,0,0.0
3317,1,0,0.0
3316,23,0,0.0
7596,10,0,0.0
7592,12,0,0.0
7588,14,0,0.0
7587,250,0,0.0
7585,23,0,0.0
3361,35,0,0.0
3360,10,0,0.0
7640,2,0,0.0
7636,82,0,0.0
7635,1,0,0.0
7630,11,0,0.0
7626,13,0,0.0
7625,4,0,0.0
7624,3,0,0.0
7616,81,0,0.0
3444,20,0,0.0
7366,15,0,0.0
7360,16,0,0.0
7355,7,0,0.0
7336,4,0,0.0
7335,4,0,0.0
7331,10,0,0.0
7327,1,0,0.0
3467,12,0,0.0
3466,13,0,0.0
3295,31,0,0.0
3294,10,0,0.0
3293,56,0,0.0
3292,39,0,0.0
3290,3,0,0.0
7678,16,0,0.0
7676,46,0,0.0
7667,3,0,0.0
7664,8,0,0.0
7659,58,0,0.0
7657,2,0,0.0
7654,15,0,0.0
7652,9,0,0.0
7643,77,0,0.0
7695,7,0,0.0
7693,7,0,0.0
7689,31,0,0.0
7679,26,0,0.0
3310,3,0,0.0
3309,7,0,0.0
3308,9,0,0.0
3296,425,0,0.0
7321,6,0,0.0
7320,2,0,0.0
7319,120,0,0.0
7318,6,0,0.0
7317,45,0,0.0
7313,7,0,0.0
3496,17,0,0.0
3469,15,0,0.0
3520,2,0,0.0
7713,3,0,0.0
7706,290,0,0.0
7705,22,0,0.0
3287,196,0,0.0
3281,18,0,0.0
3277,17,0,0.0
3276,3,0,0.0
3274,1,0,0.0
3272,31,0,0.0
3266,1556,0,0.0
3265,8,0,0.0
7704,6,0,0.0
7703,4,0,0.0
7699,5,0,0.0
7696,38,0,0.0
7741,1,0,0.0
7738,205,0,0.0
7731,4,0,0.0
7729,60,0,0.0
7728,2,0,0.0
7725,1,0,0.0
7715,23,0,0.0
7302,3,0,0.0
7298,22,0,0.0
7292,23,0,0.0
7289,479,0,0.0
7286,4,0,0.0
7285,5,0,0.0
3524,56,0,0.0
3523,118,0,0.0
3521,58,0,0.0
7776,15,0,0.0
7775,7,0,0.0
7769,173,0,0.0
7763,138,0,0.0
3262,7,0,0.0
3261,21,0,0.0
3257,26,0,0.0
3255,29,0,0.0
3251,3,0,0.0
3244,17,0,0.0
3235,1,0,0.0
7754,27,0,0.0
7752,2,0,0.0
7751,48,0,0.0
7744,34,0,0.0
7743,294,0,0.0
7810,42,0,0.0
7808,6,0,0.0
7807,213,0,0.0
7806,16,0,0.0
7805,12,0,0.0
7803,11,0,0.0
7801,6,0,0.0
7799,11,0,0.0
7796,14,0,0.0
7793,20,0,0.0
7787,3,0,0.0
7786,12,0,0.0
7784,293,0,0.0
7782,10,0,0.0
7780,5,0,0.0
7777,104,0,0.0
7275,3,0,0.0
7270,4,0,0.0
7268,4,0,0.0
7261,2,0,0.0
7258,6,0,0.0
3206,2,0,0.0
3205,16,0,0.0
7825,6,0,0.0
7824,27,0,0.0
7823,26,0,0.0
7820,5,0,0.0
7819,1,0,0.0
7818,17,0,0.0
7816,18,0,0.0
7815,51,0,0.0
7812,80,0,0.0
7828,4,0,0.0
7827,12,0,0.0
3234,27,0,0.0
3225,22,0,0.0
3217,15,0,0.0
3216,234,0,0.0
3214,5,0,0.0
3210,11,0,0.0
3512,6,0,0.0
3504,8,0,0.0
3503,17,0,0.0
3501,32,0,0.0
7283,2,0,0.0
7282,6,0,0.0
7279,6,0,0.0
7278,1,0,0.0
7227,38,0,0.0
7220,5,0,0.0
7218,6,0,0.0
7871,3,0,0.0
7869,1,0,0.0
7867,14,0,0.0
3203,2,0,0.0
3202,6,0,0.0
3196,75,0,0.0
3192,11,0,0.0
3184,85,0,0.0
3182,2,0,0.0
3178,6,0,0.0
7853,5,0,0.0
7840,8,0,0.0
7839,1,0,0.0
7902,8,0,0.0
7896,3,0,0.0
7895,17,0,0.0
7891,1,0,0.0
7878,12,0,0.0
7877,20,0,0.0
7875,21,0,0.0
7249,4,0,0.0
7248,15,0,0.0
7244,16,0,0.0
7243,5,0,0.0
7237,126,0,0.0
7236,8,0,0.0
7235,2,0,0.0
7232,2,0,0.0
7230,10,0,0.0
7916,82,0,0.0
7915,162,0,0.0
7914,9,0,0.0
7910,15,0,0.0
7907,36,0,0.0
7906,19,0,0.0
3175,3,0,0.0
3172,6,0,0.0
3169,2,0,0.0
3167,9,0,0.0
3161,72,0,0.0
3158,7,0,0.0
3153,5,0,0.0
3150,2,0,0.0
3149,52,0,0.0
7903,31,0,0.0
3127,10,0,0.0
3126,3,0,0.0
7949,3,0,0.0
7945,19,0,0.0
7944,3,0,0.0
7938,7,0,0.0
7935,1,0,0.0
7934,40,0,0.0
7933,1,0,0.0
7931,7,0,0.0
7926,34,0,0.0
7925,11,0,0.0
7923,9,0,0.0
7921,2,0,0.0
7919,7,0,0.0
7918,30,0,0.0
3535,396,0,0.0
3534,176,0,0.0
3533,6,0,0.0
7970,21,0,0.0
7968,5,0,0.0
7965,7,0,0.0
7964,6,0,0.0
7959,6,0,0.0
3147,4,0,0.0
3142,17,0,0.0
3141,21,0,0.0
3138,375,0,0.0
3136,3,0,0.0
3134,4,0,0.0
3130,55,0,0.0
3128,7,0,0.0
3120,4,0,0.0
3118,40,0,0.0
3109,55,0,0.0
3108,68,0,0.0
3107,1,0,0.0
3105,74,0,0.0
3104,114,0,0.0
7217,4,0,0.0
7215,92,0,0.0
7209,2,0,0.0
7208,420,0,0.0
7200,1,0,0.0
7198,30,0,0.0
3554,1,0,0.0
3551,31,0,0.0
3536,16,0,0.0
8031,153,0,0.0
8030,16,0,0.0
8021,82,0,0.0
8015,7,0,0.0
8014,1,0,0.0
8008,2,0,0.0
7997,44,0,0.0
7993,6,0,0.0
7992,9,0,0.0
7991,1,0,0.0
7984,40,0,0.0
7982,1,0,0.0
7977,2,0,0.0
7976,2,0,0.0
3124,31,0,0.0
3122,7,0,0.0
8036,7,0,0.0
8034,11,0,0.0
3529,5,0,0.0
7197,18,0,0.0
7194,3,0,0.0
7193,8,0,0.0
7190,9,0,0.0
7189,255,0,0.0
7188,8,0,0.0
7185,11,0,0.0
7181,6,0,0.0
7178,2,0,0.0
7173,1,0,0.0
7171,1,0,0.0
7170,148,0,0.0
7168,17,0,0.0
8076,7,0,0.0
8067,127,0,0.0
8063,21,0,0.0
8062,2,0,0.0
8060,27,0,0.0
8059,4,0,0.0
3095,91,0,0.0
3092,9,0,0.0
3089,47,0,0.0
3088,12,0,0.0
3083,36,0,0.0
3077,4,0,0.0
8058,90,0,0.0
8056,21,0,0.0
8048,16,0,0.0
8042,5,0,0.0
7139,6,0,0.0
7130,21,0,0.0
8103,92,0,0.0
8102,1,0,0.0
8100,33,0,0.0
8097,11,0,0.0
8089,67,0,0.0
3076,2,0,0.0
3071,21,0,0.0
3066,5,0,0.0
3065,106,0,0.0
3062,38,0,0.0
3058,49,0,0.0
3057,17,0,0.0
8087,3,0,0.0
8078,161,0,0.0
8116,3,0,0.0
8113,9,0,0.0
3054,21,0,0.0
3050,12,0,0.0
3049,13,0,0.0
3042,20,0,0.0
3040,2,0,0.0
8107,2,0,0.0
7165,10,0,0.0
7162,4,0,0.0
7161,2,0,0.0
7160,7,0,0.0
7159,45,0,0.0
7157,7,0,0.0
7150,8,0,0.0
7142,90,0,0.0
8143,120,0,0.0
8142,375,0,0.0
8140,13,0,0.0
8139,152,0,0.0
8136,12,0,0.0
8133,253,0,0.0
8129,1083,0,0.0
7124,23,0,0.0
3574,1,0,0.0
3569,8,0,0.0
3567,135,0,0.0
3566,11,0,0.0
3559,42,0,0.0
3557,3,0,0.0
7114,16,0,0.0
8117,16,0,0.0
8160,81,0,0.0
3030,29,0,0.0
3029,6,0,0.0
3027,23,0,0.0
3019,2,0,0.0
3017,516,0,0.0
3016,11,0,0.0
3014,2,0,0.0
3011,10,0,0.0
3010,16,0,0.0
3008,48,0,0.0
8155,4,0,0.0
8152,111,0,0.0
8150,2,0,0.0
8149,5,0,0.0
8146,7,0,0.0
8186,10,0,0.0
8185,4,0,0.0
8180,7,0,0.0
8175,5,0,0.0
8170,3,0,0.0
7113,9,0,0.0
7112,15,0,0.0
7098,21,0,0.0
7092,2,0,0.0
7090,18,0,0.0
7086,3,0,0.0
3605,11,0,0.0
3604,4,0,0.0
3601,6,0,0.0
3598,40,0,0.0
3591,25,0,0.0
8239,2,0,0.0
8236,1,0,0.0
8231,11,0,0.0
8226,56,0,0.0
8222,40,0,0.0
8219,9,0,0.0
8218,45,0,0.0
8211,4,0,0.0
8210,170,0,0.0
8207,2,0,0.0
8206,38,0,0.0
8201,4,0,0.0
8199,15,0,0.0
8193,3,0,0.0
8189,67,0,0.0
8188,10,0,0.0
8273,23,0,0.0
8266,5,0,0.0
8258,48,0,0.0
8255,4,0,0.0
8250,604,0,0.0
7078,74,0,0.0
7073,1,0,0.0
7071,8,0,0.0
7069,8,0,0.0
7067,35,0,0.0
7065,19,0,0.0
7063,4,0,0.0
7062,58,0,0.0
7058,1,0,0.0
8248,187,0,0.0
8243,70,0,0.0
8292,8,0,0.0
8290,10,0,0.0
8286,10,0,0.0
8283,46,0,0.0
8282,13,0,0.0
8277,3,0,0.0
3007,6,0,0.0
3002,40,0,0.0
2998,7,0,0.0
2992,11,0,0.0
2991,35,0,0.0
2990,110,0,0.0
2989,190,0,0.0
2988,61,0,0.0
8275,5,0,0.0
8274,10,0,0.0
8316,4,0,0.0
8306,28,0,0.0
8298,14,0,0.0
8297,21,0,0.0
8296,54,0,0.0
8295,16,0,0.0
7054,13,0,0.0
7049,79,0,0.0
7046,8,0,0.0
7045,5,0,0.0
7042,7,0,0.0
7037,3,0,0.0
3621,95,0,0.0
3616,1,0,0.0
7030,207,0,0.0
8294,4,0,0.0
8351,2,0,0.0
8348,9,0,0.0
8345,20,0,0.0
8342,71,0,0.0
8337,30,0,0.0
2986,27,0,0.0
2981,42,0,0.0
2973,3,0,0.0
2970,24,0,0.0
2967,15,0,0.0
2964,51,0,0.0
2962,14,0,0.0
2959,9,0,0.0
8325,47,0,0.0
8319,8,0,0.0
8318,28,0,0.0
3648,2,0,0.0
3643,29,0,0.0
3641,39,0,0.0
3639,1,0,0.0
3638,39,0,0.0
8384,1,0,0.0
8381,18,0,0.0
8379,20,0,0.0
8377,32,0,0.0
8370,11,0,0.0
8363,28,0,0.0
8362,162,0,0.0
8358,2,0,0.0
8355,73,0,0.0
8353,45,0,0.0
8352,2,0,0.0
8387,360,0,0.0
8386,3,0,0.0
2951,89,0,0.0
2945,12,0,0.0
2941,863,0,0.0
2935,43,0,0.0
2934,2,0,0.0
7027,47,0,0.0
7024,12,0,0.0
7022,23,0,0.0
7017,15,0,0.0
7016,1,0,0.0
7012,44,0,0.0
7010,126,0,0.0
3653,144,0,0.0
3649,45,0,0.0
8422,2,0,0.0
8419,221,0,0.0
2932,2,0,0.0
2927,2,0,0.0
2924,8,0,0.0
2923,753,0,0.0
2919,9,0,0.0
2918,69,0,0.0
2911,27,0,0.0
8416,22,0,0.0
8411,13,0,0.0
8403,6,0,0.0
8402,2,0,0.0
8397,71,0,0.0
8395,13,0,0.0
8388,14,0,0.0
8447,2,0,0.0
8441,1,0,0.0
8440,6,0,0.0
8429,2,0,0.0
8428,723,0,0.0
8427,10,0,0.0
8424,16,0,0.0
3635,264,0,0.0
3634,8,0,0.0
6998,6,0,0.0
6995,27,0,0.0
6992,18,0,0.0
6990,4,0,0.0
6984,2,0,0.0
6981,7,0,0.0
6979,9,0,0.0
8475,62,0,0.0
8472,26,0,0.0
8471,16,0,0.0
8469,193,0,0.0
8465,204,0,0.0
8463,8,0,0.0
8462,18,0,0.0
8461,6,0,0.0
8457,11,0,0.0
8456,2,0,0.0
8455,40,0,0.0
8453,3,0,0.0
8452,61,0,0.0
8450,1,0,0.0
8449,2,0,0.0
8448,38,0,0.0
8488,8,0,0.0
8487,407,0,0.0
2891,2,0,0.0
2890,36,0,0.0
2887,3,0,0.0
6976,7,0,0.0
6968,130,0,0.0
6965,2,0,0.0
6963,3,0,0.0
3669,4,0,0.0
3668,6,0,0.0
3666,1,0,0.0
3665,1,0,0.0
3663,2,0,0.0
3655,7,0,0.0
6961,14,0,0.0
6934,7,0,0.0
6932,2,0,0.0
6931,131,0,0.0
8529,19,0,0.0
8525,36,0,0.0
8523,54,0,0.0
8520,6,0,0.0
8513,26,0,0.0
8509,4,0,0.0
8508,15,0,0.0
8504,52,0,0.0
8501,129,0,0.0
8497,7,0,0.0
8494,67,0,0.0
8490,15,0,0.0
8489,918,0,0.0
8547,4,0,0.0
8545,42,0,0.0
8544,1,0,0.0
8543,9,0,0.0
8532,9,0,0.0
8530,29,0,0.0
6959,3,0,0.0
6958,2,0,0.0
6947,5,0,0.0
6946,11,0,0.0
6944,9,0,0.0
6943,49,0,0.0
6942,1,0,0.0
6939,2,0,0.0
6937,5,0,0.0
6935,2,0,0.0
8556,9,0,0.0
8555,14,0,0.0
2884,70,0,0.0
2882,27,0,0.0
2878,5,0,0.0
2876,9,0,0.0
2874,32,0,0.0
2873,16,0,0.0
2872,13,0,0.0
2869,111,0,0.0
2864,13,0,0.0
2855,5,0,0.0
8554,50,0,0.0
8553,2,0,0.0
8552,16,0,0.0
8548,33,0,0.0
2829,5,0,0.0
8601,373,0,0.0
8592,5,0,0.0
8588,12,0,0.0
8581,1,0,0.0
8580,3,0,0.0
8576,2,0,0.0
8574,124,0,0.0
8572,3,0,0.0
8569,3,0,0.0
8566,64,0,0.0
8565,30,0,0.0
8564,3,0,0.0
8562,6,0,0.0
8559,19,0,0.0
8558,5,0,0.0
2844,1,0,0.0
2838,97,0,0.0
2835,3,0,0.0
6928,16,0,0.0
6923,3,0,0.0
6920,31,0,0.0
3702,592,0,0.0
3699,3,0,0.0
3698,3,0,0.0
3697,127,0,0.0
3689,27,0,0.0
3684,2,0,0.0
3681,68,0,0.0
3677,7,0,0.0
3676,25,0,0.0
2830,39,0,0.0
8641,74,0,0.0
8638,20,0,0.0
8636,11,0,0.0
8635,464,0,0.0
8631,45,0,0.0
8629,2,0,0.0
8626,44,0,0.0
8625,139,0,0.0
8621,9,0,0.0
8620,5,0,0.0
8614,13,0,0.0
8604,1,0,0.0
8602,9,0,0.0
2850,4,0,0.0
2849,18,0,0.0
2846,2,0,0.0
2820,7,0,0.0
2818,78,0,0.0
2817,197,0,0.0
2816,2,0,0.0
2815,11,0,0.0
6911,45,0,0.0
6899,1,0,0.0
6897,74,0,0.0
6893,43,0,0.0
6891,37,0,0.0
6890,142,0,0.0
6887,3,0,0.0
6885,5,0,0.0
6884,41,0,0.0
2807,6,0,0.0
8642,1,0,0.0
2782,43,0,0.0
8694,25,0,0.0
8692,43,0,0.0
8691,17,0,0.0
8679,476,0,0.0
8677,12,0,0.0
8674,9,0,0.0
8672,4,0,0.0
8671,7,0,0.0
8659,77,0,0.0
8657,11,0,0.0
8656,1113,0,0.0
8652,8,0,0.0
8651,9,0,0.0
2826,8,0,0.0
2822,1,0,0.0
3711,12,0,0.0
3710,25,0,0.0
8715,131,0,0.0
8713,55,0,0.0
8712,2,0,0.0
8708,34,0,0.0
8699,10,0,0.0
2802,31,0,0.0
2800,3,0,0.0
2798,50,0,0.0
2796,26,0,0.0
2793,21,0,0.0
2792,23,0,0.0
2789,17,0,0.0
2787,20,0,0.0
2783,21,0,0.0
8743,44,0,0.0
8740,2,0,0.0
8736,114,0,0.0
8728,1,0,0.0
8727,35,0,0.0
8722,11,0,0.0
6880,9,0,0.0
6879,67,0,0.0
6870,12,0,0.0
6865,1,0,0.0
3724,3,0,0.0
3722,8,0,0.0
3720,2,0,0.0
3719,4,0,0.0
3718,3,0,0.0
3712,3,0,0.0
8755,9,0,0.0
8753,4,0,0.0
8750,2,0,0.0
8748,1,0,0.0
8747,41,0,0.0
2780,49,0,0.0
2779,13,0,0.0
2777,908,0,0.0
2774,128,0,0.0
2773,13,0,0.0
2769,15,0,0.0
2768,6,0,0.0
2765,1,0,0.0
2759,11,0,0.0
2757,2,0,0.0
8745,7,0,0.0
6835,13,0,0.0
2731,2,0,0.0
8789,20,0,0.0
8787,10,0,0.0
8784,7,0,0.0
8783,32,0,0.0
8781,43,0,0.0
8780,18,0,0.0
8776,1,0,0.0
8775,2,0,0.0
8774,2,0,0.0
8769,2,0,0.0
8768,3,0,0.0
8766,19,0,0.0
8758,1,0,0.0
8757,1,0,0.0
8801,26,0,0.0
8797,12,0,0.0
2756,13,0,0.0
2743,16,0,0.0
2738,79,0,0.0
2733,95,0,0.0
3707,111,0,0.0
3705,1,0,0.0
3704,13,0,0.0
6861,4,0,0.0
6857,4,0,0.0
6853,5,0,0.0
6849,1,0,0.0
6844,135,0,0.0
6842,5,0,0.0
6840,86,0,0.0
6815,4,0,0.0
6807,4,0,0.0
6805,2,0,0.0
6803,49,0,0.0
6802,42,0,0.0
2703,12,0,0.0
8840,8,0,0.0
8839,37,0,0.0
8838,3,0,0.0
8835,7,0,0.0
8833,6,0,0.0
8830,213,0,0.0
8828,314,0,0.0
8823,22,0,0.0
8806,4,0,0.0
8805,32,0,0.0
2720,176,0,0.0
2719,15,0,0.0
2718,22,0,0.0
2717,134,0,0.0
2716,2,0,0.0
2714,6,0,0.0
2713,49,0,0.0
2707,70,0,0.0
6834,33,0,0.0
6831,69,0,0.0
6830,19,0,0.0
6827,32,0,0.0
6823,1,0,0.0
6820,29,0,0.0
6818,81,0,0.0
6817,19,0,0.0
2685,35,0,0.0
2684,3,0,0.0
8881,31,0,0.0
8871,1,0,0.0
8870,199,0,0.0
8866,3,0,0.0
8865,9,0,0.0
8863,8,0,0.0
8858,34,0,0.0
8856,5,0,0.0
8855,128,0,0.0
8851,140,0,0.0
8841,54,0,0.0
2726,2,0,0.0
2724,100,0,0.0
2721,17,0,0.0
3731,1,0,0.0
3730,5,0,0.0
3729,74,0,0.0
6791,44,0,0.0
8903,7,0,0.0
8897,166,0,0.0
8894,41,0,0.0
2701,18,0,0.0
2700,25,0,0.0
2699,3,0,0.0
2698,3,0,0.0
2697,40,0,0.0
2696,11,0,0.0
2694,21,0,0.0
2687,19,0,0.0
2686,59,0,0.0
8929,2,0,0.0
8928,26,0,0.0
8927,76,0,0.0
8924,47,0,0.0
8918,15,0,0.0
8911,3,0,0.0
8910,6,0,0.0
8908,3,0,0.0
6799,8,0,0.0
3745,3,0,0.0
3743,2,0,0.0
3742,34,0,0.0
3741,29,0,0.0
3740,2,0,0.0
3735,417,0,0.0
3733,29,0,0.0
6759,56,0,0.0
6758,37,0,0.0
8946,4,0,0.0
8944,13,0,0.0
8942,5,0,0.0
8941,7,0,0.0
8940,14,0,0.0
8939,133,0,0.0
2676,6,0,0.0
2675,2,0,0.0
2673,81,0,0.0
2669,26,0,0.0
2668,16,0,0.0
2663,1,0,0.0
2661,40,0,0.0
8935,18,0,0.0
8982,84,0,0.0
8980,17,0,0.0
8970,2,0,0.0
8969,68,0,0.0
8960,1,0,0.0
8958,2,0,0.0
8957,5,0,0.0
8947,4,0,0.0
6790,15,0,0.0
6789,32,0,0.0
6785,10,0,0.0
6778,4,0,0.0
6777,64,0,0.0
6776,2,0,0.0
6766,40,0,0.0
6761,34,0,0.0
9004,128,0,0.0
8995,8,0,0.0
8992,10,0,0.0
8989,2,0,0.0
2658,11,0,0.0
2655,7,0,0.0
2654,55,0,0.0
2652,30,0,0.0
2651,17,0,0.0
2647,89,0,0.0
2645,5,0,0.0
2643,9,0,0.0
2642,13,0,0.0
2641,22,0,0.0
8988,64,0,0.0
8984,23,0,0.0
3762,25,0,0.0
3758,6,0,0.0
3755,6,0,0.0
3754,62,0,0.0
3752,6,0,0.0
9038,1,0,0.0
9034,22,0,0.0
9027,28,0,0.0
9026,45,0,0.0
9025,148,0,0.0
9022,90,0,0.0
9020,2,0,0.0
9016,10,0,0.0
9015,45,0,0.0
9014,4,0,0.0
9007,5,0,0.0
9055,4,0,0.0
9054,8,0,0.0
9052,29,0,0.0
9048,33,0,0.0
9045,3,0,0.0
9044,27,0,0.0
9040,58,0,0.0
9039,2,0,0.0
6757,19,0,0.0
6756,14,0,0.0
6751,4,0,0.0
6747,9,0,0.0
6741,3,0,0.0
3766,40,0,0.0
3764,5,0,0.0
3763,38,0,0.0
2618,2,0,0.0
2617,7,0,0.0
2616,67,0,0.0
9088,126,0,0.0
9084,41,0,0.0
9078,3,0,0.0
9077,12,0,0.0
9076,25,0,0.0
9073,23,0,0.0
9071,7,0,0.0
9069,19,0,0.0
9064,14,0,0.0
9062,12,0,0.0
9058,344,0,0.0
9057,2,0,0.0
9056,10,0,0.0
6713,8,0,0.0
6710,18,0,0.0
9114,8,0,0.0
9113,6,0,0.0
9112,26,0,0.0
9110,36,0,0.0
9109,2823,0,0.0
9097,7,0,0.0
9096,4,0,0.0
9095,3,0,0.0
2634,7,0,0.0
2628,8,0,0.0
2625,5,0,0.0
2623,125,0,0.0
2622,50,0,0.0
2621,289,0,0.0
9138,9,0,0.0
9132,112,0,0.0
9129,24,0,0.0
9128,18,0,0.0
9124,12,0,0.0
3750,7,0,0.0
3748,61,0,0.0
6740,47,0,0.0
6737,46,0,0.0
6736,27,0,0.0
6728,13,0,0.0
6725,42,0,0.0
6721,2,0,0.0
6718,6,0,0.0
6715,2,0,0.0
6714,34,0,0.0
9153,182,0,0.0
9149,60,0,0.0
9148,20,0,0.0
9144,2,0,0.0
9142,8,0,0.0
2609,6,0,0.0
2603,206,0,0.0
2602,44,0,0.0
2601,13,0,0.0
2592,20,0,0.0
2591,1,0,0.0
2584,8,0,0.0
2581,20,0,0.0
2580,4,0,0.0
2579,2,0,0.0
9141,5,0,0.0
9186,8,0,0.0
9175,308,0,0.0
9173,7,0,0.0
9168,25,0,0.0
9164,14,0,0.0
9163,42,0,0.0
6707,9,0,0.0
6695,11,0,0.0
6687,23,0,0.0
6685,17,0,0.0
6684,3,0,0.0
6682,42,0,0.0
6676,647,0,0.0
6674,35,0,0.0
9159,45,0,0.0
9154,3,0,0.0
2573,18,0,0.0
2570,10,0,0.0
2567,6,0,0.0
2563,4,0,0.0
2557,38,0,0.0
6672,6,0,0.0
3790,8,0,0.0
3788,34,0,0.0
3787,25,0,0.0
3785,26,0,0.0
3784,17,0,0.0
3780,7,0,0.0
3774,85,0,0.0
3773,3,0,0.0
2554,2,0,0.0
2552,45,0,0.0
3801,55,0,0.0
3792,100,0,0.0
9244,10,0,0.0
9243,77,0,0.0
9241,58,0,0.0
9236,106,0,0.0
9233,4,0,0.0
9231,2,0,0.0
9230,321,0,0.0
9227,1,0,0.0
9220,124,0,0.0
9213,3,0,0.0
9212,16,0,0.0
9200,72,0,0.0
2578,28,0,0.0
2574,19,0,0.0
9270,15,0,0.0
9269,9,0,0.0
9266,39,0,0.0
9264,82,0,0.0
9259,13,0,0.0
9257,3,0,0.0
9256,22,0,0.0
9253,27,0,0.0
6661,60,0,0.0
6647,15,0,0.0
6646,22,0,0.0
6645,12,0,0.0
6642,1,0,0.0
3815,26,0,0.0
3812,5,0,0.0
3808,2,0,0.0
9286,42,0,0.0
9284,6,0,0.0
9277,26,0,0.0
9273,138,0,0.0
9271,136,0,0.0
2550,8,0,0.0
2547,30,0,0.0
2545,99,0,0.0
2543,28,0,0.0
2542,179,0,0.0
2541,22,0,0.0
2540,22,0,0.0
2538,70,0,0.0
2534,7,0,0.0
2531,71,0,0.0
2526,58,0,0.0
9317,28,0,0.0
9309,2,0,0.0
9303,8,0,0.0
9301,2,0,0.0
2524,1,0,0.0
2522,22,0,0.0
2521,1,0,0.0
2505,11,0,0.0
2504,3,0,0.0
2502,63,0,0.0
2501,21,0,0.0
2498,21,0,0.0
9296,13,0,0.0
9290,36,0,0.0
9289,81,0,0.0
9288,15,0,0.0
6621,8,0,0.0
6620,57,0,0.0
6619,1,0,0.0
6618,481,0,0.0
6616,8,0,0.0
6615,303,0,0.0
6614,8,0,0.0
9348,11,0,0.0
9347,18,0,0.0
9346,12,0,0.0
9344,23,0,0.0
9341,22,0,0.0
9339,1,0,0.0
9335,1,0,0.0
9332,138,0,0.0
9323,273,0,0.0
2489,4,0,0.0
2488,3,0,0.0
2485,37,0,0.0
2481,20,0,0.0
2474,2,0,0.0
2471,59,0,0.0
2464,16,0,0.0
3791,79,0,0.0
6641,9,0,0.0
6640,261,0,0.0
6634,27,0,0.0
6629,4,0,0.0
6628,3,0,0.0
6625,26,0,0.0
6623,24,0,0.0
6622,29,0,0.0
9390,76,0,0.0
9389,16,0,0.0
9387,24,0,0.0
9381,6,0,0.0
9376,13,0,0.0
9371,3,0,0.0
9369,12,0,0.0
9367,6,0,0.0
9366,152,0,0.0
9360,15,0,0.0
9359,4,0,0.0
9355,5,0,0.0
9353,8,0,0.0
9351,6,0,0.0
2494,157,0,0.0
2491,7,0,0.0
3830,14,0,0.0
3825,5,0,0.0
9395,52,0,0.0
2462,5,0,0.0
2455,7,0,0.0
2452,2,0,0.0
2451,40,0,0.0
2450,31,0,0.0
2449,76,0,0.0
2448,74,0,0.0
2447,7,0,0.0
2445,4,0,0.0
2441,10,0,0.0
9394,3,0,0.0
9392,31,0,0.0
9391,9,0,0.0
9420,54,0,0.0
9418,49,0,0.0
9415,2,0,0.0
9411,1,0,0.0
9409,17,0,0.0
9403,27,0,0.0
6613,73,0,0.0
6612,2,0,0.0
6609,3,0,0.0
6607,4,0,0.0
6605,2,0,0.0
6604,2,0,0.0
6602,96,0,0.0
6598,12,0,0.0
3837,38,0,0.0
3832,11,0,0.0
9476,9,0,0.0
9466,4,0,0.0
9465,45,0,0.0
9459,122,0,0.0
9454,13,0,0.0
9453,11,0,0.0
9451,2,0,0.0
9449,38,0,0.0
9448,5,0,0.0
9434,25,0,0.0
9433,4,0,0.0
9431,35,0,0.0
9430,163,0,0.0
9428,28,0,0.0
9426,82,0,0.0
9423,108,0,0.0
6565,97,0,0.0
6563,49,0,0.0
9497,14,0,0.0
9495,39,0,0.0
9489,8,0,0.0
9485,21,0,0.0
9484,21,0,0.0
9478,197,0,0.0
2438,49,0,0.0
2436,2,0,0.0
2434,344,0,0.0
2430,48,0,0.0
2429,5,0,0.0
2421,1,0,0.0
2418,33,0,0.0
2417,2,0,0.0
2400,2,0,0.0
2399,4,0,0.0
2394,8,0,0.0
2393,8,0,0.0
9502,41,0,0.0
3821,24,0,0.0
3818,10,0,0.0
6596,9,0,0.0
6593,39,0,0.0
6587,36,0,0.0
6585,2,0,0.0
6584,560,0,0.0
6581,38,0,0.0
6574,73,0,0.0
6573,111,0,0.0
6566,1,0,0.0
9548,231,0,0.0
9545,2,0,0.0
9544,17,0,0.0
9538,103,0,0.0
9537,34,0,0.0
9528,7,0,0.0
9527,8,0,0.0
9524,10,0,0.0
9523,25,0,0.0
9521,231,0,0.0
9512,11,0,0.0
9509,2,0,0.0
2416,59,0,0.0
2404,3,0,0.0
2402,1,0,0.0
2401,12,0,0.0
2386,15,0,0.0
2381,17,0,0.0
2376,1,0,0.0
2374,77,0,0.0
6560,2,0,0.0
6558,22,0,0.0
6557,25,0,0.0
6554,3,0,0.0
6547,8,0,0.0
3861,16,0,0.0
3856,1,0,0.0
3854,26,0,0.0
3851,26,0,0.0
3850,55,0,0.0
3848,11,0,0.0
2369,157,0,0.0
6502,440,0,0.0
9601,20,0,0.0
9600,126,0,0.0
9596,50,0,0.0
9594,4,0,0.0
9590,2,0,0.0
9587,6,0,0.0
9586,138,0,0.0
9585,48,0,0.0
9577,11,0,0.0
9568,2,0,0.0
9555,1,0,0.0
9554,55,0,0.0
2390,4,0,0.0
2389,13,0,0.0
2387,4,0,0.0
2358,3,0,0.0
2357,4,0,0.0
2354,26,0,0.0
2352,61,0,0.0
2350,7,0,0.0
2348,129,0,0.0
2345,11,0,0.0
3845,66,0,0.0
3839,88,0,0.0
6545,35,0,0.0
6537,31,0,0.0
6536,9,0,0.0
6535,2,0,0.0
6528,496,0,0.0
6525,4,0,0.0
6505,128,0,0.0
9654,6,0,0.0
9652,7,0,0.0
9647,150,0,0.0
9644,4,0,0.0
9636,10,0,0.0
9634,71,0,0.0
9632,414,0,0.0
9630,10,0,0.0
9629,1,0,0.0
9626,467,0,0.0
9624,897,0,0.0
9616,10,0,0.0
9603,22,0,0.0
9602,2,0,0.0
2367,78,0,0.0
2360,38,0,0.0
6487,1044,0,0.0
9665,10,0,0.0
9663,22,0,0.0
9661,44,0,0.0
9659,79,0,0.0
9657,116,0,0.0
2341,2,0,0.0
2339,16,0,0.0
2336,22,0,0.0
2335,3,0,0.0
2333,3,0,0.0
2331,17,0,0.0
2330,14,0,0.0
2328,78,0,0.0
2327,3,0,0.0
2324,42,0,0.0
9675,44,0,0.0
9672,4,0,0.0
9669,5,0,0.0
9668,23,0,0.0
6495,17,0,0.0
6494,10,0,0.0
3889,251,0,0.0
3887,21,0,0.0
3886,4,0,0.0
3884,86,0,0.0
3883,7,0,0.0
3882,14,0,0.0
3880,7,0,0.0
3878,14,0,0.0
3871,20,0,0.0
3867,1,0,0.0
2304,44,0,0.0
2303,3,0,0.0
9724,1,0,0.0
9723,53,0,0.0
9717,20,0,0.0
9716,9,0,0.0
9713,24,0,0.0
9710,76,0,0.0
9706,17,0,0.0
9704,15,0,0.0
9702,35,0,0.0
9700,98,0,0.0
9697,4,0,0.0
9696,5,0,0.0
9694,15,0,0.0
9688,21,0,0.0
3905,456,0,0.0
3904,5,0,0.0
3900,82,0,0.0
3897,79,0,0.0
9746,111,0,0.0
9741,3,0,0.0
9737,4,0,0.0
9736,10,0,0.0
9735,5,0,0.0
9734,34,0,0.0
9733,1,0,0.0
2319,2,0,0.0
2317,3,0,0.0
2314,63,0,0.0
2310,4,0,0.0
2307,28,0,0.0
9761,75,0,0.0
9759,12,0,0.0
9758,1,0,0.0
9756,2,0,0.0
9754,10,0,0.0
9751,9,0,0.0
9750,115,0,0.0
9747,18,0,0.0
6486,10,0,0.0
6482,51,0,0.0
6475,8,0,0.0
6474,30,0,0.0
6473,14,0,0.0
3917,2,0,0.0
3916,16,0,0.0
3908,3,0,0.0
9794,13,0,0.0
9792,45,0,0.0
9791,4,0,0.0
2301,30,0,0.0
2299,38,0,0.0
2297,1,0,0.0
2292,29,0,0.0
2290,90,0,0.0
2286,3,0,0.0
2285,2,0,0.0
2282,74,0,0.0
2281,105,0,0.0
9785,29,0,0.0
9781,28,0,0.0
9777,8,0,0.0
9764,12,0,0.0
9828,11,0,0.0
9826,45,0,0.0
9825,9,0,0.0
9824,4,0,0.0
9823,83,0,0.0
9818,42,0,0.0
9814,10,0,0.0
9813,59,0,0.0
9810,3,0,0.0
9806,62,0,0.0
9802,63,0,0.0
9799,389,0,0.0
9798,1,0,0.0
9797,121,0,0.0
9796,48,0,0.0
9795,2,0,0.0
6428,10,0,0.0
6427,35,0,0.0
9848,122,0,0.0
9843,13,0,0.0
9838,40,0,0.0
9832,4,0,0.0
9831,27,0,0.0
2274,299,0,0.0
2273,4,0,0.0
2268,26,0,0.0
2266,2,0,0.0
2263,3,0,0.0
2262,4,0,0.0
2258,51,0,0.0
2257,2,0,0.0
9830,4,0,0.0
9864,9,0,0.0
9860,7,0,0.0
9858,16,0,0.0
9857,33,0,0.0
9855,2,0,0.0
9854,3,0,0.0
9852,30,0,0.0
3895,104,0,0.0
3893,8,0,0.0
3892,10587,0,0.0
3891,47,0,0.0
6466,7,0,0.0
6464,1,0,0.0
6454,36,0,0.0
6438,8,0,0.0
6436,21,0,0.0
9897,4,0,0.0
9894,2,0,0.0
9891,6,0,0.0
9886,7,0,0.0
9883,1,0,0.0
2250,11,0,0.0
2249,12,0,0.0
2248,1,0,0.0
2232,110,0,0.0
2227,135,0,0.0
9880,6,0,0.0
9879,59,0,0.0
9878,1,0,0.0
9873,36,0,0.0
9871,3,0,0.0
9866,14,0,0.0
9926,2,0,0.0
9917,278,0,0.0
9912,30,0,0.0
9906,37,0,0.0
9905,5,0,0.0
6426,46,0,0.0
3941,30,0,0.0
3934,18,0,0.0
3920,1,0,0.0
3919,13,0,0.0
3918,55,0,0.0
6414,5,0,0.0
6412,5,0,0.0
6411,27,0,0.0
9904,1,0,0.0
9902,13,0,0.0
9943,7,0,0.0
9940,34,0,0.0
9939,94,0,0.0
2224,3,0,0.0
2221,18,0,0.0
2216,103,0,0.0
2214,8,0,0.0
2207,4,0,0.0
2205,196,0,0.0
2203,48,0,0.0
2201,27,0,0.0
2200,25,0,0.0
9937,48,0,0.0
9934,205,0,0.0
9932,6,0,0.0
9928,36,0,0.0
9987,11,0,0.0
9986,3,0,0.0
9984,29,0,0.0
9981,3,0,0.0
9980,33,0,0.0
9977,7,0,0.0
9975,8,0,0.0
9974,5,0,0.0
9972,13,0,0.0
9969,22,0,0.0
9965,75,0,0.0
9961,1,0,0.0
9957,5,0,0.0
9955,21,0,0.0
9953,60,0,0.0
9949,118,0,0.0
3946,4,0,0.0
3943,19,0,0.0
2182,2,0,0.0
2180,2,0,0.0
10014,10,0,0.0
10002,33,0,0.0
10000,18,0,0.0
9999,3,0,0.0
9998,4,0,0.0
9997,2,0,0.0
9996,27,0,0.0
9995,15,0,0.0
9994,5,0,0.0
9992,74,0,0.0
9991,150,0,0.0
9990,337,0,0.0
10025,5,0,0.0
10024,8,0,0.0
10018,18,0,0.0
2196,4,0,0.0
2190,12,0,0.0
2186,6,0,0.0
2184,549,0,0.0
2183,373,0,0.0
6410,4,0,0.0
6406,33,0,0.0
6405,1,0,0.0
6395,13,0,0.0
3965,15,0,0.0
3962,13,0,0.0
3953,4,0,0.0
3950,30,0,0.0
6366,12,0,0.0
6362,6,0,0.0
10050,28,0,0.0
10042,17,0,0.0
10041,5,0,0.0
2173,86,0,0.0
2172,12,0,0.0
2171,9,0,0.0
2164,17,0,0.0
2154,32,0,0.0
2151,41,0,0.0
10036,2,0,0.0
10034,27,0,0.0
10031,1,0,0.0
10027,1,0,0.0
10026,61,0,0.0
10068,16,0,0.0
10066,60,0,0.0
10064,368,0,0.0
10057,1,0,0.0
10054,5,0,0.0
6392,36,0,0.0
6385,4,0,0.0
6383,384,0,0.0
6382,83,0,0.0
6381,9,0,0.0
6379,8,0,0.0
6378,8,0,0.0
6377,4,0,0.0
6376,39,0,0.0
6374,23,0,0.0
6371,27,0,0.0
10094,25,0,0.0
10093,7,0,0.0
10090,1,0,0.0
2150,14,0,0.0
2148,1,0,0.0
2146,1,0,0.0
2144,7,0,0.0
2142,2,0,0.0
2139,12,0,0.0
2137,66,0,0.0
2135,5,0,0.0
2133,107,0,0.0
10083,47,0,0.0
10081,10,0,0.0
10076,14,0,0.0
10069,4,0,0.0
10119,7,0,0.0
10118,32,0,0.0
10110,13,0,0.0
10109,31,0,0.0
10106,26,0,0.0
10103,5,0,0.0
6360,13,0,0.0
6357,15,0,0.0
6355,3,0,0.0
6347,2,0,0.0
6346,27,0,0.0
6341,12,0,0.0
6340,5,0,0.0
6338,24,0,0.0
6337,20,0,0.0
6336,1,0,0.0
10156,2,0,0.0
10149,16,0,0.0
10145,139,0,0.0
10143,45,0,0.0
2123,1,0,0.0
2121,14,0,0.0
2119,302,0,0.0
2112,1,0,0.0
2105,2,0,0.0
2104,24,0,0.0
2101,93,0,0.0
2100,25,0,0.0
10142,2,0,0.0
10132,6,0,0.0
10130,56,0,0.0
10123,3,0,0.0
10163,9,0,0.0
10160,10,0,0.0
10159,106,0,0.0
10158,8,0,0.0
6328,16,0,0.0
6326,641,0,0.0
6325,5,0,0.0
6322,6,0,0.0
6313,17,0,0.0
3996,10,0,0.0
3986,47,0,0.0
3984,2,0,0.0
3983,3,0,0.0
3976,10,0,0.0
3972,70,0,0.0
3970,13,0,0.0
10199,248,0,0.0
10198,5,0,0.0
2095,13,0,0.0
2094,4,0,0.0
2090,4,0,0.0
2086,1,0,0.0
2083,3,0,0.0
2077,4,0,0.0
10197,5,0,0.0
10190,5,0,0.0
10189,1,0,0.0
10188,64,0,0.0
10184,3,0,0.0
10176,13,0,0.0
10168,12,0,0.0
10164,27,0,0.0
2057,111,0,0.0
2056,3,0,0.0
10239,1108,0,0.0
10238,2,0,0.0
10235,7,0,0.0
10233,67,0,0.0
10232,3,0,0.0
10227,86,0,0.0
10226,43,0,0.0
10225,32,0,0.0
10222,7,0,0.0
10217,1,0,0.0
10214,84,0,0.0
10212,92,0,0.0
10210,101,0,0.0
10202,2,0,0.0
6290,4,0,0.0
6283,119,0,0.0
10264,78,0,0.0
10260,2,0,0.0
10259,29,0,0.0
10253,10,0,0.0
10248,33,0,0.0
10243,5,0,0.0
2070,2,0,0.0
2069,49,0,0.0
2067,9,0,0.0
2065,15,0,0.0
2064,28,0,0.0
2061,5,0,0.0
2059,6,0,0.0
2058,3,0,0.0
10272,14,0,0.0
10268,4,0,0.0
2049,7,0,0.0
2044,2,0,0.0
2035,9,0,0.0
2028,18,0,0.0
2027,10,0,0.0
10267,3,0,0.0
3969,41,0,0.0
3968,33,0,0.0
6312,4,0,0.0
6305,3,0,0.0
6303,30,0,0.0
6299,25,0,0.0
6297,1,0,0.0
6291,4,0,0.0
10305,2,0,0.0
10303,33,0,0.0
10302,7,0,0.0
10301,10,0,0.0
10300,4,0,0.0
10299,22,0,0.0
10294,17,0,0.0
10291,4,0,0.0
10289,1,0,0.0
10285,48,0,0.0
10284,160,0,0.0
10281,5,0,0.0
10280,36,0,0.0
10279,3,0,0.0
10276,18,0,0.0
10273,53,0,0.0
10323,2,0,0.0
10320,24,0,0.0
10318,298,0,0.0
10316,2,0,0.0
2025,4,0,0.0
2023,1,0,0.0
2022,19,0,0.0
2021,19,0,0.0
2012,31,0,0.0
2009,8,0,0.0
2006,2,0,0.0
2004,28,0,0.0
2002,4,0,0.0
10312,5,0,0.0
10310,129,0,0.0
10306,5,0,0.0
1981,4,0,0.0
1978,47,0,0.0
1975,30,0,0.0
10351,17,0,0.0
10349,24,0,0.0
10348,2,0,0.0
10347,161,0,0.0
10346,1,0,0.0
10340,86,0,0.0
10337,27,0,0.0
10334,8,0,0.0
10333,24,0,0.0
10332,545,0,0.0
10327,16,0,0.0
10326,3,0,0.0
10324,22,0,0.0
10383,1,0,0.0
10378,2,0,0.0
10376,3,0,0.0
10374,7,0,0.0
10371,3,0,0.0
10369,2,0,0.0
10368,6,0,0.0
10362,7,0,0.0
10358,10,0,0.0
2001,11,0,0.0
1997,24,0,0.0
1992,25,0,0.0
1987,33,0,0.0
1984,3,0,0.0
1983,21,0,0.0
1982,9,0,0.0
6257,3,0,0.0
6254,2,0,0.0
6250,5,0,0.0
10399,21,0,0.0
10397,14,0,0.0
10394,11,0,0.0
10388,23,0,0.0
10387,3,0,0.0
1971,188,0,0.0
1970,1266,0,0.0
1966,12,0,0.0
1964,3,0,0.0
1959,190,0,0.0
1957,6,0,0.0
1955,12,0,0.0
10385,11,0,0.0
10425,7,0,0.0
10422,18,0,0.0
10420,45,0,0.0
10419,13,0,0.0
10413,23,0,0.0
10409,28,0,0.0
10406,22,0,0.0
10403,16,0,0.0
6279,1,0,0.0
6278,64,0,0.0
6276,34,0,0.0
6273,32,0,0.0
6266,37,0,0.0
6263,13,0,0.0
6261,10,0,0.0
6258,11,0,0.0
1932,288,0,0.0
10463,17,0,0.0
10461,5,0,0.0
10459,2,0,0.0
10458,32,0,0.0
10455,26,0,0.0
10451,2,0,0.0
10449,20,0,0.0
10447,11,0,0.0
10445,3,0,0.0
10436,2,0,0.0
10432,8,0,0.0
10430,4,0,0.0
10429,15,0,0.0
10427,6,0,0.0
10426,18,0,0.0
6233,19,0,0.0
6232,4,0,0.0
10479,19,0,0.0
10478,3,0,0.0
10477,38,0,0.0
10471,8,0,0.0
10469,6,0,0.0
1953,46,0,0.0
1951,3,0,0.0
1949,29,0,0.0
1946,11,0,0.0
1945,42,0,0.0
1944,7,0,0.0
1941,165,0,0.0
1934,27,0,0.0
1933,4,0,0.0
10498,6,0,0.0
10497,2,0,0.0
10496,37,0,0.0
10491,4,0,0.0
10489,10,0,0.0
6246,9,0,0.0
6245,4,0,0.0
6241,6,0,0.0
4021,1,0,0.0
4020,1,0,0.0
4019,60,0,0.0
4015,5,0,0.0
4013,37,0,0.0
4011,2,0,0.0
4009,7,0,0.0
6240,11,0,0.0
6207,25,0,0.0
10528,8,0,0.0
1928,214,0,0.0
1924,1,0,0.0
1918,9,0,0.0
1915,2,0,0.0
1914,10,0,0.0
1913,5,0,0.0
1909,3,0,0.0
10513,5,0,0.0
10511,40,0,0.0
10509,2,0,0.0
10508,558,0,0.0
10505,6,0,0.0
10504,55,0,0.0
10502,79,0,0.0
1890,135,0,0.0
1887,523,0,0.0
10562,3,0,0.0
10561,53,0,0.0
10550,3,0,0.0
10543,2,0,0.0
10531,33,0,0.0
6217,115,0,0.0
6212,26,0,0.0
4047,99,0,0.0
4037,124,0,0.0
4036,79,0,0.0
4033,51,0,0.0
4029,5,0,0.0
4028,56,0,0.0
4022,25,0,0.0
10589,11,0,0.0
10586,3,0,0.0
10584,58,0,0.0
10580,23,0,0.0
10579,1,0,0.0
10578,81,0,0.0
10572,17,0,0.0
10571,8,0,0.0
1906,26,0,0.0
1905,30,0,0.0
1902,3,0,0.0
1899,8,0,0.0
1898,9,0,0.0
1897,5,0,0.0
1894,12,0,0.0
1891,28,0,0.0
1878,4,0,0.0
1871,133,0,0.0
1865,7,0,0.0
1864,7,0,0.0
10591,34,0,0.0
6205,22,0,0.0
6204,8,0,0.0
6199,3,0,0.0
6198,10,0,0.0
6197,8,0,0.0
6187,61,0,0.0
6183,40,0,0.0
6177,25,0,0.0
6172,6,0,0.0
6171,1,0,0.0
6167,8,0,0.0
10621,2,0,0.0
1862,5,0,0.0
1855,10,0,0.0
1849,6,0,0.0
1845,13,0,0.0
1842,3,0,0.0
10617,10,0,0.0
10611,38,0,0.0
10605,12,0,0.0
10603,2,0,0.0
10594,32,0,0.0
1884,1,0,0.0
1883,21,0,0.0
1882,3,0,0.0
1881,5,0,0.0
1879,4,0,0.0
10666,40,0,0.0
10664,8,0,0.0
10660,1,0,0.0
10658,4,0,0.0
10655,2,0,0.0
10653,2,0,0.0
10652,2,0,0.0
10650,2,0,0.0
10648,2,0,0.0
10645,2,0,0.0
10643,575,0,0.0
10641,50,0,0.0
10640,17,0,0.0
10630,59,0,0.0
10628,14,0,0.0
10624,107,0,0.0
4064,169,0,0.0
4060,17,0,0.0
1811,158,0,0.0
1809,9,0,0.0
1808,12,0,0.0
10696,1,0,0.0
10693,8,0,0.0
10692,238,0,0.0
10689,2,0,0.0
10688,3,0,0.0
10683,3,0,0.0
10677,7,0,0.0
10675,1,0,0.0
10674,2,0,0.0
10672,20,0,0.0
10671,1,0,0.0
1831,2,0,0.0
1827,41,0,0.0
1823,15,0,0.0
1819,23,0,0.0
6165,198,0,0.0
6164,60,0,0.0
6160,2,0,0.0
6158,24,0,0.0
6155,260,0,0.0
6153,49,0,0.0
6152,9,0,0.0
4075,5,0,0.0
4072,157,0,0.0
4070,7,0,0.0
4068,5,0,0.0
4067,6,0,0.0
10746,78,0,0.0
10745,10,0,0.0
10742,1,0,0.0
10737,13,0,0.0
1804,4,0,0.0
1803,2,0,0.0
1796,3,0,0.0
1795,115,0,0.0
1794,458,0,0.0
1792,15,0,0.0
1788,2,0,0.0
10727,513,0,0.0
10720,49,0,0.0
10710,4,0,0.0
10709,14,0,0.0
10700,20,0,0.0
10770,4,0,0.0
10768,10,0,0.0
10767,1,0,0.0
10759,2,0,0.0
4058,4,0,0.0
4056,81,0,0.0
4054,6,0,0.0
6148,2,0,0.0
6145,5,0,0.0
6143,189,0,0.0
6141,2,0,0.0
6136,27,0,0.0
6132,4,0,0.0
6131,2,0,0.0
10754,5,0,0.0
10749,1,0,0.0
10788,7,0,0.0
1787,35,0,0.0
1785,34,0,0.0
1782,42,0,0.0
1780,5,0,0.0
1779,14,0,0.0
1778,1,0,0.0
1777,24,0,0.0
1775,34,0,0.0
1773,64,0,0.0
1767,4,0,0.0
1766,1,0,0.0
1765,43,0,0.0
10784,77,0,0.0
10783,6,0,0.0
10773,122,0,0.0
1753,14,0,0.0
1749,18,0,0.0
1746,27,0,0.0
1745,4,0,0.0
1744,310,0,0.0
1738,5,0,0.0
1737,3,0,0.0
1736,268,0,0.0
10811,2,0,0.0
10808,5,0,0.0
10806,1,0,0.0
10805,21,0,0.0
10803,8,0,0.0
10802,6,0,0.0
10795,566,0,0.0
10792,55,0,0.0
6105,5,0,0.0
6103,16,0,0.0
6102,1,0,0.0
10842,27,0,0.0
10841,4,0,0.0
10837,3,0,0.0
10835,12,0,0.0
10834,9,0,0.0
10833,17,0,0.0
10829,3,0,0.0
10828,1,0,0.0
10827,25,0,0.0
10818,2,0,0.0
10812,8,0,0.0
1760,73,0,0.0
1755,73,0,0.0
10869,49,0,0.0
10867,10,0,0.0
10863,6,0,0.0
10860,2,0,0.0
10854,5,0,0.0
10852,1,0,0.0
10850,2,0,0.0
6128,6,0,0.0
6126,3,0,0.0
6122,2,0,0.0
6118,2,0,0.0
6117,4,0,0.0
6115,147,0,0.0
6113,39,0,0.0
6112,6,0,0.0
6108,36,0,0.0
6081,6,0,0.0
6080,36,0,0.0
6079,22,0,0.0
6074,3,0,0.0
10885,1,0,0.0
10884,6,0,0.0
10881,39,0,0.0
10877,1,0,0.0
1735,5,0,0.0
1733,40,0,0.0
1732,8,0,0.0
1730,16,0,0.0
1729,5,0,0.0
1725,2,0,0.0
1724,12,0,0.0
10871,12,0,0.0
10905,11,0,0.0
10900,221,0,0.0
10898,7,0,0.0
10896,110,0,0.0
10895,239,0,0.0
10892,117,0,0.0
10887,68,0,0.0
6100,8,0,0.0
6099,12,0,0.0
6097,141,0,0.0
6096,1,0,0.0
6093,16,0,0.0
6090,10,0,0.0
6088,25,0,0.0
6087,10,0,0.0
6085,6,0,0.0
1682,9,0,0.0
1679,21,0,0.0
10946,28,0,0.0
10945,23,0,0.0
10941,109,0,0.0
10938,5,0,0.0
10936,5,0,0.0
10932,7,0,0.0
10928,3,0,0.0
10922,10,0,0.0
10921,2,0,0.0
10915,2,0,0.0
10911,97,0,0.0
10910,7,0,0.0
10909,2,0,0.0
10907,35,0,0.0
10956,12,0,0.0
10955,3,0,0.0
10954,4,0,0.0
10952,45,0,0.0
10951,18,0,0.0
10950,41,0,0.0
10949,4,0,0.0
10948,4,0,0.0
1708,25,0,0.0
1703,14,0,0.0
1698,5,0,0.0
1692,19,0,0.0
1690,5,0,0.0
1687,63,0,0.0
1685,13,0,0.0
1683,91,0,0.0
4084,16,0,0.0
4083,124,0,0.0
4082,102,0,0.0
1665,12,0,0.0
1662,41,0,0.0
1660,9,0,0.0
1658,13,0,0.0
10989,5,0,0.0
10987,81,0,0.0
10980,12,0,0.0
10974,5,0,0.0
10971,3,0,0.0
10968,15,0,0.0
10964,20,0,0.0
10959,6,0,0.0
10958,8,0,0.0
10998,3,0,0.0
10996,14,0,0.0
10991,29,0,0.0
1678,97,0,0.0
1672,5,0,0.0
1671,15,0,0.0
1670,100,0,0.0
1667,18,0,0.0
6070,8,0,0.0
6069,25,0,0.0
6063,9,0,0.0
6061,2,0,0.0
6057,19,0,0.0
4100,23,0,0.0
4096,4,0,0.0
4094,7,0,0.0
11040,42,0,0.0
11031,5,0,0.0
11028,17,0,0.0
11026,3,0,0.0
11024,13,0,0.0
11020,40,0,0.0
11018,16,0,0.0
11017,23,0,0.0
11012,1,0,0.0
11010,2,0,0.0
11008,6,0,0.0
11004,5,0,0.0
11003,5,0,0.0
11002,63,0,0.0
11001,3,0,0.0
10999,2,0,0.0
1637,3,0,0.0
1634,2,0,0.0
1633,34,0,0.0
4080,40,0,0.0
6051,4,0,0.0
6050,13,0,0.0
6047,14,0,0.0
6046,81,0,0.0
6044,1,0,0.0
6036,1,0,0.0
6031,47,0,0.0
6026,30,0,0.0
6025,1,0,0.0
6023,2,0,0.0
11042,61,0,0.0
11041,74,0,0.0
4102,44,0,0.0
1613,38,0,0.0
1611,74,0,0.0
11096,65,0,0.0
11092,3,0,0.0
11079,10,0,0.0
11067,15,0,0.0
11065,43,0,0.0
11063,23,0,0.0
11054,1,0,0.0
11050,66,0,0.0
11048,34,0,0.0
1655,2,0,0.0
1653,24,0,0.0
1648,14,0,0.0
1641,88,0,0.0
11105,75,0,0.0
11102,9,0,0.0
11101,156,0,0.0
11100,7,0,0.0
1622,24,0,0.0
1620,24,0,0.0
1616,28,0,0.0
1615,44,0,0.0
6018,80,0,0.0
6012,85,0,0.0
6004,109,0,0.0
6003,7,0,0.0
6002,7,0,0.0
4105,12,0,0.0
4104,2,0,0.0
4103,2,0,0.0
4137,1,0,0.0
4135,9,0,0.0
4132,1,0,0.0
1587,2,0,0.0
1585,10,0,0.0
11145,17,0,0.0
11139,24,0,0.0
11137,3,0,0.0
11122,116,0,0.0
11120,12,0,0.0
11119,14,0,0.0
11117,48,0,0.0
11116,30,0,0.0
11110,3,0,0.0
11108,6,0,0.0
11106,26,0,0.0
1600,8,0,0.0
1597,54,0,0.0
1595,6,0,0.0
1593,2,0,0.0
1592,113,0,0.0
1591,5,0,0.0
1589,3,0,0.0
5997,1,0,0.0
5996,15,0,0.0
5994,33,0,0.0
5992,3,0,0.0
5990,1,0,0.0
4146,10,0,0.0
4143,1,0,0.0
4140,57,0,0.0
4138,2,0,0.0
11193,3,0,0.0
11188,1,0,0.0
11187,1,0,0.0
11186,5,0,0.0
11183,353,0,0.0
11177,30,0,0.0
11173,2,0,0.0
11168,2,0,0.0
11167,20,0,0.0
11162,4,0,0.0
11160,46,0,0.0
11157,7,0,0.0
11156,61,0,0.0
11155,6,0,0.0
11154,88,0,0.0
11151,6,0,0.0
11211,98,0,0.0
11210,3,0,0.0
11209,2,0,0.0
11208,27,0,0.0
4126,6,0,0.0
4125,50,0,0.0
4124,8,0,0.0
5979,216,0,0.0
5978,10,0,0.0
5977,6,0,0.0
5975,6,0,0.0
5974,27,0,0.0
5972,24,0,0.0
5970,54,0,0.0
5966,13,0,0.0
11197,7,0,0.0
11231,30,0,0.0
11230,3,0,0.0
11224,12,0,0.0
1576,7,0,0.0
1574,90,0,0.0
1573,6,0,0.0
1571,27,0,0.0
1570,8,0,0.0
1563,38,0,0.0
1562,13,0,0.0
1560,99,0,0.0
11221,5,0,0.0
11218,40,0,0.0
11216,9,0,0.0
11215,7,0,0.0
11213,1,0,0.0
11257,80,0,0.0
11255,7,0,0.0
11254,6,0,0.0
11247,46,0,0.0
11246,27,0,0.0
5946,29,0,0.0
5940,23,0,0.0
5939,2,0,0.0
5938,51,0,0.0
5931,65,0,0.0
4166,2,0,0.0
4161,13,0,0.0
4157,21,0,0.0
4149,74,0,0.0
11244,4,0,0.0
11242,46,0,0.0
1539,4,0,0.0
1538,7,0,0.0
1535,11,0,0.0
11286,4,0,0.0
11285,13,0,0.0
11284,13,0,0.0
11277,25,0,0.0
11276,8,0,0.0
11272,153,0,0.0
11268,5,0,0.0
11266,3,0,0.0
11265,2,0,0.0
11263,2,0,0.0
11262,4,0,0.0
11261,3,0,0.0
11258,5,0,0.0
4180,21,0,0.0
4177,1,0,0.0
4176,4,0,0.0
1510,8,0,0.0
11309,11,0,0.0
11305,4,0,0.0
11294,11,0,0.0
11288,3,0,0.0
1553,1,0,0.0
1552,1,0,0.0
1549,14,0,0.0
1548,30,0,0.0
1547,39,0,0.0
1545,13,0,0.0
1543,15,0,0.0
1540,10,0,0.0
11320,39,0,0.0
11319,4,0,0.0
1528,20,0,0.0
1524,320,0,0.0
1522,11,0,0.0
1521,7,0,0.0
1516,99,0,0.0
4148,3,0,0.0
5917,13,0,0.0
5914,3,0,0.0
5904,21,0,0.0
5902,51,0,0.0
4187,3,0,0.0
4186,30,0,0.0
4183,64,0,0.0
4182,95,0,0.0
5882,4,0,0.0
5880,16,0,0.0
5877,18,0,0.0
5876,19,0,0.0
5871,77,0,0.0
5870,2,0,0.0
11334,44,0,0.0
11333,4,0,0.0
11332,11,0,0.0
1503,24,0,0.0
1492,8,0,0.0
11331,1,0,0.0
11329,13,0,0.0
11326,9,0,0.0
11325,50,0,0.0
11323,2,0,0.0
11369,1,0,0.0
11366,19,0,0.0
11358,5,0,0.0
11356,5,0,0.0
11353,6,0,0.0
11350,7,0,0.0
11348,2,0,0.0
11341,2,0,0.0
4171,10,0,0.0
4170,3,0,0.0
4167,117,0,0.0
5895,1,0,0.0
5891,6,0,0.0
5890,1,0,0.0
5886,5,0,0.0
5885,5,0,0.0
4196,3,0,0.0
11391,7,0,0.0
11390,7,0,0.0
11388,8,0,0.0
11386,4,0,0.0
1481,28,0,0.0
1479,1,0,0.0
1473,197,0,0.0
1472,1,0,0.0
1463,216,0,0.0
1462,396,0,0.0
1459,2,0,0.0
11375,17,0,0.0
11373,6,0,0.0
11372,15,0,0.0
11371,10,0,0.0
11410,251,0,0.0
11407,24,0,0.0
11404,79,0,0.0
11397,3,0,0.0
11396,10,0,0.0
11395,134,0,0.0
11394,4,0,0.0
5861,11,0,0.0
5855,37,0,0.0
4218,1,0,0.0
4217,24,0,0.0
4215,79,0,0.0
4205,22,0,0.0
4203,30,0,0.0
4202,1,0,0.0
4198,36,0,0.0
11444,300,0,0.0
11442,4,0,0.0
11441,4,0,0.0
11440,4,0,0.0
11433,3,0,0.0
1450,230,0,0.0
1444,30,0,0.0
1439,3,0,0.0
1435,3,0,0.0
1434,4,0,0.0
1433,2,0,0.0
1423,13,0,0.0
11426,26,0,0.0
11424,1,0,0.0
11420,10,0,0.0
11418,55,0,0.0
11466,86,0,0.0
11462,4,0,0.0
11460,391,0,0.0
11451,24,0,0.0
11450,83,0,0.0
5854,1,0,0.0
5849,3,0,0.0
5847,4,0,0.0
5840,6,0,0.0
5833,2,0,0.0
5831,3,0,0.0
5830,17,0,0.0
5828,13,0,0.0
5826,25,0,0.0
5825,51,0,0.0
5823,5,0,0.0
11496,12,0,0.0
11495,30,0,0.0
11494,65,0,0.0
11491,16,0,0.0
11487,65,0,0.0
11486,194,0,0.0
1415,9,0,0.0
1414,101,0,0.0
1411,7,0,0.0
1409,2,0,0.0
1403,4,0,0.0
1402,29,0,0.0
11479,10,0,0.0
11476,7,0,0.0
11472,18,0,0.0
11468,2,0,0.0
5799,22,0,0.0
5798,9,0,0.0
11505,57,0,0.0
11504,2,0,0.0
11503,5,0,0.0
1395,12,0,0.0
1391,51,0,0.0
1390,20,0,0.0
1387,6,0,0.0
1383,21,0,0.0
1382,23,0,0.0
1381,100,0,0.0
1379,14,0,0.0
1375,19,0,0.0
1372,13,0,0.0
11500,17,0,0.0
11535,9,0,0.0
11534,16,0,0.0
11528,164,0,0.0
11524,1,0,0.0
11519,164,0,0.0
11518,4,0,0.0
11516,2,0,0.0
11514,53,0,0.0
5812,5,0,0.0
4241,14,0,0.0
4238,50,0,0.0
4237,44,0,0.0
4236,9,0,0.0
4235,2,0,0.0
4224,15,0,0.0
5803,18,0,0.0
11561,1,0,0.0
11559,1,0,0.0
11558,6,0,0.0
11555,13,0,0.0
11550,48,0,0.0
1367,21,0,0.0
1366,128,0,0.0
1364,2,0,0.0
1359,2,0,0.0
1352,3,0,0.0
1351,9,0,0.0
11547,2,0,0.0
11546,32,0,0.0
11544,250,0,0.0
11543,1,0,0.0
11538,15,0,0.0
4260,4,0,0.0
4255,3,0,0.0
4252,52,0,0.0
4249,28,0,0.0
4246,54,0,0.0
11594,3,0,0.0
11593,2,0,0.0
11592,2,0,0.0
11586,1,0,0.0
11583,2,0,0.0
11581,13,0,0.0
11575,3,0,0.0
11571,6,0,0.0
11570,1,0,0.0
11569,34,0,0.0
11568,283,0,0.0
1345,5,0,0.0
1342,10,0,0.0
1341,1,0,0.0
1340,16,0,0.0
1336,28,0,0.0
1335,6,0,0.0
1333,18,0,0.0
1326,37,0,0.0
5789,6,0,0.0
5785,8,0,0.0
5784,57,0,0.0
5783,56,0,0.0
5778,9,0,0.0
5777,3,0,0.0
5775,2,0,0.0
4265,2,0,0.0
1272,7,0,0.0
11640,21,0,0.0
11635,4,0,0.0
11629,2,0,0.0
11628,20,0,0.0
11627,30,0,0.0
1318,1,0,0.0
1314,15,0,0.0
1302,12,0,0.0
1298,1,0,0.0
11619,4,0,0.0
11614,28,0,0.0
11602,102,0,0.0
11600,21,0,0.0
11598,19,0,0.0
1347,9,0,0.0
5743,79,0,0.0
11653,3,0,0.0
11651,49,0,0.0
11648,2,0,0.0
11646,7,0,0.0
11642,3,0,0.0
1294,273,0,0.0
1293,47,0,0.0
1289,26,0,0.0
1282,4,0,0.0
1281,82,0,0.0
1280,26,0,0.0
1278,25,0,0.0
1277,4,0,0.0
1276,40,0,0.0
1274,277,0,0.0
11673,7,0,0.0
11671,28,0,0.0
11670,4,0,0.0
11669,3,0,0.0
11668,10,0,0.0
11667,2,0,0.0
4242,1,0,0.0
5773,666,0,0.0
5772,3,0,0.0
5767,9,0,0.0
5765,104,0,0.0
5758,30,0,0.0
5757,12,0,0.0
5754,85,0,0.0
5748,3,0,0.0
5747,9,0,0.0
1207,4,0,0.0
1205,647,0,0.0
11698,4,0,0.0
11696,127,0,0.0
11694,47,0,0.0
11688,221,0,0.0
1269,79,0,0.0
1268,41,0,0.0
1257,135,0,0.0
1256,50,0,0.0
1234,207,0,0.0
11683,7,0,0.0
11682,3,0,0.0
11676,11,0,0.0
11675,51,0,0.0
11674,4,0,0.0
4270,18,0,0.0
4268,129,0,0.0
5725,17,0,0.0
5714,1,0,0.0
11714,23,0,0.0
11711,17,0,0.0
11708,17,0,0.0
11707,33,0,0.0
11705,441,0,0.0
1232,9,0,0.0
1229,15,0,0.0
1223,9,0,0.0
1219,69,0,0.0
1212,120,0,0.0
1211,2,0,0.0
1209,135,0,0.0
1191,3,0,0.0
1188,2,0,0.0
1185,4,0,0.0
1184,1,0,0.0
1182,20,0,0.0
1181,2,0,0.0
11739,44,0,0.0
11736,35,0,0.0
5742,25,0,0.0
5734,2,0,0.0
5733,9,0,0.0
5728,188,0,0.0
4283,3,0,0.0
4279,18,0,0.0
4277,13,0,0.0
4275,4,0,0.0
4287,319,0,0.0
4284,18,0,0.0
5700,67,0,0.0
11782,221,0,0.0
11781,69,0,0.0
11778,10,0,0.0
11772,33,0,0.0
11768,1,0,0.0
11766,13,0,0.0
11759,8,0,0.0
11749,2,0,0.0
11748,6,0,0.0
11745,9,0,0.0
11744,17,0,0.0
11743,2,0,0.0
1203,1,0,0.0
1176,1,0,0.0
1172,2,0,0.0
1171,141,0,0.0
1170,14,0,0.0
1164,5,0,0.0
1162,24,0,0.0
1161,3,0,0.0
5713,1,0,0.0
5712,1282,0,0.0
5703,25,0,0.0
4307,16,0,0.0
4305,2,0,0.0
4297,6,0,0.0
4294,4,0,0.0
4292,1,0,0.0
4290,1,0,0.0
11819,2,0,0.0
11817,3,0,0.0
11816,105,0,0.0
11814,1,0,0.0
11812,2,0,0.0
11810,13,0,0.0
11809,12,0,0.0
11807,57,0,0.0
11803,199,0,0.0
11799,21,0,0.0
11792,6,0,0.0
11791,220,0,0.0
11788,23,0,0.0
11787,43,0,0.0
11785,40,0,0.0
1177,3,0,0.0
1134,28,0,0.0
11847,44,0,0.0
11843,38,0,0.0
11842,28,0,0.0
11831,4,0,0.0
11830,5,0,0.0
5695,1,0,0.0
5680,32,0,0.0
5672,17,0,0.0
5671,9,0,0.0
4338,93,0,0.0
4332,3,0,0.0
4330,2,0,0.0
4326,2,0,0.0
4317,5,0,0.0
11823,8,0,0.0
4349,5,0,0.0
11865,4,0,0.0
11858,4,0,0.0
11854,5,0,0.0
11853,10,0,0.0
11852,67,0,0.0
11851,81,0,0.0
1151,3,0,0.0
1147,7,0,0.0
1146,5,0,0.0
1143,1,0,0.0
1141,12,0,0.0
1138,21,0,0.0
1137,34,0,0.0
1136,19,0,0.0
1135,112,0,0.0
11871,1,0,0.0
11870,10,0,0.0
11869,67,0,0.0
5664,72,0,0.0
5663,3,0,0.0
5660,10,0,0.0
5659,1,0,0.0
5656,4,0,0.0
5652,3,0,0.0
5650,171,0,0.0
5643,1326,0,0.0
4359,85,0,0.0
4358,2,0,0.0
4357,5,0,0.0
4352,4,0,0.0
4351,31,0,0.0
11911,1,0,0.0
11906,60,0,0.0
11905,2,0,0.0
11899,20,0,0.0
1133,4,0,0.0
1132,6,0,0.0
1130,4,0,0.0
1127,2,0,0.0
1123,15,0,0.0
1122,5,0,0.0
11896,4,0,0.0
11884,4,0,0.0
11878,3,0,0.0
11877,40,0,0.0
11875,22,0,0.0
11874,9,0,0.0
5615,2,0,0.0
5614,44,0,0.0
5607,7,0,0.0
5606,2,0,0.0
1088,8,0,0.0
11950,202,0,0.0
11948,14,0,0.0
11942,2,0,0.0
11936,14,0,0.0
11932,156,0,0.0
11930,22,0,0.0
11926,26,0,0.0
11923,66,0,0.0
11920,26,0,0.0
11915,6,0,0.0
11913,4,0,0.0
1106,190,0,0.0
1105,323,0,0.0
1103,9,0,0.0
1094,26,0,0.0
1093,119,0,0.0
1090,39,0,0.0
1089,30,0,0.0
4345,4,0,0.0
4344,7,0,0.0
4340,4,0,0.0
5639,52,0,0.0
5632,4,0,0.0
5621,2,0,0.0
5620,12,0,0.0
5619,19,0,0.0
5617,16,0,0.0
5585,9,0,0.0
5584,3,0,0.0
11980,19,0,0.0
11978,1,0,0.0
11977,69,0,0.0
11976,118,0,0.0
11975,5,0,0.0
1084,108,0,0.0
1077,12,0,0.0
1061,7,0,0.0
1060,91,0,0.0
1058,10,0,0.0
11968,36,0,0.0
11963,17,0,0.0
11959,3,0,0.0
1107,9,0,0.0
12001,2,0,0.0
12000,8,0,0.0
11999,2,0,0.0
11996,1,0,0.0
11994,4,0,0.0
11988,15,0,0.0
5605,7,0,0.0
5594,12,0,0.0
4380,8,0,0.0
4379,39,0,0.0
4378,5,0,0.0
4368,5,0,0.0
4367,15,0,0.0
4362,14,0,0.0
4361,13,0,0.0
5589,876,0,0.0
12021,15,0,0.0
1056,29,0,0.0
1053,20,0,0.0
1051,9,0,0.0
1049,21,0,0.0
1043,20,0,0.0
1041,1,0,0.0
1038,6,0,0.0
1037,55,0,0.0
1035,34,0,0.0
12016,2,0,0.0
12014,35,0,0.0
12011,6,0,0.0
12007,3,0,0.0
12006,14,0,0.0
12002,5,0,0.0
12059,28,0,0.0
12058,122,0,0.0
12055,35,0,0.0
12054,171,0,0.0
12051,5,0,0.0
12050,19,0,0.0
12049,30,0,0.0
12046,3,0,0.0
12045,2,0,0.0
12044,68,0,0.0
12042,8,0,0.0
12041,7,0,0.0
12035,120,0,0.0
12030,2,0,0.0
12026,4,0,0.0
12023,4,0,0.0
12078,55,0,0.0
12074,192,0,0.0
12073,75,0,0.0
12072,23,0,0.0
5583,11,0,0.0
5568,87,0,0.0
4400,63,0,0.0
4399,3,0,0.0
4386,4,0,0.0
5560,20,0,0.0
5555,13,0,0.0
5548,20,0,0.0
12070,1,0,0.0
12063,8,0,0.0
12062,21,0,0.0
12061,49,0,0.0
1026,36,0,0.0
1022,7,0,0.0
1019,38,0,0.0
1016,12,0,0.0
1014,71,0,0.0
1013,96,0,0.0
1011,4,0,0.0
1007,1,0,0.0
12093,16,0,0.0
12089,8,0,0.0
12086,37,0,0.0
12085,159,0,0.0
12084,2,0,0.0
12082,1,0,0.0
12081,72,0,0.0
12079,91,0,0.0
12121,412,0,0.0
12116,5,0,0.0
991,2,0,0.0
990,6,0,0.0
988,31,0,0.0
984,141,0,0.0
981,8,0,0.0
979,8,0,0.0
975,2,0,0.0
971,7,0,0.0
12109,1,0,0.0
12108,7,0,0.0
12102,33,0,0.0
12098,14,0,0.0
12094,25,0,0.0
1028,1,0,0.0
4407,223,0,0.0
4406,5,0,0.0
4403,4,0,0.0
948,16,0,0.0
12167,19,0,0.0
12166,38,0,0.0
12159,40,0,0.0
12156,3,0,0.0
12153,28,0,0.0
12149,12,0,0.0
12148,19,0,0.0
12146,2,0,0.0
12145,7,0,0.0
12127,436,0,0.0
12126,12,0,0.0
12125,1,0,0.0
959,9,0,0.0
957,9,0,0.0
956,8,0,0.0
955,2,0,0.0
952,2,0,0.0
951,610,0,0.0
949,8,0,0.0
5547,3,0,0.0
5546,4,0,0.0
5545,105,0,0.0
5541,18,0,0.0
5539,19,0,0.0
5537,6,0,0.0
4418,4,0,0.0
4413,1,0,0.0
4412,17,0,0.0
12208,25,0,0.0
12204,3,0,0.0
12203,9,0,0.0
12200,6,0,0.0
12199,4,0,0.0
12198,49,0,0.0
12190,11,0,0.0
12185,1,0,0.0
12182,2,0,0.0
12178,89,0,0.0
12176,8,0,0.0
12171,118,0,0.0
966,16,0,0.0
963,107,0,0.0
961,11,0,0.0
960,2,0,0.0
5508,8,0,0.0
12241,1,0,0.0
12237,278,0,0.0
12236,21,0,0.0
12234,94,0,0.0
12227,9,0,0.0
934,1281,0,0.0
933,3,0,0.0
932,2,0,0.0
931,7,0,0.0
929,3,0,0.0
927,16,0,0.0
921,26,0,0.0
916,42,0,0.0
12222,75,0,0.0
12214,3,0,0.0
896,27,0,0.0
12242,17,0,0.0
4402,7,0,0.0
5534,3,0,0.0
5531,2,0,0.0
5530,18,0,0.0
5527,8,0,0.0
5524,3,0,0.0
5519,10,0,0.0
5518,17,0,0.0
5517,60,0,0.0
5516,275,0,0.0
5514,880,0,0.0
5511,8,0,0.0
5510,4,0,0.0
5509,3,0,0.0
12308,1,0,0.0
12305,24,0,0.0
12297,167,0,0.0
12289,26,0,0.0
12288,54,0,0.0
12274,13,0,0.0
12272,8,0,0.0
12270,2,0,0.0
12265,6,0,0.0
12259,9,0,0.0
12258,116,0,0.0
12257,2,0,0.0
915,7,0,0.0
906,24,0,0.0
904,10,0,0.0
900,35,0,0.0
4429,58,0,0.0
4428,11,0,0.0
4426,16,0,0.0
4424,15,0,0.0
12332,1,0,0.0
12329,2,0,0.0
12323,24,0,0.0
12320,22,0,0.0
891,25,0,0.0
890,28,0,0.0
886,113,0,0.0
884,4,0,0.0
882,8,0,0.0
875,1,0,0.0
12315,73,0,0.0
12310,68,0,0.0
12344,51,0,0.0
12343,60,0,0.0
12339,129,0,0.0
12338,27,0,0.0
12336,68,0,0.0
12334,2,0,0.0
5507,2,0,0.0
5501,4,0,0.0
5500,5,0,0.0
5498,2,0,0.0
5497,85,0,0.0
5488,18,0,0.0
4447,2,0,0.0
4441,90,0,0.0
4440,62,0,0.0
4431,255,0,0.0
12372,13,0,0.0
12367,19,0,0.0
873,8,0,0.0
867,1,0,0.0
866,5,0,0.0
864,5,0,0.0
860,1,0,0.0
853,61,0,0.0
851,59,0,0.0
850,11,0,0.0
848,8,0,0.0
846,6,0,0.0
845,42,0,0.0
12362,12,0,0.0
12358,4,0,0.0
12354,1,0,0.0
12403,105,0,0.0
12394,4,0,0.0
12393,1,0,0.0
844,34,0,0.0
841,4,0,0.0
839,60,0,0.0
835,11,0,0.0
832,11,0,0.0
826,42,0,0.0
824,29,0,0.0
821,2,0,0.0
12384,3,0,0.0
12383,2,0,0.0
12378,43,0,0.0
12377,58,0,0.0
12374,3,0,0.0
12448,17,0,0.0
12447,7,0,0.0
12444,23,0,0.0
12440,5,0,0.0
12439,26,0,0.0
12438,14,0,0.0
12433,20,0,0.0
12432,106,0,0.0
12430,27,0,0.0
12429,102,0,0.0
12428,50,0,0.0
12424,40,0,0.0
12422,21,0,0.0
12419,9,0,0.0
12411,1,0,0.0
12404,3,0,0.0
5470,14,0,0.0
5467,2,0,0.0
5462,12,0,0.0
5459,4,0,0.0
799,98,0,0.0
798,3,0,0.0
797,8,0,0.0
795,42,0,0.0
12469,4,0,0.0
12467,105,0,0.0
12464,81,0,0.0
12462,5,0,0.0
12459,39,0,0.0
12455,4,0,0.0
12450,288,0,0.0
12449,90,0,0.0
12477,27,0,0.0
12476,4,0,0.0
12470,1957,0,0.0
820,108,0,0.0
810,22,0,0.0
803,54,0,0.0
802,2,0,0.0
801,1,0,0.0
4419,2,0,0.0
5487,2,0,0.0
5483,4,0,0.0
5481,38,0,0.0
5476,16,0,0.0
5474,39,0,0.0
5473,193,0,0.0
5471,28,0,0.0
12495,5,0,0.0
12494,6,0,0.0
12493,38,0,0.0
12487,2,0,0.0
12486,13,0,0.0
5457,21,0,0.0
5456,29,0,0.0
5445,115,0,0.0
4467,131,0,0.0
4462,79,0,0.0
4453,3,0,0.0
4452,3,0,0.0
4449,100,0,0.0
5434,5,0,0.0
12484,15,0,0.0
12482,32,0,0.0
5409,8,0,0.0
5408,16,0,0.0
778,2,0,0.0
12535,1,0,0.0
12534,44,0,0.0
12531,2,0,0.0
12530,42,0,0.0
12526,30,0,0.0
12522,124,0,0.0
12519,6,0,0.0
12515,3,0,0.0
12508,36,0,0.0
12503,24,0,0.0
12499,2,0,0.0
12498,23,0,0.0
12497,46,0,0.0
794,17,0,0.0
793,14,0,0.0
790,32,0,0.0
789,29,0,0.0
786,18,0,0.0
779,3,0,0.0
5431,47,0,0.0
5427,2,0,0.0
5424,9,0,0.0
5423,4,0,0.0
5421,11,0,0.0
5419,1,0,0.0
5418,144,0,0.0
5417,9,0,0.0
5414,8,0,0.0
5411,62,0,0.0
762,13,0,0.0
753,18,0,0.0
741,4,0,0.0
737,20,0,0.0
736,4,0,0.0
12556,45,0,0.0
12552,69,0,0.0
5407,1250,0,0.0
5401,33,0,0.0
4503,2,0,0.0
4499,80,0,0.0
4497,22,0,0.0
4492,47,0,0.0
12547,527,0,0.0
12544,103,0,0.0
12543,2,0,0.0
12604,23,0,0.0
12603,10,0,0.0
12600,15,0,0.0
12599,7,0,0.0
12593,37,0,0.0
12590,3,0,0.0
12588,9,0,0.0
12587,53,0,0.0
12583,30,0,0.0
12581,7,0,0.0
12572,19,0,0.0
12568,9,0,0.0
12566,5,0,0.0
12565,10,0,0.0
12563,2,0,0.0
12561,1,0,0.0
5373,4,0,0.0
5368,9,0,0.0
5366,8,0,0.0
12617,56,0,0.0
12614,4,0,0.0
12613,10,0,0.0
12610,47,0,0.0
12609,24,0,0.0
12606,32,0,0.0
727,3,0,0.0
723,8,0,0.0
713,352,0,0.0
706,2,0,0.0
703,4,0,0.0
701,16,0,0.0
12605,258,0,0.0
12637,35,0,0.0
12635,5,0,0.0
12634,14,0,0.0
12632,1,0,0.0
12624,2,0,0.0
12619,23,0,0.0
4491,63,0,0.0
4487,17,0,0.0
4485,2,0,0.0
4483,4,0,0.0
4480,14,0,0.0
5389,8,0,0.0
5386,2,0,0.0
5385,2,0,0.0
5377,39,0,0.0
5374,2,0,0.0
4513,5,0,0.0
682,21,0,0.0
679,76,0,0.0
678,11,0,0.0
676,3,0,0.0
12672,21,0,0.0
12671,27,0,0.0
12670,1,0,0.0
12664,3,0,0.0
12661,2,0,0.0
12653,25,0,0.0
12651,136,0,0.0
12647,3,0,0.0
12645,4,0,0.0
12644,3,0,0.0
12638,53,0,0.0
12673,2,0,0.0
696,40,0,0.0
695,15,0,0.0
694,12,0,0.0
692,139,0,0.0
684,35,0,0.0
5362,4,0,0.0
5361,2,0,0.0
5355,195,0,0.0
5352,18,0,0.0
5346,66,0,0.0
4525,20,0,0.0
4523,1,0,0.0
4522,2,0,0.0
4521,66,0,0.0
4514,27,0,0.0
653,4,0,0.0
651,12,0,0.0
646,15,0,0.0
645,31,0,0.0
12713,56,0,0.0
12712,1,0,0.0
12709,2,0,0.0
12708,2,0,0.0
12706,4,0,0.0
12705,3,0,0.0
12697,9,0,0.0
12695,29,0,0.0
12686,3,0,0.0
12682,4,0,0.0
12681,55,0,0.0
12676,1,0,0.0
672,12,0,0.0
668,4,0,0.0
663,4,0,0.0
661,22,0,0.0
660,420,0,0.0
4511,11,0,0.0
4507,2,0,0.0
5345,11,0,0.0
5344,9,0,0.0
5337,32,0,0.0
5336,22,0,0.0
5330,18,0,0.0
5326,32,0,0.0
5323,69,0,0.0
5321,10,0,0.0
656,28,0,0.0
626,57,0,0.0
622,23,0,0.0
12772,967,0,0.0
12767,67,0,0.0
12766,8,0,0.0
12756,6,0,0.0
12739,181,0,0.0
12729,12,0,0.0
12727,2,0,0.0
12726,28,0,0.0
12725,11,0,0.0
12723,5,0,0.0
12717,3,0,0.0
12716,25,0,0.0
12715,29,0,0.0
673,6,0,0.0
5294,1,0,0.0
4553,117,0,0.0
4552,2,0,0.0
4551,15,0,0.0
4548,7,0,0.0
4547,3,0,0.0
4545,62,0,0.0
12787,2,0,0.0
12781,4,0,0.0
12777,4,0,0.0
12776,2,0,0.0
641,6,0,0.0
638,1,0,0.0
635,31,0,0.0
629,67,0,0.0
627,23,0,0.0
12806,3,0,0.0
12803,10,0,0.0
615,56,0,0.0
613,2,0,0.0
608,10,0,0.0
594,24,0,0.0
12798,23,0,0.0
12797,26,0,0.0
5316,35,0,0.0
5313,35,0,0.0
5312,1,0,0.0
5307,1,0,0.0
5300,2,0,0.0
5299,5,0,0.0
5297,19,0,0.0
5295,8,0,0.0
5280,22,0,0.0
5275,31,0,0.0
5274,7,0,0.0
5268,17,0,0.0
5267,11,0,0.0
12845,2,0,0.0
12844,210,0,0.0
12843,4,0,0.0
12842,78,0,0.0
12841,4,0,0.0
12833,43,0,0.0
12832,5,0,0.0
12831,33,0,0.0
12820,12,0,0.0
12818,2,0,0.0
12808,2,0,0.0
12852,9,0,0.0
12851,88,0,0.0
585,6,0,0.0
576,2,0,0.0
570,1,0,0.0
563,2,0,0.0
12849,3,0,0.0
4543,177,0,0.0
4542,6,0,0.0
4541,10,0,0.0
5291,75,0,0.0
5289,3,0,0.0
5288,12,0,0.0
5285,4,0,0.0
5283,116,0,0.0
5281,266,0,0.0
5245,11,0,0.0
5243,1,0,0.0
12894,4,0,0.0
12892,4,0,0.0
12888,6,0,0.0
12887,39,0,0.0
12886,64,0,0.0
12881,2,0,0.0
12878,11,0,0.0
12875,2,0,0.0
12873,3,0,0.0
12871,19,0,0.0
12870,15,0,0.0
12868,3,0,0.0
12866,76,0,0.0
12856,207,0,0.0
12915,52,0,0.0
12914,35,0,0.0
12912,56,0,0.0
12911,41,0,0.0
12903,65,0,0.0
12902,9,0,0.0
12900,4,0,0.0
12898,61,0,0.0
5261,1,0,0.0
5260,69,0,0.0
5258,744,0,0.0
5256,2,0,0.0
5251,35,0,0.0
5250,1,0,0.0
5247,3,0,0.0
5246,51,0,0.0
554,29,0,0.0
550,4,0,0.0
545,13,0,0.0
539,62,0,0.0
538,3,0,0.0
5241,10,0,0.0
5240,2,0,0.0
5238,3,0,0.0
5236,227,0,0.0
5233,83,0,0.0
4577,137,0,0.0
4571,5,0,0.0
4567,87,0,0.0
4566,20,0,0.0
4556,160,0,0.0
537,21,0,0.0
12960,13,0,0.0
12957,4,0,0.0
12955,8,0,0.0
12954,3,0,0.0
12949,38,0,0.0
12944,8,0,0.0
12943,16,0,0.0
12942,48,0,0.0
12941,7,0,0.0
12938,31,0,0.0
12935,1,0,0.0
12934,136,0,0.0
12928,12,0,0.0
12925,4,0,0.0
561,15,0,0.0
557,2,0,0.0
12988,26,0,0.0
12980,3,0,0.0
12979,1,0,0.0
12977,30,0,0.0
5228,1,0,0.0
5224,7,0,0.0
5223,3,0,0.0
5221,4,0,0.0
5215,7,0,0.0
5213,2,0,0.0
5211,11,0,0.0
5207,6,0,0.0
5203,160,0,0.0
5200,18,0,0.0
12967,1,0,0.0
12966,4,0,0.0
4595,29,0,0.0
13017,44,0,0.0
13011,1,0,0.0
13010,5,0,0.0
13008,16,0,0.0
534,12,0,0.0
531,108,0,0.0
529,58,0,0.0
528,34,0,0.0
526,11,0,0.0
524,149,0,0.0
523,4,0,0.0
12995,42,0,0.0
12994,3,0,0.0
12992,4,0,0.0
12991,3,0,0.0
510,3,0,0.0
509,40,0,0.0
503,75,0,0.0
500,29,0,0.0
499,49,0,0.0
498,39,0,0.0
496,21,0,0.0
494,5,0,0.0
5199,14,0,0.0
5196,7,0,0.0
5194,2,0,0.0
5192,2,0,0.0
5191,37,0,0.0
5187,145,0,0.0
5185,7,0,0.0
4600,19,0,0.0
466,21,0,0.0
13063,41,0,0.0
13062,98,0,0.0
13061,28,0,0.0
13058,20,0,0.0
13051,164,0,0.0
13048,2,0,0.0
13045,10,0,0.0
13043,90,0,0.0
13036,13,0,0.0
13033,50,0,0.0
13032,12,0,0.0
13031,108,0,0.0
13026,2,0,0.0
13025,5,0,0.0
13021,26,0,0.0
5152,1,0,0.0
5150,21,0,0.0
5148,15,0,0.0
13084,9,0,0.0
13082,2,0,0.0
13079,35,0,0.0
13078,12,0,0.0
13075,8,0,0.0
13074,14,0,0.0
13069,5,0,0.0
491,2,0,0.0
482,4,0,0.0
481,11,0,0.0
480,5,0,0.0
477,23,0,0.0
476,67,0,0.0
458,82,0,0.0
452,2,0,0.0
450,27,0,0.0
448,3,0,0.0
445,2,0,0.0
5184,2,0,0.0
5182,53,0,0.0
5181,1,0,0.0
5180,1,0,0.0
5171,135,0,0.0
5170,7,0,0.0
5169,85,0,0.0
5167,3,0,0.0
5164,9,0,0.0
5156,17,0,0.0
5154,29,0,0.0
13145,9,0,0.0
13143,2,0,0.0
13141,4,0,0.0
13134,140,0,0.0
13132,243,0,0.0
13131,484,0,0.0
13130,2,0,0.0
13125,41,0,0.0
13120,3,0,0.0
13113,4,0,0.0
13112,1,0,0.0
13111,39,0,0.0
13108,6,0,0.0
13101,11,0,0.0
13096,7,0,0.0
464,8,0,0.0
13165,169,0,0.0
13163,4,0,0.0
13162,2,0,0.0
13157,4,0,0.0
13153,25,0,0.0
13149,2,0,0.0
13147,20,0,0.0
5139,47,0,0.0
5133,10,0,0.0
4622,2,0,0.0
4618,9,0,0.0
4617,5,0,0.0
4616,6,0,0.0
4615,5,0,0.0
4614,3,0,0.0
13146,79,0,0.0
5097,34,0,0.0
13190,2,0,0.0
13184,13,0,0.0
13181,6,0,0.0
13177,20,0,0.0
441,31,0,0.0
440,34,0,0.0
433,10,0,0.0
428,10,0,0.0
426,4,0,0.0
422,2,0,0.0
421,1,0,0.0
420,72,0,0.0
13170,106,0,0.0
13169,107,0,0.0
13167,6,0,0.0
417,274,0,0.0
409,120,0,0.0
408,3,0,0.0
407,34,0,0.0
395,37,0,0.0
394,13,0,0.0
13193,344,0,0.0
4606,4,0,0.0
4604,56,0,0.0
5124,10,0,0.0
5119,126,0,0.0
5116,99,0,0.0
5113,25,0,0.0
5110,2,0,0.0
5106,11,0,0.0
5099,32,0,0.0
13243,5,0,0.0
13240,24,0,0.0
13239,9,0,0.0
13238,4,0,0.0
13237,24,0,0.0
13236,127,0,0.0
13234,16,0,0.0
13232,7,0,0.0
13231,2,0,0.0
13228,71,0,0.0
13226,3,0,0.0
13220,14,0,0.0
13218,29,0,0.0
13211,20,0,0.0
13204,18,0,0.0
13199,109,0,0.0
4652,9,0,0.0
4650,11,0,0.0
4646,12,0,0.0
4645,66,0,0.0
4641,104,0,0.0
13270,7,0,0.0
13268,17,0,0.0
13267,2,0,0.0
13266,5,0,0.0
13264,2,0,0.0
13258,14,0,0.0
13254,138,0,0.0
13249,3,0,0.0
13248,1,0,0.0
13246,85,0,0.0
13244,3,0,0.0
13297,1,0,0.0
13293,33,0,0.0
13286,19,0,0.0
13285,1,0,0.0
13278,12,0,0.0
13277,3,0,0.0
13276,1,0,0.0
13274,8,0,0.0
5094,2,0,0.0
5093,19,0,0.0
5089,6,0,0.0
5087,9,0,0.0
5085,24,0,0.0
5083,13,0,0.0
5082,2,0,0.0
5081,907,0,0.0
5061,1,0,0.0
5059,20,0,0.0
5058,96,0,0.0
377,26,0,0.0
374,72,0,0.0
372,6,0,0.0
364,258,0,0.0
13319,55,0,0.0
13317,31,0,0.0
13316,23,0,0.0
13311,37,0,0.0
13309,15,0,0.0
13306,2,0,0.0
13303,10,0,0.0
13302,1,0,0.0
13298,19,0,0.0
392,70,0,0.0
391,26,0,0.0
389,225,0,0.0
387,6,0,0.0
385,6,0,0.0
4639,1,0,0.0
4637,24,0,0.0
4635,1,0,0.0
5080,10,0,0.0
5078,6,0,0.0
5076,1,0,0.0
5074,31,0,0.0
5071,1,0,0.0
5068,31,0,0.0
5066,21,0,0.0
5063,83,0,0.0
13342,1,0,0.0
13341,2,0,0.0
13340,13,0,0.0
360,2,0,0.0
355,1,0,0.0
350,81,0,0.0
348,2,0,0.0
346,40,0,0.0
345,32,0,0.0
339,15,0,0.0
13331,44,0,0.0
13330,389,0,0.0
13327,10,0,0.0
13325,16,0,0.0
13321,45,0,0.0
393,20,0,0.0
325,62,0,0.0
324,61,0,0.0
322,17,0,0.0
317,24,0,0.0
314,4,0,0.0
13379,5,0,0.0
13377,194,0,0.0
13370,21,0,0.0
13368,7,0,0.0
13366,131,0,0.0
13364,1,0,0.0
13362,29,0,0.0
13357,13,0,0.0
13351,2,0,0.0
13345,7,0,0.0
13343,30,0,0.0
4674,41,0,0.0
4673,1,0,0.0
4672,23,0,0.0
4667,106,0,0.0
4664,54,0,0.0
13399,14,0,0.0
13398,347,0,0.0
13391,1,0,0.0
13390,10,0,0.0
13388,50,0,0.0
13384,5,0,0.0
13382,26,0,0.0
335,29,0,0.0
329,168,0,0.0
328,28,0,0.0
326,26,0,0.0
13426,16,0,0.0
13423,2,0,0.0
13422,2,0,0.0
13421,515,0,0.0
13419,46,0,0.0
13413,2,0,0.0
13405,4,0,0.0
13402,10,0,0.0
5052,33,0,0.0
5047,51,0,0.0
5046,123,0,0.0
5045,8,0,0.0
5039,10,0,0.0
4683,53,0,0.0
4680,150,0,0.0
4675,106,0,0.0
4995,7,0,0.0
4989,5,0,0.0
13442,60,0,0.0
13436,25,0,0.0
13435,10,0,0.0
312,3,0,0.0
308,16,0,0.0
305,16,0,0.0
301,713,0,0.0
298,320,0,0.0
295,10,0,0.0
293,32,0,0.0
290,40,0,0.0
13430,11,0,0.0
13429,6,0,0.0
13427,3,0,0.0
13465,47,0,0.0
13461,6,0,0.0
13453,9,0,0.0
13452,177,0,0.0
13449,8,0,0.0
13443,6,0,0.0
5029,4,0,0.0
5019,4,0,0.0
5015,5,0,0.0
5012,27,0,0.0
5010,53,0,0.0
5005,4,0,0.0
5003,20,0,0.0
5000,13,0,0.0
4997,2,0,0.0
4996,695,0,0.0
4971,5,0,0.0
4970,61,0,0.0
267,3,0,0.0
265,3,0,0.0
13513,3,0,0.0
13511,102,0,0.0
13506,4,0,0.0
13503,54,0,0.0
13496,167,0,0.0
13495,65,0,0.0
13490,14,0,0.0
13484,112,0,0.0
13482,11,0,0.0
13481,6,0,0.0
13474,32,0,0.0
13468,10,0,0.0
277,11,0,0.0
276,23,0,0.0
274,10,0,0.0
272,26,0,0.0
4983,2,0,0.0
4981,11,0,0.0
4980,81,0,0.0
4707,114,0,0.0
4699,10,0,0.0
4698,10,0,0.0
4695,43,0,0.0
4694,1,0,0.0
4691,112,0,0.0
4978,3,0,0.0
4975,7,0,0.0
4972,2,0,0.0
13569,3,0,0.0
13567,2,0,0.0
13559,1,0,0.0
13558,15,0,0.0
13554,1,0,0.0
13544,48,0,0.0
13535,3,0,0.0
13534,2,0,0.0
13533,6,0,0.0
13531,1,0,0.0
13530,11,0,0.0
13527,30,0,0.0
13522,3,0,0.0
13517,268,0,0.0
285,29,0,0.0
282,4,0,0.0
260,45,0,0.0
256,14,0,0.0
249,7,0,0.0
248,2,0,0.0
246,1,0,0.0
13595,13,0,0.0
13592,3,0,0.0
13589,8,0,0.0
13588,13,0,0.0
13587,101,0,0.0
13586,35,0,0.0
13584,1,0,0.0
13577,7,0,0.0
13576,6,0,0.0
13574,2,0,0.0
13572,18,0,0.0
230,2,0,0.0
227,12,0,0.0
223,7,0,0.0
13628,17,0,0.0
13625,1,0,0.0
13622,8,0,0.0
13617,2,0,0.0
13612,207,0,0.0
13605,15,0,0.0
13604,7,0,0.0
13601,3,0,0.0
13596,2,0,0.0
264,14,0,0.0
263,2,0,0.0
262,2,0,0.0
261,32,0,0.0
4717,5,0,0.0
4716,58,0,0.0
4715,4,0,0.0
4714,1,0,0.0
4713,210,0,0.0
4711,2,0,0.0
13634,15,0,0.0
13633,499,0,0.0
13632,86,0,0.0
13631,56,0,0.0
13630,2,0,0.0
244,27,0,0.0
239,36,0,0.0
237,2,0,0.0
235,12,0,0.0
234,121,0,0.0
13667,21,0,0.0
13666,2,0,0.0
13661,4,0,0.0
13658,1,0,0.0
13656,62,0,0.0
13652,18,0,0.0
13641,2,0,0.0
13635,12,0,0.0
4968,1,0,0.0
4956,10,0,0.0
4955,39,0,0.0
4951,5,0,0.0
4727,2,0,0.0
4723,9,0,0.0
4720,22,0,0.0
4718,778,0,0.0
13679,2,0,0.0
13675,26,0,0.0
13673,3,0,0.0
13668,41,0,0.0
4710,23,0,0.0
4947,1,0,0.0
4944,4,0,0.0
4942,1,0,0.0
4941,68,0,0.0
4940,52,0,0.0
4939,6,0,0.0
4938,95,0,0.0
4937,18,0,0.0
4934,495,0,0.0
4925,293,0,0.0
4924,5,0,0.0
13723,1,0,0.0
13722,14,0,0.0
13721,3,0,0.0
13716,7,0,0.0
13710,2,0,0.0
13709,9,0,0.0
13706,6,0,0.0
13704,5,0,0.0
13702,113,0,0.0
13700,2,0,0.0
13695,2,0,0.0
13692,18,0,0.0
13688,7,0,0.0
13687,6,0,0.0
13686,787,0,0.0
13682,2,0,0.0
13739,2,0,0.0
13738,12,0,0.0
13735,6,0,0.0
13734,8,0,0.0
13733,27,0,0.0
13726,12,0,0.0
217,3,0,0.0
216,129,0,0.0
214,22,0,0.0
209,6,0,0.0
208,121,0,0.0
204,3,0,0.0
200,2689,0,0.0
199,44,0,0.0
197,2,0,0.0
13724,24,0,0.0
4900,6,0,0.0
4899,2,0,0.0
4896,3,0,0.0
4894,5,0,0.0
166,2,0,0.0
163,4,0,0.0
160,26,0,0.0
13770,1,0,0.0
13767,1,0,0.0
13765,18,0,0.0
13764,149,0,0.0
13762,2,0,0.0
13755,34,0,0.0
13752,2,0,0.0
13751,3,0,0.0
13750,1,0,0.0
189,82,0,0.0
186,1,0,0.0
184,4,0,0.0
178,8,0,0.0
174,15,0,0.0
171,58,0,0.0
4921,15,0,0.0
4920,9,0,0.0
4919,57,0,0.0
4918,8,0,0.0
4914,67,0,0.0
4912,33,0,0.0
4911,101,0,0.0
4907,41,0,0.0
4905,21,0,0.0
4904,11,0,0.0
13813,3,0,0.0
13805,24,0,0.0
13803,1,0,0.0
13802,37,0,0.0
13800,68,0,0.0
13799,71,0,0.0
13794,47,0,0.0
13792,11,0,0.0
13788,2,0,0.0
13787,75,0,0.0
13785,5,0,0.0
13782,60,0,0.0
13780,4,0,0.0
13779,5,0,0.0
13778,8,0,0.0
13775,284,0,0.0
4736,1,0,0.0
4733,154,0,0.0
13836,12,0,0.0
13835,3,0,0.0
13826,2,0,0.0
13822,70,0,0.0
151,5,0,0.0
147,202,0,0.0
141,3,0,0.0
137,2,0,0.0
135,1,0,0.0
134,4,0,0.0
132,4,0,0.0
131,9,0,0.0
130,47,0,0.0
13814,7,0,0.0
125,71,0,0.0
123,8,0,0.0
121,36,0,0.0
116,152,0,0.0
109,15,0,0.0
13847,30,0,0.0
13844,11,0,0.0
4886,91,0,0.0
4885,2,0,0.0
4878,1,0,0.0
4875,40,0,0.0
4873,5,0,0.0
4752,16,0,0.0
4746,22,0,0.0
4742,15,0,0.0
4738,10,0,0.0
4835,1,0,0.0
4834,29,0,0.0
13895,4,0,0.0
13891,6,0,0.0
13886,1,0,0.0
13885,80,0,0.0
13882,4,0,0.0
13880,17,0,0.0
13877,14,0,0.0
13873,212,0,0.0
13871,6,0,0.0
13868,190,0,0.0
13865,172,0,0.0
13857,2,0,0.0
13856,177,0,0.0
13849,11,0,0.0
96,14,0,0.0
91,6,0,0.0
89,313,0,0.0
86,8,0,0.0
84,1,0,0.0
4731,15,0,0.0
4867,69,0,0.0
4862,1,0,0.0
4856,10,0,0.0
4855,2,0,0.0
4852,1,0,0.0
4851,69,0,0.0
4845,69,0,0.0
4842,44,0,0.0
4838,97,0,0.0
4836,16,0,0.0
13940,1,0,0.0
13938,7,0,0.0
13935,41,0,0.0
13933,6,0,0.0
13930,39,0,0.0
13929,38,0,0.0
13927,47,0,0.0
13916,2,0,0.0
13909,41,0,0.0
13907,76,0,0.0
13905,62,0,0.0
13901,1,0,0.0
13897,4,0,0.0
105,9,0,0.0
100,91,0,0.0
98,59,0,0.0
13955,3,0,0.0
13952,2,0,0.0
13951,9,0,0.0
4827,43,0,0.0
4820,37,0,0.0
4818,482,0,0.0
4770,32,0,0.0
4767,38,0,0.0
4765,6,0,0.0
4764,4,0,0.0
4760,3,0,0.0
4759,484,0,0.0
4757,2,0,0.0
4755,3,0,0.0
13947,6,0,0.0
13944,5,0,0.0
13982,6,0,0.0
13981,3,0,0.0
13979,429,0,0.0
13974,2,0,0.0
13972,23,0,0.0
82,80,0,0.0
81,41,0,0.0
78,32,0,0.0
75,20,0,0.0
69,6,0,0.0
65,39,0,0.0
13970,1,0,0.0
13968,47,0,0.0
13962,1,0,0.0
13959,1,0,0.0
13958,3,0,0.0
29,7,0,0.0
2,3,0,0.0
14078,60,0,0.0
14053,31,0,0.0
14051,80,0,0.0
3,3,0,0.0
4,1,0,0.0
14045,18,0,0.0
6,10,0,0.0
14014,29,0,0.0
14011,19,0,0.0
14008,3,0,0.0
14004,40,0,0.0
13997,3,0,0.0
13993,3,0,0.0
13992,3,0,0.0
7417,9,0,0.0
3440,37,0,0.0
3439,28,0,0.0
3438,1,0,0.0
3436,3,0,0.0
3432,5,0,0.0
3427,41,0,0.0
3426,2,0,0.0
14028,3,0,0.0
14021,18,0,0.0
57,150,0,0.0
54,2,0,0.0
53,16,0,0.0
40,2,0,0.0
33,4,0,0.0
30,26,0,0.0
