"category_id","total_behavior_count","buy_count","buy_percentage"
1863,201110,1910,1.79
6344,45671,1475,1.38
5232,71772,1384,1.30
5399,141726,1014,0.95
6513,152148,1004,0.94
3424,26400,930,0.87
5894,169451,927,0.87
8877,35267,913,0.86
13230,177948,825,0.77
6977,14115,816,0.76
5027,168103,815,0.76
10894,71129,811,0.76
1838,26565,775,0.73
9516,44512,725,0.68
3064,58085,724,0.68
7957,25083,721,0.68
4370,63009,717,0.67
11279,94686,703,0.66
10392,49751,686,0.64
3472,26658,686,0.64
2825,84911,578,0.54
3628,37914,568,0.53
2993,26087,547,0.51
8291,18848,539,0.51
10431,22443,536,0.50
5689,59193,528,0.49
11824,35974,518,0.49
11537,10917,508,0.48
3673,29365,500,0.47
1083,35128,486,0.46
11623,23407,463,0.43
552,32720,461,0.43
14079,50257,461,0.43
2513,26598,458,0.43
11552,39175,431,0.40
3381,43939,398,0.37
2901,7700,397,0.37
3662,16403,393,0.37
9397,12937,386,0.36
3660,14363,384,0.36
4269,16935,381,0.36
6717,4885,373,0.35
446,7168,362,0.34
7767,14065,357,0.33
2949,1115,355,0.33
508,23764,354,0.33
13041,15864,340,0.32
6054,40162,334,0.31
12067,12008,333,0.31
9412,9167,329,0.31
3783,33433,324,0.30
6648,33726,323,0.30
10507,5329,322,0.30
9614,13300,317,0.30
3798,14570,317,0.30
5468,8926,317,0.30
5503,38069,315,0.30
5271,34172,314,0.29
1421,8344,307,0.29
9517,30520,302,0.28
874,12325,301,0.28
3099,14883,298,0.28
6000,52627,296,0.28
1121,20900,293,0.27
7549,8995,293,0.27
6512,17588,291,0.27
3368,8180,287,0.27
9179,14130,263,0.25
10984,12422,257,0.24
8771,7584,255,0.24
1674,4551,253,0.24
6255,27232,251,0.24
10661,18038,246,0.23
4333,6338,242,0.23
10703,8929,241,0.23
9247,22811,233,0.22
2284,15394,232,0.22
13500,10280,228,0.21
4676,21829,228,0.21
8099,7935,226,0.21
7831,3576,225,0.21
8586,4353,223,0.21
10121,1713,218,0.20
292,9457,215,0.20
10079,3671,214,0.20
4245,9060,211,0.20
7876,9655,211,0.20
13338,13345,211,0.20
13926,3560,208,0.19
8095,13693,208,0.19
12569,7585,208,0.19
9261,10477,207,0.19
10961,10462,206,0.19
5550,2818,206,0.19
11178,3672,205,0.19
12630,14362,204,0.19
10523,9161,200,0.19
7572,5929,199,0.19
5388,14864,197,0.18
7440,9826,195,0.18
5751,3869,194,0.18
12685,3925,192,0.18
6576,6768,191,0.18
4264,11755,188,0.18
3944,2947,188,0.18
11406,15783,186,0.17
1843,20018,186,0.17
3252,17159,183,0.17
6936,5674,183,0.17
11652,12833,181,0.17
9559,22205,180,0.17
12855,18595,179,0.17
9720,5276,178,0.17
3942,6735,178,0.17
10533,34802,174,0.16
675,3978,173,0.16
7590,2673,171,0.16
10223,13888,170,0.16
7606,3523,169,0.16
3431,7306,168,0.16
5533,4065,167,0.16
12982,5664,165,0.15
9541,9478,164,0.15
12328,11376,161,0.15
2883,17136,160,0.15
7312,8669,159,0.15
9053,4623,155,0.15
5395,49711,154,0.14
2153,3592,154,0.14
284,3451,154,0.14
3760,5607,153,0.14
5623,3777,152,0.14
6697,2310,151,0.14
11376,3303,151,0.14
7195,13637,150,0.14
2950,3975,148,0.14
3475,4525,148,0.14
8796,2266,146,0.14
8254,2602,144,0.13
11497,2675,144,0.13
11757,5852,143,0.13
12189,7957,142,0.13
9807,6540,140,0.13
5204,9887,139,0.13
1509,2060,139,0.13
12753,4419,139,0.13
12170,4297,137,0.13
6226,7955,137,0.13
12553,3116,136,0.13
8956,5863,136,0.13
1723,2031,135,0.13
7639,1501,134,0.13
3960,4269,133,0.12
11311,3474,133,0.12
8864,8382,132,0.12
3093,1996,132,0.12
8860,5359,131,0.12
10901,9819,130,0.12
889,5517,129,0.12
7995,21617,128,0.12
12294,2247,126,0.12
6424,1842,126,0.12
12304,2859,125,0.12
8744,2005,125,0.12
3544,12240,124,0.12
10015,2025,124,0.12
1230,2346,123,0.12
5273,6296,123,0.12
10804,2236,123,0.12
8537,1754,123,0.12
9001,2803,122,0.11
12090,13348,121,0.11
814,4244,121,0.11
9569,6022,120,0.11
6327,7821,119,0.11
4640,10102,118,0.11
231,3792,118,0.11
6828,3401,118,0.11
11330,2350,116,0.11
4560,1435,114,0.11
9835,13148,114,0.11
1877,2131,113,0.11
9790,5430,112,0.10
9552,5227,112,0.10
12863,9600,112,0.10
437,13288,111,0.10
7516,2505,111,0.10
3625,1709,111,0.10
438,2239,110,0.10
8792,2291,110,0.10
11489,2885,109,0.10
12135,1715,109,0.10
13381,5265,109,0.10
5454,3920,108,0.10
7103,12831,107,0.10
3156,9636,106,0.10
1303,4077,106,0.10
2261,4262,106,0.10
9444,2329,105,0.10
242,8651,105,0.10
9899,1732,105,0.10
939,5911,105,0.10
13712,2371,105,0.10
11991,10143,104,0.10
12326,4304,104,0.10
5649,1384,104,0.10
3709,1583,103,0.10
5908,6288,103,0.10
13515,1945,103,0.10
6417,3870,101,0.09
4898,3450,101,0.09
9598,3594,101,0.09
989,10213,100,0.09
7928,1228,100,0.09
5017,3367,99,0.09
4721,3551,98,0.09
11914,3266,97,0.09
2730,1579,97,0.09
7021,1211,97,0.09
3988,2704,96,0.09
10412,3172,95,0.09
7299,3625,95,0.09
7917,2145,95,0.09
3940,4308,94,0.09
436,7144,93,0.09
3846,2459,93,0.09
4582,7279,91,0.09
1963,2841,90,0.08
4435,2129,90,0.08
2254,1616,89,0.08
11241,17495,89,0.08
6742,1394,89,0.08
8179,4069,88,0.08
8874,9373,88,0.08
881,2148,88,0.08
7712,2425,88,0.08
12406,2132,88,0.08
8161,7600,87,0.08
12488,15688,86,0.08
11140,2395,86,0.08
2866,1023,86,0.08
14033,3349,85,0.08
7344,6467,85,0.08
13932,956,85,0.08
10356,3961,85,0.08
1797,4775,84,0.08
3321,2476,84,0.08
9856,2455,84,0.08
13971,1663,84,0.08
3793,1553,83,0.08
6253,2053,83,0.08
4329,1437,83,0.08
6460,2857,82,0.08
13038,2790,82,0.08
8662,1948,81,0.08
9579,5404,81,0.08
8986,5933,81,0.08
3879,1949,81,0.08
4365,1109,81,0.08
10314,10911,80,0.07
9970,1393,80,0.07
8409,1062,80,0.07
7753,2251,79,0.07
13455,1468,79,0.07
2040,1120,78,0.07
11774,1282,78,0.07
150,2496,78,0.07
1518,3703,78,0.07
12973,3605,78,0.07
6825,2568,78,0.07
1488,12828,77,0.07
7146,1202,77,0.07
5993,2600,77,0.07
732,1353,76,0.07
8077,3710,76,0.07
8749,1122,76,0.07
5319,1008,75,0.07
10686,2299,75,0.07
10029,1108,75,0.07
3000,1479,75,0.07
3852,3152,74,0.07
3979,2907,73,0.07
10049,16222,73,0.07
451,4850,73,0.07
13186,1803,73,0.07
4111,2626,73,0.07
8010,1650,73,0.07
10271,3729,72,0.07
5867,9144,71,0.07
10135,2359,71,0.07
6045,2206,71,0.07
3067,1780,71,0.07
1346,1606,71,0.07
11756,2400,71,0.07
6531,1340,71,0.07
1396,6256,70,0.07
4747,3423,70,0.07
2252,1499,70,0.07
1968,7173,69,0.06
4583,859,69,0.06
6669,2645,69,0.06
9909,1236,68,0.06
13288,2746,68,0.06
1370,1885,68,0.06
630,1961,68,0.06
6228,3522,67,0.06
8561,6396,67,0.06
4999,3250,67,0.06
3502,3088,67,0.06
7619,1293,67,0.06
10187,1393,67,0.06
13547,2402,67,0.06
4276,1339,67,0.06
13332,1782,67,0.06
4830,11005,66,0.06
5002,1336,66,0.06
198,5496,66,0.06
5944,2026,66,0.06
6795,2355,66,0.06
2828,2369,66,0.06
2953,21961,65,0.06
11589,1600,65,0.06
10275,3716,65,0.06
4190,3136,65,0.06
11296,4044,65,0.06
1911,395,65,0.06
12514,338,65,0.06
1096,638,65,0.06
7229,710,64,0.06
13152,3038,64,0.06
3324,923,64,0.06
94,3075,64,0.06
4584,4866,63,0.06
10258,4480,63,0.06
6020,1173,63,0.06
8371,857,63,0.06
10460,3071,62,0.06
3222,887,62,0.06
1308,5490,61,0.06
5653,14932,61,0.06
3378,2920,61,0.06
7079,1671,61,0.06
7467,1991,60,0.06
9354,860,60,0.06
12184,3288,60,0.06
10590,4470,60,0.06
5065,1243,60,0.06
10662,1664,59,0.06
3046,1857,59,0.06
7167,1894,59,0.06
2656,3243,59,0.06
2631,1430,59,0.06
8709,1860,59,0.06
12230,6217,58,0.05
603,2711,58,0.05
107,3909,58,0.05
1361,1205,58,0.05
3898,3063,58,0.05
5919,551,58,0.05
11750,1191,58,0.05
4778,6491,57,0.05
9130,3319,57,0.05
13852,2390,57,0.05
9829,2094,56,0.05
1969,1199,56,0.05
3275,2787,56,0.05
5334,700,56,0.05
4677,1471,56,0.05
6991,1427,56,0.05
7850,1318,56,0.05
1173,831,56,0.05
3925,1650,56,0.05
8575,1339,56,0.05
4817,758,55,0.05
1005,694,55,0.05
4670,1881,55,0.05
9847,3215,55,0.05
2204,822,55,0.05
6194,1135,54,0.05
10290,3304,54,0.05
4008,3678,54,0.05
8930,3500,54,0.05
11895,1266,54,0.05
13727,6199,54,0.05
4213,2858,54,0.05
3924,764,54,0.05
4364,3049,54,0.05
220,1042,54,0.05
1483,3566,53,0.05
8854,1459,53,0.05
5553,2321,53,0.05
9205,4234,53,0.05
8365,2745,53,0.05
6575,2230,53,0.05
6304,720,53,0.05
9017,2229,53,0.05
3975,2844,53,0.05
13985,1042,53,0.05
5661,1703,52,0.05
7791,2161,52,0.05
10753,3021,52,0.05
9942,2377,52,0.05
3636,741,52,0.05
5466,925,52,0.05
6431,1562,52,0.05
11599,655,52,0.05
11270,2244,52,0.05
13092,1991,52,0.05
5746,444,52,0.05
9580,658,52,0.05
11981,3075,51,0.05
8681,1546,51,0.05
9280,1074,51,0.05
4382,1164,51,0.05
4776,331,51,0.05
10236,1470,50,0.05
232,1488,50,0.05
2490,1276,50,0.05
12345,3652,50,0.05
1032,1222,50,0.05
10567,8579,50,0.05
12368,3113,50,0.05
2754,2474,50,0.05
12370,1333,50,0.05
13305,765,50,0.05
5444,689,50,0.05
12570,1569,49,0.05
3271,2131,49,0.05
8664,3434,49,0.05
11834,4308,49,0.05
6794,1650,49,0.05
8829,771,49,0.05
10472,1305,48,0.04
11821,2169,48,0.04
11687,1058,48,0.04
8665,3534,48,0.04
887,2252,48,0.04
6256,2609,48,0.04
8040,1666,48,0.04
9820,6102,47,0.04
8270,6374,47,0.04
1854,7212,47,0.04
10265,2333,47,0.04
12158,1181,47,0.04
10908,756,47,0.04
12652,637,47,0.04
8132,3130,47,0.04
10798,701,47,0.04
5600,1217,46,0.04
4739,726,46,0.04
5263,4726,46,0.04
13378,1453,46,0.04
9232,1779,46,0.04
11879,852,46,0.04
983,1515,46,0.04
7404,918,46,0.04
2042,648,46,0.04
13541,894,46,0.04
9372,622,45,0.04
8650,5216,45,0.04
10920,2197,45,0.04
10012,1300,45,0.04
13393,763,45,0.04
6307,725,44,0.04
5915,1014,44,0.04
12479,1499,44,0.04
5201,2671,44,0.04
6689,2514,44,0.04
9762,2285,44,0.04
10072,3285,44,0.04
1504,828,44,0.04
10456,299,44,0.04
12141,5959,43,0.04
12662,579,43,0.04
13308,555,43,0.04
2683,1347,43,0.04
13396,919,43,0.04
7880,2900,43,0.04
4963,371,43,0.04
10875,3957,42,0.04
940,1111,42,0.04
6321,1400,42,0.04
1519,3209,42,0.04
11721,1749,42,0.04
8088,762,42,0.04
13590,1451,42,0.04
2610,3554,41,0.04
4405,1172,41,0.04
5513,3442,41,0.04
11327,1363,41,0.04
8879,842,41,0.04
13374,1495,41,0.04
10250,1628,41,0.04
7117,856,41,0.04
7911,1228,40,0.04
2130,569,40,0.04
215,3908,40,0.04
9693,3466,40,0.04
13404,1192,40,0.04
11103,2792,40,0.04
3509,626,40,0.04
1310,918,40,0.04
6724,4421,40,0.04
12740,719,40,0.04
2413,598,40,0.04
12823,622,40,0.04
4751,328,39,0.04
13598,699,39,0.04
5749,10056,39,0.04
6209,11673,39,0.04
8126,3281,39,0.04
9276,1308,39,0.04
11691,1340,39,0.04
4250,1988,39,0.04
1080,1841,39,0.04
4636,938,39,0.04
4296,18536,38,0.04
9503,2489,38,0.04
7929,3330,38,0.04
11091,363,38,0.04
3956,1760,38,0.04
7580,1471,38,0.04
3330,647,38,0.04
4153,838,38,0.04
11335,2465,38,0.04
2054,503,38,0.04
9278,1067,38,0.04
1720,1186,38,0.04
12397,507,38,0.04
11956,669,37,0.03
13729,871,37,0.03
1385,5334,37,0.03
9816,1803,37,0.03
6402,2132,37,0.03
1604,691,37,0.03
5376,3260,37,0.03
10975,1054,37,0.03
13548,480,37,0.03
4396,908,37,0.03
11499,877,37,0.03
9637,731,37,0.03
6331,782,37,0.03
11894,768,37,0.03
13915,512,37,0.03
6064,426,37,0.03
3561,615,37,0.03
4181,552,37,0.03
4116,7904,36,0.03
6655,762,36,0.03
2839,722,36,0.03
11307,2883,36,0.03
11618,2602,36,0.03
2010,1140,36,0.03
8943,774,36,0.03
4605,2759,36,0.03
12015,675,36,0.03
3090,1877,36,0.03
2551,1942,36,0.03
2511,1473,36,0.03
9102,1283,36,0.03
205,388,36,0.03
11695,571,36,0.03
9155,870,35,0.03
10740,8799,35,0.03
4110,665,35,0.03
11492,1502,35,0.03
3537,475,35,0.03
12147,4047,35,0.03
6678,1177,35,0.03
6541,2548,35,0.03
4690,562,35,0.03
11680,764,35,0.03
2313,1469,35,0.03
583,391,35,0.03
9944,747,35,0.03
4438,576,35,0.03
13365,431,35,0.03
9388,611,34,0.03
9363,8615,34,0.03
1169,3530,34,0.03
13892,506,34,0.03
9334,1539,34,0.03
7296,539,34,0.03
8066,518,34,0.03
12741,1407,34,0.03
12311,3133,34,0.03
13280,2458,34,0.03
9638,2202,34,0.03
9457,307,34,0.03
3827,1268,34,0.03
6516,1005,33,0.03
12221,4661,33,0.03
8300,1074,33,0.03
7393,4462,33,0.03
5492,1116,33,0.03
6564,913,33,0.03
6121,1077,33,0.03
3833,1994,33,0.03
9576,1210,33,0.03
11604,227,33,0.03
2649,810,33,0.03
4991,753,33,0.03
4195,852,33,0.03
13963,1185,33,0.03
12268,740,32,0.03
9752,3102,32,0.03
4520,3265,32,0.03
7322,2334,32,0.03
2679,734,32,0.03
12441,2027,32,0.03
11034,757,32,0.03
10520,2664,32,0.03
11281,507,32,0.03
1427,4275,32,0.03
484,1339,32,0.03
4962,1022,32,0.03
10722,1517,32,0.03
1029,964,32,0.03
12602,455,32,0.03
5324,513,32,0.03
7182,945,32,0.03
9618,1913,32,0.03
9561,568,32,0.03
738,645,32,0.03
4627,742,32,0.03
1317,866,32,0.03
1081,390,31,0.03
2380,560,31,0.03
3397,4182,31,0.03
10569,905,31,0.03
895,6999,31,0.03
6211,559,31,0.03
12097,1380,31,0.03
5988,956,31,0.03
9960,600,31,0.03
12744,3809,31,0.03
5625,1064,31,0.03
7311,1156,31,0.03
733,2133,31,0.03
9933,2821,31,0.03
4280,1106,31,0.03
4322,1710,31,0.03
12683,1571,31,0.03
10019,438,31,0.03
483,536,31,0.03
9298,1742,31,0.03
8147,641,31,0.03
4076,2121,30,0.03
6945,2391,30,0.03
6986,1484,30,0.03
10242,10711,30,0.03
11135,1173,30,0.03
7582,2603,30,0.03
5699,2671,30,0.03
12919,2682,30,0.03
14038,2438,30,0.03
13696,306,30,0.03
6287,1293,30,0.03
1810,1944,30,0.03
4540,980,30,0.03
6400,758,30,0.03
10544,5513,30,0.03
6711,462,30,0.03
13903,338,30,0.03
905,1088,30,0.03
6059,909,30,0.03
108,1481,30,0.03
9100,1752,30,0.03
7691,578,30,0.03
5477,1247,30,0.03
2158,953,29,0.03
12536,972,29,0.03
10344,4363,29,0.03
1337,2178,29,0.03
7266,911,29,0.03
12721,778,29,0.03
10501,1526,29,0.03
7939,3337,29,0.03
7033,2133,29,0.03
13807,881,29,0.03
893,1390,29,0.03
1392,2112,29,0.03
8765,1410,29,0.03
782,910,29,0.03
9258,699,29,0.03
4593,1224,29,0.03
5985,690,29,0.03
3081,950,29,0.03
12327,345,29,0.03
12249,1205,29,0.03
6248,1122,29,0.03
5369,424,29,0.03
3176,1322,28,0.03
2909,582,28,0.03
7350,6541,28,0.03
4869,478,28,0.03
3747,724,28,0.03
7601,1113,28,0.03
836,878,28,0.03
10283,536,28,0.03
11797,1587,28,0.03
2936,837,28,0.03
10609,1039,28,0.03
8480,977,28,0.03
5447,776,28,0.03
10761,292,28,0.03
11304,900,28,0.03
3341,436,28,0.03
2236,397,28,0.03
14061,993,28,0.03
6863,286,28,0.03
9229,680,28,0.03
1126,535,27,0.03
13619,1876,27,0.03
12680,820,27,0.03
6673,763,27,0.03
856,1106,27,0.03
512,1280,27,0.03
7709,430,27,0.03
8141,987,27,0.03
4348,433,27,0.03
10380,512,27,0.03
566,562,27,0.03
11379,1798,27,0.03
12172,2001,27,0.03
10338,660,27,0.03
12693,720,27,0.03
12137,595,27,0.03
10979,343,27,0.03
11282,223,27,0.03
4007,459,27,0.03
14041,529,26,0.02
12123,322,26,0.02
3015,3777,26,0.02
13763,1932,26,0.02
3074,2120,26,0.02
13853,2018,26,0.02
2463,797,26,0.02
8007,1308,26,0.02
12251,609,26,0.02
4602,306,26,0.02
6437,461,26,0.02
3690,1061,26,0.02
12261,1345,26,0.02
12760,494,26,0.02
3087,650,26,0.02
11606,471,26,0.02
11324,721,26,0.02
3631,268,26,0.02
3171,292,26,0.02
2431,605,25,0.02
12407,418,25,0.02
2029,2227,25,0.02
10364,1343,25,0.02
2812,407,25,0.02
9605,598,25,0.02
13599,2279,25,0.02
12582,860,25,0.02
6084,1142,25,0.02
10846,690,25,0.02
5727,2970,25,0.02
7645,969,25,0.02
8583,1600,25,0.02
5822,2194,25,0.02
9023,442,25,0.02
7811,1267,25,0.02
9540,1065,25,0.02
2302,484,25,0.02
2510,294,25,0.02
1486,769,25,0.02
9413,1398,25,0.02
1956,769,25,0.02
12592,392,25,0.02
7727,476,24,0.02
1408,900,24,0.02
8666,729,24,0.02
9518,2286,24,0.02
12913,764,24,0.02
11622,1052,24,0.02
12387,549,24,0.02
4097,1160,24,0.02
2797,504,24,0.02
5446,884,24,0.02
1954,565,24,0.02
363,2575,24,0.02
12790,1508,24,0.02
784,1562,24,0.02
12309,134,24,0.02
7768,832,24,0.02
7900,356,24,0.02
5372,560,24,0.02
4387,678,24,0.02
5879,638,23,0.02
13050,1254,23,0.02
11771,1106,23,0.02
1650,1572,23,0.02
8892,545,23,0.02
5494,1110,23,0.02
11455,444,23,0.02
4998,450,23,0.02
118,505,23,0.02
767,2879,23,0.02
8104,497,23,0.02
1800,311,23,0.02
3464,1406,23,0.02
13980,696,23,0.02
5618,396,23,0.02
12100,1425,23,0.02
4273,933,23,0.02
169,885,23,0.02
12512,1760,23,0.02
7898,546,23,0.02
11802,540,23,0.02
758,469,23,0.02
12398,935,23,0.02
5354,863,23,0.02
8595,807,23,0.02
2347,959,23,0.02
11529,274,23,0.02
8937,399,23,0.02
11924,344,23,0.02
12380,919,22,0.02
8317,371,22,0.02
1159,1155,22,0.02
12626,838,22,0.02
712,440,22,0.02
13028,987,22,0.02
8171,241,22,0.02
10585,524,22,0.02
12111,328,22,0.02
4230,771,22,0.02
13087,572,22,0.02
4468,367,22,0.02
6657,513,22,0.02
1588,398,22,0.02
7472,461,22,0.02
7551,1146,22,0.02
10548,393,22,0.02
10762,553,22,0.02
10524,1688,22,0.02
4722,385,22,0.02
13042,831,22,0.02
3359,240,22,0.02
4006,412,22,0.02
13007,511,22,0.02
13825,356,22,0.02
5701,820,22,0.02
9396,1945,22,0.02
10929,383,22,0.02
13003,2229,22,0.02
6836,197,22,0.02
6924,563,22,0.02
8907,465,22,0.02
8004,693,22,0.02
11840,1025,22,0.02
1606,445,21,0.02
11952,865,21,0.02
6272,1118,21,0.02
4954,1160,21,0.02
3654,232,21,0.02
8685,819,21,0.02
10930,655,21,0.02
11477,691,21,0.02
2226,858,21,0.02
7618,906,21,0.02
6974,284,21,0.02
879,629,21,0.02
9297,853,21,0.02
2298,956,21,0.02
909,968,21,0.02
9488,383,21,0.02
11039,1556,21,0.02
11493,717,21,0.02
7401,708,21,0.02
13698,877,21,0.02
2373,503,21,0.02
11625,936,21,0.02
13355,466,21,0.02
3476,531,21,0.02
7143,636,21,0.02
3876,268,21,0.02
8426,318,21,0.02
11998,273,21,0.02
6015,484,21,0.02
6748,590,21,0.02
1260,440,21,0.02
7111,348,21,0.02
3070,372,21,0.02
4466,247,20,0.02
6571,311,20,0.02
5897,183,20,0.02
883,861,20,0.02
2667,1682,20,0.02
4254,4237,20,0.02
4588,1781,20,0.02
5165,539,20,0.02
7023,817,20,0.02
2437,290,20,0.02
8043,868,20,0.02
4753,3104,20,0.02
9727,171,20,0.02
7766,1086,20,0.02
7985,1429,20,0.02
10926,330,20,0.02
56,1123,20,0.02
7273,581,20,0.02
8849,1609,20,0.02
9435,264,20,0.02
3245,532,20,0.02
7032,1046,20,0.02
1741,2809,20,0.02
388,310,20,0.02
332,489,20,0.02
4372,538,20,0.02
5693,412,20,0.02
12968,658,20,0.02
2454,369,20,0.02
8597,409,20,0.02
7720,834,19,0.02
9849,779,19,0.02
12564,1653,19,0.02
8619,438,19,0.02
5692,622,19,0.02
2378,431,19,0.02
7359,349,19,0.02
4455,477,19,0.02
9789,1052,19,0.02
13911,659,19,0.02
2907,301,19,0.02
12551,1214,19,0.02
9307,928,19,0.02
8405,547,19,0.02
12658,2401,19,0.02
1267,1208,19,0.02
2605,876,19,0.02
3056,1295,19,0.02
11643,304,19,0.02
769,720,19,0.02
9021,445,19,0.02
13098,309,19,0.02
2362,264,19,0.02
4807,381,19,0.02
12621,891,19,0.02
5578,511,19,0.02
110,705,19,0.02
10529,863,19,0.02
5554,103,19,0.02
12758,320,19,0.02
1550,469,19,0.02
14024,708,19,0.02
10017,273,19,0.02
10336,273,19,0.02
12029,472,19,0.02
10832,477,19,0.02
1805,195,19,0.02
12762,350,19,0.02
11273,518,19,0.02
8083,467,18,0.02
13570,249,18,0.02
634,253,18,0.02
12117,227,18,0.02
5426,264,18,0.02
2425,411,18,0.02
493,564,18,0.02
5686,390,18,0.02
4247,1997,18,0.02
5571,3714,18,0.02
8432,1087,18,0.02
2420,358,18,0.02
13730,1183,18,0.02
2947,682,18,0.02
9127,410,18,0.02
11763,2687,18,0.02
5558,461,18,0.02
4371,1176,18,0.02
2160,460,18,0.02
7061,665,18,0.02
11393,415,18,0.02
2016,685,18,0.02
4282,893,18,0.02
13783,263,18,0.02
1150,161,18,0.02
8951,1141,18,0.02
4832,796,18,0.02
12874,344,18,0.02
10559,350,18,0.02
7490,350,18,0.02
4704,904,18,0.02
11508,1319,18,0.02
444,2052,18,0.02
10218,406,18,0.02
3656,1663,18,0.02
16,304,18,0.02
6446,330,18,0.02
316,1654,17,0.02
9784,1660,17,0.02
5186,364,17,0.02
13759,571,17,0.02
2334,2928,17,0.02
13065,291,17,0.02
1572,477,17,0.02
9491,521,17,0.02
6549,444,17,0.02
8280,1116,17,0.02
8869,289,17,0.02
2859,455,17,0.02
12560,510,17,0.02
9199,452,17,0.02
10179,215,17,0.02
4837,353,17,0.02
13713,1330,17,0.02
2251,301,17,0.02
9202,506,17,0.02
12386,1004,17,0.02
11610,491,17,0.02
5084,2473,17,0.02
6903,303,17,0.02
5566,408,17,0.02
8439,69,17,0.02
12636,248,17,0.02
1039,379,17,0.02
1514,292,17,0.02
3103,226,17,0.02
6544,102,17,0.02
114,474,17,0.02
5842,522,17,0.02
10944,433,17,0.02
10021,267,17,0.02
13215,294,17,0.02
1233,299,17,0.02
7223,324,17,0.02
4303,726,17,0.02
888,1149,17,0.02
5220,263,17,0.02
7070,492,17,0.02
11225,282,17,0.02
8579,174,17,0.02
5591,244,17,0.02
14073,176,17,0.02
11965,477,16,0.01
8491,906,16,0.01
8344,201,16,0.01
6744,503,16,0.01
2903,248,16,0.01
7125,101,16,0.01
8531,246,16,0.01
13425,588,16,0.01
3111,2307,16,0.01
8723,365,16,0.01
8159,678,16,0.01
9753,2288,16,0.01
11685,738,16,0.01
2048,1216,16,0.01
9896,897,16,0.01
10481,6841,16,0.01
5631,317,16,0.01
1900,403,16,0.01
4864,1611,16,0.01
5430,374,16,0.01
6267,642,16,0.01
10725,507,16,0.01
6264,538,16,0.01
7673,470,16,0.01
6793,642,16,0.01
3528,1649,16,0.01
9293,259,16,0.01
3865,532,16,0.01
12219,376,16,0.01
5515,410,16,0.01
9772,279,16,0.01
6824,1090,16,0.01
1686,630,16,0.01
11876,468,16,0.01
7040,303,16,0.01
13773,998,16,0.01
7405,486,16,0.01
4439,348,16,0.01
1990,1159,16,0.01
7711,811,16,0.01
6154,496,16,0.01
9419,495,16,0.01
6792,515,16,0.01
10464,648,16,0.01
10331,313,16,0.01
8848,365,16,0.01
6101,411,16,0.01
4813,189,16,0.01
1098,2091,15,0.01
5809,2082,15,0.01
12819,1664,15,0.01
5599,415,15,0.01
8649,1633,15,0.01
11339,1407,15,0.01
1183,489,15,0.01
8094,356,15,0.01
6235,1461,15,0.01
12317,427,15,0.01
13154,352,15,0.01
6489,489,15,0.01
9090,817,15,0.01
8484,639,15,0.01
9384,432,15,0.01
3339,318,15,0.01
10010,628,15,0.01
281,510,15,0.01
7419,149,15,0.01
5752,1777,15,0.01
7971,774,15,0.01
7622,585,15,0.01
4949,572,15,0.01
7466,475,15,0.01
8373,1339,15,0.01
5522,758,15,0.01
1198,723,15,0.01
11995,371,15,0.01
9343,349,15,0.01
11475,1636,15,0.01
7269,385,15,0.01
13664,1061,15,0.01
892,169,15,0.01
12998,874,15,0.01
11223,256,15,0.01
1477,743,15,0.01
14006,405,15,0.01
7276,583,15,0.01
849,730,15,0.01
1456,341,15,0.01
2170,980,15,0.01
3670,682,15,0.01
11512,222,15,0.01
9279,1185,15,0.01
4510,448,15,0.01
5827,168,15,0.01
5320,1035,15,0.01
618,392,15,0.01
10138,185,15,0.01
8716,250,15,0.01
6442,151,15,0.01
600,332,15,0.01
13508,254,15,0.01
10873,128,15,0.01
5998,317,14,0.01
12735,156,14,0.01
2966,174,14,0.01
12096,75,14,0.01
6439,229,14,0.01
3838,135,14,0.01
2177,883,14,0.01
10304,630,14,0.01
1822,180,14,0.01
8954,299,14,0.01
8912,283,14,0.01
7889,66,14,0.01
3283,298,14,0.01
1872,196,14,0.01
5041,319,14,0.01
10213,1261,14,0.01
11904,1430,14,0.01
492,5945,14,0.01
606,582,14,0.01
2342,333,14,0.01
11616,413,14,0.01
12388,5881,14,0.01
10726,214,14,0.01
5351,1079,14,0.01
12837,505,14,0.01
4221,221,14,0.01
5899,677,14,0.01
1199,834,14,0.01
12239,1044,14,0.01
1722,168,14,0.01
12584,742,14,0.01
831,293,14,0.01
5453,121,14,0.01
3102,419,14,0.01
11111,497,14,0.01
4573,442,14,0.01
10973,940,14,0.01
10576,1711,14,0.01
5801,799,14,0.01
4688,507,14,0.01
12778,675,14,0.01
3682,659,14,0.01
13908,343,14,0.01
725,787,14,0.01
7717,140,14,0.01
6957,493,14,0.01
10500,345,14,0.01
8809,267,14,0.01
10141,443,14,0.01
8793,191,14,0.01
10162,224,14,0.01
10799,472,14,0.01
7452,775,14,0.01
14050,169,14,0.01
1442,155,13,0.01
12245,818,13,0.01
1860,1141,13,0.01
5340,538,13,0.01
10209,348,13,0.01
43,530,13,0.01
7951,955,13,0.01
12555,211,13,0.01
11047,516,13,0.01
5829,307,13,0.01
11702,424,13,0.01
2537,182,13,0.01
5360,1156,13,0.01
13323,377,13,0.01
4159,566,13,0.01
1807,953,13,0.01
6608,285,13,0.01
3723,954,13,0.01
4210,759,13,0.01
4561,1343,13,0.01
6247,1092,13,0.01
10678,685,13,0.01
4601,481,13,0.01
11564,706,13,0.01
2535,567,13,0.01
4531,858,13,0.01
805,338,13,0.01
4609,393,13,0.01
10862,357,13,0.01
2213,493,13,0.01
4701,1545,13,0.01
6901,175,13,0.01
590,858,13,0.01
6858,204,13,0.01
7297,717,13,0.01
7832,232,13,0.01
3358,750,13,0.01
6367,1208,13,0.01
1152,417,13,0.01
5981,1045,13,0.01
11883,312,13,0.01
11954,338,13,0.01
5579,480,13,0.01
9719,471,13,0.01
1630,258,13,0.01
10040,167,13,0.01
414,201,13,0.01
1287,168,13,0.01
5900,228,13,0.01
2092,195,13,0.01
3584,129,13,0.01
1726,228,13,0.01
689,162,13,0.01
5004,192,13,0.01
5646,165,13,0.01
6985,353,13,0.01
13346,308,12,0.01
12657,129,12,0.01
192,142,12,0.01
9139,154,12,0.01
3139,334,12,0.01
8735,206,12,0.01
10983,622,12,0.01
6580,357,12,0.01
9480,283,12,0.01
2410,109,12,0.01
12540,480,12,0.01
7534,246,12,0.01
11114,349,12,0.01
3227,431,12,0.01
5602,178,12,0.01
157,184,12,0.01
4034,261,12,0.01
6485,179,12,0.01
11621,338,12,0.01
5869,220,12,0.01
4302,114,12,0.01
13846,1974,12,0.01
13823,3121,12,0.01
13224,212,12,0.01
2771,1216,12,0.01
10063,1734,12,0.01
5127,1423,12,0.01
2271,335,12,0.01
10659,542,12,0.01
11219,989,12,0.01
10322,542,12,0.01
7955,3180,12,0.01
12598,384,12,0.01
10734,874,12,0.01
3562,192,12,0.01
9881,774,12,0.01
11837,632,12,0.01
3228,224,12,0.01
5932,1242,12,0.01
3200,1177,12,0.01
5480,1586,12,0.01
6129,247,12,0.01
2620,208,12,0.01
4025,775,12,0.01
5927,289,12,0.01
1116,1168,12,0.01
13769,512,12,0.01
4274,286,12,0.01
9808,230,12,0.01
7690,335,12,0.01
838,520,12,0.01
10062,235,12,0.01
12688,393,12,0.01
6627,165,12,0.01
11917,1104,12,0.01
987,863,12,0.01
9101,767,12,0.01
6168,663,12,0.01
5898,750,12,0.01
3289,239,12,0.01
5077,345,12,0.01
7576,156,12,0.01
1048,817,12,0.01
705,567,12,0.01
10772,176,12,0.01
12183,303,12,0.01
13269,1249,12,0.01
7948,252,12,0.01
9093,147,12,0.01
12233,245,12,0.01
3085,343,12,0.01
7392,213,12,0.01
13691,264,12,0.01
13928,451,11,0.01
8724,289,11,0.01
7708,1970,11,0.01
11184,448,11,0.01
9526,935,11,0.01
574,1868,11,0.01
9086,3322,11,0.01
674,428,11,0.01
6518,554,11,0.01
3607,165,11,0.01
1584,382,11,0.01
11398,526,11,0.01
11021,224,11,0.01
2971,188,11,0.01
9872,471,11,0.01
9221,396,11,0.01
11733,257,11,0.01
1362,315,11,0.01
1324,605,11,0.01
5604,503,11,0.01
5930,652,11,0.01
9224,717,11,0.01
9358,309,11,0.01
7653,501,11,0.01
11664,420,11,0.01
10241,372,11,0.01
7014,489,11,0.01
2122,131,11,0.01
11097,332,11,0.01
12612,385,11,0.01
5635,581,11,0.01
219,202,11,0.01
1102,167,11,0.01
11062,810,11,0.01
6569,288,11,0.01
4961,415,11,0.01
9311,641,11,0.01
5264,447,11,0.01
6176,457,11,0.01
13408,401,11,0.01
13441,113,11,0.01
6423,487,11,0.01
13135,101,11,0.01
8613,277,11,0.01
11055,409,11,0.01
2939,645,11,0.01
6964,594,11,0.01
9510,200,11,0.01
8541,369,11,0.01
8191,397,11,0.01
5892,213,11,0.01
10735,473,11,0.01
12923,248,11,0.01
5229,277,11,0.01
9160,156,11,0.01
863,194,11,0.01
340,177,11,0.01
1215,879,11,0.01
5276,526,11,0.01
4880,299,11,0.01
10816,263,11,0.01
7530,315,11,0.01
12275,245,11,0.01
8967,474,11,0.01
3721,194,11,0.01
9191,523,11,0.01
14064,324,11,0.01
2255,852,11,0.01
7739,352,11,0.01
13148,120,11,0.01
5118,167,11,0.01
11967,455,11,0.01
2781,316,11,0.01
155,847,11,0.01
12277,165,11,0.01
138,172,11,0.01
11275,213,11,0.01
4762,159,11,0.01
632,200,11,0.01
8633,314,11,0.01
12195,195,11,0.01
11551,426,11,0.01
8259,260,11,0.01
9117,119,11,0.01
10741,521,11,0.01
4227,173,11,0.01
11754,37,11,0.01
6562,517,10,0.01
5844,115,10,0.01
12194,376,10,0.01
6375,129,10,0.01
3687,8332,10,0.01
11909,1167,10,0.01
5329,670,10,0.01
5141,1344,10,0.01
5332,983,10,0.01
3814,259,10,0.01
11076,741,10,0.01
5881,662,10,0.01
4539,495,10,0.01
8052,368,10,0.01
8156,511,10,0.01
3786,335,10,0.01
8611,112,10,0.01
3190,184,10,0.01
9228,118,10,0.01
254,964,10,0.01
288,1186,10,0.01
12615,1052,10,0.01
7354,578,10,0.01
10779,190,10,0.01
4320,233,10,0.01
11482,367,10,0.01
9948,552,10,0.01
10785,1187,10,0.01
11439,346,10,0.01
5308,366,10,0.01
3727,377,10,0.01
9938,746,10,0.01
4750,188,10,0.01
10174,315,10,0.01
11229,233,10,0.01
10216,1004,10,0.01
2156,83,10,0.01
432,881,10,0.01
4953,164,10,0.01
1530,103,10,0.01
4692,84,10,0.01
12342,300,10,0.01
3489,223,10,0.01
10967,257,10,0.01
5095,233,10,0.01
2079,255,10,0.01
3393,116,10,0.01
7385,189,10,0.01
4841,186,10,0.01
5706,373,10,0.01
3282,169,10,0.01
12961,166,10,0.01
1250,651,10,0.01
4422,360,10,0.01
10613,133,10,0.01
2395,752,10,0.01
13200,115,10,0.01
8216,555,10,0.01
9082,139,10,0.01
6888,484,10,0.01
11992,507,10,0.01
1852,188,10,0.01
1892,242,10,0.01
3926,251,10,0.01
1401,314,10,0.01
7966,738,10,0.01
1190,473,10,0.01
2702,115,10,0.01
11584,163,10,0.01
9712,147,10,0.01
3555,110,10,0.01
522,136,10,0.01
13831,213,10,0.01
11392,168,10,0.01
6048,190,10,0.01
13840,607,10,0.01
7035,303,10,0.01
4625,2541,10,0.01
2484,270,10,0.01
11498,191,10,0.01
3033,119,10,0.01
6896,168,10,0.01
8994,169,10,0.01
7025,248,10,0.01
10288,118,10,0.01
6686,209,10,0.01
10814,327,10,0.01
12351,124,10,0.01
1996,189,10,0.01
501,153,10,0.01
12922,181,10,0.01
9983,244,10,0.01
2026,260,10,0.01
7942,171,10,0.01
11720,104,10,0.01
564,81,10,0.01
11761,129,10,0.01
829,161,10,0.01
4668,188,10,0.01
2199,132,10,0.01
9550,177,10,0.01
10206,122,10,0.01
3213,220,9,0.01
6529,328,9,0.01
10514,120,9,0.01
3620,294,9,0.01
11990,175,9,0.01
8764,130,9,0.01
9885,90,9,0.01
9432,101,9,0.01
347,204,9,0.01
7674,93,9,0.01
9833,871,9,0.01
8017,219,9,0.01
7210,172,9,0.01
3297,361,9,0.01
5523,147,9,0.01
11974,259,9,0.01
9920,272,9,0.01
3937,234,9,0.01
13774,419,9,0.01
11815,154,9,0.01
2848,93,9,0.01
8073,275,9,0.01
7804,121,9,0.01
4373,99,9,0.01
12124,181,9,0.01
338,154,9,0.01
4115,102,9,0.01
7822,92,9,0.01
5132,94,9,0.01
2415,2776,9,0.01
11470,1613,9,0.01
10120,4010,9,0.01
9664,1263,9,0.01
7996,107,9,0.01
47,525,9,0.01
6363,342,9,0.01
7772,251,9,0.01
4127,917,9,0.01
2568,1590,9,0.01
1155,1352,9,0.01
5114,889,9,0.01
12490,2323,9,0.01
10629,1437,9,0.01
2931,823,9,0.01
12822,459,9,0.01
13834,178,9,0.01
4385,113,9,0.01
11038,448,9,0.01
6677,701,9,0.01
11520,3808,9,0.01
11740,659,9,0.01
13348,297,9,0.01
9401,2129,9,0.01
2459,713,9,0.01
5269,461,9,0.01
12761,350,9,0.01
10593,384,9,0.01
4310,573,9,0.01
4599,318,9,0.01
10137,983,9,0.01
7834,422,9,0.01
4549,275,9,0.01
13922,400,9,0.01
7390,1241,9,0.01
6397,1143,9,0.01
7428,3287,9,0.01
3629,182,9,0.01
9959,924,9,0.01
3659,790,9,0.01
4642,2211,9,0.01
5711,314,9,0.01
1638,256,9,0.01
10825,897,9,0.01
9895,334,9,0.01
13459,209,9,0.01
12964,413,9,0.01
7050,222,9,0.01
1010,158,9,0.01
2312,517,9,0.01
13645,184,9,0.01
8868,190,9,0.01
2443,202,9,0.01
9529,323,9,0.01
13571,172,9,0.01
13114,1265,9,0.01
9061,356,9,0.01
4656,311,9,0.01
9597,312,9,0.01
10033,237,9,0.01
13060,177,9,0.01
13066,659,9,0.01
13480,172,9,0.01
12465,408,9,0.01
5719,360,9,0.01
8115,56,9,0.01
8990,1266,9,0.01
11412,287,9,0.01
8333,189,9,0.01
504,112,9,0.01
4411,75,9,0.01
2291,793,9,0.01
8587,320,9,0.01
3807,205,9,0.01
6804,357,9,0.01
2955,324,9,0.01
6540,225,9,0.01
8234,571,9,0.01
8598,378,9,0.01
3063,262,9,0.01
11365,337,9,0.01
14018,298,8,0.01
3032,282,8,0.01
8332,1321,8,0.01
13334,1136,8,0.01
7670,288,8,0.01
7961,573,8,0.01
9450,3051,8,0.01
1750,1004,8,0.01
13326,3334,8,0.01
11565,311,8,0.01
4889,128,8,0.01
7250,669,8,0.01
5049,185,8,0.01
12421,1698,8,0.01
10379,317,8,0.01
11481,582,8,0.01
910,131,8,0.01
3862,1560,8,0.01
1564,1445,8,0.01
257,226,8,0.01
10616,482,8,0.01
2801,519,8,0.01
10161,314,8,0.01
2479,652,8,0.01
11317,129,8,0.01
390,271,8,0.01
12722,259,8,0.01
6058,1525,8,0.01
7000,203,8,0.01
300,801,8,0.01
8609,262,8,0.01
1242,808,8,0.01
11236,361,8,0.01
280,1113,8,0.01
5176,1314,8,0.01
8526,706,8,0.01
10037,2384,8,0.01
7883,100,8,0.01
2831,496,8,0.01
12864,374,8,0.01
10821,334,8,0.01
1441,1707,8,0.01
9165,145,8,0.01
126,301,8,0.01
410,618,8,0.01
13672,158,8,0.01
4114,180,8,0.01
11595,697,8,0.01
11645,113,8,0.01
8518,39,8,0.01
2908,115,8,0.01
4197,205,8,0.01
6091,732,8,0.01
2659,374,8,0.01
7057,225,8,0.01
5048,625,8,0.01
8515,576,8,0.01
9592,150,8,0.01
12690,345,8,0.01
11143,139,8,0.01
722,270,8,0.01
7980,472,8,0.01
467,117,8,0.01
4336,326,8,0.01
10101,69,8,0.01
1451,636,8,0.01
2260,296,8,0.01
5193,160,8,0.01
10599,539,8,0.01
460,272,8,0.01
13056,147,8,0.01
4902,515,8,0.01
8916,254,8,0.01
1224,229,8,0.01
11644,353,8,0.01
10607,135,8,0.01
4343,180,8,0.01
5051,444,8,0.01
11037,308,8,0.01
11150,107,8,0.01
337,464,8,0.01
3599,549,8,0.01
12972,289,8,0.01
13109,178,8,0.01
115,136,8,0.01
7095,243,8,0.01
924,154,8,0.01
2229,69,8,0.01
3230,121,8,0.01
13040,77,8,0.01
4092,295,8,0.01
11443,69,8,0.01
3613,161,8,0.01
2905,169,8,0.01
9111,86,8,0.01
5569,381,8,0.01
1227,96,8,0.01
5586,62,8,0.01
10906,159,8,0.01
13749,174,8,0.01
5648,155,8,0.01
5208,112,8,0.01
1087,84,8,0.01
12365,233,8,0.01
12435,193,8,0.01
5906,124,8,0.01
11779,88,8,0.01
1249,114,8,0.01
12836,126,8,0.01
9570,61,7,0.01
4016,48,7,0.01
6469,60,7,0.01
11531,27,7,0.01
4700,806,7,0.01
12220,424,7,0.01
5581,206,7,0.01
12142,771,7,0.01
13872,118,7,0.01
354,569,7,0.01
1642,657,7,0.01
1079,305,7,0.01
9893,538,7,0.01
8376,2301,7,0.01
13001,74,7,0.01
5177,178,7,0.01
8901,2554,7,0.01
11159,2390,7,0.01
6754,2497,7,0.01
6997,232,7,0.01
6401,829,7,0.01
13150,152,7,0.01
5717,74,7,0.01
10939,218,7,0.01
7140,2743,7,0.01
8675,406,7,0.01
14047,228,7,0.01
1640,312,7,0.01
10402,281,7,0.01
11354,118,7,0.01
7668,201,7,0.01
4559,262,7,0.01
1110,1463,7,0.01
1144,473,7,0.01
11510,167,7,0.01
11679,141,7,0.01
1561,535,7,0.01
13472,163,7,0.01
6700,2003,7,0.01
12211,121,7,0.01
10085,603,7,0.01
11278,288,7,0.01
5878,745,7,0.01
9745,144,7,0.01
13428,179,7,0.01
9715,159,7,0.01
12550,320,7,0.01
13035,402,7,0.01
4179,305,7,0.01
10405,81,7,0.01
24,769,7,0.01
8966,1810,7,0.01
11804,190,7,0.01
5309,303,7,0.01
10716,293,7,0.01
10708,688,7,0.01
6445,233,7,0.01
3137,114,7,0.01
7450,750,7,0.01
728,229,7,0.01
497,197,7,0.01
6638,89,7,0.01
7607,144,7,0.01
9653,245,7,0.01
12129,87,7,0.01
8272,360,7,0.01
10177,191,7,0.01
7707,160,7,0.01
3994,186,7,0.01
10315,299,7,0.01
6441,189,7,0.01
10588,337,7,0.01
10957,130,7,0.01
4228,351,7,0.01
3708,195,7,0.01
5037,616,7,0.01
11636,173,7,0.01
6017,139,7,0.01
3645,110,7,0.01
4128,190,7,0.01
8166,39,7,0.01
13597,168,7,0.01
8521,434,7,0.01
8867,136,7,0.01
10360,710,7,0.01
5774,215,7,0.01
9375,311,7,0.01
12627,372,7,0.01
13989,140,7,0.01
1643,297,7,0.01
11427,89,7,0.01
8128,222,7,0.01
11631,184,7,0.01
12457,141,7,0.01
9769,199,7,0.01
3770,475,7,0.01
9757,375,7,0.01
8182,307,7,0.01
1742,138,7,0.01
6142,137,7,0.01
11237,397,7,0.01
13263,257,7,0.01
4647,109,7,0.01
6819,102,7,0.01
7694,201,7,0.01
3542,51,7,0.01
6745,347,7,0.01
7454,266,7,0.01
11158,318,7,0.01
12746,122,7,0.01
10679,101,7,0.01
8612,137,7,0.01
11164,150,7,0.01
4581,128,7,0.01
13876,273,7,0.01
11650,422,7,0.01
1471,415,7,0.01
5991,115,7,0.01
2493,79,7,0.01
10592,141,7,0.01
13483,79,7,0.01
9850,96,7,0.01
7905,117,7,0.01
13863,305,7,0.01
8029,275,7,0.01
9490,84,7,0.01
9416,86,7,0.01
2762,83,7,0.01
11703,95,7,0.01
11704,56,7,0.01
10111,106,7,0.01
7192,87,7,0.01
5102,199,7,0.01
4990,61,7,0.01
7558,175,7,0.01
5937,77,7,0.01
7522,95,7,0.01
10254,98,7,0.01
6658,139,7,0.01
7953,197,7,0.01
13094,105,7,0.01
8178,110,7,0.01
12816,184,7,0.01
8920,159,7,0.01
9066,154,7,0.01
1394,265,7,0.01
1305,105,7,0.01
7305,300,7,0.01
4050,75,7,0.01
8401,179,7,0.01
1436,50,7,0.01
6654,148,6,0.01
2914,78,6,0.01
6811,111,6,0.01
5381,186,6,0.01
5315,33,6,0.01
878,88,6,0.01
13318,684,6,0.01
2396,376,6,0.01
4415,123,6,0.01
7894,178,6,0.01
13214,85,6,0.01
5057,496,6,0.01
10122,182,6,0.01
12545,56,6,0.01
768,144,6,0.01
6040,145,6,0.01
14023,313,6,0.01
5956,94,6,0.01
10522,71,6,0.01
12784,135,6,0.01
12910,117,6,0.01
2202,458,6,0.01
756,117,6,0.01
8836,115,6,0.01
6633,117,6,0.01
11861,69,6,0.01
8068,421,6,0.01
8767,136,6,0.01
12788,141,6,0.01
12765,132,6,0.01
12228,155,6,0.01
8804,194,6,0.01
11678,74,6,0.01
11521,61,6,0.01
4156,250,6,0.01
5576,117,6,0.01
1157,49,6,0.01
7956,94,6,0.01
1316,104,6,0.01
13328,238,6,0.01
1059,170,6,0.01
6133,303,6,0.01
9515,127,6,0.01
309,110,6,0.01
8542,142,6,0.01
3051,114,6,0.01
2856,242,6,0.01
5684,52,6,0.01
2786,129,6,0.01
8148,191,6,0.01
12905,58,6,0.01
8505,148,6,0.01
6146,88,6,0.01
5028,37,6,0.01
6200,119,6,0.01
12409,221,6,0.01
11633,105,6,0.01
633,85,6,0.01
13024,166,6,0.01
9875,132,6,0.01
5640,67,6,0.01
2238,75,6,0.01
11430,88,6,0.01
9493,87,6,0.01
5721,101,6,0.01
7655,221,6,0.01
2241,142,6,0.01
9520,173,6,0.01
5067,90,6,0.01
4226,55,6,0.01
4469,20,6,0.01
158,46,6,0.01
2946,73,6,0.01
11585,62,6,0.01
8697,70,6,0.01
9499,73,6,0.01
6668,15,6,0.01
2708,187,6,0.01
6035,155,6,0.01
4295,909,6,0.01
9195,217,6,0.01
6631,208,6,0.01
9660,169,6,0.01
4709,1505,6,0.01
5438,309,6,0.01
11833,322,6,0.01
1610,472,6,0.01
6249,483,6,0.01
10673,389,6,0.01
12193,168,6,0.01
13080,1398,6,0.01
6775,288,6,0.01
7329,332,6,0.01
2034,141,6,0.01
7301,125,6,0.01
976,306,6,0.01
4505,1040,6,0.01
240,223,6,0.01
12861,172,6,0.01
11377,174,6,0.01
10286,234,6,0.01
8184,466,6,0.01
6993,108,6,0.01
1527,426,6,0.01
120,372,6,0.01
9650,192,6,0.01
9610,524,6,0.01
13164,360,6,0.01
6595,394,6,0.01
13638,482,6,0.01
8442,159,6,0.01
8356,191,6,0.01
1943,155,6,0.01
8326,124,6,0.01
4119,57,6,0.01
5687,149,6,0.01
10112,318,6,0.01
6915,227,6,0.01
6583,107,6,0.01
6481,457,6,0.01
7660,253,6,0.01
279,1597,6,0.01
10381,233,6,0.01
10864,264,6,0.01
12375,695,6,0.01
6219,269,6,0.01
10732,900,6,0.01
9574,261,6,0.01
12376,127,6,0.01
2539,111,6,0.01
11051,131,6,0.01
11611,377,6,0.01
6478,223,6,0.01
4354,80,6,0.01
10889,167,6,0.01
5962,517,6,0.01
1404,65,6,0.01
5964,208,6,0.01
7399,61,6,0.01
3795,250,6,0.01
3789,456,6,0.01
8320,150,6,0.01
10644,163,6,0.01
5489,379,6,0.01
3238,135,6,0.01
10839,468,6,0.01
6796,312,6,0.01
3194,284,6,0.01
9327,548,6,0.01
1599,434,6,0.01
1288,189,6,0.01
12346,55,6,0.01
765,596,6,0.01
7680,99,6,0.01
2062,169,6,0.01
13832,118,6,0.01
13521,162,6,0.01
11322,143,6,0.01
2633,252,6,0.01
1820,95,6,0.01
11663,311,6,0.01
10637,913,6,0.01
13335,192,5,0.00
8888,146,5,0.00
1508,1363,5,0.00
4931,1768,5,0.00
12862,565,5,0.00
10817,280,5,0.00
2322,55,5,0.00
12510,387,5,0.00
7087,54,5,0.00
13176,889,5,0.00
11,4497,5,0.00
13670,812,5,0.00
1861,127,5,0.00
4773,1607,5,0.00
3264,559,5,0.00
7064,216,5,0.00
2648,466,5,0.00
13415,273,5,0.00
12009,339,5,0.00
3637,305,5,0.00
4301,107,5,0.00
740,2892,5,0.00
6060,661,5,0.00
7438,236,5,0.00
11925,720,5,0.00
4390,170,5,0.00
6938,87,5,0.00
10582,2468,5,0.00
2089,91,5,0.00
10532,277,5,0.00
9331,150,5,0.00
3001,672,5,0.00
8415,1083,5,0.00
9319,105,5,0.00
5153,481,5,0.00
9310,157,5,0.00
13034,60,5,0.00
8695,249,5,0.00
12921,915,5,0.00
9216,141,5,0.00
3945,573,5,0.00
8850,250,5,0.00
4533,999,5,0.00
11934,121,5,0.00
8242,52,5,0.00
7034,170,5,0.00
10215,227,5,0.00
2114,199,5,0.00
5115,132,5,0.00
11776,917,5,0.00
7484,421,5,0.00
1491,191,5,0.00
4391,146,5,0.00
7602,252,5,0.00
8661,241,5,0.00
1960,177,5,0.00
612,103,5,0.00
10618,66,5,0.00
11068,197,5,0.00
586,257,5,0.00
10751,250,5,0.00
994,46,5,0.00
6109,179,5,0.00
8627,274,5,0.00
13798,329,5,0.00
4883,382,5,0.00
13551,124,5,0.00
11697,187,5,0.00
13322,183,5,0.00
10107,197,5,0.00
3594,211,5,0.00
12948,274,5,0.00
12631,99,5,0.00
11343,172,5,0.00
11549,222,5,0.00
10554,116,5,0.00
1286,163,5,0.00
11058,573,5,0.00
13973,218,5,0.00
13457,65,5,0.00
7841,445,5,0.00
8605,1356,5,0.00
13212,68,5,0.00
1204,350,5,0.00
12229,327,5,0.00
8698,239,5,0.00
10519,166,5,0.00
10635,101,5,0.00
12506,247,5,0.00
3483,548,5,0.00
10363,229,5,0.00
11856,463,5,0.00
1710,304,5,0.00
7213,485,5,0.00
2929,259,5,0.00
11060,227,5,0.00
13789,71,5,0.00
8999,139,5,0.00
1758,105,5,0.00
10257,133,5,0.00
11316,144,5,0.00
233,137,5,0.00
8998,128,5,0.00
5206,173,5,0.00
7994,81,5,0.00
11170,166,5,0.00
3828,70,5,0.00
10694,110,5,0.00
2758,582,5,0.00
9622,75,5,0.00
623,76,5,0.00
8853,116,5,0.00
4147,109,5,0.00
4684,94,5,0.00
6680,129,5,0.00
7442,66,5,0.00
5824,524,5,0.00
3973,72,5,0.00
13855,91,5,0.00
4706,391,5,0.00
3487,220,5,0.00
5655,129,5,0.00
11250,84,5,0.00
11401,424,5,0.00
1656,121,5,0.00
2453,335,5,0.00
7870,200,5,0.00
7131,321,5,0.00
12504,138,5,0.00
4450,217,5,0.00
1407,147,5,0.00
1958,251,5,0.00
13440,157,5,0.00
11790,199,5,0.00
3449,108,5,0.00
6712,71,5,0.00
11046,200,5,0.00
13761,258,5,0.00
4018,100,5,0.00
11641,145,5,0.00
10467,240,5,0.00
1480,39,5,0.00
3658,216,5,0.00
9349,172,5,0.00
3713,144,5,0.00
3964,152,5,0.00
12321,340,5,0.00
11955,332,5,0.00
11185,107,5,0.00
5437,110,5,0.00
9219,196,5,0.00
5761,375,5,0.00
10733,432,5,0.00
13300,165,5,0.00
270,93,5,0.00
3546,62,5,0.00
10466,201,5,0.00
5525,130,5,0.00
7365,341,5,0.00
13945,131,5,0.00
5383,138,5,0.00
6507,150,5,0.00
11513,99,5,0.00
6909,116,5,0.00
7308,194,5,0.00
1034,35,5,0.00
7356,63,5,0.00
7471,139,5,0.00
12357,107,5,0.00
5987,224,5,0.00
3410,123,5,0.00
11939,67,5,0.00
3695,287,5,0.00
5755,46,5,0.00
4437,332,5,0.00
4872,108,5,0.00
1453,446,5,0.00
953,178,5,0.00
13636,219,5,0.00
13505,71,5,0.00
7512,111,5,0.00
13090,155,5,0.00
5865,219,5,0.00
5704,96,5,0.00
10389,152,5,0.00
4874,117,5,0.00
6743,136,5,0.00
4464,148,5,0.00
1930,162,5,0.00
12940,157,5,0.00
2653,156,5,0.00
6603,124,5,0.00
145,37,5,0.00
7430,156,5,0.00
7291,97,5,0.00
8436,194,5,0.00
11029,46,5,0.00
5838,112,5,0.00
6499,53,5,0.00
8025,75,5,0.00
5365,115,5,0.00
3571,140,5,0.00
35,97,5,0.00
8443,36,5,0.00
12128,123,5,0.00
2007,84,5,0.00
4087,86,5,0.00
6630,135,5,0.00
3928,26,5,0.00
3322,167,5,0.00
2788,81,5,0.00
398,65,5,0.00
6440,166,5,0.00
6009,98,5,0.00
13189,97,5,0.00
2046,140,5,0.00
5963,84,5,0.00
13498,39,5,0.00
5806,16,5,0.00
8777,76,5,0.00
11953,39,5,0.00
11081,81,5,0.00
5800,97,5,0.00
28,61,5,0.00
1393,32,5,0.00
8985,66,5,0.00
5947,63,5,0.00
2240,21,4,0.00
13242,80,4,0.00
8690,35,4,0.00
7309,57,4,0.00
13077,42,4,0.00
1769,50,4,0.00
13447,63,4,0.00
2662,82,4,0.00
8658,65,4,0.00
4472,43,4,0.00
1867,73,4,0.00
2937,40,4,0.00
5392,37,4,0.00
4038,33,4,0.00
5816,19,4,0.00
13103,88,4,0.00
11639,293,4,0.00
10043,406,4,0.00
11447,125,4,0.00
6526,670,4,0.00
997,533,4,0.00
8721,1589,4,0.00
8145,224,4,0.00
6213,448,4,0.00
922,378,4,0.00
11770,197,4,0.00
13409,160,4,0.00
6082,504,4,0.00
12802,361,4,0.00
7383,3528,4,0.00
3558,365,4,0.00
13725,195,4,0.00
5951,1652,4,0.00
404,313,4,0.00
730,496,4,0.00
7577,37,4,0.00
13107,1340,4,0.00
7849,152,4,0.00
3947,251,4,0.00
13216,306,4,0.00
15,404,4,0.00
8546,406,4,0.00
7008,395,4,0.00
13883,536,4,0.00
11295,177,4,0.00
8754,44,4,0.00
12659,177,4,0.00
2015,190,4,0.00
7594,416,4,0.00
4191,367,4,0.00
3921,987,4,0.00
10823,121,4,0.00
4663,95,4,0.00
6295,1909,4,0.00
3877,580,4,0.00
3380,143,4,0.00
12701,53,4,0.00
1452,49,4,0.00
1334,159,4,0.00
6643,257,4,0.00
6862,178,4,0.00
8710,437,4,0.00
11340,617,4,0.00
12996,1457,4,0.00
5248,193,4,0.00
12037,322,4,0.00
8639,832,4,0.00
5942,253,4,0.00
1601,579,4,0.00
10247,72,4,0.00
2198,178,4,0.00
318,328,4,0.00
12997,448,4,0.00
6975,331,4,0.00
1313,241,4,0.00
4234,79,4,0.00
8002,34,4,0.00
819,449,4,0.00
5622,525,4,0.00
12018,582,4,0.00
9530,183,4,0.00
12363,26,4,0.00
1213,846,4,0.00
2306,67,4,0.00
12197,328,4,0.00
11131,128,4,0.00
1806,55,4,0.00
7573,604,4,0.00
8560,703,4,0.00
6821,203,4,0.00
9337,434,4,0.00
8075,289,4,0.00
2091,53,4,0.00
13486,1043,4,0.00
10465,138,4,0.00
5478,97,4,0.00
12157,282,4,0.00
8124,80,4,0.00
8479,264,4,0.00
13615,595,4,0.00
1455,487,4,0.00
8904,80,4,0.00
7697,65,4,0.00
5611,278,4,0.00
4515,96,4,0.00
67,594,4,0.00
418,178,4,0.00
1124,239,4,0.00
5016,306,4,0.00
10620,112,4,0.00
3579,52,4,0.00
5763,293,4,0.00
3215,174,4,0.00
4394,42,4,0.00
2120,79,4,0.00
11566,194,4,0.00
9839,111,4,0.00
271,63,4,0.00
6471,386,4,0.00
1166,1120,4,0.00
11731,254,4,0.00
8,496,4,0.00
7104,208,4,0.00
10091,123,4,0.00
2750,125,4,0.00
6542,376,4,0.00
6922,101,4,0.00
2753,184,4,0.00
10715,266,4,0.00
2414,349,4,0.00
9913,222,4,0.00
519,304,4,0.00
8826,150,4,0.00
12711,375,4,0.00
591,233,4,0.00
8285,253,4,0.00
8539,97,4,0.00
3318,345,4,0.00
885,91,4,0.00
8760,141,4,0.00
9611,374,4,0.00
12201,345,4,0.00
10771,46,4,0.00
8913,149,4,0.00
1329,241,4,0.00
12801,93,4,0.00
10927,79,4,0.00
10,129,4,0.00
6632,497,4,0.00
1505,130,4,0.00
9137,53,4,0.00
11693,113,4,0.00
5901,190,4,0.00
4339,96,4,0.00
3592,147,4,0.00
11699,175,4,0.00
4112,235,4,0.00
7415,273,4,0.00
3155,133,4,0.00
2819,50,4,0.00
3855,62,4,0.00
12649,137,4,0.00
435,100,4,0.00
7770,45,4,0.00
2167,31,4,0.00
12738,133,4,0.00
11290,463,4,0.00
11579,103,4,0.00
2851,84,4,0.00
12003,89,4,0.00
7381,450,4,0.00
7904,74,4,0.00
9189,90,4,0.00
5637,209,4,0.00
9373,108,4,0.00
9462,35,4,0.00
13745,104,4,0.00
7536,435,4,0.00
4705,208,4,0.00
8938,41,4,0.00
13923,124,4,0.00
12402,130,4,0.00
5304,124,4,0.00
3453,175,4,0.00
3632,51,4,0.00
4965,646,4,0.00
12814,82,4,0.00
10638,102,4,0.00
6750,187,4,0.00
13540,48,4,0.00
3060,134,4,0.00
66,104,4,0.00
527,53,4,0.00
8110,44,4,0.00
11298,116,4,0.00
12324,56,4,0.00
9766,233,4,0.00
5835,13,4,0.00
8121,99,4,0.00
13866,175,4,0.00
1559,111,4,0.00
11465,127,4,0.00
7411,78,4,0.00
4603,38,4,0.00
13859,88,4,0.00
4662,145,4,0.00
5475,141,4,0.00
4101,133,4,0.00
4868,27,4,0.00
4164,175,4,0.00
12678,73,4,0.00
1801,75,4,0.00
13742,97,4,0.00
4045,95,4,0.00
5668,347,4,0.00
1762,93,4,0.00
10600,314,4,0.00
10826,149,4,0.00
11127,103,4,0.00
13913,59,4,0.00
5538,144,4,0.00
8202,221,4,0.00
5715,109,4,0.00
807,284,4,0.00
1300,55,4,0.00
8380,58,4,0.00
1357,47,4,0.00
6418,51,4,0.00
12,129,4,0.00
6308,63,4,0.00
8327,184,4,0.00
3242,47,4,0.00
8827,62,4,0.00
855,181,4,0.00
9722,175,4,0.00
1301,94,4,0.00
6694,124,4,0.00
4535,43,4,0.00
6719,108,4,0.00
6373,53,4,0.00
5570,80,4,0.00
2076,260,4,0.00
11089,161,4,0.00
12885,58,4,0.00
5379,61,4,0.00
8495,161,4,0.00
12687,38,4,0.00
1186,18,4,0.00
5795,49,4,0.00
5845,46,4,0.00
3500,72,4,0.00
2516,29,4,0.00
5920,149,4,0.00
7844,76,4,0.00
9635,58,4,0.00
9152,66,4,0.00
10092,59,4,0.00
577,19,4,0.00
10503,195,4,0.00
443,79,4,0.00
5405,66,4,0.00
9655,40,4,0.00
13748,102,4,0.00
5212,91,4,0.00
834,83,4,0.00
6666,24,4,0.00
2102,99,4,0.00
11813,80,4,0.00
9081,87,4,0.00
5265,100,4,0.00
6225,129,4,0.00
7506,96,4,0.00
1663,45,4,0.00
343,37,4,0.00
9251,39,4,0.00
5745,103,4,0.00
9098,72,4,0.00
5628,39,4,0.00
6503,31,4,0.00
11078,67,4,0.00
12256,36,4,0.00
7683,43,3,0.00
4865,286,3,0.00
12008,120,3,0.00
7096,144,3,0.00
7413,368,3,0.00
11835,63,3,0.00
7538,157,3,0.00
13701,269,3,0.00
5913,74,3,0.00
1835,335,3,0.00
10205,25,3,0.00
3323,40,3,0.00
13018,46,3,0.00
3929,76,3,0.00
4679,175,3,0.00
13737,68,3,0.00
10547,268,3,0.00
7533,69,3,0.00
930,90,3,0.00
6453,251,3,0.00
9803,38,3,0.00
4010,96,3,0.00
3313,56,3,0.00
2933,195,3,0.00
10421,31,3,0.00
13921,53,3,0.00
10556,102,3,0.00
13644,409,3,0.00
1101,455,3,0.00
9815,253,3,0.00
11239,71,3,0.00
10680,31,3,0.00
3623,338,3,0.00
10234,468,3,0.00
7076,185,3,0.00
4350,68,3,0.00
7843,68,3,0.00
8684,42,3,0.00
1149,58,3,0.00
1253,365,3,0.00
599,318,3,0.00
5984,58,3,0.00
1602,131,3,0.00
11419,154,3,0.00
12423,96,3,0.00
3403,74,3,0.00
8361,265,3,0.00
9350,100,3,0.00
5813,49,3,0.00
1349,54,3,0.00
6929,64,3,0.00
6010,138,3,0.00
11647,96,3,0.00
8431,174,3,0.00
4388,63,3,0.00
2517,114,3,0.00
9209,56,3,0.00
687,71,3,0.00
2861,63,3,0.00
808,44,3,0.00
1412,71,3,0.00
5802,241,3,0.00
93,196,3,0.00
5031,37,3,0.00
6496,133,3,0.00
4844,164,3,0.00
7080,50,3,0.00
10044,681,3,0.00
5726,42,3,0.00
13299,219,3,0.00
6933,83,3,0.00
4327,151,3,0.00
10274,196,3,0.00
243,55,3,0.00
6479,101,3,0.00
7973,45,3,0.00
11384,69,3,0.00
8301,143,3,0.00
1664,14,3,0.00
3564,23,3,0.00
11511,22,3,0.00
12985,89,3,0.00
8991,222,3,0.00
978,47,3,0.00
4638,135,3,0.00
5739,65,3,0.00
10341,139,3,0.00
10418,159,3,0.00
4479,106,3,0.00
10282,101,3,0.00
4239,100,3,0.00
10058,26,3,0.00
80,59,3,0.00
7487,68,3,0.00
2727,64,3,0.00
8905,137,3,0.00
10564,195,3,0.00
10886,190,3,0.00
7764,144,3,0.00
3803,37,3,0.00
515,326,3,0.00
7488,36,3,0.00
6829,152,3,0.00
13198,51,3,0.00
3738,72,3,0.00
7826,46,3,0.00
4172,174,3,0.00
2178,71,3,0.00
6908,103,3,0.00
9018,54,3,0.00
11431,311,3,0.00
13265,244,3,0.00
10240,250,3,0.00
9633,76,3,0.00
4927,122,3,0.00
11597,91,3,0.00
614,136,3,0.00
6184,88,3,0.00
9609,43,3,0.00
9194,55,3,0.00
5053,129,3,0.00
10048,167,3,0.00
10328,53,3,0.00
5231,54,3,0.00
9252,125,3,0.00
2288,121,3,0.00
12524,50,3,0.00
8696,140,3,0.00
969,73,3,0.00
11300,99,3,0.00
1793,49,3,0.00
3829,214,3,0.00
10713,109,3,0.00
9211,74,3,0.00
5073,193,3,0.00
12480,163,3,0.00
11603,76,3,0.00
13369,67,3,0.00
12689,30,3,0.00
13055,100,3,0.00
3872,83,3,0.00
2051,48,3,0.00
2346,109,3,0.00
11399,71,3,0.00
3026,82,3,0.00
3435,112,3,0.00
2085,88,3,0.00
14055,31,3,0.00
1869,46,3,0.00
12105,62,3,0.00
13291,59,3,0.00
3421,78,3,0.00
7435,129,3,0.00
10073,100,3,0.00
11613,22,3,0.00
2129,132,3,0.00
11957,199,3,0.00
4017,58,3,0.00
10882,46,3,0.00
2886,116,3,0.00
10482,46,3,0.00
7116,26,3,0.00
10028,35,3,0.00
5744,62,3,0.00
11201,93,3,0.00
454,52,3,0.00
3505,40,3,0.00
8400,34,3,0.00
3174,120,3,0.00
1447,107,3,0.00
9680,65,3,0.00
2423,15,3,0.00
13910,47,3,0.00
3647,115,3,0.00
1350,41,3,0.00
10960,20,3,0.00
3430,107,3,0.00
9989,245,3,0.00
10608,24,3,0.00
5255,87,3,0.00
1993,27,3,0.00
4369,63,3,0.00
6455,97,3,0.00
8438,45,3,0.00
8852,48,3,0.00
3140,142,3,0.00
12341,47,3,0.00
10540,56,3,0.00
6161,55,3,0.00
5109,26,3,0.00
6812,26,3,0.00
12104,18,3,0.00
5098,56,3,0.00
3061,21,3,0.00
3732,101,3,0.00
11267,50,3,0.00
13585,19,3,0.00
2030,27,3,0.00
10175,60,3,0.00
10557,22,3,0.00
10237,41,3,0.00
10220,14,3,0.00
912,30,3,0.00
13005,30,3,0.00
1714,15,3,0.00
9851,15,3,0.00
2325,16,3,0.00
3035,20,3,0.00
7913,16,3,0.00
4267,28,3,0.00
3565,17,3,0.00
9721,341,3,0.00
9151,94,3,0.00
1834,151,3,0.00
970,207,3,0.00
12889,523,3,0.00
10797,214,3,0.00
8413,138,3,0.00
10935,632,3,0.00
7578,160,3,0.00
2175,712,3,0.00
4537,2323,3,0.00
4839,135,3,0.00
3667,156,3,0.00
1666,142,3,0.00
7205,730,3,0.00
1002,224,3,0.00
6534,89,3,0.00
1980,44,3,0.00
8314,30,3,0.00
8646,624,3,0.00
10052,132,3,0.00
9118,859,3,0.00
11872,355,3,0.00
1985,148,3,0.00
3382,84,3,0.00
13180,139,3,0.00
2316,63,3,0.00
11742,225,3,0.00
12107,132,3,0.00
13460,658,3,0.00
12047,362,3,0.00
9361,49,3,0.00
12458,101,3,0.00
12674,125,3,0.00
12099,167,3,0.00
2921,230,3,0.00
5647,214,3,0.00
8873,46,3,0.00
8096,104,3,0.00
5543,278,3,0.00
2269,34,3,0.00
7239,1032,3,0.00
13538,189,3,0.00
3159,175,3,0.00
12884,368,3,0.00
85,640,3,0.00
13808,74,3,0.00
10108,148,3,0.00
2739,2165,3,0.00
12538,213,3,0.00
2197,91,3,0.00
3258,45,3,0.00
2960,160,3,0.00
3619,397,3,0.00
6989,635,3,0.00
13104,210,3,0.00
4272,66,3,0.00
10245,77,3,0.00
9042,106,3,0.00
8979,259,3,0.00
11274,431,3,0.00
1238,195,3,0.00
8886,342,3,0.00
10789,133,3,0.00
13159,83,3,0.00
4768,174,3,0.00
8630,49,3,0.00
6762,96,3,0.00
3129,37,3,0.00
13361,104,3,0.00
5140,120,3,0.00
11845,104,3,0.00
11256,341,3,0.00
2899,225,3,0.00
13819,798,3,0.00
4074,288,3,0.00
6114,181,3,0.00
11536,178,3,0.00
11204,198,3,0.00
10297,218,3,0.00
4696,29,3,0.00
5491,248,3,0.00
1799,187,3,0.00
6919,48,3,0.00
5449,244,3,0.00
8811,357,3,0.00
8118,276,3,0.00
4165,76,3,0.00
1109,120,3,0.00
11947,97,3,0.00
5402,78,3,0.00
5884,109,3,0.00
7201,70,3,0.00
2024,136,3,0.00
9765,67,3,0.00
1965,157,3,0.00
13754,756,3,0.00
4288,75,3,0.00
470,1010,3,0.00
6429,96,3,0.00
5889,180,3,0.00
5729,292,3,0.00
397,239,3,0.00
12112,114,3,0.00
5856,31,3,0.00
259,175,3,0.00
10925,179,3,0.00
6660,337,3,0.00
3249,249,3,0.00
3075,112,3,0.00
1582,169,3,0.00
4000,185,3,0.00
11632,213,3,0.00
3211,451,3,0.00
10990,48,3,0.00
13939,81,3,0.00
5230,159,3,0.00
3678,95,3,0.00
12805,125,3,0.00
11888,98,3,0.00
10329,114,3,0.00
4959,28,3,0.00
5072,67,3,0.00
9952,225,3,0.00
7755,184,3,0.00
6463,32,3,0.00
4188,101,3,0.00
13394,150,3,0.00
7756,52,3,0.00
13023,254,3,0.00
8425,81,3,0.00
12056,159,3,0.00
547,991,3,0.00
7260,177,3,0.00
7148,64,3,0.00
7817,248,3,0.00
6550,526,3,0.00
1770,221,3,0.00
7963,179,3,0.00
4913,173,3,0.00
3198,135,3,0.00
12580,157,3,0.00
560,147,3,0.00
472,61,3,0.00
9438,197,3,0.00
12990,64,3,0.00
10912,439,3,0.00
3096,76,3,0.00
10446,414,3,0.00
4040,140,3,0.00
5952,105,3,0.00
3189,196,3,0.00
2370,193,3,0.00
7954,69,3,0.00
12707,46,3,0.00
11141,55,3,0.00
7384,48,3,0.00
11808,132,3,0.00
8923,236,3,0.00
13555,403,3,0.00
10134,95,3,0.00
2564,276,3,0.00
12860,86,3,0.00
12143,177,2,0.00
10654,41,2,0.00
8368,172,2,0.00
9156,12,2,0.00
13919,24,2,0.00
13514,87,2,0.00
13434,37,2,0.00
7274,59,2,0.00
6252,41,2,0.00
176,224,2,0.00
697,388,2,0.00
11985,197,2,0.00
3123,354,2,0.00
6833,46,2,0.00
6456,1011,2,0.00
6265,59,2,0.00
13988,165,2,0.00
9589,196,2,0.00
2811,201,2,0.00
1315,47,2,0.00
384,1697,2,0.00
1851,57,2,0.00
1718,220,2,0.00
3484,148,2,0.00
5249,324,2,0.00
5928,190,2,0.00
12253,176,2,0.00
2525,346,2,0.00
1163,27,2,0.00
10781,577,2,0.00
2681,56,2,0.00
3181,115,2,0.00
2103,283,2,0.00
2922,48,2,0.00
2050,270,2,0.00
2624,57,2,0.00
4621,65,2,0.00
6420,565,2,0.00
9051,199,2,0.00
2191,21,2,0.00
1870,114,2,0.00
10230,62,2,0.00
11385,490,2,0.00
13681,156,2,0.00
1501,94,2,0.00
3279,505,2,0.00
7609,244,2,0.00
7504,413,2,0.00
3031,23,2,0.00
4048,20,2,0.00
2589,127,2,0.00
12773,244,2,0.00
7663,426,2,0.00
1916,395,2,0.00
11301,471,2,0.00
6007,109,2,0.00
13861,341,2,0.00
12446,166,2,0.00
7081,132,2,0.00
11389,20,2,0.00
8378,373,2,0.00
9593,506,2,0.00
1555,61,2,0.00
4926,50,2,0.00
8343,616,2,0.00
1937,315,2,0.00
2117,71,2,0.00
201,32,2,0.00
77,275,2,0.00
6461,211,2,0.00
8528,242,2,0.00
12633,51,2,0.00
12558,312,2,0.00
10454,225,2,0.00
12173,128,2,0.00
2225,2192,2,0.00
1485,138,2,0.00
9682,86,2,0.00
3005,145,2,0.00
12483,44,2,0.00
4331,42,2,0.00
12665,31,2,0.00
10193,126,2,0.00
12319,260,2,0.00
9248,103,2,0.00
3328,434,2,0.00
1579,20,2,0.00
4985,13,2,0.00
12150,246,2,0.00
3052,392,2,0.00
8249,29,2,0.00
12981,490,2,0.00
1824,71,2,0.00
9402,41,2,0.00
8909,89,2,0.00
2569,551,2,0.00
5805,86,2,0.00
12502,23,2,0.00
13257,33,2,0.00
12528,191,2,0.00
6940,145,2,0.00
5252,40,2,0.00
8962,170,2,0.00
6120,74,2,0.00
6972,42,2,0.00
1304,468,2,0.00
3004,236,2,0.00
12971,208,2,0.00
9136,103,2,0.00
5771,312,2,0.00
12620,49,2,0.00
7094,89,2,0.00
6506,123,2,0.00
3400,86,2,0.00
11638,201,2,0.00
2657,91,2,0.00
513,25,2,0.00
3843,1183,2,0.00
12703,177,2,0.00
297,618,2,0.00
6579,128,2,0.00
11082,676,2,0.00
11308,42,2,0.00
13848,156,2,0.00
8217,150,2,0.00
1886,101,2,0.00
597,649,2,0.00
13271,29,2,0.00
10542,51,2,0.00
1344,47,2,0.00
5428,18,2,0.00
72,28,2,0.00
7174,181,2,0.00
11657,85,2,0.00
8952,22,2,0.00
8996,384,2,0.00
2852,18,2,0.00
4090,46,2,0.00
12316,573,2,0.00
429,179,2,0.00
9161,312,2,0.00
4004,97,2,0.00
8624,140,2,0.00
11889,106,2,0.00
10352,65,2,0.00
3527,130,2,0.00
9625,178,2,0.00
11382,53,2,0.00
6813,106,2,0.00
3166,49,2,0.00
9315,40,2,0.00
10080,61,2,0.00
1413,18,2,0.00
5006,396,2,0.00
6900,780,2,0.00
164,145,2,0.00
13492,133,2,0.00
8606,67,2,0.00
535,215,2,0.00
11969,22,2,0.00
772,72,2,0.00
12280,135,2,0.00
2132,153,2,0.00
9708,65,2,0.00
5266,422,2,0.00
9511,120,2,0.00
8810,90,2,0.00
2278,59,2,0.00
4860,67,2,0.00
4657,262,2,0.00
13287,106,2,0.00
4579,189,2,0.00
8311,72,2,0.00
7121,93,2,0.00
3816,22,2,0.00
7357,58,2,0.00
9218,77,2,0.00
6230,105,2,0.00
13475,67,2,0.00
8072,114,2,0.00
781,19,2,0.00
536,118,2,0.00
7325,158,2,0.00
3813,61,2,0.00
8872,123,2,0.00
10844,127,2,0.00
7700,27,2,0.00
11659,15,2,0.00
4775,403,2,0.00
3700,137,2,0.00
4118,11,2,0.00
2896,43,2,0.00
1129,281,2,0.00
4214,48,2,0.00
1377,842,2,0.00
2975,16,2,0.00
10824,43,2,0.00
4088,213,2,0.00
9223,144,2,0.00
4754,81,2,0.00
9414,48,2,0.00
10527,92,2,0.00
3300,272,2,0.00
10876,73,2,0.00
6798,217,2,0.00
7591,69,2,0.00
7781,132,2,0.00
5163,36,2,0.00
4120,72,2,0.00
10730,86,2,0.00
2128,47,2,0.00
11684,51,2,0.00
9882,179,2,0.00
12853,18,2,0.00
8807,111,2,0.00
7362,90,2,0.00
4129,146,2,0.00
11916,115,2,0.00
3428,87,2,0.00
11344,17,2,0.00
14002,245,2,0.00
1193,83,2,0.00
8885,42,2,0.00
6709,47,2,0.00
6504,150,2,0.00
10976,186,2,0.00
4393,149,2,0.00
3451,357,2,0.00
4309,89,2,0.00
11115,158,2,0.00
3180,73,2,0.00
14057,31,2,0.00
10723,15,2,0.00
11716,240,2,0.00
12202,86,2,0.00
8617,125,2,0.00
5590,122,2,0.00
13509,148,2,0.00
427,339,2,0.00
13222,145,2,0.00
14068,19,2,0.00
9842,40,2,0.00
4840,1523,2,0.00
6236,310,2,0.00
1092,71,2,0.00
10615,72,2,0.00
3693,37,2,0.00
7800,58,2,0.00
10947,54,2,0.00
12140,62,2,0.00
13356,142,2,0.00
5893,22,2,0.00
13984,29,2,0.00
12930,111,2,0.00
12031,150,2,0.00
5821,49,2,0.00
21,88,2,0.00
13292,134,2,0.00
9410,59,2,0.00
3817,213,2,0.00
3568,133,2,0.00
8268,150,2,0.00
544,90,2,0.00
6855,133,2,0.00
2047,17,2,0.00
7859,85,2,0.00
8983,46,2,0.00
13879,77,2,0.00
6409,38,2,0.00
1556,62,2,0.00
2956,37,2,0.00
11793,133,2,0.00
8741,12,2,0.00
7001,41,2,0.00
4281,25,2,0.00
6052,158,2,0.00
6422,137,2,0.00
5595,123,2,0.00
14035,118,2,0.00
3530,57,2,0.00
11118,28,2,0.00
11403,77,2,0.00
792,214,2,0.00
11214,89,2,0.00
9687,62,2,0.00
7685,76,2,0.00
2892,21,2,0.00
11220,59,2,0.00
13213,252,2,0.00
9558,96,2,0.00
4555,67,2,0.00
3836,32,2,0.00
5986,199,2,0.00
3622,89,2,0.00
3948,58,2,0.00
8350,136,2,0.00
12999,67,2,0.00
4508,38,2,0.00
6999,29,2,0.00
780,292,2,0.00
12318,242,2,0.00
10053,73,2,0.00
9206,66,2,0.00
6860,189,2,0.00
7737,353,2,0.00
5122,41,2,0.00
13473,49,2,0.00
7857,33,2,0.00
3646,45,2,0.00
12542,46,2,0.00
13470,31,2,0.00
447,156,2,0.00
11226,66,2,0.00
5101,40,2,0.00
6854,233,2,0.00
8468,68,2,0.00
2761,21,2,0.00
8702,81,2,0.00
996,174,2,0.00
8091,14,2,0.00
946,44,2,0.00
13336,181,2,0.00
2704,29,2,0.00
9108,21,2,0.00
10082,71,2,0.00
12113,95,2,0.00
12835,59,2,0.00
5214,794,2,0.00
9812,92,2,0.00
8782,84,2,0.00
1910,31,2,0.00
8385,126,2,0.00
7584,127,2,0.00
3915,72,2,0.00
9728,55,2,0.00
2671,107,2,0.00
6704,31,2,0.00
5242,206,2,0.00
582,60,2,0.00
13777,121,2,0.00
1815,79,2,0.00
3371,24,2,0.00
4256,101,2,0.00
12946,223,2,0.00
4374,56,2,0.00
7445,12,2,0.00
7604,30,2,0.00
4632,47,2,0.00
657,158,2,0.00
10750,46,2,0.00
620,89,2,0.00
9443,73,2,0.00
3143,145,2,0.00
9313,203,2,0.00
13009,49,2,0.00
9190,49,2,0.00
4569,82,2,0.00
3335,73,2,0.00
8313,227,2,0.00
13784,20,2,0.00
903,98,2,0.00
825,130,2,0.00
3254,125,2,0.00
1568,57,2,0.00
5145,284,2,0.00
11009,58,2,0.00
13804,96,2,0.00
13677,15,2,0.00
5980,42,2,0.00
7361,89,2,0.00
13416,194,2,0.00
13223,85,2,0.00
1618,47,2,0.00
3782,18,2,0.00
8772,71,2,0.00
3664,14,2,0.00
3777,73,2,0.00
11346,72,2,0.00
8392,47,2,0.00
10853,29,2,0.00
9080,89,2,0.00
2239,16,2,0.00
5183,88,2,0.00
11624,63,2,0.00
9542,78,2,0.00
4360,26,2,0.00
2052,52,2,0.00
8683,61,2,0.00
10153,18,2,0.00
5710,13,2,0.00
8050,177,2,0.00
3606,40,2,0.00
6296,155,2,0.00
2688,101,2,0.00
12075,23,2,0.00
6243,84,2,0.00
13128,41,2,0.00
3068,40,2,0.00
4200,13,2,0.00
5146,142,2,0.00
10563,29,2,0.00
540,60,2,0.00
12525,38,2,0.00
6969,66,2,0.00
3362,25,2,0.00
1120,126,2,0.00
14015,43,2,0.00
6077,75,2,0.00
7872,72,2,0.00
11882,90,2,0.00
11474,68,2,0.00
5677,118,2,0.00
3756,101,2,0.00
3391,94,2,0.00
10396,142,2,0.00
1371,17,2,0.00
5626,22,2,0.00
13685,66,2,0.00
10150,17,2,0.00
8615,82,2,0.00
8084,153,2,0.00
9685,43,2,0.00
6788,55,2,0.00
4786,33,2,0.00
5817,154,2,0.00
12478,32,2,0.00
9621,26,2,0.00
11345,67,2,0.00
9800,19,2,0.00
11045,53,2,0.00
1175,47,2,0.00
2147,211,2,0.00
2159,119,2,0.00
10565,100,2,0.00
10830,34,2,0.00
13030,41,2,0.00
1180,34,2,0.00
2308,33,2,0.00
7015,81,2,0.00
12684,26,2,0.00
10855,29,2,0.00
13797,96,2,0.00
604,43,2,0.00
5943,60,2,0.00
1961,96,2,0.00
9549,37,2,0.00
6348,101,2,0.00
11966,104,2,0.00
13888,13,2,0.00
11886,71,2,0.00
6667,65,2,0.00
4554,117,2,0.00
8711,107,2,0.00
8834,23,2,0.00
3170,107,2,0.00
1194,27,2,0.00
13295,119,2,0.00
11502,77,2,0.00
7242,154,2,0.00
2384,50,2,0.00
7136,68,2,0.00
5343,26,2,0.00
4397,92,2,0.00
2247,29,2,0.00
5836,64,2,0.00
11527,24,2,0.00
1818,43,2,0.00
1099,35,2,0.00
8761,45,2,0.00
336,37,2,0.00
11765,59,2,0.00
7821,36,2,0.00
13179,103,2,0.00
10485,22,2,0.00
9340,147,2,0.00
6610,120,2,0.00
13817,45,2,0.00
6760,39,2,0.00
6019,69,2,0.00
13655,62,2,0.00
2323,35,2,0.00
4728,94,2,0.00
944,66,2,0.00
9582,34,2,0.00
5814,61,2,0.00
8550,33,2,0.00
8517,154,2,0.00
6021,64,2,0.00
12859,106,2,0.00
13961,76,2,0.00
7009,99,2,0.00
10016,46,2,0.00
5957,17,2,0.00
4591,25,2,0.00
13418,36,2,0.00
13946,18,2,0.00
8500,29,2,0.00
13889,20,2,0.00
2087,62,2,0.00
4916,32,2,0.00
12269,15,2,0.00
2670,16,2,0.00
9318,46,2,0.00
3958,16,2,0.00
13954,60,2,0.00
4271,33,2,0.00
572,18,2,0.00
2093,26,2,0.00
7307,118,2,0.00
2747,70,2,0.00
11741,28,2,0.00
11109,28,2,0.00
11681,35,2,0.00
5198,64,2,0.00
897,58,2,0.00
8005,56,2,0.00
5254,107,2,0.00
2755,13,2,0.00
1252,33,2,0.00
1243,17,2,0.00
3901,32,2,0.00
3221,13,2,0.00
4475,53,2,0.00
8837,42,2,0.00
7051,21,2,0.00
46,63,2,0.00
12492,17,2,0.00
5792,45,2,0.00
3460,24,2,0.00
9282,29,2,0.00
8589,10,2,0.00
1551,28,2,0.00
9804,33,2,0.00
13637,64,2,0.00
12675,151,2,0.00
686,169,2,0.00
11689,69,2,0.00
13964,22,2,0.00
12698,60,2,0.00
5432,22,2,0.00
11422,50,2,0.00
255,38,2,0.00
8123,41,2,0.00
3823,32,2,0.00
9935,24,2,0.00
3804,10,2,0.00
12567,52,2,0.00
1353,96,2,0.00
6483,38,2,0.00
8524,18,2,0.00
1419,11,2,0.00
3610,14,2,0.00
12066,41,2,0.00
4596,15,2,0.00
172,52,2,0.00
13649,17,2,0.00
1512,69,2,0.00
139,23,2,0.00
11722,10,2,0.00
9121,9,2,0.00
9703,9,2,0.00
12642,16,2,0.00
6841,37,2,0.00
11786,18,2,0.00
97,49,2,0.00
13648,25,2,0.00
5903,31,2,0.00
8882,28,2,0.00
5008,9,2,0.00
13375,117,2,0.00
3981,34,2,0.00
12210,37,2,0.00
1689,20,2,0.00
7306,35,2,0.00
6421,32,2,0.00
6470,28,2,0.00
1908,10,2,0.00
13122,10,2,0.00
5062,17,2,0.00
1731,55,2,0.00
12400,14,2,0.00
11073,32,2,0.00
9560,13,2,0.00
1498,17,2,0.00
13279,31,2,0.00
10899,25,2,0.00
12846,12,2,0.00
3459,13,2,0.00
13781,20,2,0.00
5936,12,2,0.00
7127,31,2,0.00
8917,32,2,0.00
4888,28,2,0.00
2940,9,2,0.00
9217,41,2,0.00
7892,17,2,0.00
11006,9,2,0.00
5126,10,2,0.00
13044,8,2,0.00
7790,11,2,0.00
12077,6,2,0.00
2496,10,2,0.00
2763,22,1,0.00
1343,7,1,0.00
9326,18,1,0.00
13493,18,1,0.00
6352,5,1,0.00
10045,57,1,0.00
7115,8,1,0.00
1832,66,1,0.00
10551,15,1,0.00
3864,37,1,0.00
12857,14,1,0.00
7238,13,1,0.00
1062,24,1,0.00
11591,6,1,0.00
9378,37,1,0.00
742,13,1,0.00
6206,17,1,0.00
13642,28,1,0.00
5202,10,1,0.00
7479,29,1,0.00
11484,15,1,0.00
11933,68,1,0.00
3749,10,1,0.00
4223,6,1,0.00
8653,21,1,0.00
6511,29,1,0.00
9691,20,1,0.00
5035,9,1,0.00
4500,39,1,0.00
8035,51,1,0.00
9982,50,1,0.00
7518,25,1,0.00
5218,34,1,0.00
13105,29,1,0.00
4035,66,1,0.00
669,53,1,0.00
7615,22,1,0.00
127,25,1,0.00
4493,16,1,0.00
11931,24,1,0.00
13950,7,1,0.00
8339,40,1,0.00
13464,17,1,0.00
1220,8,1,0.00
11596,12,1,0.00
10601,7,1,0.00
206,18,1,0.00
11825,61,1,0.00
9170,50,1,0.00
10201,26,1,0.00
12628,39,1,0.00
7224,50,1,0.00
12279,25,1,0.00
2279,26,1,0.00
1757,20,1,0.00
12792,6,1,0.00
8134,3,1,0.00
3021,147,1,0.00
13403,26,1,0.00
9507,30,1,0.00
1114,42,1,0.00
13953,18,1,0.00
10755,6,1,0.00
6149,19,1,0.00
4408,24,1,0.00
10937,13,1,0.00
962,42,1,0.00
11336,3,1,0.00
9910,13,1,0.00
8418,19,1,0.00
12890,37,1,0.00
4121,16,1,0.00
140,54,1,0.00
4107,13,1,0.00
9946,19,1,0.00
9467,11,1,0.00
59,13,1,0.00
2134,12,1,0.00
7388,14,1,0.00
8245,5,1,0.00
6224,38,1,0.00
6193,7,1,0.00
12507,47,1,0.00
5910,22,1,0.00
8799,3,1,0.00
11271,27,1,0.00
685,41,1,0.00
2309,29,1,0.00
10861,16,1,0.00
3098,32,1,0.00
5032,35,1,0.00
11112,18,1,0.00
5851,9,1,0.00
1254,70,1,0.00
6708,15,1,0.00
6926,14,1,0.00
2809,26,1,0.00
4384,21,1,0.00
1925,41,1,0.00
2821,10,1,0.00
7187,14,1,0.00
10757,34,1,0.00
11918,23,1,0.00
3037,5,1,0.00
11000,30,1,0.00
13669,28,1,0.00
13684,10,1,0.00
602,11,1,0.00
12496,13,1,0.00
12933,7,1,0.00
8719,13,1,0.00
12255,9,1,0.00
2984,35,1,0.00
7456,7,1,0.00
291,29,1,0.00
1531,13,1,0.00
2340,9,1,0.00
12896,10,1,0.00
9009,17,1,0.00
4160,57,1,0.00
6881,45,1,0.00
3447,11,1,0.00
9085,84,1,0.00
9770,16,1,0.00
4417,27,1,0.00
10859,9,1,0.00
11989,38,1,0.00
12232,4,1,0.00
6037,37,1,0.00
11252,10,1,0.00
11434,79,1,0.00
1085,17,1,0.00
516,44,1,0.00
12471,15,1,0.00
8039,4,1,0.00
13795,35,1,0.00
7493,9,1,0.00
12978,25,1,0.00
6883,34,1,0.00
465,5,1,0.00
13758,2,1,0.00
8208,18,1,0.00
8032,16,1,0.00
10115,19,1,0.00
10252,9,1,0.00
3345,31,1,0.00
2063,18,1,0.00
11801,25,1,0.00
8934,13,1,0.00
11203,23,1,0.00
2847,20,1,0.00
3374,5,1,0.00
245,20,1,0.00
9424,38,1,0.00
6330,15,1,0.00
13208,15,1,0.00
10438,6,1,0.00
8101,9,1,0.00
3013,17,1,0.00
3842,5,1,0.00
1921,10,1,0.00
11620,5,1,0.00
83,28,1,0.00
1495,49,1,0.00
13020,5,1,0.00
3553,5,1,0.00
2888,43,1,0.00
4633,7,1,0.00
4259,30,1,0.00
5768,25,1,0.00
12071,3,1,0.00
11192,15,1,0.00
14016,12,1,0.00
791,57,1,0.00
2382,24,1,0.00
3556,6,1,0.00
331,7,1,0.00
3311,15,1,0.00
8706,23,1,0.00
7722,17,1,0.00
10769,14,1,0.00
2088,9,1,0.00
2518,31,1,0.00
5609,3,1,0.00
2157,21,1,0.00
7439,8,1,0.00
10321,7,1,0.00
11194,20,1,0.00
4108,14,1,0.00
937,7,1,0.00
12733,22,1,0.00
11174,13,1,0.00
10813,16,1,0.00
14075,22,1,0.00
8360,8,1,0.00
2745,19,1,0.00
1065,25,1,0.00
1354,54,1,0.00
12523,8,1,0.00
3474,19,1,0.00
9336,15,1,0.00
6098,5,1,0.00
3633,24,1,0.00
11655,24,1,0.00
3963,13,1,0.00
6501,8,1,0.00
6810,65,1,0.00
11725,24,1,0.00
4527,2,1,0.00
1614,2,1,0.00
4589,112,1,0.00
6280,8,1,0.00
11449,16,1,0.00
4046,16,1,0.00
7589,6,1,0.00
7912,3,1,0.00
1513,50,1,0.00
7332,20,1,0.00
5341,17,1,0.00
2043,20,1,0.00
13206,5,1,0.00
7861,11,1,0.00
6029,10,1,0.00
12895,4,1,0.00
8165,27,1,0.00
7734,33,1,0.00
2192,43,1,0.00
5287,14,1,0.00
2368,21,1,0.00
111,12,1,0.00
6384,21,1,0.00
581,34,1,0.00
4299,4,1,0.00
6878,8,1,0.00
11769,16,1,0.00
4098,8,1,0.00
2329,25,1,0.00
10868,8,1,0.00
13539,14,1,0.00
7118,9,1,0.00
3513,20,1,0.00
10962,23,1,0.00
11767,8,1,0.00
11964,28,1,0.00
13124,26,1,0.00
7628,2,1,0.00
7854,23,1,0.00
1497,5,1,0.00
11859,19,1,0.00
12473,6,1,0.00
1405,16,1,0.00
3288,19,1,0.00
8477,10,1,0.00
1917,3,1,0.00
3896,15,1,0.00
13290,8,1,0.00
2867,4,1,0.00
13002,10,1,0.00
14046,4,1,0.00
9689,5,1,0.00
13182,8,1,0.00
1768,6,1,0.00
9393,8,1,0.00
3575,32,1,0.00
12807,31,1,0.00
4748,27,1,0.00
5404,5,1,0.00
734,10,1,0.00
11867,6,1,0.00
9037,4,1,0.00
5999,30,1,0.00
11337,2,1,0.00
4580,10,1,0.00
8643,6,1,0.00
1429,19,1,0.00
7284,5,1,0.00
2392,4,1,0.00
194,12,1,0.00
7634,7,1,0.00
6688,11,1,0.00
12024,20,1,0.00
369,2,1,0.00
14060,24,1,0.00
12625,23,1,0.00
4730,10,1,0.00
5387,16,1,0.00
2906,11,1,0.00
13998,8,1,0.00
13728,21,1,0.00
11828,3,1,0.00
9683,4,1,0.00
12260,5,1,0.00
4324,6,1,0.00
6488,6,1,0.00
12794,7,1,0.00
12549,6,1,0.00
11735,4,1,0.00
6394,5,1,0.00
2472,5,1,0.00
1676,4,1,0.00
2468,4,1,0.00
5764,14,1,0.00
101,2,1,0.00
8054,4,1,0.00
1273,3,1,0.00
1922,9,1,0.00
11280,5,1,0.00
90,1,1,0.00
11293,15,1,0.00
7774,8,1,0.00
12225,6,1,0.00
5479,9,1,0.00
299,5,1,0.00
8843,7,1,0.00
6814,4,1,0.00
258,3,1,0.00
7814,6,1,0.00
129,3,1,0.00
5069,2,1,0.00
8680,4,1,0.00
9087,4,1,0.00
2978,4,1,0.00
7059,8,1,0.00
10196,3,1,0.00
5868,4,1,0.00
7126,7,1,0.00
2519,5,1,0.00
1075,4,1,0.00
8434,5,1,0.00
10423,3,1,0.00
12589,6,1,0.00
11328,3,1,0.00
3776,11,1,0.00
2320,6,1,0.00
4085,10,1,0.00
2556,6,1,0.00
10865,4,1,0.00
6665,11,1,0.00
3826,6,1,0.00
6894,8,1,0.00
5279,3,1,0.00
1529,2,1,0.00
2098,7,1,0.00
12405,4,1,0.00
7505,3,1,0.00
8144,1,1,0.00
3603,6,1,0.00
7128,4,1,0.00
5138,9,1,0.00
7214,3,1,0.00
6980,4,1,0.00
9531,5,1,0.00
13900,4,1,0.00
3038,4,1,0.00
5105,4,1,0.00
2938,6,1,0.00
13175,2,1,0.00
8821,6,1,0.00
4923,495,1,0.00
11541,31,1,0.00
4984,865,1,0.00
8802,347,1,0.00
4651,674,1,0.00
14027,13,1,0.00
5363,60,1,0.00
11196,111,1,0.00
6078,310,1,0.00
10470,20,1,0.00
5358,136,1,0.00
13943,72,1,0.00
7856,211,1,0.00
9003,121,1,0.00
12731,67,1,0.00
8678,412,1,0.00
11532,144,1,0.00
6315,1793,1,0.00
7873,71,1,0.00
7423,22,1,0.00
7352,42,1,0.00
5556,53,1,0.00
11654,33,1,0.00
972,27,1,0.00
4557,80,1,0.00
10078,67,1,0.00
13850,295,1,0.00
7511,223,1,0.00
10309,64,1,0.00
4489,20,1,0.00
12325,60,1,0.00
1895,33,1,0.00
3590,49,1,0.00
507,84,1,0.00
11457,23,1,0.00
3775,69,1,0.00
2915,22,1,0.00
11146,51,1,0.00
5641,19,1,0.00
6588,1107,1,0.00
1912,15,1,0.00
2211,138,1,0.00
6192,80,1,0.00
1356,266,1,0.00
2424,18,1,0.00
3507,29,1,0.00
1904,45,1,0.00
12601,206,1,0.00
10518,50,1,0.00
9836,642,1,0.00
6104,136,1,0.00
10879,71,1,0.00
11121,132,1,0.00
4895,115,1,0.00
8261,124,1,0.00
8476,142,1,0.00
1727,187,1,0.00
6289,31,1,0.00
8933,14,1,0.00
7614,82,1,0.00
9178,32,1,0.00
6144,55,1,0.00
13352,78,1,0.00
12103,293,1,0.00
296,651,1,0.00
58,202,1,0.00
12491,80,1,0.00
6551,120,1,0.00
12290,48,1,0.00
11773,76,1,0.00
5400,34,1,0.00
5406,294,1,0.00
413,55,1,0.00
12356,70,1,0.00
8814,20,1,0.00
8187,326,1,0.00
6130,130,1,0.00
11580,42,1,0.00
6368,62,1,0.00
6354,153,1,0.00
9707,49,1,0.00
2725,116,1,0.00
5088,64,1,0.00
11832,496,1,0.00
3094,5,1,0.00
11897,20,1,0.00
4052,142,1,0.00
9773,86,1,0.00
8573,34,1,0.00
382,324,1,0.00
12468,152,1,0.00
6764,44,1,0.00
2942,37,1,0.00
13665,54,1,0.00
770,20,1,0.00
32,10,1,0.00
7745,40,1,0.00
434,436,1,0.00
2644,111,1,0.00
9215,209,1,0.00
12718,349,1,0.00
12331,120,1,0.00
2427,167,1,0.00
5678,294,1,0.00
7677,433,1,0.00
1625,223,1,0.00
3146,200,1,0.00
11200,69,1,0.00
3363,197,1,0.00
10836,189,1,0.00
6419,90,1,0.00
10155,1247,1,0.00
6293,120,1,0.00
9166,109,1,0.00
5443,31,1,0.00
4162,110,1,0.00
10743,151,1,0.00
6123,10,1,0.00
7890,54,1,0.00
12929,29,1,0.00
5862,54,1,0.00
5412,106,1,0.00
5322,5,1,0.00
12299,78,1,0.00
13747,111,1,0.00
7233,540,1,0.00
12517,33,1,0.00
7084,124,1,0.00
1790,20,1,0.00
11811,81,1,0.00
10699,981,1,0.00
7960,239,1,0.00
8512,758,1,0.00
9383,89,1,0.00
7978,283,1,0.00
6282,31,1,0.00
11784,134,1,0.00
1580,65,1,0.00
12136,128,1,0.00
6771,68,1,0.00
11836,73,1,0.00
1791,68,1,0.00
13450,27,1,0.00
13560,69,1,0.00
4079,49,1,0.00
13173,146,1,0.00
1649,338,1,0.00
1632,501,1,0.00
362,258,1,0.00
6918,37,1,0.00
9471,31,1,0.00
7897,65,1,0.00
10649,69,1,0.00
5055,125,1,0.00
9187,52,1,0.00
5960,15,1,0.00
1489,55,1,0.00
5147,49,1,0.00
13284,147,1,0.00
14017,91,1,0.00
5486,10,1,0.00
4410,75,1,0.00
1888,27,1,0.00
13654,21,1,0.00
10843,19,1,0.00
10417,19,1,0.00
12936,72,1,0.00
8024,143,1,0.00
10075,62,1,0.00
2599,33,1,0.00
396,159,1,0.00
533,24,1,0.00
1654,32,1,0.00
2383,10,1,0.00
8887,113,1,0.00
3674,94,1,0.00
11245,277,1,0.00
4457,91,1,0.00
9024,243,1,0.00
9748,32,1,0.00
12618,28,1,0.00
12791,358,1,0.00
4502,131,1,0.00
2218,180,1,0.00
13462,57,1,0.00
3343,299,1,0.00
2736,173,1,0.00
8906,348,1,0.00
2692,18,1,0.00
9362,40,1,0.00
10916,53,1,0.00
2555,96,1,0.00
6691,261,1,0.00
9385,68,1,0.00
4430,10,1,0.00
6874,77,1,0.00
9930,79,1,0.00
4091,468,1,0.00
6349,220,1,0.00
7055,31,1,0.00
6399,36,1,0.00
7502,136,1,0.00
659,105,1,0.00
12161,476,1,0.00
7785,63,1,0.00
12824,270,1,0.00
10486,75,1,0.00
12527,61,1,0.00
783,197,1,0.00
2385,165,1,0.00
5403,69,1,0.00
11818,69,1,0.00
10568,44,1,0.00
865,103,1,0.00
7491,225,1,0.00
3765,43,1,0.00
4356,64,1,0.00
5716,18,1,0.00
3082,160,1,0.00
8247,234,1,0.00
12710,96,1,0.00
1696,8,1,0.00
3086,94,1,0.00
4163,26,1,0.00
8742,87,1,0.00
12452,188,1,0.00
8460,100,1,0.00
3305,29,1,0.00
1033,26,1,0.00
4495,171,1,0.00
6521,254,1,0.00
12907,347,1,0.00
3101,11,1,0.00
11844,2,1,0.00
6380,53,1,0.00
8212,422,1,0.00
2746,54,1,0.00
6195,58,1,0.00
5495,31,1,0.00
11935,22,1,0.00
10144,95,1,0.00
2174,19,1,0.00
2053,157,1,0.00
830,49,1,0.00
4576,129,1,0.00
6867,43,1,0.00
7851,87,1,0.00
3236,143,1,0.00
4587,21,1,0.00
6664,18,1,0.00
13187,61,1,0.00
13525,220,1,0.00
3482,114,1,0.00
2926,319,1,0.00
12616,8,1,0.00
327,140,1,0.00
13260,53,1,0.00
6866,53,1,0.00
6706,34,1,0.00
642,233,1,0.00
6982,55,1,0.00
10335,229,1,0.00
13553,33,1,0.00
9196,60,1,0.00
9483,24,1,0.00
2230,39,1,0.00
7593,54,1,0.00
9400,24,1,0.00
1709,58,1,0.00
12908,30,1,0.00
2843,16,1,0.00
442,115,1,0.00
5482,13,1,0.00
11264,18,1,0.00
11553,153,1,0.00
9265,101,1,0.00
8253,156,1,0.00
6450,69,1,0.00
6262,131,1,0.00
1962,342,1,0.00
6662,200,1,0.00
2785,35,1,0.00
3602,56,1,0.00
13463,44,1,0.00
371,155,1,0.00
416,126,1,0.00
13138,129,1,0.00
7141,349,1,0.00
10181,186,1,0.00
2014,31,1,0.00
13683,50,1,0.00
4763,37,1,0.00
8138,60,1,0.00
5205,32,1,0.00
3478,64,1,0.00
5688,44,1,0.00
5128,120,1,0.00
11428,66,1,0.00
6134,81,1,0.00
12969,15,1,0.00
449,146,1,0.00
894,140,1,0.00
6892,30,1,0.00
6559,48,1,0.00
7962,11,1,0.00
13623,94,1,0.00
4154,118,1,0.00
5244,73,1,0.00
3933,12,1,0.00
1117,27,1,0.00
9862,65,1,0.00
3728,17,1,0.00
3097,28,1,0.00
10055,55,1,0.00
10840,17,1,0.00
3991,23,1,0.00
7387,40,1,0.00
9268,21,1,0.00
5794,159,1,0.00
11095,149,1,0.00
6703,131,1,0.00
5565,121,1,0.00
8822,81,1,0.00
8738,24,1,0.00
4948,18,1,0.00
10874,70,1,0.00
5350,80,1,0.00
8599,46,1,0.00
8516,151,1,0.00
4461,69,1,0.00
1271,41,1,0.00
7072,31,1,0.00
520,30,1,0.00
3003,61,1,0.00
18,17,1,0.00
10191,25,1,0.00
9900,45,1,0.00
6030,43,1,0.00
11364,244,1,0.00
4781,573,1,0.00
1140,85,1,0.00
8608,111,1,0.00
9533,97,1,0.00
5732,269,1,0.00
13359,103,1,0.00
4251,127,1,0.00
9513,38,1,0.00
8047,113,1,0.00
6910,15,1,0.00
10981,112,1,0.00
34,81,1,0.00
2593,23,1,0.00
8527,94,1,0.00
9116,34,1,0.00
5348,77,1,0.00
1507,18,1,0.00
13976,32,1,0.00
3626,87,1,0.00
12840,104,1,0.00
4414,46,1,0.00
12005,24,1,0.00
10796,106,1,0.00
7097,17,1,0.00
3023,85,1,0.00
14066,120,1,0.00
4240,46,1,0.00
8972,10,1,0.00
4174,130,1,0.00
13999,20,1,0.00
12088,15,1,0.00
1078,10,1,0.00
8953,31,1,0.00
11205,60,1,0.00
1675,71,1,0.00
10966,36,1,0.00
13372,55,1,0.00
4155,69,1,0.00
11191,17,1,0.00
12810,62,1,0.00
5413,23,1,0.00
10728,56,1,0.00
13012,32,1,0.00
3587,11,1,0.00
6539,11,1,0.00
10194,54,1,0.00
13350,56,1,0.00
2097,74,1,0.00
9666,54,1,0.00
6782,30,1,0.00
11826,162,1,0.00
10434,12,1,0.00
2185,49,1,0.00
13662,25,1,0.00
2163,137,1,0.00
9604,8,1,0.00
3320,14,1,0.00
11480,106,1,0.00
12732,46,1,0.00
6345,11,1,0.00
7862,21,1,0.00
4819,57,1,0.00
10934,14,1,0.00
3525,31,1,0.00
9176,19,1,0.00
351,23,1,0.00
9915,39,1,0.00
1537,51,1,0.00
2767,17,1,0.00
718,65,1,0.00
5452,25,1,0.00
5819,26,1,0.00
1139,35,1,0.00
10682,25,1,0.00
13067,16,1,0.00
9398,4,1,0.00
4323,117,1,0.00
13156,134,1,0.00
8203,56,1,0.00
6950,38,1,0.00
1680,10,1,0.00
8276,38,1,0.00
9556,75,1,0.00
12546,57,1,0.00
4123,38,1,0.00
7543,47,1,0.00
4044,40,1,0.00
13339,51,1,0.00
9620,110,1,0.00
3859,46,1,0.00
3811,6,1,0.00
479,17,1,0.00
11806,53,1,0.00
1931,129,1,0.00
6797,61,1,0.00
9291,223,1,0.00
12780,27,1,0.00
3771,55,1,0.00
920,197,1,0.00
1119,32,1,0.00
6675,39,1,0.00
13629,17,1,0.00
5859,22,1,0.00
11387,41,1,0.00
344,42,1,0.00
5967,26,1,0.00
5448,19,1,0.00
6306,14,1,0.00
14005,33,1,0.00
3894,21,1,0.00
7669,75,1,0.00
11413,53,1,0.00
8038,100,1,0.00
6768,38,1,0.00
170,44,1,0.00
9047,22,1,0.00
13896,24,1,0.00
7480,84,1,0.00
13329,126,1,0.00
9651,31,1,0.00
1728,24,1,0.00
12337,148,1,0.00
402,35,1,0.00
9477,50,1,0.00
11945,53,1,0.00
11522,55,1,0.00
13580,14,1,0.00
11321,73,1,0.00
568,15,1,0.00
12872,21,1,0.00
13433,23,1,0.00
102,45,1,0.00
5259,47,1,0.00
8704,49,1,0.00
8763,59,1,0.00
12917,126,1,0.00
1876,123,1,0.00
6416,10,1,0.00
3461,15,1,0.00
68,13,1,0.00
2293,27,1,0.00
2615,72,1,0.00
11172,15,1,0.00
3269,52,1,0.00
1821,57,1,0.00
3618,62,1,0.00
9031,33,1,0.00
9534,46,1,0.00
3570,17,1,0.00
12848,23,1,0.00
3006,98,1,0.00
7666,6,1,0.00
11074,3,1,0.00
10038,103,1,0.00
6493,49,1,0.00
8444,158,1,0.00
3737,23,1,0.00
2162,24,1,0.00
907,69,1,0.00
12847,26,1,0.00
818,50,1,0.00
7864,62,1,0.00
11132,29,1,0.00
5909,22,1,0.00
11249,18,1,0.00
13376,81,1,0.00
5762,18,1,0.00
2637,96,1,0.00
13477,43,1,0.00
1626,60,1,0.00
7367,72,1,0.00
13583,126,1,0.00
12359,17,1,0.00
5857,163,1,0.00
11313,31,1,0.00
2596,18,1,0.00
8451,168,1,0.00
2695,52,1,0.00
8445,45,1,0.00
10129,56,1,0.00
6846,118,1,0.00
3025,10,1,0.00
13,48,1,0.00
8372,33,1,0.00
73,19,1,0.00
8591,30,1,0.00
7436,51,1,0.00
1040,18,1,0.00
1635,138,1,0.00
2677,32,1,0.00
5959,55,1,0.00
13294,61,1,0.00
7613,100,1,0.00
13320,16,1,0.00
8093,51,1,0.00
9698,39,1,0.00
4244,167,1,0.00
8195,27,1,0.00
607,45,1,0.00
2235,10,1,0.00
12641,75,1,0.00
5338,25,1,0.00
8756,22,1,0.00
1430,53,1,0.00
10566,115,1,0.00
2131,17,1,0.00
2256,55,1,0.00
9553,40,1,0.00
5573,48,1,0.00
4474,82,1,0.00
4404,22,1,0.00
8114,101,1,0.00
13519,33,1,0.00
11360,66,1,0.00
3930,7,1,0.00
5391,15,1,0.00
2355,23,1,0.00
8932,18,1,0.00
3593,80,1,0.00
506,8,1,0.00
11303,28,1,0.00
9674,76,1,0.00
3457,31,1,0.00
2343,107,1,0.00
13155,18,1,0.00
11090,78,1,0.00
4821,27,1,0.00
1420,101,1,0.00
7256,29,1,0.00
2107,44,1,0.00
13744,45,1,0.00
6882,69,1,0.00
1431,64,1,0.00
1578,42,1,0.00
3425,48,1,0.00
6251,188,1,0.00
2693,37,1,0.00
6270,12,1,0.00
662,61,1,0.00
8676,60,1,0.00
13195,36,1,0.00
3759,33,1,0.00
1936,46,1,0.00
1279,78,1,0.00
11709,27,1,0.00
9566,12,1,0.00
2456,103,1,0.00
8899,7,1,0.00
840,50,1,0.00
4225,45,1,0.00
14049,106,1,0.00
4504,59,1,0.00
1554,19,1,0.00
7748,24,1,0.00
4401,6,1,0.00
8845,10,1,0.00
13526,202,1,0.00
6949,119,1,0.00
11093,78,1,0.00
1008,40,1,0.00
8483,16,1,0.00
4578,34,1,0.00
202,24,1,0.00
5112,15,1,0.00
5705,33,1,0.00
2834,62,1,0.00
9456,53,1,0.00
7363,54,1,0.00
10668,19,1,0.00
8241,7,1,0.00
2996,37,1,0.00
6175,64,1,0.00
12181,32,1,0.00
3299,51,1,0.00
3517,23,1,0.00
2000,125,1,0.00
11014,70,1,0.00
13360,13,1,0.00
8157,17,1,0.00
4936,37,1,0.00
9262,20,1,0.00
7152,45,1,0.00
2893,16,1,0.00
9945,30,1,0.00
6978,27,1,0.00
9956,25,1,0.00
6659,38,1,0.00
6135,21,1,0.00
12796,67,1,0.00
4512,48,1,0.00
8310,44,1,0.00
9133,27,1,0.00
4066,74,1,0.00
3490,12,1,0.00
8655,49,1,0.00
11940,18,1,0.00
5458,76,1,0.00
6548,318,1,0.00
13815,48,1,0.00
7633,21,1,0.00
2566,84,1,0.00
12445,48,1,0.00
7950,36,1,0.00
10125,20,1,0.00
1784,13,1,0.00
12216,34,1,0.00
10598,29,1,0.00
9174,15,1,0.00
1901,33,1,0.00
11880,20,1,0.00
4743,19,1,0.00
3810,21,1,0.00
4027,27,1,0.00
9338,114,1,0.00
9239,43,1,0.00
11987,17,1,0.00
4649,25,1,0.00
811,29,1,0.00
7267,26,1,0.00
3241,32,1,0.00
247,171,1,0.00
12975,44,1,0.00
12694,7,1,0.00
7347,46,1,0.00
4433,21,1,0.00
13818,14,1,0.00
3615,49,1,0.00
4212,72,1,0.00
10494,20,1,0.00
4316,39,1,0.00
3043,5,1,0.00
12768,31,1,0.00
7575,13,1,0.00
13957,47,1,0.00
13545,16,1,0.00
2823,20,1,0.00
8824,20,1,0.00
4544,31,1,0.00
4381,27,1,0.00
1467,38,1,0.00
11099,8,1,0.00
2917,37,1,0.00
8648,39,1,0.00
12091,79,1,0.00
7134,33,1,0.00
5135,104,1,0.00
8474,81,1,0.00
938,90,1,0.00
8011,56,1,0.00
2559,7,1,0.00
2305,16,1,0.00
1365,66,1,0.00
10845,13,1,0.00
3927,32,1,0.00
13251,11,1,0.00
7881,46,1,0.00
6739,31,1,0.00
6447,27,1,0.00
5143,37,1,0.00
11849,8,1,0.00
306,8,1,0.00
12666,61,1,0.00
7005,29,1,0.00
4136,62,1,0.00
7151,41,1,0.00
10022,50,1,0.00
6329,6,1,0.00
8535,31,1,0.00
8433,33,1,0.00
2614,15,1,0.00
551,50,1,0.00
12573,58,1,0.00
4376,11,1,0.00
11780,23,1,0.00
1594,24,1,0.00
4745,7,1,0.00
11454,282,1,0.00
2678,59,1,0.00
12505,17,1,0.00
8016,130,1,0.00
14054,17,1,0.00
6696,7,1,0.00
10517,25,1,0.00
3188,16,1,0.00
11059,3,1,0.00
2412,8,1,0.00
636,6,1,0.00
5190,20,1,0.00
13100,23,1,0.00
625,40,1,0.00
112,12,1,0.00
5104,31,1,0.00
5022,48,1,0.00
10339,20,1,0.00
3881,23,1,0.00
9455,21,1,0.00
13085,15,1,0.00
1829,123,1,0.00
4833,23,1,0.00
637,75,1,0.00
488,26,1,0.00
11557,18,1,0.00
4769,22,1,0.00
5397,38,1,0.00
13606,112,1,0.00
11943,41,1,0.00
11446,36,1,0.00
8028,8,1,0.00
12431,27,1,0.00
8577,16,1,0.00
13771,16,1,0.00
13715,27,1,0.00
6140,29,1,0.00
2136,21,1,0.00
463,13,1,0.00
5210,14,1,0.00
914,18,1,0.00
12648,38,1,0.00
4383,51,1,0.00
13255,15,1,0.00
514,144,1,0.00
1389,6,1,0.00
715,67,1,0.00
1624,45,1,0.00
2428,10,1,0.00
8112,13,1,0.00
289,16,1,0.00
12064,7,1,0.00
11960,45,1,0.00
11161,55,1,0.00
677,20,1,0.00
10963,20,1,0.00
721,17,1,0.00
2499,18,1,0.00
13047,26,1,0.00
7066,24,1,0.00
13860,61,1,0.00
13518,24,1,0.00
12906,17,1,0.00
7592,5,0,0.00
4577,72,0,0.00
3325,214,0,0.00
346,20,0,0.00
963,55,0,0.00
7373,31,0,0.00
5828,7,0,0.00
9044,11,0,0.00
9700,42,0,0.00
2450,18,0,0.00
10320,9,0,0.00
9430,85,0,0.00
2203,32,0,0.00
6528,256,0,0.00
3287,109,0,0.00
7114,6,0,0.00
10318,155,0,0.00
7398,11,0,0.00
9652,2,0,0.00
5979,101,0,0.00
1539,2,0,0.00
2441,5,0,0.00
4925,144,0,0.00
2935,20,0,0.00
13947,5,0,0.00
10624,63,0,0.00
1333,10,0,0.00
11705,279,0,0.00
11211,55,0,0.00
7918,16,0,0.00
13254,64,0,0.00
12605,146,0,0.00
3900,40,0,0.00
13612,115,0,0.00
988,16,0,0.00
8897,81,0,0.00
11183,173,0,0.00
5560,10,0,0.00
3748,28,0,0.00
8377,15,0,0.00
2488,1,0,0.00
3316,10,0,0.00
7230,4,0,0.00
11743,1,0,0.00
5650,75,0,0.00
1944,5,0,0.00
2621,139,0,0.00
3002,19,0,0.00
1592,48,0,0.00
7237,68,0,0.00
5401,15,0,0.00
13589,3,0,0.00
12715,11,0,0.00
1459,1,0,0.00
2501,10,0,0.00
9144,1,0,0.00
3523,61,0,0.00
2542,89,0,0.00
2061,2,0,0.00
12444,7,0,0.00
9554,29,0,0.00
8672,2,0,0.00
5700,34,0,0.00
13868,110,0,0.00
5514,505,0,0.00
1887,266,0,0.00
2918,43,0,0.00
9713,12,0,0.00
10066,26,0,0.00
160,13,0,0.00
3774,42,0,0.00
8067,62,0,0.00
11320,23,0,0.00
3837,22,0,0.00
615,31,0,0.00
9777,4,0,0.00
12739,78,0,0.00
2668,12,0,0.00
5614,21,0,0.00
12149,4,0,0.00
4203,20,0,0.00
9826,24,0,0.00
12074,101,0,0.00
12617,26,0,0.00
389,108,0,0.00
5773,326,0,0.00
11950,108,0,0.00
3591,15,0,0.00
14051,32,0,0.00
14004,22,0,0.00
6602,49,0,0.00
10720,21,0,0.00
7659,31,0,0.00
7643,41,0,0.00
2314,33,0,0.00
7513,114,0,0.00
886,58,0,0.00
7910,9,0,0.00
2184,296,0,0.00
11651,29,0,0.00
7616,34,0,0.00
5825,26,0,0.00
9873,17,0,0.00
10788,4,0,0.00
9332,66,0,0.00
2911,12,0,0.00
5784,36,0,0.00
13631,31,0,0.00
11976,71,0,0.00
13764,71,0,0.00
949,5,0,0.00
12061,18,0,0.00
10069,2,0,0.00
4426,9,0,0.00
4217,13,0,0.00
4359,39,0,0.00
11460,214,0,0.00
9799,200,0,0.00
2137,34,0,0.00
13377,93,0,0.00
8452,33,0,0.00
799,46,0,0.00
11807,28,0,0.00
147,104,0,0.00
7460,134,0,0.00
4767,20,0,0.00
4641,71,0,0.00
1146,2,0,0.00
12030,1,0,0.00
4287,170,0,0.00
10303,15,0,0.00
1219,35,0,0.00
1473,102,0,0.00
5473,92,0,0.00
5639,29,0,0.00
1212,61,0,0.00
4996,381,0,0.00
2647,56,0,0.00
790,16,0,0.00
753,9,0,0.00
1521,4,0,0.00
2817,118,0,0.00
216,64,0,0.00
8553,1,0,0.00
10409,17,0,0.00
3792,54,0,0.00
3017,256,0,0.00
13303,7,0,0.00
7923,4,0,0.00
9761,29,0,0.00
9465,23,0,0.00
10808,3,0,0.00
6233,11,0,0.00
4645,32,0,0.00
3905,213,0,0.00
11707,19,0,0.00
13814,3,0,0.00
10692,124,0,0.00
6682,16,0,0.00
5643,642,0,0.00
374,35,0,0.00
3534,84,0,0.00
10941,54,0,0.00
12934,65,0,0.00
7446,9,0,0.00
2830,20,0,0.00
12198,19,0,0.00
11759,3,0,0.00
6466,3,0,0.00
6581,24,0,0.00
4970,42,0,0.00
6992,9,0,0.00
8218,26,0,0.00
11736,21,0,0.00
7208,246,0,0.00
1777,12,0,0.00
13032,7,0,0.00
3392,7,0,0.00
6357,6,0,0.00
12534,20,0,0.00
9785,15,0,0.00
11177,14,0,0.00
4064,91,0,0.00
6621,4,0,0.00
4072,74,0,0.00
7319,58,0,0.00
1093,76,0,0.00
5459,2,0,0.00
11486,105,0,0.00
234,65,0,0.00
13865,89,0,0.00
3501,18,0,0.00
9750,61,0,0.00
2945,5,0,0.00
277,6,0,0.00
6791,24,0,0.00
5182,26,0,0.00
6108,13,0,0.00
9538,57,0,0.00
9264,42,0,0.00
4683,23,0,0.00
9173,5,0,0.00
9694,6,0,0.00
1281,42,0,0.00
4056,53,0,0.00
9990,180,0,0.00
2448,33,0,0.00
11602,42,0,0.00
10892,59,0,0.00
8455,20,0,0.00
4812,69,0,0.00
9241,27,0,0.00
12497,26,0,0.00
11627,16,0,0.00
2101,45,0,0.00
3943,9,0,0.00
199,25,0,0.00
13656,34,0,0.00
4789,6,0,0.00
5855,23,0,0.00
13240,14,0,0.00
11792,3,0,0.00
10746,40,0,0.00
3972,34,0,0.00
6802,23,0,0.00
5545,54,0,0.00
5871,35,0,0.00
679,44,0,0.00
984,72,0,0.00
1794,243,0,0.00
11024,7,0,0.00
11968,18,0,0.00
2919,6,0,0.00
9603,12,0,0.00
11231,16,0,0.00
6046,44,0,0.00
2121,7,0,0.00
8353,24,0,0.00
4149,40,0,0.00
10900,119,0,0.00
11101,69,0,0.00
13340,4,0,0.00
10792,29,0,0.00
12772,493,0,0.00
3361,18,0,0.00
8545,22,0,0.00
13325,9,0,0.00
9420,39,0,0.00
417,146,0,0.00
6143,81,0,0.00
13951,5,0,0.00
2531,36,0,0.00
7793,13,0,0.00
7366,7,0,0.00
11920,15,0,0.00
1792,8,0,0.00
9843,7,0,0.00
8870,103,0,0.00
1084,54,0,0.00
6376,24,0,0.00
12166,17,0,0.00
11640,11,0,0.00
8448,21,0,0.00
2669,16,0,0.00
8489,376,0,0.00
3889,130,0,0.00
5203,68,0,0.00
11975,2,0,0.00
8552,9,0,0.00
6273,20,0,0.00
10327,7,0,0.00
8342,36,0,0.00
11906,25,0,0.00
6051,2,0,0.00
11334,24,0,0.00
13388,25,0,0.00
3750,3,0,0.00
12403,55,0,0.00
8142,222,0,0.00
4637,14,0,0.00
7024,6,0,0.00
10842,16,0,0.00
4548,3,0,0.00
8243,46,0,0.00
10210,53,0,0.00
13177,7,0,0.00
12459,25,0,0.00
9937,30,0,0.00
6198,5,0,0.00
5154,11,0,0.00
3950,15,0,0.00
9939,52,0,0.00
9236,69,0,0.00
2348,63,0,0.00
13061,17,0,0.00
7377,23,0,0.00
9991,76,0,0.00
1463,112,0,0.00
8858,19,0,0.00
9796,23,0,0.00
7840,2,0,0.00
10340,49,0,0.00
7696,21,0,0.00
7215,49,0,0.00
10026,33,0,0.00
11224,8,0,0.00
11048,16,0,0.00
2779,8,0,0.00
7654,8,0,0.00
10477,22,0,0.00
3763,22,0,0.00
10479,10,0,0.00
7010,55,0,0.00
3752,3,0,0.00
11122,56,0,0.00
4770,17,0,0.00
13799,41,0,0.00
5236,109,0,0.00
9521,130,0,0.00
8830,94,0,0.00
11154,47,0,0.00
2782,22,0,0.00
3801,31,0,0.00
6115,98,0,0.00
2022,10,0,0.00
7524,7,0,0.00
9323,144,0,0.00
1171,69,0,0.00
8015,3,0,0.00
12681,27,0,0.00
7751,21,0,0.00
1945,22,0,0.00
6943,25,0,0.00
7098,10,0,0.00
11404,35,0,0.00
13170,62,0,0.00
9256,11,0,0.00
10425,3,0,0.00
7903,11,0,0.00
10463,9,0,0.00
1522,6,0,0.00
2526,33,0,0.00
696,23,0,0.00
12866,38,0,0.00
5497,48,0,0.00
12878,6,0,0.00
3755,6,0,0.00
6573,63,0,0.00
11410,121,0,0.00
5066,12,0,0.00
11782,127,0,0.00
11450,38,0,0.00
8379,9,0,0.00
12258,56,0,0.00
10946,14,0,0.00
9366,89,0,0.00
10987,46,0,0.00
4418,2,0,0.00
4246,26,0,0.00
6554,1,0,0.00
1760,38,0,0.00
12903,39,0,0.00
529,34,0,0.00
13193,162,0,0.00
9659,39,0,0.00
13026,1,0,0.00
7713,2,0,0.00
5703,10,0,0.00
4198,15,0,0.00
6563,29,0,0.00
8789,8,0,0.00
524,83,0,0.00
5931,37,0,0.00
13079,12,0,0.00
9434,11,0,0.00
9802,28,0,0.00
10818,1,0,0.00
3521,29,0,0.00
11218,25,0,0.00
1294,145,0,0.00
4499,36,0,0.00
125,37,0,0.00
13979,202,0,0.00
4082,59,0,0.00
12078,26,0,0.00
8465,100,0,0.00
10887,41,0,0.00
6803,27,0,0.00
12344,24,0,0.00
2988,32,0,0.00
7548,62,0,0.00
1105,171,0,0.00
10306,5,0,0.00
7468,6,0,0.00
14078,48,0,0.00
1503,12,0,0.00
6383,209,0,0.00
9527,6,0,0.00
12428,27,0,0.00
4467,62,0,0.00
4033,19,0,0.00
8056,15,0,0.00
3788,17,0,0.00
3850,37,0,0.00
8139,69,0,0.00
7459,28,0,0.00
9271,73,0,0.00
6382,45,0,0.00
13293,21,0,0.00
7743,162,0,0.00
9376,8,0,0.00
12842,46,0,0.00
9823,38,0,0.00
8297,7,0,0.00
5059,9,0,0.00
6338,14,0,0.00
8387,183,0,0.00
12044,36,0,0.00
5940,9,0,0.00
11688,114,0,0.00
1975,12,0,0.00
12358,2,0,0.00
13078,6,0,0.00
2541,11,0,0.00
9537,14,0,0.00
4566,13,0,0.00
10580,14,0,0.00
10964,10,0,0.00
12288,31,0,0.00
12544,46,0,0.00
8544,1,0,0.00
350,45,0,0.00
13905,31,0,0.00
9220,63,0,0.00
4680,69,0,0.00
10611,20,0,0.00
6240,6,0,0.00
2069,21,0,0.00
6831,40,0,0.00
7657,2,0,0.00
9409,9,0,0.00
4746,9,0,0.00
7112,7,0,0.00
4125,29,0,0.00
10284,79,0,0.00
3880,4,0,0.00
500,16,0,0.00
2733,58,0,0.00
1574,54,0,0.00
2991,20,0,0.00
6381,4,0,0.00
8048,11,0,0.00
4358,1,0,0.00
12449,51,0,0.00
9124,6,0,0.00
1528,13,0,0.00
12886,27,0,0.00
9544,9,0,0.00
10159,55,0,0.00
1256,21,0,0.00
7763,67,0,0.00
8403,2,0,0.00
851,31,0,0.00
11653,1,0,0.00
8362,135,0,0.00
3962,9,0,0.00
2882,14,0,0.00
5803,9,0,0.00
9288,8,0,0.00
8248,89,0,0.00
8713,20,0,0.00
11500,11,0,0.00
10511,24,0,0.00
9953,31,0,0.00
1336,14,0,0.00
13490,5,0,0.00
4674,23,0,0.00
7525,7,0,0.00
1687,32,0,0.00
8797,8,0,0.00
11842,13,0,0.00
13398,165,0,0.00
4842,19,0,0.00
4070,2,0,0.00
13236,58,0,0.00
7823,11,0,0.00
6057,7,0,0.00
4785,13,0,0.00
3030,15,0,0.00
13702,60,0,0.00
692,79,0,0.00
1209,68,0,0.00
4886,43,0,0.00
5346,40,0,0.00
3050,8,0,0.00
13111,21,0,0.00
3897,43,0,0.00
2249,6,0,0.00
1382,10,0,0.00
12603,7,0,0.00
6165,110,0,0.00
4105,7,0,0.00
276,15,0,0.00
1314,6,0,0.00
9586,83,0,0.00
7997,24,0,0.00
7566,60,0,0.00
8231,11,0,0.00
3234,16,0,0.00
4238,31,0,0.00
98,28,0,0.00
2570,7,0,0.00
6079,13,0,0.00
13147,8,0,0.00
6911,27,0,0.00
11040,19,0,0.00
3467,6,0,0.00
13873,90,0,0.00
13043,45,0,0.00
10895,157,0,0.00
3970,6,0,0.00
5758,18,0,0.00
3054,9,0,0.00
3791,32,0,0.00
9723,19,0,0.00
10264,40,0,0.00
9838,16,0,0.00
6777,32,0,0.00
11372,8,0,0.00
635,14,0,0.00
1755,38,0,0.00
13218,12,0,0.00
1185,3,0,0.00
2216,55,0,0.00
6031,25,0,0.00
11555,8,0,0.00
1855,5,0,0.00
3342,6,0,0.00
3821,10,0,0.00
6613,37,0,0.00
8766,8,0,0.00
12430,14,0,0.00
3423,36,0,0.00
7945,10,0,0.00
3088,9,0,0.00
6574,40,0,0.00
12464,44,0,0.00
12222,39,0,0.00
8523,26,0,0.00
8152,52,0,0.00
6634,18,0,0.00
5660,5,0,0.00
1953,27,0,0.00
7170,75,0,0.00
12086,21,0,0.00
8058,47,0,0.00
3707,62,0,0.00
2369,81,0,0.00
2964,22,0,0.00
1890,66,0,0.00
8042,3,0,0.00
496,12,0,0.00
13722,7,0,0.00
3653,79,0,0.00
1871,60,0,0.00
1268,20,0,0.00
9972,9,0,0.00
6080,18,0,0.00
4268,71,0,0.00
10641,19,0,0.00
7421,8,0,0.00
11614,13,0,0.00
12234,59,0,0.00
1683,48,0,0.00
1409,1,0,0.00
1269,39,0,0.00
65,19,0,0.00
6818,50,0,0.00
537,8,0,0.00
9048,16,0,0.00
3272,14,0,0.00
1932,159,0,0.00
9055,1,0,0.00
9813,31,0,0.00
832,5,0,0.00
8494,23,0,0.00
10214,40,0,0.00
9390,39,0,0.00
3384,10,0,0.00
2818,43,0,0.00
11519,83,0,0.00
1211,1,0,0.00
14045,11,0,0.00
826,20,0,0.00
10068,9,0,0.00
2540,11,0,0.00
7374,30,0,0.00
9965,43,0,0.00
409,72,0,0.00
499,25,0,0.00
8753,3,0,0.00
13675,17,0,0.00
11843,20,0,0.00
13382,16,0,0.00
7878,6,0,0.00
11803,107,0,0.00
2783,12,0,0.00
5251,17,0,0.00
260,19,0,0.00
5330,7,0,0.00
2641,11,0,0.00
12609,13,0,0.00
4553,65,0,0.00
9277,12,0,0.00
12912,27,0,0.00
4075,2,0,0.00
4083,63,0,0.00
324,28,0,0.00
13822,35,0,0.00
1280,14,0,0.00
9148,7,0,0.00
10852,1,0,0.00
9601,10,0,0.00
9596,23,0,0.00
10130,31,0,0.00
12915,23,0,0.00
7248,4,0,0.00
10881,19,0,0.00
2981,21,0,0.00
10259,11,0,0.00
5748,1,0,0.00
1326,21,0,0.00
6303,15,0,0.00
12073,41,0,0.00
794,6,0,0.00
10896,60,0,0.00
10621,1,0,0.00
7769,89,0,0.00
803,29,0,0.00
1340,7,0,0.00
12145,3,0,0.00
5150,10,0,0.00
7470,17,0,0.00
3281,11,0,0.00
2850,2,0,0.00
10803,5,0,0.00
12568,4,0,0.00
5170,3,0,0.00
4834,10,0,0.00
627,12,0,0.00
645,16,0,0.00
5754,47,0,0.00
11528,133,0,0.00
5531,1,0,0.00
9702,20,0,0.00
8969,31,0,0.00
10273,21,0,0.00
10869,25,0,0.00
6313,12,0,0.00
11444,145,0,0.00
13633,271,0,0.00
81,23,0,0.00
6245,2,0,0.00
10094,9,0,0.00
4867,34,0,0.00
1775,13,0,0.00
684,13,0,0.00
5275,16,0,0.00
8226,30,0,0.00
13595,9,0,0.00
2743,9,0,0.00
441,17,0,0.00
9290,19,0,0.00
2592,10,0,0.00
9957,5,0,0.00
6097,69,0,0.00
3969,20,0,0.00
3412,52,0,0.00
2990,57,0,0.00
3689,16,0,0.00
208,64,0,0.00
13587,49,0,0.00
13430,9,0,0.00
13930,22,0,0.00
8424,7,0,0.00
4691,71,0,0.00
10090,1,0,0.00
3986,22,0,0.00
9759,7,0,0.00
1780,2,0,0.00
2481,11,0,0.00
13436,16,0,0.00
8116,2,0,0.00
11550,21,0,0.00
8501,69,0,0.00
10248,22,0,0.00
1205,375,0,0.00
9367,3,0,0.00
13856,77,0,0.00
6258,7,0,0.00
12843,2,0,0.00
7636,44,0,0.00
13792,5,0,0.00
1367,11,0,0.00
7596,4,0,0.00
1013,70,0,0.00
3965,7,0,0.00
3598,19,0,0.00
5418,86,0,0.00
6560,1,0,0.00
2686,31,0,0.00
1103,4,0,0.00
11696,64,0,0.00
10996,9,0,0.00
4980,41,0,0.00
2173,47,0,0.00
1383,8,0,0.00
10950,20,0,0.00
5488,7,0,0.00
7519,60,0,0.00
5519,8,0,0.00
189,40,0,0.00
13069,2,0,0.00
3083,17,0,0.00
3601,3,0,0.00
13368,4,0,0.00
12098,9,0,0.00
8957,3,0,0.00
3295,13,0,0.00
3455,6,0,0.00
8939,70,0,0.00
11247,28,0,0.00
9917,162,0,0.00
9466,3,0,0.00
4412,9,0,0.00
9879,25,0,0.00
10591,20,0,0.00
7188,5,0,0.00
6100,2,0,0.00
10199,115,0,0.00
12777,3,0,0.00
7457,42,0,0.00
6070,3,0,0.00
7162,3,0,0.00
13586,16,0,0.00
4742,8,0,0.00
6003,5,0,0.00
9734,15,0,0.00
7161,1,0,0.00
9797,61,0,0.00
7449,37,0,0.00
12647,2,0,0.00
5139,24,0,0.00
4161,6,0,0.00
9243,42,0,0.00
11600,10,0,0.00
13847,16,0,0.00
853,27,0,0.00
10227,35,0,0.00
12725,4,0,0.00
13419,29,0,0.00
916,23,0,0.00
2543,13,0,0.00
11816,44,0,0.00
3916,7,0,0.00
10018,9,0,0.00
239,20,0,0.00
6835,6,0,0.00
7916,44,0,0.00
4037,69,0,0.00
1535,5,0,0.00
896,16,0,0.00
3296,196,0,0.00
13530,6,0,0.00
5291,39,0,0.00
12171,69,0,0.00
6879,30,0,0.00
6820,19,0,0.00
2726,1,0,0.00
9600,70,0,0.00
13733,11,0,0.00
6276,19,0,0.00
12482,19,0,0.00
9665,6,0,0.00
8823,9,0,0.00
2416,28,0,0.00
4424,6,0,0.00
8513,12,0,0.00
3839,53,0,0.00
11117,29,0,0.00
10222,5,0,0.00
3641,14,0,0.00
2154,20,0,0.00
9984,15,0,0.00
12079,38,0,0.00
6844,80,0,0.00
3469,8,0,0.00
249,3,0,0.00
1548,15,0,0.00
4699,5,0,0.00
2471,32,0,0.00
2807,2,0,0.00
4713,119,0,0.00
2673,36,0,0.00
10496,19,0,0.00
7984,17,0,0.00
2651,8,0,0.00
3058,26,0,0.00
11558,4,0,0.00
2717,67,0,0.00
4491,39,0,0.00
345,20,0,0.00
6155,119,0,0.00
3216,118,0,0.00
2502,34,0,0.00
4429,26,0,0.00
7227,17,0,0.00
7782,5,0,0.00
3643,15,0,0.00
9054,4,0,0.00
13907,33,0,0.00
5280,11,0,0.00
5555,7,0,0.00
8851,79,0,0.00
10160,5,0,0.00
2133,58,0,0.00
11847,28,0,0.00
2628,5,0,0.00
9489,4,0,0.00
6454,20,0,0.00
10911,46,0,0.00
8588,6,0,0.00
8801,15,0,0.00
12610,24,0,0.00
9858,10,0,0.00
13794,30,0,0.00
2545,50,0,0.00
5972,7,0,0.00
5840,3,0,0.00
8743,18,0,0.00
13782,33,0,0.00
1223,5,0,0.00
10664,4,0,0.00
12914,22,0,0.00
6374,11,0,0.00
4938,43,0,0.00
11002,29,0,0.00
12054,88,0,0.00
2304,27,0,0.00
9371,1,0,0.00
5233,39,0,0.00
10907,19,0,0.00
10347,85,0,0.00
9128,10,0,0.00
6880,4,0,0.00
6328,9,0,0.00
13787,41,0,0.00
11391,5,0,0.00
5423,3,0,0.00
11350,2,0,0.00
4224,11,0,0.00
3704,10,0,0.00
12526,20,0,0.00
1090,18,0,0.00
57,76,0,0.00
2360,17,0,0.00
1620,13,0,0.00
10387,3,0,0.00
12289,12,0,0.00
9244,8,0,0.00
11977,31,0,0.00
5994,16,0,0.00
1955,9,0,0.00
4379,22,0,0.00
387,3,0,0.00
393,9,0,0.00
9634,49,0,0.00
10812,4,0,0.00
5547,3,0,0.00
3681,32,0,0.00
8388,6,0,0.00
4180,10,0,0.00
11041,38,0,0.00
8566,34,0,0.00
9523,14,0,0.00
7465,107,0,0.00
5861,4,0,0.00
6661,34,0,0.00
10991,11,0,0.00
6322,3,0,0.00
4449,54,0,0.00
6136,7,0,0.00
3566,6,0,0.00
10253,5,0,0.00
6207,11,0,0.00
7406,32,0,0.00
7408,39,0,0.00
6629,2,0,0.00
7124,11,0,0.00
2959,6,0,0.00
2164,7,0,0.00
12508,16,0,0.00
8838,3,0,0.00
11870,3,0,0.00
8626,19,0,0.00
13572,11,0,0.00
1402,14,0,0.00
10064,194,0,0.00
2687,11,0,0.00
11139,14,0,0.00
9040,26,0,0.00
4036,40,0,0.00
12638,26,0,0.00
4367,9,0,0.00
3996,6,0,0.00
4675,52,0,0.00
1678,46,0,0.00
13465,25,0,0.00
10042,12,0,0.00
10034,14,0,0.00
8283,26,0,0.00
12014,16,0,0.00
4955,16,0,0.00
12372,5,0,0.00
13146,36,0,0.00
12178,46,0,0.00
8525,19,0,0.00
7585,10,0,0.00
1162,12,0,0.00
8657,6,0,0.00
9212,9,0,0.00
13726,7,0,0.00
8097,6,0,0.00
9657,61,0,0.00
10709,7,0,0.00
2573,10,0,0.00
6172,4,0,0.00
5283,53,0,0.00
3016,5,0,0.00
5902,24,0,0.00
13321,21,0,0.00
4013,14,0,0.00
8841,26,0,0.00
10226,17,0,0.00
4362,8,0,0.00
12695,13,0,0.00
3830,8,0,0.00
1827,15,0,0.00
12943,8,0,0.00
12634,8,0,0.00
3762,13,0,0.00
7412,67,0,0.00
1293,28,0,0.00
4551,9,0,0.00
3105,36,0,0.00
11694,25,0,0.00
12208,12,0,0.00
6707,5,0,0.00
9955,12,0,0.00
3108,31,0,0.00
9697,4,0,0.00
5483,2,0,0.00
6050,8,0,0.00
8982,44,0,0.00
317,12,0,0.00
3551,15,0,0.00
1562,7,0,0.00
2201,16,0,0.00
4480,8,0,0.00
779,2,0,0.00
1089,17,0,0.00
11332,6,0,0.00
4249,15,0,0.00
11108,4,0,0.00
12713,29,0,0.00
12651,62,0,0.00
9431,18,0,0.00
503,38,0,0.00
1782,24,0,0.00
2700,16,0,0.00
7130,10,0,0.00
9661,24,0,0.00
638,1,0,0.00
7805,6,0,0.00
13169,50,0,0.00
14014,19,0,0.00
4351,18,0,0.00
4399,1,0,0.00
5725,10,0,0.00
10233,35,0,0.00
7062,28,0,0.00
12153,14,0,0.00
9781,14,0,0.00
5516,153,0,0.00
9792,32,0,0.00
966,9,0,0.00
82,38,0,0.00
7777,59,0,0.00
481,8,0,0.00
3785,14,0,0.00
3277,5,0,0.00
810,6,0,0.00
2258,22,0,0.00
440,16,0,0.00
13935,21,0,0.00
9387,9,0,0.00
4084,11,0,0.00
11544,108,0,0.00
12619,15,0,0.00
2004,11,0,0.00
11356,3,0,0.00
11676,6,0,0.00
1462,197,0,0.00
392,34,0,0.00
13987,9,0,0.00
5058,61,0,0.00
4182,51,0,0.00
5299,2,0,0.00
956,3,0,0.00
12448,8,0,0.00
1135,61,0,0.00
2301,17,0,0.00
4978,1,0,0.00
10922,5,0,0.00
3918,31,0,0.00
3887,11,0,0.00
6299,17,0,0.00
5323,41,0,0.00
11106,11,0,0.00
13927,25,0,0.00
8469,131,0,0.00
13010,3,0,0.00
2299,16,0,0.00
4759,337,0,0.00
10397,6,0,0.00
11915,4,0,0.00
7799,8,0,0.00
6438,4,0,0.00
1411,5,0,0.00
13362,12,0,0.00
12484,10,0,0.00
4167,64,0,0.00
8504,34,0,0.00
5313,17,0,0.00
3724,1,0,0.00
6360,8,0,0.00
9675,24,0,0.00
25,21,0,0.00
6968,60,0,0.00
3161,38,0,0.00
4845,44,0,0.00
4806,64,0,0.00
10076,6,0,0.00
6426,20,0,0.00
13390,5,0,0.00
4492,30,0,0.00
7049,46,0,0.00
2685,18,0,0.00
6830,13,0,0.00
8103,47,0,0.00
7867,7,0,0.00
9459,62,0,0.00
10745,6,0,0.00
13511,51,0,0.00
12944,5,0,0.00
6495,6,0,0.00
5063,52,0,0.00
13484,57,0,0.00
668,2,0,0.00
8419,118,0,0.00
2464,8,0,0.00
7453,48,0,0.00
9022,48,0,0.00
4009,4,0,0.00
9418,27,0,0.00
9495,18,0,0.00
305,6,0,0.00
6687,11,0,0.00
8866,1,0,0.00
372,3,0,0.00
626,27,0,0.00
11711,11,0,0.00
11571,3,0,0.00
1433,2,0,0.00
7012,25,0,0.00
2498,10,0,0.00
2890,22,0,0.00
10299,14,0,0.00
285,14,0,0.00
3010,11,0,0.00
6758,17,0,0.00
1613,19,0,0.00
1883,8,0,0.00
9524,5,0,0.00
661,8,0,0.00
10936,2,0,0.00
534,7,0,0.00
6411,15,0,0.00
12383,1,0,0.00
2986,17,0,0.00
466,13,0,0.00
12833,24,0,0.00
6995,14,0,0.00
1585,4,0,0.00
10225,15,0,0.00
12942,26,0,0.00
12378,18,0,0.00
13800,41,0,0.00
1653,16,0,0.00
11852,35,0,0.00
12844,119,0,0.00
2387,2,0,0.00
3871,10,0,0.00
7258,4,0,0.00
8318,16,0,0.00
13239,6,0,0.00
12637,19,0,0.00
8988,31,0,0.00
1622,12,0,0.00
5047,27,0,0.00
2563,1,0,0.00
12729,5,0,0.00
5003,7,0,0.00
7982,1,0,0.00
2352,32,0,0.00
7818,10,0,0.00
3049,9,0,0.00
12411,1,0,0.00
4919,32,0,0.00
7676,24,0,0.00
9996,18,0,0.00
1137,16,0,0.00
7514,67,0,0.00
2494,69,0,0.00
6759,30,0,0.00
12159,20,0,0.00
8614,9,0,0.00
11994,2,0,0.00
7877,7,0,0.00
8677,6,0,0.00
6799,4,0,0.00
2205,91,0,0.00
11160,23,0,0.00
235,6,0,0.00
11366,12,0,0.00
494,2,0,0.00
12593,18,0,0.00
12200,4,0,0.00
1540,5,0,0.00
1682,4,0,0.00
11675,28,0,0.00
3512,3,0,0.00
14076,13,0,0.00
7433,6,0,0.00
5541,10,0,0.00
2581,12,0,0.00
12493,21,0,0.00
7624,1,0,0.00
952,1,0,0.00
6817,12,0,0.00
12315,33,0,0.00
10027,1,0,0.00
11911,1,0,0.00
2773,9,0,0.00
9016,5,0,0.00
10594,17,0,0.00
7448,18,0,0.00
5530,9,0,0.00
8193,1,0,0.00
4215,41,0,0.00
11708,10,0,0.00
11426,16,0,0.00
9149,25,0,0.00
3205,9,0,0.00
13021,14,0,0.00
8189,30,0,0.00
420,34,0,0.00
1934,16,0,0.00
8747,22,0,0.00
9163,19,0,0.00
2438,28,0,0.00
8601,162,0,0.00
7464,11,0,0.00
4171,7,0,0.00
1941,74,0,0.00
11100,4,0,0.00
2374,41,0,0.00
13246,37,0,0.00
8659,42,0,0.00
7042,4,0,0.00
9848,71,0,0.00
11157,4,0,0.00
1913,2,0,0.00
2389,5,0,0.00
4237,16,0,0.00
10628,8,0,0.00
1928,113,0,0.00
7535,16,0,0.00
10054,5,0,0.00
9273,59,0,0.00
13442,32,0,0.00
2151,18,0,0.00
6620,33,0,0.00
9132,66,0,0.00
2002,3,0,0.00
13058,10,0,0.00
9585,28,0,0.00
10419,8,0,0.00
7494,7,0,0.00
11865,2,0,0.00
4196,1,0,0.00
7678,7,0,0.00
10572,9,0,0.00
10300,2,0,0.00
528,16,0,0.00
11494,30,0,0.00
10119,3,0,0.00
9906,16,0,0.00
2290,44,0,0.00
4616,4,0,0.00
13544,28,0,0.00
2838,45,0,0.00
1616,11,0,0.00
13153,13,0,0.00
8306,12,0,0.00
539,29,0,0.00
613,1,0,0.00
2064,13,0,0.00
11479,4,0,0.00
850,4,0,0.00
3638,19,0,0.00
5605,5,0,0.00
151,3,0,0.00
11162,2,0,0.00
4604,23,0,0.00
10349,17,0,0.00
3124,16,0,0.00
7046,5,0,0.00
13668,17,0,0.00
4940,21,0,0.00
8258,25,0,0.00
13968,21,0,0.00
3167,5,0,0.00
9969,14,0,0.00
10272,5,0,0.00
6069,11,0,0.00
5321,5,0,0.00
6379,3,0,0.00
7949,1,0,0.00
6002,3,0,0.00
3062,25,0,0.00
656,12,0,0.00
11257,32,0,0.00
5187,80,0,0.00
3293,31,0,0.00
9004,67,0,0.00
12343,26,0,0.00
407,18,0,0.00
4914,40,0,0.00
4827,21,0,0.00
1516,51,0,0.00
13366,65,0,0.00
9426,44,0,0.00
10562,2,0,0.00
11167,11,0,0.00
1981,3,0,0.00
1481,11,0,0.00
10805,10,0,0.00
3427,17,0,0.00
981,5,0,0.00
11008,2,0,0.00
3210,5,0,0.00
8625,62,0,0.00
2331,16,0,0.00
7235,1,0,0.00
13157,2,0,0.00
9717,11,0,0.00
3559,21,0,0.00
4146,3,0,0.00
13734,4,0,0.00
11491,9,0,0.00
3621,44,0,0.00
3567,83,0,0.00
13452,88,0,0.00
13062,54,0,0.00
11514,28,0,0.00
2654,29,0,0.00
13972,10,0,0.00
9266,17,0,0.00
694,7,0,0.00
498,30,0,0.00
9286,19,0,0.00
9112,13,0,0.00
9164,10,0,0.00
8529,10,0,0.00
2970,12,0,0.00
8787,4,0,0.00
673,3,0,0.00
4542,3,0,0.00
1918,4,0,0.00
5337,14,0,0.00
10333,13,0,0.00
5116,53,0,0.00
4352,2,0,0.00
5113,10,0,0.00
8736,69,0,0.00
12723,2,0,0.00
4205,13,0,0.00
13997,2,0,0.00
7022,12,0,0.00
11739,24,0,0.00
2714,3,0,0.00
1170,9,0,0.00
12167,14,0,0.00
13527,17,0,0.00
11505,32,0,0.00
6737,29,0,0.00
1107,4,0,0.00
1738,2,0,0.00
7993,3,0,0.00
6093,8,0,0.00
5742,11,0,0.00
11875,15,0,0.00
7545,22,0,0.00
8411,8,0,0.00
10885,1,0,0.00
6366,6,0,0.00
9403,8,0,0.00
2354,10,0,0.00
9113,2,0,0.00
11105,42,0,0.00
9449,13,0,0.00
6736,19,0,0.00
550,2,0,0.00
2386,6,0,0.00
3128,6,0,0.00
2967,10,0,0.00
8395,8,0,0.00
14011,10,0,0.00
12274,7,0,0.00
4820,17,0,0.00
3011,6,0,0.00
12367,9,0,0.00
13031,49,0,0.00
7463,47,0,0.00
13317,16,0,0.00
3496,8,0,0.00
12297,102,0,0.00
4905,15,0,0.00
6827,16,0,0.00
2798,21,0,0.00
3008,21,0,0.00
5224,3,0,0.00
8699,5,0,0.00
5539,8,0,0.00
184,2,0,0.00
4514,14,0,0.00
5568,39,0,0.00
7895,8,0,0.00
7067,15,0,0.00
6377,2,0,0.00
7168,11,0,0.00
8345,10,0,0.00
13311,19,0,0.00
8185,3,0,0.00
4294,3,0,0.00
12072,15,0,0.00
13453,5,0,0.00
5826,12,0,0.00
3134,1,0,0.00
11042,32,0,0.00
4521,32,0,0.00
4912,20,0,0.00
12756,2,0,0.00
8580,2,0,0.00
3255,14,0,0.00
841,2,0,0.00
1773,29,0,0.00
9710,30,0,0.00
7069,4,0,0.00
1395,8,0,0.00
8881,23,0,0.00
6392,20,0,0.00
11785,24,0,0.00
1670,47,0,0.00
8397,37,0,0.00
3130,29,0,0.00
7907,18,0,0.00
2067,4,0,0.00
6565,46,0,0.00
9069,10,0,0.00
5664,29,0,0.00
12995,22,0,0.00
6537,21,0,0.00
9926,1,0,0.00
9902,9,0,0.00
9395,22,0,0.00
116,73,0,0.00
1035,17,0,0.00
8136,9,0,0.00
13506,2,0,0.00
2578,16,0,0.00
11065,19,0,0.00
2855,2,0,0.00
6674,18,0,0.00
1136,9,0,0.00
13298,11,0,0.00
629,36,0,0.00
4126,3,0,0.00
12988,14,0,0.00
8160,45,0,0.00
8554,26,0,0.00
12798,12,0,0.00
1611,41,0,0.00
3118,24,0,0.00
6897,36,0,0.00
3764,4,0,0.00
30,14,0,0.00
9704,9,0,0.00
9453,5,0,0.00
6474,14,0,0.00
12887,17,0,0.00
4617,4,0,0.00
11420,6,0,0.00
1724,8,0,0.00
1679,10,0,0.00
10504,23,0,0.00
10429,6,0,0.00
2719,7,0,0.00
4402,5,0,0.00
7744,13,0,0.00
5010,31,0,0.00
325,31,0,0.00
5880,9,0,0.00
9071,5,0,0.00
10041,3,0,0.00
1545,6,0,0.00
1049,11,0,0.00
13063,24,0,0.00
9630,5,0,0.00
5288,6,0,0.00
7507,1,0,0.00
7715,12,0,0.00
2399,2,0,0.00
8286,3,0,0.00
7017,9,0,0.00
6547,4,0,0.00
3845,38,0,0.00
11487,36,0,0.00
75,11,0,0.00
7896,2,0,0.00
5996,8,0,0.00
9027,13,0,0.00
5757,5,0,0.00
5352,10,0,0.00
12851,52,0,0.00
2485,19,0,0.00
7824,20,0,0.00
9852,14,0,0.00
8206,18,0,0.00
5191,18,0,0.00
2336,9,0,0.00
7065,11,0,0.00
5245,6,0,0.00
9497,10,0,0.00
8636,6,0,0.00
12803,7,0,0.00
9341,9,0,0.00
1053,11,0,0.00
2430,25,0,0.00
9940,18,0,0.00
12477,13,0,0.00
5680,16,0,0.00
6981,3,0,0.00
13667,8,0,0.00
12494,3,0,0.00
4710,13,0,0.00
7139,2,0,0.00
5377,12,0,0.00
7815,34,0,0.00
9392,11,0,0.00
5891,3,0,0.00
3217,7,0,0.00
12797,12,0,0.00
2816,1,0,0.00
1571,11,0,0.00
12600,4,0,0.00
3524,29,0,0.00
11079,6,0,0.00
2802,15,0,0.00
6427,15,0,0.00
6183,23,0,0.00
1372,9,0,0.00
4338,45,0,0.00
5527,4,0,0.00
6177,13,0,0.00
1957,5,0,0.00
9806,39,0,0.00
3402,43,0,0.00
10833,11,0,0.00
5799,11,0,0.00
11294,5,0,0.00
458,46,0,0.00
1730,10,0,0.00
3854,13,0,0.00
1037,29,0,0.00
109,7,0,0.00
6840,29,0,0.00
5316,16,0,0.00
4497,11,0,0.00
11020,23,0,0.00
1381,43,0,0.00
11276,2,0,0.00
10281,4,0,0.00
13844,7,0,0.00
13017,27,0,0.00
2574,7,0,0.00
12059,12,0,0.00
1060,49,0,0.00
10502,41,0,0.00
7159,23,0,0.00
12949,19,0,0.00
6984,1,0,0.00
11674,3,0,0.00
7268,2,0,0.00
5326,17,0,0.00
6834,23,0,0.00
6087,6,0,0.00
8471,6,0,0.00
13802,16,0,0.00
789,16,0,0.00
6947,3,0,0.00
6790,7,0,0.00
1056,12,0,0.00
971,4,0,0.00
2697,21,0,0.00
7965,2,0,0.00
4124,6,0,0.00
10841,3,0,0.00
6153,25,0,0.00
5671,3,0,0.00
1987,17,0,0.00
9824,2,0,0.00
2616,30,0,0.00
13628,9,0,0.00
8457,5,0,0.00
5474,23,0,0.00
14053,13,0,0.00
4851,34,0,0.00
1351,3,0,0.00
4252,24,0,0.00
14056,15,0,0.00
2622,27,0,0.00
6088,10,0,0.00
2534,3,0,0.00
4941,28,0,0.00
10589,4,0,0.00
12583,15,0,0.00
1949,13,0,0.00
1026,17,0,0.00
1765,22,0,0.00
12672,10,0,0.00
13232,4,0,0.00
2796,10,0,0.00
11787,34,0,0.00
7934,17,0,0.00
10276,8,0,0.00
8021,39,0,0.00
10910,4,0,0.00
4525,11,0,0.00
11067,7,0,0.00
11120,7,0,0.00
12062,13,0,0.00
3766,18,0,0.00
6616,5,0,0.00
4060,11,0,0.00
5656,3,0,0.00
9688,13,0,0.00
2404,1,0,0.00
3092,7,0,0.00
13724,12,0,0.00
8508,4,0,0.00
13096,3,0,0.00
1878,2,0,0.00
3818,6,0,0.00
5517,28,0,0.00
11538,8,0,0.00
8894,17,0,0.00
5345,8,0,0.00
1819,10,0,0.00
9886,4,0,0.00
6113,19,0,0.00
2849,9,0,0.00
510,1,0,0.00
2793,8,0,0.00
11285,6,0,0.00
6946,5,0,0.00
7509,7,0,0.00
8558,1,0,0.00
7531,8,0,0.00
7185,6,0,0.00
7550,15,0,0.00
12806,3,0,0.00
11534,8,0,0.00
13370,8,0,0.00
5476,9,0,0.00
12563,1,0,0.00
1959,88,0,0.00
9253,10,0,0.00
10952,24,0,0.00
11063,12,0,0.00
11877,22,0,0.00
11031,3,0,0.00
3649,22,0,0.00
6861,2,0,0.00
6710,9,0,0.00
2451,17,0,0.00
1671,9,0,0.00
3533,2,0,0.00
13008,10,0,0.00
13632,44,0,0.00
11329,9,0,0.00
10455,10,0,0.00
5798,3,0,0.00
10447,6,0,0.00
7652,4,0,0.00
12433,11,0,0.00
12094,14,0,0.00
13234,10,0,0.00
2418,21,0,0.00
11208,18,0,0.00
8462,13,0,0.00
8805,19,0,0.00
1749,10,0,0.00
10666,21,0,0.00
10700,9,0,0.00
9052,14,0,0.00
308,9,0,0.00
7317,26,0,0.00
12911,17,0,0.00
13237,12,0,0.00
4270,9,0,0.00
7302,1,0,0.00
2214,4,0,0.00
1563,21,0,0.00
1665,6,0,0.00
395,17,0,0.00
7539,19,0,0.00
9864,7,0,0.00
3292,20,0,0.00
2100,14,0,0.00
13755,19,0,0.00
1352,1,0,0.00
6475,5,0,0.00
6406,16,0,0.00
2095,7,0,0.00
13199,59,0,0.00
6714,20,0,0.00
9545,1,0,0.00
7812,52,0,0.00
9296,7,0,0.00
13558,8,0,0.00
1729,3,0,0.00
428,7,0,0.00
8556,4,0,0.00
6212,13,0,0.00
3027,10,0,0.00
2707,33,0,0.00
3946,1,0,0.00
10640,6,0,0.00
6884,20,0,0.00
12007,1,0,0.00
7193,5,0,0.00
7298,13,0,0.00
4513,3,0,0.00
6805,1,0,0.00
11145,8,0,0.00
12156,2,0,0.00
5184,1,0,0.00
4995,3,0,0.00
6545,17,0,0.00
1302,4,0,0.00
13933,4,0,0.00
6340,2,0,0.00
2701,11,0,0.00
6278,34,0,0.00
8918,8,0,0.00
4462,52,0,0.00
5133,6,0,0.00
4716,44,0,0.00
6232,2,0,0.00
11871,1,0,0.00
13604,5,0,0.00
6622,16,0,0.00
900,22,0,0.00
10945,10,0,0.00
6728,7,0,0.00
594,11,0,0.00
7568,200,0,0.00
8363,12,0,0.00
6647,7,0,0.00
948,8,0,0.00
7914,4,0,0.00
12102,13,0,0.00
11096,31,0,0.00
12588,5,0,0.00
3697,71,0,0.00
12870,7,0,0.00
7368,11,0,0.00
3439,16,0,0.00
1576,3,0,0.00
5260,37,0,0.00
10696,1,0,0.00
12868,1,0,0.00
12900,1,0,0.00
11193,1,0,0.00
13944,3,0,0.00
6961,6,0,0.00
1597,30,0,0.00
8781,25,0,0.00
10968,6,0,0.00
10850,2,0,0.00
4080,23,0,0.00
7626,5,0,0.00
5877,8,0,0.00
5344,3,0,0.00
7810,16,0,0.00
3710,12,0,0.00
8694,11,0,0.00
7336,2,0,0.00
13700,1,0,0.00
4403,1,0,0.00
5241,4,0,0.00
9129,13,0,0.00
1134,16,0,0.00
10630,28,0,0.00
7801,4,0,0.00
2522,12,0,0.00
5789,3,0,0.00
5274,6,0,0.00
6261,4,0,0.00
8255,2,0,0.00
2059,4,0,0.00
1016,6,0,0.00
9110,9,0,0.00
11853,5,0,0.00
12336,31,0,0.00
8490,7,0,0.00
11772,21,0,0.00
1278,12,0,0.00
10109,14,0,0.00
377,11,0,0.00
12832,2,0,0.00
9344,9,0,0.00
12967,1,0,0.00
795,22,0,0.00
6963,1,0,0.00
8530,17,0,0.00
7292,9,0,0.00
6998,2,0,0.00
8180,2,0,0.00
5068,18,0,0.00
5743,43,0,0.00
2021,9,0,0.00
6557,10,0,0.00
3883,3,0,0.00
12006,6,0,0.00
6623,14,0,0.00
5882,2,0,0.00
12495,1,0,0.00
890,15,0,0.00
9346,5,0,0.00
11244,2,0,0.00
8784,3,0,0.00
4711,1,0,0.00
10955,3,0,0.00
1692,9,0,0.00
8381,10,0,0.00
2792,10,0,0.00
4019,24,0,0.00
4183,35,0,0.00
4140,27,0,0.00
8295,9,0,0.00
3458,37,0,0.00
6102,1,0,0.00
3225,12,0,0.00
11197,4,0,0.00
3386,8,0,0.00
5297,9,0,0.00
2713,24,0,0.00
10385,8,0,0.00
6494,6,0,0.00
13909,18,0,0.00
8783,18,0,0.00
8063,13,0,0.00
13474,13,0,0.00
11581,6,0,0.00
6857,2,0,0.00
5156,8,0,0.00
13319,25,0,0.00
9317,16,0,0.00
10508,243,0,0.00
9860,3,0,0.00
13813,2,0,0.00
4795,8,0,0.00
2759,7,0,0.00
3448,21,0,0.00
11496,6,0,0.00
5471,10,0,0.00
10176,8,0,0.00
2012,17,0,0.00
6482,22,0,0.00
4357,2,0,0.00
2449,30,0,0.00
10164,16,0,0.00
4100,11,0,0.00
672,8,0,0.00
5518,9,0,0.00
2617,5,0,0.00
9062,4,0,0.00
13738,5,0,0.00
5946,15,0,0.00
13125,19,0,0.00
13709,4,0,0.00
11246,13,0,0.00
1983,10,0,0.00
12227,6,0,0.00
12116,4,0,0.00
11319,2,0,0.00
12604,14,0,0.00
678,7,0,0.00
3904,3,0,0.00
3604,2,0,0.00
8089,37,0,0.00
2676,3,0,0.00
13286,10,0,0.00
4937,12,0,0.00
6899,1,0,0.00
3569,5,0,0.00
8370,7,0,0.00
2376,1,0,0.00
11018,9,0,0.00
9818,27,0,0.00
476,39,0,0.00
6628,1,0,0.00
13805,5,0,0.00
13258,6,0,0.00
8910,4,0,0.00
4939,3,0,0.00
9168,14,0,0.00
7754,14,0,0.00
9347,8,0,0.00
5411,35,0,0.00
8935,11,0,0.00
7071,3,0,0.00
8461,4,0,0.00
12831,17,0,0.00
4330,2,0,0.00
10430,2,0,0.00
2065,6,0,0.00
10754,3,0,0.00
8282,7,0,0.00
9636,4,0,0.00
8942,2,0,0.00
8472,16,0,0.00
121,21,0,0.00
4567,46,0,0.00
4904,6,0,0.00
793,8,0,0.00
8532,4,0,0.00
3668,2,0,0.00
11407,10,0,0.00
9084,18,0,0.00
7970,13,0,0.00
10268,3,0,0.00
8337,13,0,0.00
12424,18,0,0.00
6283,49,0,0.00
7825,3,0,0.00
2602,27,0,0.00
10368,2,0,0.00
1335,4,0,0.00
8273,11,0,0.00
13427,1,0,0.00
11305,2,0,0.00
1444,17,0,0.00
3257,14,0,0.00
3720,1,0,0.00
1795,58,0,0.00
9794,8,0,0.00
12888,6,0,0.00
8692,21,0,0.00
6266,16,0,0.00
26,1,0,0.00
1915,1,0,0.00
5110,1,0,0.00
10449,11,0,0.00
2292,14,0,0.00
11778,5,0,0.00
11714,12,0,0.00
11371,5,0,0.00
10528,7,0,0.00
844,14,0,0.00
3399,9,0,0.00
7321,3,0,0.00
6204,4,0,0.00
105,6,0,0.00
10050,14,0,0.00
11003,3,0,0.00
480,3,0,0.00
9038,1,0,0.00
137,1,0,0.00
5119,91,0,0.00
132,3,0,0.00
5509,2,0,0.00
8924,21,0,0.00
7090,8,0,0.00
12046,1,0,0.00
11936,7,0,0.00
9073,14,0,0.00
622,15,0,0.00
9351,5,0,0.00
12146,1,0,0.00
8840,4,0,0.00
2303,2,0,0.00
1685,8,0,0.00
2266,2,0,0.00
448,2,0,0.00
5074,21,0,0.00
10498,4,0,0.00
13481,3,0,0.00
5099,18,0,0.00
7282,3,0,0.00
8222,18,0,0.00
5368,3,0,0.00
13274,5,0,0.00
13036,8,0,0.00
1662,19,0,0.00
450,16,0,0.00
7278,1,0,0.00
8453,1,0,0.00
12556,23,0,0.00
2333,2,0,0.00
3019,2,0,0.00
4780,15,0,0.00
2718,8,0,0.00
13045,5,0,0.00
12236,11,0,0.00
8113,6,0,0.00
9502,19,0,0.00
7875,8,0,0.00
8296,32,0,0.00
1785,19,0,0.00
11683,4,0,0.00
11642,1,0,0.00
6187,37,0,0.00
6646,8,0,0.00
12204,1,0,0.00
9259,7,0,0.00
2104,17,0,0.00
9026,29,0,0.00
2872,6,0,0.00
13991,2,0,0.00
3941,14,0,0.00
3141,12,0,0.00
13228,32,0,0.00
9284,2,0,0.00
3812,2,0,0.00
6341,5,0,0.00
778,1,0,0.00
8100,20,0,0.00
11472,10,0,0.00
4236,4,0,0.00
13231,1,0,0.00
7244,8,0,0.00
3147,2,0,0.00
9825,8,0,0.00
3754,29,0,0.00
4695,24,0,0.00
737,10,0,0.00
5078,2,0,0.00
4614,1,0,0.00
13605,9,0,0.00
13120,3,0,0.00
509,19,0,0.00
9747,9,0,0.00
9034,11,0,0.00
2150,8,0,0.00
8034,8,0,0.00
4731,8,0,0.00
445,1,0,0.00
11358,3,0,0.00
12203,3,0,0.00
736,2,0,0.00
10768,4,0,0.00
12329,1,0,0.00
882,4,0,0.00
2401,8,0,0.00
4810,4,0,0.00
12323,9,0,0.00
2652,16,0,0.00
3504,3,0,0.00
12726,16,0,0.00
11671,19,0,0.00
824,14,0,0.00
3536,7,0,0.00
9015,21,0,0.00
10362,4,0,0.00
4279,7,0,0.00
4186,19,0,0.00
11963,9,0,0.00
10285,28,0,0.00
4503,1,0,0.00
957,4,0,0.00
10324,7,0,0.00
11930,9,0,0.00
1849,3,0,0.00
6785,7,0,0.00
3127,5,0,0.00
4277,4,0,0.00
6756,7,0,0.00
209,2,0,0.00
3294,4,0,0.00
11495,14,0,0.00
7451,8,0,0.00
2328,52,0,0.00
2554,1,0,0.00
7803,6,0,0.00
6740,20,0,0.00
214,14,0,0.00
12051,3,0,0.00
6596,5,0,0.00
174,8,0,0.00
261,14,0,0.00
4543,145,0,0.00
6979,6,0,0.00
5087,5,0,0.00
11819,1,0,0.00
1043,11,0,0.00
4307,8,0,0.00
1379,7,0,0.00
10737,4,0,0.00
4981,5,0,0.00
9485,12,0,0.00
10413,8,0,0.00
11799,8,0,0.00
10427,3,0,0.00
8631,25,0,0.00
12384,2,0,0.00
2698,1,0,0.00
12503,11,0,0.00
1022,4,0,0.00
3440,20,0,0.00
5672,9,0,0.00
2200,12,0,0.00
482,3,0,0.00
4885,1,0,0.00
3648,1,0,0.00
9764,6,0,0.00
695,9,0,0.00
7027,21,0,0.00
6337,10,0,0.00
2489,2,0,0.00
5289,1,0,0.00
1232,5,0,0.00
13938,5,0,0.00
11926,15,0,0.00
1061,3,0,0.00
1272,3,0,0.00
11373,2,0,0.00
5445,50,0,0.00
11326,5,0,0.00
8839,14,0,0.00
4968,1,0,0.00
12902,4,0,0.00
1132,5,0,0.00
2769,7,0,0.00
5876,8,0,0.00
10672,8,0,0.00
11242,27,0,0.00
6047,7,0,0.00
8275,3,0,0.00
6385,1,0,0.00
906,10,0,0.00
8140,6,0,0.00
4317,3,0,0.00
13576,4,0,0.00
10770,1,0,0.00
4720,11,0,0.00
6205,14,0,0.00
2787,13,0,0.00
3142,7,0,0.00
5992,2,0,0.00
5200,12,0,0.00
5408,8,0,0.00
9077,6,0,0.00
921,11,0,0.00
11809,6,0,0.00
290,19,0,0.00
5389,2,0,0.00
1905,14,0,0.00
4595,13,0,0.00
6598,4,0,0.00
1992,11,0,0.00
6645,5,0,0.00
9928,17,0,0.00
12671,16,0,0.00
7236,6,0,0.00
10898,4,0,0.00
3422,9,0,0.00
6473,5,0,0.00
5268,8,0,0.00
11388,4,0,0.00
3265,3,0,0.00
7335,1,0,0.00
8211,2,0,0.00
11390,7,0,0.00
1978,28,0,0.00
1891,15,0,0.00
10267,2,0,0.00
11050,34,0,0.00
2171,4,0,0.00
845,19,0,0.00
3917,1,0,0.00
3861,8,0,0.00
6747,3,0,0.00
11899,7,0,0.00
10835,7,0,0.00
335,17,0,0.00
13765,11,0,0.00
2924,6,0,0.00
6325,2,0,0.00
5904,9,0,0.00
1997,12,0,0.00
4157,15,0,0.00
3790,3,0,0.00
7611,7,0,0.00
7045,5,0,0.00
2394,2,0,0.00
131,4,0,0.00
5434,3,0,0.00
13405,2,0,0.00
12394,2,0,0.00
5831,1,0,0.00
12977,15,0,0.00
256,6,0,0.00
4332,1,0,0.00
641,3,0,0.00
4652,4,0,0.00
2625,2,0,0.00
7919,4,0,0.00
8652,5,0,0.00
7541,6,0,0.00
13345,4,0,0.00
3466,3,0,0.00
10294,8,0,0.00
13982,3,0,0.00
5052,16,0,0.00
12938,15,0,0.00
9866,6,0,0.00
3968,15,0,0.00
1667,8,0,0.00
10093,2,0,0.00
11744,5,0,0.00
13357,8,0,0.00
13635,6,0,0.00
1879,2,0,0.00
1375,11,0,0.00
526,4,0,0.00
8447,1,0,0.00
6923,2,0,0.00
433,6,0,0.00
5508,6,0,0.00
13112,1,0,0.00
3520,1,0,0.00
1914,5,0,0.00
12419,6,0,0.00
1633,21,0,0.00
78,15,0,0.00
5978,7,0,0.00
11375,8,0,0.00
9454,8,0,0.00
931,3,0,0.00
1276,14,0,0.00
6346,13,0,0.00
2661,21,0,0.00
13554,1,0,0.00
13535,2,0,0.00
4054,2,0,0.00
2172,6,0,0.00
12026,2,0,0.00
9668,13,0,0.00
8060,14,0,0.00
13482,4,0,0.00
13929,17,0,0.00
13688,6,0,0.00
7379,2,0,0.00
8674,7,0,0.00
13204,10,0,0.00
1019,14,0,0.00
9064,7,0,0.00
1391,22,0,0.00
3465,2,0,0.00
14021,8,0,0.00
4738,4,0,0.00
5215,7,0,0.00
646,7,0,0.00
8940,8,0,0.00
5093,7,0,0.00
2962,7,0,0.00
2703,7,0,0.00
11980,10,0,0.00
2973,1,0,0.00
7218,3,0,0.00
13895,2,0,0.00
7776,6,0,0.00
3076,1,0,0.00
10605,6,0,0.00
12486,5,0,0.00
12498,10,0,0.00
3153,2,0,0.00
4440,31,0,0.00
10677,4,0,0.00
13622,4,0,0.00
1289,13,0,0.00
561,7,0,0.00
2006,1,0,0.00
7703,2,0,0.00
13316,12,0,0.00
1897,2,0,0.00
11221,3,0,0.00
3976,4,0,0.00
12566,2,0,0.00
5012,21,0,0.00
3214,2,0,0.00
13706,3,0,0.00
8030,7,0,0.00
3851,12,0,0.00
4856,5,0,0.00
9897,2,0,0.00
3655,3,0,0.00
13211,10,0,0.00
1549,8,0,0.00
9186,3,0,0.00
13577,4,0,0.00
6725,23,0,0.00
9999,2,0,0.00
1510,4,0,0.00
4235,1,0,0.00
13569,2,0,0.00
10959,4,0,0.00
3780,4,0,0.00
2035,6,0,0.00
13264,1,0,0.00
7279,4,0,0.00
3758,3,0,0.00
12305,15,0,0.00
651,7,0,0.00
394,6,0,0.00
9257,1,0,0.00
4752,7,0,0.00
2262,2,0,0.00
11628,8,0,0.00
8671,3,0,0.00
955,1,0,0.00
5777,1,0,0.00
2992,5,0,0.00
891,17,0,0.00
11788,8,0,0.00
8277,1,0,0.00
5917,5,0,0.00
7796,8,0,0.00
13268,9,0,0.00
10458,18,0,0.00
7395,2,0,0.00
11325,25,0,0.00
2927,1,0,0.00
12257,1,0,0.00
10784,42,0,0.00
3605,5,0,0.00
10302,4,0,0.00
676,1,0,0.00
12543,1,0,0.00
3712,1,0,0.00
12653,13,0,0.00
13101,6,0,0.00
10358,5,0,0.00
7521,11,0,0.00
2731,1,0,0.00
8298,6,0,0.00
9270,10,0,0.00
10337,16,0,0.00
9912,13,0,0.00
11017,11,0,0.00
4921,7,0,0.00
2658,5,0,0.00
8992,6,0,0.00
2756,9,0,0.00
5977,5,0,0.00
9669,2,0,0.00
1492,3,0,0.00
12055,18,0,0.00
1051,4,0,0.00
7054,6,0,0.00
3365,2,0,0.00
12572,9,0,0.00
11504,2,0,0.00
12613,6,0,0.00
6766,23,0,0.00
1899,3,0,0.00
2891,1,0,0.00
4956,5,0,0.00
4344,4,0,0.00
8984,13,0,0.00
8638,10,0,0.00
11451,11,0,0.00
3192,7,0,0.00
11503,3,0,0.00
1342,7,0,0.00
12082,1,0,0.00
1359,1,0,0.00
5414,5,0,0.00
2601,4,0,0.00
2224,2,0,0.00
6152,5,0,0.00
3261,9,0,0.00
12606,17,0,0.00
5470,7,0,0.00
4788,2,0,0.00
3919,7,0,0.00
6959,2,0,0.00
4428,8,0,0.00
7959,2,0,0.00
4361,6,0,0.00
7925,4,0,0.00
5886,3,0,0.00
8146,3,0,0.00
10932,4,0,0.00
3389,14,0,0.00
2196,2,0,0.00
12021,7,0,0.00
2452,1,0,0.00
86,4,0,0.00
8274,6,0,0.00
227,7,0,0.00
3784,12,0,0.00
13423,1,0,0.00
2001,6,0,0.00
3878,7,0,0.00
3730,2,0,0.00
7243,2,0,0.00
3136,2,0,0.00
9672,1,0,0.00
9831,10,0,0.00
1298,1,0,0.00
2547,14,0,0.00
13897,3,0,0.00
96,7,0,0.00
12148,8,0,0.00
7786,5,0,0.00
5085,9,0,0.00
1282,2,0,0.00
1077,7,0,0.00
7483,2,0,0.00
9706,15,0,0.00
7827,7,0,0.00
272,16,0,0.00
13495,21,0,0.00
11151,3,0,0.00
3353,5,0,0.00
1229,7,0,0.00
5617,13,0,0.00
2789,9,0,0.00
10951,10,0,0.00
12599,6,0,0.00
328,16,0,0.00
3676,11,0,0.00
13075,3,0,0.00
10426,6,0,0.00
8188,5,0,0.00
11682,1,0,0.00
1808,4,0,0.00
4297,4,0,0.00
11215,3,0,0.00
6976,2,0,0.00
3882,5,0,0.00
6928,8,0,0.00
5424,5,0,0.00
6761,20,0,0.00
1277,2,0,0.00
10083,30,0,0.00
7198,21,0,0.00
6412,3,0,0.00
3357,6,0,0.00
3787,11,0,0.00
12422,8,0,0.00
4452,2,0,0.00
13266,2,0,0.00
12954,2,0,0.00
11476,3,0,0.00
11598,10,0,0.00
3309,4,0,0.00
6263,6,0,0.00
7424,5,0,0.00
554,16,0,0.00
13955,2,0,0.00
7635,1,0,0.00
4765,4,0,0.00
2345,6,0,0.00
8856,3,0,0.00
4067,4,0,0.00
8488,3,0,0.00
2765,1,0,0.00
141,1,0,0.00
10351,9,0,0.00
8290,5,0,0.00
1672,3,0,0.00
13880,8,0,0.00
2642,8,0,0.00
4804,5,0,0.00
12041,2,0,0.00
1753,5,0,0.00
12499,1,0,0.00
1147,3,0,0.00
11262,2,0,0.00
9303,6,0,0.00
10323,1,0,0.00
6371,13,0,0.00
9736,6,0,0.00
8863,7,0,0.00
2609,4,0,0.00
10871,8,0,0.00
8559,10,0,0.00
1182,10,0,0.00
12565,6,0,0.00
10374,5,0,0.00
2634,6,0,0.00
11102,7,0,0.00
9830,4,0,0.00
13877,10,0,0.00
3340,4,0,0.00
7313,3,0,0.00
1708,13,0,0.00
14074,4,0,0.00
11116,20,0,0.00
12176,4,0,0.00
12928,4,0,0.00
4541,5,0,0.00
5409,3,0,0.00
10956,10,0,0.00
14020,3,0,0.00
13849,6,0,0.00
576,1,0,0.00
9114,4,0,0.00
9994,2,0,0.00
8835,4,0,0.00
13184,8,0,0.00
10403,10,0,0.00
6414,3,0,0.00
6695,5,0,0.00
13592,2,0,0.00
8036,7,0,0.00
4971,2,0,0.00
7853,2,0,0.00
2083,2,0,0.00
9360,8,0,0.00
3262,5,0,0.00
4924,3,0,0.00
5164,4,0,0.00
7820,2,0,0.00
452,1,0,0.00
6789,14,0,0.00
163,2,0,0.00
4900,2,0,0.00
5097,15,0,0.00
12991,1,0,0.00
3150,1,0,0.00
3698,2,0,0.00
723,4,0,0.00
11561,1,0,0.00
4836,10,0,0.00
9076,14,0,0.00
12049,16,0,0.00
11396,7,0,0.00
5211,4,0,0.00
9448,3,0,0.00
3893,3,0,0.00
5238,2,0,0.00
3122,5,0,0.00
13082,1,0,0.00
13836,6,0,0.00
1570,4,0,0.00
5510,2,0,0.00
3057,9,0,0.00
10949,2,0,0.00
1703,5,0,0.00
8565,14,0,0.00
9590,2,0,0.00
4717,2,0,0.00
10103,4,0,0.00
6128,4,0,0.00
5373,2,0,0.00
11440,2,0,0.00
12841,1,0,0.00
786,8,0,0.00
6126,2,0,0.00
961,9,0,0.00
13661,2,0,0.00
5462,6,0,0.00
11988,8,0,0.00
10110,9,0,0.00
762,9,0,0.00
13617,1,0,0.00
11810,5,0,0.00
9891,4,0,0.00
7190,7,0,0.00
2009,4,0,0.00
3385,4,0,0.00
13780,2,0,0.00
6145,2,0,0.00
1906,12,0,0.00
5039,7,0,0.00
4487,8,0,0.00
13074,7,0,0.00
2721,16,0,0.00
10334,5,0,0.00
12849,2,0,0.00
13163,1,0,0.00
8292,7,0,0.00
3718,1,0,0.00
7630,8,0,0.00
1809,5,0,0.00
4571,2,0,0.00
7775,4,0,0.00
12960,8,0,0.00
1902,2,0,0.00
12818,2,0,0.00
12852,4,0,0.00
2044,1,0,0.00
7160,3,0,0.00
13331,21,0,0.00
706,1,0,0.00
12697,4,0,0.00
13443,5,0,0.00
904,7,0,0.00
7165,4,0,0.00
11884,3,0,0.00
5106,7,0,0.00
701,6,0,0.00
5585,8,0,0.00
6486,4,0,0.00
1698,2,0,0.00
8740,1,0,0.00
9528,4,0,0.00
13413,1,0,0.00
4177,1,0,0.00
4672,12,0,0.00
5421,5,0,0.00
12042,5,0,0.00
7261,1,0,0.00
4790,3,0,0.00
5295,4,0,0.00
4284,10,0,0.00
4760,1,0,0.00
12438,7,0,0.00
3202,4,0,0.00
9056,6,0,0.00
9751,5,0,0.00
9512,8,0,0.00
9814,7,0,0.00
11424,1,0,0.00
933,2,0,0.00
7181,2,0,0.00
9141,3,0,0.00
4894,3,0,0.00
13770,1,0,0.00
1767,2,0,0.00
12272,6,0,0.00
2330,8,0,0.00
10158,5,0,0.00
5045,8,0,0.00
13716,5,0,0.00
9476,2,0,0.00
5481,21,0,0.00
653,4,0,0.00
3984,1,0,0.00
7906,10,0,0.00
4094,5,0,0.00
12808,1,0,0.00
6118,1,0,0.00
12766,4,0,0.00
2462,4,0,0.00
12270,1,0,0.00
1898,6,0,0.00
1593,1,0,0.00
8175,2,0,0.00
11258,2,0,0.00
10783,2,0,0.00
13751,1,0,0.00
5747,7,0,0.00
12362,7,0,0.00
9932,4,0,0.00
6685,10,0,0.00
5080,6,0,0.00
2864,9,0,0.00
8547,3,0,0.00
6132,2,0,0.00
8543,6,0,0.00
8941,3,0,0.00
13871,2,0,0.00
6099,6,0,0.00
339,10,0,0.00
8555,5,0,0.00
3388,1,0,0.00
10422,12,0,0.00
6721,2,0,0.00
1595,2,0,0.00
197,1,0,0.00
13084,4,0,0.00
13687,3,0,0.00
959,3,0,0.00
6625,14,0,0.00
9355,2,0,0.00
9154,2,0,0.00
13244,2,0,0.00
11546,23,0,0.00
9142,5,0,0.00
9359,2,0,0.00
6395,7,0,0.00
4600,11,0,0.00
13652,7,0,0.00
6944,3,0,0.00
8062,1,0,0.00
12320,13,0,0.00
7037,3,0,0.00
10326,1,0,0.00
2190,5,0,0.00
12892,3,0,0.00
4483,2,0,0.00
10002,17,0,0.00
4068,4,0,0.00
5498,1,0,0.00
6607,2,0,0.00
6920,17,0,0.00
12992,2,0,0.00
927,3,0,0.00
6757,8,0,0.00
8319,5,0,0.00
10980,6,0,0.00
5124,4,0,0.00
9987,6,0,0.00
9381,3,0,0.00
10650,1,0,0.00
10671,1,0,0.00
3825,3,0,0.00
1387,3,0,0.00
274,7,0,0.00
6063,6,0,0.00
8865,5,0,0.00
2393,2,0,0.00
1864,3,0,0.00
835,7,0,0.00
1865,2,0,0.00
11353,4,0,0.00
3773,2,0,0.00
7318,5,0,0.00
12440,2,0,0.00
5584,1,0,0.00
10036,2,0,0.00
4650,6,0,0.00
4764,2,0,0.00
11468,1,0,0.00
8463,4,0,0.00
6103,10,0,0.00
4907,21,0,0.00
6246,4,0,0.00
797,3,0,0.00
13588,9,0,0.00
10571,3,0,0.00
1122,2,0,0.00
8186,6,0,0.00
9555,1,0,0.00
7902,5,0,0.00
915,4,0,0.00
7704,2,0,0.00
13710,1,0,0.00
5267,3,0,0.00
5366,4,0,0.00
1648,6,0,0.00
12781,3,0,0.00
4260,2,0,0.00
3438,1,0,0.00
1138,10,0,0.00
682,15,0,0.00
1732,3,0,0.00
8199,11,0,0.00
2768,3,0,0.00
5594,6,0,0.00
1779,8,0,0.00
8149,2,0,0.00
8562,2,0,0.00
6378,4,0,0.00
1823,8,0,0.00
663,2,0,0.00
9484,12,0,0.00
248,1,0,0.00
13108,4,0,0.00
6887,1,0,0.00
3355,3,0,0.00
2998,2,0,0.00
10497,1,0,0.00
2027,6,0,0.00
5307,1,0,0.00
6870,6,0,0.00
3360,4,0,0.00
7964,1,0,0.00
11216,5,0,0.00
545,11,0,0.00
2417,1,0,0.00
9995,4,0,0.00
11569,14,0,0.00
9716,7,0,0.00
2550,3,0,0.00
1390,12,0,0.00
6436,16,0,0.00
11173,1,0,0.00
12050,15,0,0.00
282,3,0,0.00
7588,6,0,0.00
10603,1,0,0.00
3705,1,0,0.00
1423,9,0,0.00
11959,3,0,0.00
4241,9,0,0.00
2339,8,0,0.00
10000,9,0,0.00
2286,1,0,0.00
1141,7,0,0.00
9428,20,0,0.00
6713,4,0,0.00
7816,11,0,0.00
11766,8,0,0.00
11309,6,0,0.00
6525,2,0,0.00
12487,1,0,0.00
11745,5,0,0.00
9389,9,0,0.00
9577,5,0,0.00
13826,1,0,0.00
1151,2,0,0.00
2829,4,0,0.00
8076,5,0,0.00
4305,1,0,0.00
13993,2,0,0.00
13399,8,0,0.00
12126,6,0,0.00
12242,9,0,0.00
8266,2,0,0.00
7741,1,0,0.00
12670,1,0,0.00
11254,2,0,0.00
13692,11,0,0.00
10683,1,0,0.00
9509,1,0,0.00
1966,7,0,0.00
13461,2,0,0.00
10081,6,0,0.00
6085,3,0,0.00
11698,1,0,0.00
9894,1,0,0.00
9791,3,0,0.00
4646,7,0,0.00
6614,5,0,0.00
9754,6,0,0.00
846,2,0,0.00
7968,3,0,0.00
6025,1,0,0.00
7113,5,0,0.00
2112,1,0,0.00
4340,2,0,0.00
3953,2,0,0.00
4723,6,0,0.00
13468,6,0,0.00
9810,2,0,0.00
11518,3,0,0.00
9696,2,0,0.00
8219,5,0,0.00
10024,4,0,0.00
12519,4,0,0.00
8059,2,0,0.00
10617,6,0,0.00
5247,3,0,0.00
2887,1,0,0.00
134,3,0,0.00
2505,4,0,0.00
5089,4,0,0.00
4800,1,0,0.00
3396,3,0,0.00
13630,1,0,0.00
13634,8,0,0.00
1434,2,0,0.00
8651,3,0,0.00
9980,20,0,0.00
4618,4,0,0.00
10905,6,0,0.00
9020,1,0,0.00
10998,1,0,0.00
13426,8,0,0.00
11119,6,0,0.00
2025,1,0,0.00
6853,3,0,0.00
7360,10,0,0.00
10243,3,0,0.00
13882,3,0,0.00
11263,1,0,0.00
464,5,0,0.00
5180,1,0,0.00
1745,2,0,0.00
10834,5,0,0.00
9741,1,0,0.00
13011,1,0,0.00
6934,5,0,0.00
178,6,0,0.00
5419,1,0,0.00
7806,7,0,0.00
5148,12,0,0.00
3677,5,0,0.00
10461,4,0,0.00
608,8,0,0.00
5659,1,0,0.00
1964,2,0,0.00
11004,3,0,0.00
11817,2,0,0.00
5812,1,0,0.00
6250,3,0,0.00
1894,7,0,0.00
7396,1,0,0.00
1538,4,0,0.00
12644,1,0,0.00
3244,6,0,0.00
1543,9,0,0.00
3634,5,0,0.00
3454,2,0,0.00
9594,2,0,0.00
3503,10,0,0.00
11386,2,0,0.00
2,1,0,0.00
9451,1,0,0.00
11858,2,0,0.00
12374,2,0,0.00
4951,2,0,0.00
10989,4,0,0.00
7679,15,0,0.00
12941,5,0,0.00
12686,2,0,0.00
8691,9,0,0.00
5196,4,0,0.00
12994,2,0,0.00
4808,10,0,0.00
1088,5,0,0.00
12871,7,0,0.00
2250,6,0,0.00
204,1,0,0.00
4345,1,0,0.00
13601,2,0,0.00
53,8,0,0.00
10877,1,0,0.00
3432,3,0,0.00
14065,5,0,0.00
8722,8,0,0.00
2319,1,0,0.00
8440,2,0,0.00
9943,5,0,0.00
5607,3,0,0.00
10938,3,0,0.00
2390,2,0,0.00
6536,6,0,0.00
7285,3,0,0.00
12705,2,0,0.00
11635,4,0,0.00
2696,6,0,0.00
990,3,0,0.00
8944,9,0,0.00
2757,1,0,0.00
10513,3,0,0.00
848,4,0,0.00
11155,3,0,0.00
3172,4,0,0.00
1403,2,0,0.00
11748,4,0,0.00
2826,4,0,0.00
3158,5,0,0.00
9007,3,0,0.00
4920,5,0,0.00
12925,2,0,0.00
6935,1,0,0.00
4326,1,0,0.00
7693,3,0,0.00
6741,2,0,0.00
3669,3,0,0.00
2049,3,0,0.00
10168,5,0,0.00
11054,1,0,0.00
8745,4,0,0.00
2090,2,0,0.00
1191,2,0,0.00
13958,3,0,0.00
5199,7,0,0.00
13267,1,0,0.00
9977,3,0,0.00
2144,4,0,0.00
7150,4,0,0.00
2645,2,0,0.00
8384,1,0,0.00
5714,1,0,0.00
4265,1,0,0.00
5207,4,0,0.00
6197,4,0,0.00
5192,2,0,0.00
10543,1,0,0.00
5083,8,0,0.00
10645,1,0,0.00
2139,5,0,0.00
7157,3,0,0.00
13113,1,0,0.00
2381,9,0,0.00
538,1,0,0.00
13723,1,0,0.00
2820,3,0,0.00
246,1,0,0.00
10014,5,0,0.00
12439,13,0,0.00
2350,3,0,0.00
8602,6,0,0.00
13270,4,0,0.00
3379,4,0,0.00
13435,2,0,0.00
11255,3,0,0.00
8497,5,0,0.00
13778,5,0,0.00
12873,2,0,0.00
7938,4,0,0.00
11668,5,0,0.00
932,1,0,0.00
13422,1,0,0.00
10509,1,0,0.00
11186,2,0,0.00
13625,1,0,0.00
4698,5,0,0.00
5652,1,0,0.00
4135,4,0,0.00
6081,4,0,0.00
3182,2,0,0.00
4997,2,0,0.00
12515,2,0,0.00
10406,13,0,0.00
12011,3,0,0.00
5767,6,0,0.00
1803,1,0,0.00
9057,2,0,0.00
7667,2,0,0.00
2716,2,0,0.00
13886,1,0,0.00
12404,2,0,0.00
9095,2,0,0.00
4755,1,0,0.00
5620,7,0,0.00
11874,4,0,0.00
1690,4,0,0.00
7695,3,0,0.00
10693,3,0,0.00
7563,5,0,0.00
2429,4,0,0.00
11594,3,0,0.00
12664,1,0,0.00
8755,5,0,0.00
6612,1,0,0.00
1600,4,0,0.00
11619,2,0,0.00
10348,1,0,0.00
5213,2,0,0.00
11646,4,0,0.00
5997,1,0,0.00
6990,1,0,0.00
10958,3,0,0.00
6336,1,0,0.00
10197,3,0,0.00
1573,3,0,0.00
6241,4,0,0.00
4485,1,0,0.00
12708,2,0,0.00
1982,5,0,0.00
11575,2,0,0.00
9961,1,0,0.00
3934,8,0,0.00
7426,5,0,0.00
13327,5,0,0.00
9905,2,0,0.00
13249,2,0,0.00
9014,1,0,0.00
12185,1,0,0.00
13559,1,0,0.00
10974,1,0,0.00
9737,1,0,0.00
5890,1,0,0.00
10854,3,0,0.00
1041,1,0,0.00
585,2,0,0.00
9391,5,0,0.00
1364,1,0,0.00
8911,3,0,0.00
5847,1,0,0.00
12000,8,0,0.00
5778,6,0,0.00
10279,1,0,0.00
4096,2,0,0.00
4507,1,0,0.00
10301,6,0,0.00
4202,1,0,0.00
2077,3,0,0.00
4855,2,0,0.00
10198,3,0,0.00
5733,6,0,0.00
7220,3,0,0.00
10802,3,0,0.00
5734,1,0,0.00
2932,1,0,0.00
4166,1,0,0.00
11442,2,0,0.00
13181,4,0,0.00
3310,2,0,0.00
3290,2,0,0.00
9828,6,0,0.00
7200,1,0,0.00
2445,2,0,0.00
2341,1,0,0.00
10189,1,0,0.00
873,4,0,0.00
11535,5,0,0.00
12717,2,0,0.00
9353,3,0,0.00
11673,3,0,0.00
11092,1,0,0.00
10388,15,0,0.00
4615,3,0,0.00
9644,3,0,0.00
4218,1,0,0.00
11110,1,0,0.00
5975,4,0,0.00
3077,3,0,0.00
3711,7,0,0.00
3722,4,0,0.00
13779,3,0,0.00
1007,1,0,0.00
12108,3,0,0.00
8995,2,0,0.00
884,2,0,0.00
3409,3,0,0.00
11333,2,0,0.00
7571,1,0,0.00
5833,1,0,0.00
8806,2,0,0.00
2815,6,0,0.00
13513,2,0,0.00
3178,2,0,0.00
10469,4,0,0.00
6715,2,0,0.00
12957,2,0,0.00
2317,1,0,0.00
8008,1,0,0.00
9231,2,0,0.00
6141,1,0,0.00
866,2,0,0.00
5167,2,0,0.00
1746,15,0,0.00
3808,2,0,0.00
11266,1,0,0.00
11896,2,0,0.00
6718,3,0,0.00
4552,1,0,0.00
69,3,0,0.00
8958,1,0,0.00
7501,1,0,0.00
1161,1,0,0.00
6305,2,0,0.00
2584,3,0,0.00
2285,1,0,0.00
13341,1,0,0.00
4378,2,0,0.00
10921,1,0,0.00
12624,1,0,0.00
9394,2,0,0.00
5029,2,0,0.00
2273,2,0,0.00
6672,2,0,0.00
312,1,0,0.00
2876,4,0,0.00
13449,5,0,0.00
4635,1,0,0.00
1933,2,0,0.00
8087,1,0,0.00
4447,2,0,0.00
1589,1,0,0.00
13162,1,0,0.00
9735,3,0,0.00
6312,2,0,0.00
9301,2,0,0.00
12455,2,0,0.00
12265,3,0,0.00
7552,1,0,0.00
5256,1,0,0.00
360,1,0,0.00
5524,2,0,0.00
1130,2,0,0.00
11230,2,0,0.00
6112,2,0,0.00
8728,1,0,0.00
2186,3,0,0.00
2579,1,0,0.00
2142,1,0,0.00
1552,1,0,0.00
9348,6,0,0.00
10863,4,0,0.00
7331,6,0,0.00
2058,1,0,0.00
10432,6,0,0.00
4606,2,0,0.00
11854,2,0,0.00
11942,2,0,0.00
223,3,0,0.00
929,3,0,0.00
3908,1,0,0.00
4873,2,0,0.00
12676,1,0,0.00
12706,2,0,0.00
12894,3,0,0.00
10648,1,0,0.00
11669,1,0,0.00
4029,2,0,0.00
4673,1,0,0.00
10971,2,0,0.00
29,4,0,0.00
6405,1,0,0.00
1881,3,0,0.00
9233,2,0,0.00
13704,2,0,0.00
12955,5,0,0.00
6061,1,0,0.00
11948,7,0,0.00
4413,1,0,0.00
4714,1,0,0.00
11268,2,0,0.00
10132,4,0,0.00
7249,2,0,0.00
10491,1,0,0.00
6609,2,0,0.00
1591,3,0,0.00
13567,1,0,0.00
13379,3,0,0.00
3175,2,0,0.00
5243,1,0,0.00
8833,2,0,0.00
12727,1,0,0.00
12089,5,0,0.00
13306,1,0,0.00
2257,2,0,0.00
2504,1,0,0.00
11394,2,0,0.00
426,2,0,0.00
13167,3,0,0.00
6291,2,0,0.00
1415,3,0,0.00
7991,1,0,0.00
10291,1,0,0.00
10378,1,0,0.00
1788,1,0,0.00
4242,1,0,0.00
8569,1,0,0.00
6428,6,0,0.00
9096,2,0,0.00
5785,4,0,0.00
7664,4,0,0.00
9039,1,0,0.00
13803,1,0,0.00
9415,1,0,0.00
9138,5,0,0.00
11284,7,0,0.00
6932,2,0,0.00
6,8,0,0.00
5385,1,0,0.00
12561,1,0,0.00
8621,3,0,0.00
1011,2,0,0.00
13402,5,0,0.00
4058,2,0,0.00
4944,2,0,0.00
2591,1,0,0.00
867,1,0,0.00
10710,3,0,0.00
8348,5,0,0.00
3832,5,0,0.00
5546,2,0,0.00
13048,2,0,0.00
3066,5,0,0.00
821,1,0,0.00
13238,2,0,0.00
6885,4,0,0.00
12190,4,0,0.00
1439,2,0,0.00
3557,2,0,0.00
10999,1,0,0.00
10811,2,0,0.00
3040,1,0,0.00
2655,3,0,0.00
8429,1,0,0.00
7477,1,0,0.00
8989,2,0,0.00
7386,1,0,0.00
10837,2,0,0.00
1038,3,0,0.00
12002,3,0,0.00
6117,1,0,0.00
727,2,0,0.00
3356,3,0,0.00
1984,2,0,0.00
10190,3,0,0.00
10884,3,0,0.00
4187,2,0,0.00
10909,2,0,0.00
13970,1,0,0.00
5870,1,0,0.00
12063,3,0,0.00
13533,4,0,0.00
3,2,0,0.00
2207,2,0,0.00
1737,2,0,0.00
13522,3,0,0.00
10767,1,0,0.00
2934,1,0,0.00
7355,3,0,0.00
13145,5,0,0.00
6585,2,0,0.00
4349,3,0,0.00
3684,1,0,0.00
5221,2,0,0.00
8014,1,0,0.00
11830,3,0,0.00
3126,2,0,0.00
13916,1,0,0.00
265,1,0,0.00
8449,2,0,0.00
6937,4,0,0.00
14071,3,0,0.00
12462,2,0,0.00
10652,2,0,0.00
12259,5,0,0.00
4736,1,0,0.00
10759,1,0,0.00
7286,3,0,0.00
10371,1,0,0.00
8903,3,0,0.00
12531,1,0,0.00
2056,1,0,0.00
3120,3,0,0.00
9568,1,0,0.00
4989,2,0,0.00
12979,1,0,0.00
7058,1,0,0.00
4148,3,0,0.00
10163,3,0,0.00
9654,4,0,0.00
11209,1,0,0.00
875,1,0,0.00
7992,6,0,0.00
2436,1,0,0.00
11348,1,0,0.00
408,1,0,0.00
4406,3,0,0.00
13788,1,0,0.00
10376,1,0,0.00
6362,4,0,0.00
11026,2,0,0.00
10436,1,0,0.00
3719,1,0,0.00
12776,1,0,0.00
1842,2,0,0.00
6410,2,0,0.00
5823,3,0,0.00
4796,3,0,0.00
6641,4,0,0.00
3007,3,0,0.00
11261,1,0,0.00
1735,2,0,0.00
8592,2,0,0.00
11010,1,0,0.00
10478,1,0,0.00
6939,1,0,0.00
54,1,0,0.00
1951,2,0,0.00
4622,2,0,0.00
491,1,0,0.00
3848,6,0,0.00
4,1,0,0.00
12214,3,0,0.00
10057,1,0,0.00
2297,1,0,0.00
7787,2,0,0.00
4132,1,0,0.00
9045,3,0,0.00
2455,3,0,0.00
11913,1,0,0.00
4975,2,0,0.00
8386,3,0,0.00
6619,1,0,0.00
11265,2,0,0.00
4015,3,0,0.00
8620,2,0,0.00
5285,3,0,0.00
3387,1,0,0.00
13277,1,0,0.00
3029,4,0,0.00
2846,2,0,0.00
6751,2,0,0.00
13974,1,0,0.00
10123,1,0,0.00
2358,2,0,0.00
8929,2,0,0.00
91,3,0,0.00
864,3,0,0.00
7640,1,0,0.00
33,1,0,0.00
6167,3,0,0.00
11749,2,0,0.00
10202,2,0,0.00
1725,1,0,0.00
7194,1,0,0.00
11878,2,0,0.00
4419,1,0,0.00
9986,3,0,0.00
262,1,0,0.00
4727,1,0,0.00
166,1,0,0.00
295,3,0,0.00
9602,1,0,0.00
13141,2,0,0.00
10451,2,0,0.00
11001,2,0,0.00
13309,8,0,0.00
11831,2,0,0.00
10505,2,0,0.00
13752,1,0,0.00
2878,3,0,0.00
12682,2,0,0.00
1804,2,0,0.00
5362,2,0,0.00
1207,1,0,0.00
13190,2,0,0.00
4368,3,0,0.00
8427,5,0,0.00
12045,1,0,0.00
557,1,0,0.00
4547,2,0,0.00
11331,1,0,0.00
8642,1,0,0.00
4255,2,0,0.00
1658,7,0,0.00
3350,2,0,0.00
6965,1,0,0.00
3308,5,0,0.00
6074,2,0,0.00
9998,3,0,0.00
703,4,0,0.00
5849,2,0,0.00
9981,2,0,0.00
11433,2,0,0.00
7731,2,0,0.00
7605,2,0,0.00
8150,1,0,0.00
3317,1,0,0.00
9587,3,0,0.00
7931,7,0,0.00
3554,1,0,0.00
10586,1,0,0.00
3529,3,0,0.00
12635,2,0,0.00
3169,1,0,0.00
9097,3,0,0.00
13641,2,0,0.00
11187,1,0,0.00
4972,2,0,0.00
5537,5,0,0.00
10031,1,0,0.00
11012,1,0,0.00
1133,3,0,0.00
3666,1,0,0.00
13574,1,0,0.00
2327,1,0,0.00
9724,1,0,0.00
8107,1,0,0.00
11188,1,0,0.00
8207,1,0,0.00
1058,3,0,0.00
2567,5,0,0.00
7977,1,0,0.00
1203,1,0,0.00
13739,1,0,0.00
8970,2,0,0.00
5386,2,0,0.00
8908,2,0,0.00
6090,5,0,0.00
4386,3,0,0.00
13429,4,0,0.00
6684,1,0,0.00
8564,2,0,0.00
1882,3,0,0.00
422,1,0,0.00
11648,1,0,0.00
8422,1,0,0.00
5500,2,0,0.00
5534,1,0,0.00
11629,2,0,0.00
12476,1,0,0.00
991,2,0,0.00
10489,5,0,0.00
12845,1,0,0.00
10742,1,0,0.00
5374,1,0,0.00
1172,1,0,0.00
1660,3,0,0.00
10471,4,0,0.00
563,1,0,0.00
6535,1,0,0.00
11288,1,0,0.00
12709,1,0,0.00
1184,1,0,0.00
4899,1,0,0.00
979,5,0,0.00
9269,4,0,0.00
40,1,0,0.00
3699,2,0,0.00
385,5,0,0.00
8236,1,0,0.00
7728,1,0,0.00
217,1,0,0.00
4918,4,0,0.00
10928,3,0,0.00
7780,2,0,0.00
6355,2,0,0.00
8352,2,0,0.00
8201,3,0,0.00
13857,1,0,0.00
8155,2,0,0.00
6148,2,0,0.00
8960,1,0,0.00
14008,1,0,0.00
11524,1,0,0.00
2310,3,0,0.00
7178,1,0,0.00
13762,2,0,0.00
5312,1,0,0.00
8757,1,0,0.00
8441,1,0,0.00
12447,5,0,0.00
5294,1,0,0.00
5185,3,0,0.00
11905,1,0,0.00
8629,1,0,0.00
8316,2,0,0.00
6347,2,0,0.00
10829,1,0,0.00
2263,2,0,0.00
7699,3,0,0.00
9880,6,0,0.00
8946,2,0,0.00
11823,4,0,0.00
7320,1,0,0.00
11323,1,0,0.00
2070,2,0,0.00
5467,1,0,0.00
8581,1,0,0.00
10217,1,0,0.00
13226,2,0,0.00
13673,1,0,0.00
13785,3,0,0.00
4170,1,0,0.00
5663,2,0,0.00
5019,3,0,0.00
10689,2,0,0.00
13143,1,0,0.00
7828,1,0,0.00
7529,1,0,0.00
975,1,0,0.00
8768,1,0,0.00
5885,3,0,0.00
10749,1,0,0.00
11583,1,0,0.00
12199,2,0,0.00
10948,2,0,0.00
8750,2,0,0.00
10238,1,0,0.00
3338,1,0,0.00
2800,3,0,0.00
5194,1,0,0.00
8294,2,0,0.00
1177,1,0,0.00
12966,1,0,0.00
13534,1,0,0.00
11670,2,0,0.00
12354,1,0,0.00
13302,1,0,0.00
8769,1,0,0.00
6642,1,0,0.00
11559,1,0,0.00
8775,1,0,0.00
2335,1,0,0.00
7217,2,0,0.00
1909,2,0,0.00
7092,1,0,0.00
2182,1,0,0.00
6842,3,0,0.00
10550,1,0,0.00
6778,2,0,0.00
9974,3,0,0.00
2447,3,0,0.00
2474,2,0,0.00
1345,5,0,0.00
12016,2,0,0.00
9871,1,0,0.00
1127,1,0,0.00
13835,1,0,0.00
6776,1,0,0.00
4947,1,0,0.00
4104,1,0,0.00
10232,1,0,0.00
2491,5,0,0.00
12334,1,0,0.00
12084,2,0,0.00
8604,1,0,0.00
7489,1,0,0.00
802,1,0,0.00
11999,2,0,0.00
741,2,0,0.00
7610,1,0,0.00
11137,1,0,0.00
1884,1,0,0.00
8402,1,0,0.00
10674,1,0,0.00
5939,1,0,0.00
3436,2,0,0.00
14028,2,0,0.00
7063,1,0,0.00
10142,2,0,0.00
10383,1,0,0.00
12182,1,0,0.00
7819,1,0,0.00
5511,4,0,0.00
13596,1,0,0.00
8456,1,0,0.00
11516,1,0,0.00
10688,2,0,0.00
4137,1,0,0.00
3616,1,0,0.00
4138,2,0,0.00
12469,3,0,0.00
5621,1,0,0.00
263,1,0,0.00
3745,2,0,0.00
8239,1,0,0.00
23,1,0,0.00
4835,1,0,0.00
6605,1,0,0.00
3639,1,0,0.00
13285,1,0,0.00
4380,2,0,0.00
3203,1,0,0.00
3665,1,0,0.00
7752,1,0,0.00
9878,1,0,0.00
8351,1,0,0.00
5250,1,0,0.00
13248,1,0,0.00
3886,2,0,0.00
4453,2,0,0.00
3251,2,0,0.00
6464,1,0,0.00
12125,1,0,0.00
6160,2,0,0.00
8947,3,0,0.00
12001,1,0,0.00
7725,1,0,0.00
1655,1,0,0.00
11441,1,0,0.00
10312,2,0,0.00
4878,1,0,0.00
4275,2,0,0.00
523,3,0,0.00
2684,2,0,0.00
10289,1,0,0.00
7474,1,0,0.00
13149,1,0,0.00
7270,3,0,0.00
2094,1,0,0.00
7232,1,0,0.00
12787,2,0,0.00
2357,2,0,0.00
6279,1,0,0.00
6604,1,0,0.00
10305,1,0,0.00
4694,1,0,0.00
6815,2,0,0.00
3740,1,0,0.00
12935,1,0,0.00
5094,2,0,0.00
7086,1,0,0.00
3405,1,0,0.00
13531,1,0,0.00
4292,1,0,0.00
7275,2,0,0.00
3411,1,0,0.00
3274,1,0,0.00
13276,1,0,0.00
8748,1,0,0.00
6044,1,0,0.00
8774,1,0,0.00
9997,1,0,0.00
9078,1,0,0.00
2105,1,0,0.00
5082,1,0,0.00
3352,1,0,0.00
12875,1,0,0.00
12980,1,0,0.00
7839,1,0,0.00
4176,2,0,0.00
6199,2,0,0.00
10860,1,0,0.00
7871,2,0,0.00
3206,1,0,0.00
10346,1,0,0.00
2148,1,0,0.00
9854,2,0,0.00
4715,2,0,0.00
9795,2,0,0.00
7209,1,0,0.00
5223,1,0,0.00
11814,1,0,0.00
7556,2,0,0.00
267,1,0,0.00
3663,1,0,0.00
6290,2,0,0.00
12881,1,0,0.00
13695,1,0,0.00
8572,1,0,0.00
11593,1,0,0.00
11547,1,0,0.00
5005,2,0,0.00
9433,2,0,0.00
2180,1,0,0.00
11667,2,0,0.00
2135,2,0,0.00
5427,1,0,0.00
1164,1,0,0.00
8509,2,0,0.00
4522,1,0,0.00
14072,1,0,0.00
1637,2,0,0.00
11210,1,0,0.00
8758,1,0,0.00
2580,3,0,0.00
1862,3,0,0.00
11369,1,0,0.00
4757,1,0,0.00
12241,1,0,0.00
348,1,0,0.00
5914,2,0,0.00
6297,1,0,0.00
11168,1,0,0.00
9411,1,0,0.00
7976,1,0,0.00
12673,1,0,0.00
8712,1,0,0.00
12614,4,0,0.00
9855,1,0,0.00
13130,1,0,0.00
13682,2,0,0.00
1479,1,0,0.00
135,1,0,0.00
2699,1,0,0.00
9832,4,0,0.00
5015,2,0,0.00
13679,2,0,0.00
10915,1,0,0.00
10156,2,0,0.00
11341,2,0,0.00
13364,1,0,0.00
11768,1,0,0.00
11543,1,0,0.00
8450,1,0,0.00
1553,1,0,0.00
3856,1,0,0.00
8520,3,0,0.00
9335,1,0,0.00
13297,1,0,0.00
13342,1,0,0.00
12632,1,0,0.00
11570,1,0,0.00
8576,1,0,0.00
12109,1,0,0.00
2248,1,0,0.00
11397,1,0,0.00
1587,1,0,0.00
9227,1,0,0.00
10184,1,0,0.00
5071,1,0,0.00
1472,1,0,0.00
1831,1,0,0.00
6254,1,0,0.00
13384,4,0,0.00
13952,1,0,0.00
1435,2,0,0.00
11978,1,0,0.00
10655,1,0,0.00
10675,1,0,0.00
1143,1,0,0.00
6942,1,0,0.00
1766,1,0,0.00
6122,2,0,0.00
8170,2,0,0.00
7073,1,0,0.00
2675,1,0,0.00
4103,1,0,0.00
2618,1,0,0.00
1796,1,0,0.00
13721,1,0,0.00
10445,2,0,0.00
2086,1,0,0.00
230,1,0,0.00
8776,1,0,0.00
5487,2,0,0.00
12645,2,0,0.00
6257,2,0,0.00
1188,1,0,0.00
10954,2,0,0.00
13981,1,0,0.00
2421,1,0,0.00
6823,1,0,0.00
9309,2,0,0.00
11286,4,0,0.00
7625,2,0,0.00
10260,1,0,0.00
3983,1,0,0.00
12023,3,0,0.00
4983,1,0,0.00
570,1,0,0.00
10316,1,0,0.00
4011,2,0,0.00
7173,1,0,0.00
7283,2,0,0.00
1924,1,0,0.00
5507,1,0,0.00
3276,2,0,0.00
5181,1,0,0.00
10660,1,0,0.00
2835,3,0,0.00
10653,1,0,0.00
3107,1,0,0.00
13666,1,0,0.00
5772,2,0,0.00
5361,1,0,0.00
6023,1,0,0.00
2524,1,0,0.00
3867,1,0,0.00
1318,1,0,0.00
5061,1,0,0.00
10806,1,0,0.00
3014,1,0,0.00
5606,2,0,0.00
11812,1,0,0.00
8358,1,0,0.00
8102,1,0,0.00
4020,1,0,0.00
9904,1,0,0.00
3426,1,0,0.00
5076,1,0,0.00
2400,1,0,0.00
3731,1,0,0.00
5990,1,0,0.00
6807,3,0,0.00
9733,1,0,0.00
9756,1,0,0.00
2402,1,0,0.00
2844,1,0,0.00
7171,1,0,0.00
7327,1,0,0.00
4852,1,0,0.00
9339,1,0,0.00
237,2,0,0.00
3414,1,0,0.00
2123,1,0,0.00
2146,1,0,0.00
10369,1,0,0.00
3574,1,0,0.00
12535,1,0,0.00
13940,1,0,0.00
13658,1,0,0.00
6171,1,0,0.00
9629,1,0,0.00
5713,1,0,0.00
5854,1,0,0.00
1176,1,0,0.00
2023,1,0,0.00
7935,1,0,0.00
3743,1,0,0.00
5895,1,0,0.00
4523,1,0,0.00
2822,1,0,0.00
8871,1,0,0.00
11586,1,0,0.00
1181,1,0,0.00
4862,1,0,0.00
13391,1,0,0.00
10828,1,0,0.00
13767,1,0,0.00
6566,1,0,0.00
5261,1,0,0.00
12393,1,0,0.00
11592,1,0,0.00
1634,2,0,0.00
1028,1,0,0.00
2521,1,0,0.00
4290,1,0,0.00
12070,1,0,0.00
2663,1,0,0.00
6131,1,0,0.00
3235,1,0,0.00
5775,1,0,0.00
7369,1,0,0.00
13992,1,0,0.00
5152,1,0,0.00
9883,1,0,0.00
12332,1,0,0.00
7921,1,0,0.00
6849,1,0,0.00
5695,1,0,0.00
10459,1,0,0.00
186,1,0,0.00
13901,1,0,0.00
5228,1,0,0.00
13750,1,0,0.00
7403,1,0,0.00
12308,1,0,0.00
7016,1,0,0.00
11996,1,0,0.00
9798,1,0,0.00
1778,1,0,0.00
960,1,0,0.00
12661,1,0,0.00
801,1,0,0.00
9758,1,0,0.00
6036,1,0,0.00
6865,1,0,0.00
7933,1,0,0.00
84,1,0,0.00
11213,1,0,0.00
4942,1,0,0.00
4639,1,0,0.00
798,3,0,0.00
421,1,0,0.00
13962,1,0,0.00
12712,1,0,0.00
6096,1,0,0.00
13959,1,0,0.00
860,1,0,0.00
13584,1,0,0.00
10579,1,0,0.00
355,1,0,0.00
7869,1,0,0.00
1341,1,0,0.00
7891,1,0,0.00
3920,1,0,0.00
4021,1,0,0.00
4143,1,0,0.00
5240,1,0,0.00
8656,522,0,0.00
329,86,0,0.00
2777,538,0,0.00
4431,137,0,0.00
660,264,0,0.00
14080,49,0,0.00
3184,40,0,0.00
13025,2,0,0.00
9153,98,0,0.00
264,6,0,0.00
2884,33,0,0.00
12237,165,0,0.00
9109,1463,0,0.00
13131,219,0,0.00
12547,245,0,0.00
3895,53,0,0.00
9975,4,0,0.00
6640,151,0,0.00
2923,427,0,0.00
12856,107,0,0.00
200,1368,0,0.00
2227,68,0,0.00
9369,6,0,0.00
12058,56,0,0.00
19,18,0,0.00
3892,5212,0,0.00
8715,72,0,0.00
2557,26,0,0.00
12127,232,0,0.00
5966,7,0,0.00
9289,42,0,0.00
2780,20,0,0.00
10584,26,0,0.00
6026,13,0,0.00
293,14,0,0.00
9423,57,0,0.00
3042,10,0,0.00
12377,35,0,0.00
11462,2,0,0.00
1094,17,0,0.00
10280,17,0,0.00
8727,18,0,0.00
6558,10,0,0.00
10795,308,0,0.00
2738,43,0,0.00
5548,10,0,0.00
12121,238,0,0.00
298,158,0,0.00
5938,22,0,0.00
4047,48,0,0.00
8708,20,0,0.00
11851,38,0,0.00
6012,42,0,0.00
3741,11,0,0.00
3138,198,0,0.00
2694,9,0,0.00
5456,12,0,0.00
8828,172,0,0.00
5081,514,0,0.00
13496,77,0,0.00
8117,10,0,0.00
4511,5,0,0.00
1560,51,0,0.00
5632,1,0,0.00
8548,17,0,0.00
9175,151,0,0.00
5589,574,0,0.00
2941,427,0,0.00
2774,81,0,0.00
10658,3,0,0.00
4896,2,0,0.00
7705,10,0,0.00
2274,163,0,0.00
11272,70,0,0.00
2874,17,0,0.00
11156,35,0,0.00
13686,476,0,0.00
8250,346,0,0.00
10643,279,0,0.00
2232,42,0,0.00
4556,118,0,0.00
4911,49,0,0.00
9626,246,0,0.00
13132,126,0,0.00
8641,46,0,0.00
11568,139,0,0.00
12093,15,0,0.00
2028,9,0,0.00
12338,14,0,0.00
11932,84,0,0.00
6891,20,0,0.00
10531,20,0,0.00
7915,77,0,0.00
10394,6,0,0.00
1733,17,0,0.00
2282,31,0,0.00
8428,367,0,0.00
10399,11,0,0.00
9624,430,0,0.00
3444,12,0,0.00
9632,203,0,0.00
13165,78,0,0.00
1106,111,0,0.00
6502,240,0,0.00
9857,20,0,0.00
3450,14,0,0.00
13421,255,0,0.00
1547,26,0,0.00
13278,6,0,0.00
4818,257,0,0.00
7078,38,0,0.00
951,352,0,0.00
11791,123,0,0.00
100,44,0,0.00
4545,29,0,0.00
8129,563,0,0.00
1736,138,0,0.00
2873,10,0,0.00
2434,176,0,0.00
1811,76,0,0.00
10727,262,0,0.00
5457,12,0,0.00
12310,34,0,0.00
3266,757,0,0.00
9230,151,0,0.00
1014,25,0,0.00
5000,6,0,0.00
6326,313,0,0.00
5407,630,0,0.00
1123,9,0,0.00
1615,21,0,0.00
1970,709,0,0.00
5246,26,0,0.00
2603,112,0,0.00
5171,72,0,0.00
3089,26,0,0.00
10106,14,0,0.00
1845,7,0,0.00
8325,23,0,0.00
10145,70,0,0.00
7458,3,0,0.00
3742,20,0,0.00
3149,24,0,0.00
8133,130,0,0.00
1641,50,0,0.00
6893,24,0,0.00
5619,10,0,0.00
7706,162,0,0.00
5417,6,0,0.00
13775,206,0,0.00
713,181,0,0.00
5728,94,0,0.00
6004,70,0,0.00
9478,90,0,0.00
3735,219,0,0.00
12432,52,0,0.00
12339,69,0,0.00
10143,25,0,0.00
10188,27,0,0.00
7926,17,0,0.00
13134,67,0,0.00
934,659,0,0.00
8487,210,0,0.00
10239,588,0,0.00
12898,28,0,0.00
171,35,0,0.00
10118,16,0,0.00
10578,40,0,0.00
10773,61,0,0.00
6958,1,0,0.00
8078,82,0,0.00
6676,333,0,0.00
301,377,0,0.00
7587,121,0,0.00
2268,14,0,0.00
8679,231,0,0.00
3702,349,0,0.00
9746,54,0,0.00
1524,165,0,0.00
10332,266,0,0.00
12467,42,0,0.00
13033,27,0,0.00
9200,36,0,0.00
2623,59,0,0.00
5583,7,0,0.00
8574,60,0,0.00
5615,1,0,0.00
1347,5,0,0.00
11028,9,0,0.00
11923,38,0,0.00
11781,38,0,0.00
314,2,0,0.00
12716,13,0,0.00
11277,12,0,0.00
1971,105,0,0.00
6487,587,0,0.00
12450,145,0,0.00
5169,47,0,0.00
10212,38,0,0.00
13885,43,0,0.00
7738,95,0,0.00
12522,65,0,0.00
5712,781,0,0.00
4441,50,0,0.00
5830,10,0,0.00
11466,38,0,0.00
10561,36,0,0.00
1234,105,0,0.00
7417,2,0,0.00
7142,40,0,0.00
364,154,0,0.00
4934,241,0,0.00
12767,21,0,0.00
3535,194,0,0.00
5501,1,0,0.00
9548,124,0,0.00
5046,63,0,0.00
7030,127,0,0.00
4707,63,0,0.00
1274,147,0,0.00
4838,51,0,0.00
3377,2,0,0.00
1787,18,0,0.00
4664,26,0,0.00
7808,2,0,0.00
7397,44,0,0.00
6164,43,0,0.00
4733,79,0,0.00
12081,34,0,0.00
5300,1,0,0.00
5258,389,0,0.00
5336,11,0,0.00
13891,3,0,0.00
8855,59,0,0.00
6618,251,0,0.00
5355,112,0,0.00
10025,3,0,0.00
8928,16,0,0.00
6018,45,0,0.00
13735,2,0,0.00
4718,427,0,0.00
3729,37,0,0.00
531,43,0,0.00
13351,1,0,0.00
7807,109,0,0.00
4102,24,0,0.00
1744,153,0,0.00
3196,34,0,0.00
3733,18,0,0.00
8475,29,0,0.00
2307,16,0,0.00
8210,85,0,0.00
2724,46,0,0.00
9949,62,0,0.00
3109,29,0,0.00
123,2,0,0.00
1257,67,0,0.00
9663,11,0,0.00
6505,62,0,0.00
2951,45,0,0.00
1366,60,0,0.00
12035,69,0,0.00
13503,31,0,0.00
2538,42,0,0.00
6931,67,0,0.00
12587,34,0,0.00
7729,31,0,0.00
1946,4,0,0.00
6217,53,0,0.00
9159,26,0,0.00
3891,25,0,0.00
10310,66,0,0.00
3884,56,0,0.00
2057,60,0,0.00
12820,5,0,0.00
5970,25,0,0.00
5974,13,0,0.00
7197,13,0,0.00
1450,113,0,0.00
244,18,0,0.00
3071,7,0,0.00
12530,21,0,0.00
7189,146,0,0.00
2281,54,0,0.00
6593,20,0,0.00
8927,51,0,0.00
9058,174,0,0.00
10149,14,0,0.00
12470,1053,0,0.00
9213,3,0,0.00
13243,4,0,0.00
3065,56,0,0.00
2367,46,0,0.00
5431,22,0,0.00
6615,165,0,0.00
3635,158,0,0.00
6158,15,0,0.00
12590,1,0,0.00
322,11,0,0.00
4283,1,0,0.00
4022,14,0,0.00
8416,14,0,0.00
11418,37,0,0.00
6105,5,0,0.00
9647,76,0,0.00
13343,18,0,0.00
10827,12,0,0.00
820,59,0,0.00
7944,2,0,0.00
4028,36,0,0.00
9992,39,0,0.00
12552,25,0,0.00
7289,289,0,0.00
4875,20,0,0.00
2552,25,0,0.00
9616,5,0,0.00
10420,22,0,0.00
12581,2,0,0.00
9934,102,0,0.00
9025,83,0,0.00
2119,144,0,0.00
7689,19,0,0.00
5765,55,0,0.00
12085,78,0,0.00
130,24,0,0.00
2869,57,0,0.00
8980,8,0,0.00
6587,22,0,0.00
3370,259,0,0.00
13051,74,0,0.00
477,9,0,0.00
10235,3,0,0.00
13330,189,0,0.00
2183,171,0,0.00
3815,15,0,0.00
6584,314,0,0.00
11395,68,0,0.00
839,29,0,0.00
8143,84,0,0.00
89,175,0,0.00
13220,8,0,0.00
5783,26,0,0.00
7376,51,0,0.00
2324,21,0,0.00
7784,149,0,0.00
2720,82,0,0.00
11869,38,0,0.00
10867,5,0,0.00
2221,9,0,0.00
4667,54,0,0.00
4400,28,0,0.00
326,14,0,0.00
3337,1,0,0.00
2989,103,0,0.00
8031,81,0,0.00
3104,47,0,0.00
4407,106,0,0.00
8355,33,0,0.00
8780,10,0,0.00
13517,148,0,0.00
391,14,0,0.00
3095,38,0,0.00
2643,7,0,0.00
12429,51,0,0.00
1414,44,0,0.00
5281,141,0,0.00
6890,74,0,0.00
8635,244,0,0.00
9088,58,0,0.00
