user_id,recent_5_actions,avg_recent_5_interval_min,pv_to_fav_count,pv_to_cart_count,pv_to_buy_count,has_behavior_chain
4913,pv|pv|pv|pv|pv,135.0,35,26,5,0
6118,pv|pv|pv|fav|pv,15.0,4,0,0,0
7528,cart|pv|buy|pv|pv,285.0,0,19,5,1
7591,pv|pv|pv|pv|pv,30.0,0,10,15,1
12645,pv|pv|pv|pv|pv,0.0,0,6,7,0
45368,pv|pv|pv|pv|pv,1530.0,0,0,0,0
54056,pv|pv|pv|pv|pv,0.0,2,0,2,0
63348,pv|pv|pv|pv|pv,0.0,7,7,1,0
79824,pv|pv|pv|pv|pv,45.0,0,0,11,0
88930,pv|pv|pv|pv|pv,15.0,24,14,14,1
90472,pv|pv|pv|pv|pv,0.0,6,2,0,0
100539,pv|pv|pv|pv|pv,180.0,1,41,13,1
104155,pv|pv|pv|pv|pv,0.0,9,3,4,0
109103,pv|pv|pv|pv|pv,0.0,23,11,12,1
113251,pv|pv|pv|pv|pv,1050.0,1,6,4,1
113960,pv|pv|pv|pv|pv,0.0,2,83,17,1
114088,pv|pv|pv|pv|pv,4080.0,0,0,0,0
120873,pv|pv|pv|pv|pv,75.0,56,14,3,0
134658,pv|pv|pv|pv|pv,0.0,0,1,2,0
151617,pv|pv|pv|pv|pv,0.0,21,38,27,1
156608,pv|pv|pv|pv|pv,1995.0,24,12,3,1
157097,pv|pv|pv|pv|pv,0.0,0,7,13,1
189833,pv|pv|pv|pv|pv,0.0,196,63,17,1
190327,pv|pv|pv|pv|cart,30.0,0,59,4,0
191366,pv|pv|pv|pv|pv,0.0,10,33,0,0
213655,pv|pv|pv|pv|pv,0.0,2,80,13,0
217996,pv|pv|pv|cart|pv,90.0,0,1,1,0
227293,pv|pv|pv|pv|pv,0.0,0,56,6,1
230711,pv|pv|cart|pv|pv,0.0,0,9,10,0
239485,pv|pv|pv|pv|pv,0.0,0,0,6,0
247543,pv|buy|pv|pv|pv,75.0,12,53,15,1
250843,pv|pv|pv|pv|pv,15.0,34,24,18,1
263670,pv|pv|pv|pv|pv,0.0,1,3,1,0
287170,pv|pv|pv|pv|pv,720.0,0,0,0,0
305685,pv|pv|pv|pv|pv,0.0,4,0,0,0
337191,pv|pv|pv|pv|pv,0.0,6,0,3,0
355287,pv|pv|pv|pv|pv,0.0,0,36,4,0
365699,pv|pv|pv|cart|pv,0.0,0,32,3,0
397142,pv|pv|pv|pv|pv,0.0,15,0,4,0
413178,pv|pv|pv|pv|pv,0.0,1,8,5,0
414388,buy|pv|buy|pv|pv,0.0,0,18,4,1
418175,pv|pv|pv|pv|pv,375.0,0,31,9,0
429994,pv|pv|pv|pv|pv,0.0,0,1,7,0
432337,pv|pv|pv|pv|pv,0.0,9,10,3,1
450683,pv|pv|pv|pv|pv,270.0,1,5,2,0
475826,pv|pv|pv|pv|pv,105.0,57,160,50,1
483640,pv|pv|pv|pv|pv,1395.0,1,15,10,1
493013,pv|pv|pv|pv|pv,360.0,0,6,1,0
497764,pv|pv|pv|pv|pv,0.0,64,96,7,1
501286,pv|pv|pv|pv|pv,0.0,1,17,12,1
511319,pv|pv|cart|pv|pv,15.0,0,26,3,1
521437,pv|pv|pv|pv|pv,0.0,3,16,7,1
565533,pv|pv|pv|pv|pv,0.0,0,7,12,0
567790,pv|pv|pv|pv|pv,1755.0,0,1,0,0
568881,pv|pv|fav|pv|pv,0.0,30,3,1,0
595598,pv|pv|pv|pv|pv,15.0,5,27,0,0
608951,pv|pv|pv|pv|pv,15.0,1,12,4,1
611920,pv|pv|pv|pv|pv,390.0,20,3,10,0
632347,pv|pv|pv|pv|pv,195.0,49,36,29,1
678552,pv|pv|pv|pv|pv,3465.0,0,0,0,0
704891,pv|pv|pv|pv|pv,0.0,23,35,15,1
722361,pv|pv|pv|pv|pv,0.0,0,0,0,0
742065,pv|pv|pv|pv|pv,0.0,0,2,4,0
754205,cart|pv|pv|pv|pv,0.0,0,65,12,1
764564,pv|pv|pv|pv|pv,945.0,1,11,0,0
783072,pv|pv|pv|pv|pv,195.0,0,0,0,0
790713,fav|pv|pv|pv|pv,0.0,45,1,10,0
801018,pv|pv|pv|pv|pv,45.0,0,11,8,0
807106,pv|pv|pv|pv|pv,0.0,3,13,34,1
814199,pv|pv|pv|pv|pv,0.0,19,48,11,1
819192,pv|pv|pv|pv|pv,0.0,0,4,0,0
819791,fav|buy|pv|pv|fav,0.0,1,3,1,1
828731,pv|pv|pv|pv|pv,0.0,103,0,0,0
867381,pv|pv|cart|fav|pv,0.0,98,270,22,1
876192,pv|fav|pv|pv|pv,15.0,45,19,10,1
908290,pv|pv|pv|pv|pv,45.0,0,0,0,0
914729,pv|pv|pv|pv|pv,0.0,1,0,5,0
943095,pv|pv|pv|pv|pv,510.0,0,2,1,0
985207,pv|pv|pv|pv|pv,0.0,0,7,4,0
991563,pv|pv|pv|cart|pv,0.0,1,125,20,1
1019952,pv|pv|pv|pv|pv,0.0,2,25,9,0
1022699,pv|pv|pv|pv|pv,0.0,0,10,17,1
1022919,cart|pv|pv|pv|pv,345.0,2,10,3,0
1030408,pv|pv|pv|pv|pv,0.0,0,67,7,1
1034452,pv|pv|pv|fav|pv,0.0,5,0,0,0
1041761,pv|pv|fav|pv|pv,0.0,28,2,6,0
1050684,pv|pv|pv|pv|pv,150.0,0,26,5,1
1053725,pv|pv|pv|pv|pv,15.0,1,99,7,0
1067578,pv|pv|pv|pv|pv,0.0,1,1,5,0
1074982,pv|pv|pv|pv|pv,255.0,3,4,0,0
1081595,pv|pv|pv|pv|pv,0.0,0,0,1,0
1091123,pv|pv|pv|pv|pv,30.0,86,15,16,1
1105998,pv|pv|pv|pv|pv,885.0,6,0,2,0
1112140,pv|pv|pv|pv|pv,345.0,0,0,2,0
1128409,cart|pv|pv|pv|pv,15.0,0,25,10,1
1128799,pv|pv|pv|pv|pv,630.0,0,0,0,0
1137672,pv|pv|pv|pv|pv,30.0,1,28,16,1
1156843,pv|pv|pv|pv|pv,0.0,0,88,8,1
1160607,pv|pv|pv|cart|pv,0.0,5,124,42,1
1182380,pv|pv|pv|pv|pv,0.0,1,5,7,1
1183504,pv|pv|pv|fav|pv,0.0,102,94,27,1
1188241,pv|pv|pv|pv|pv,15.0,1,40,20,1
1206079,pv|pv|pv|pv|pv,0.0,0,16,9,1
1211225,pv|pv|pv|buy|pv,0.0,2,5,7,0
1257131,pv|pv|pv|pv|pv,285.0,18,23,12,1
1259845,pv|pv|pv|pv|pv,270.0,0,33,14,1
1272577,pv|pv|pv|pv|pv,30.0,0,1,6,0
1275653,pv|pv|pv|pv|pv,15.0,9,2,7,0
1334962,pv|pv|pv|pv|pv,15.0,2,3,6,1
1335738,pv|pv|pv|pv|pv,285.0,1,3,0,0
1344672,pv|pv|pv|pv|pv,0.0,0,0,0,0
1364464,pv|pv|pv|pv|pv,30.0,0,4,2,0
1365073,pv|pv|pv|pv|pv,0.0,0,10,0,0
1399592,pv|pv|pv|pv|pv,0.0,12,6,3,0
1409005,pv|cart|pv|pv|pv,0.0,1,64,18,1
1419642,pv|pv|pv,1320.0,0,0,0,0
1421162,pv|pv|pv|pv|pv,450.0,4,2,1,1
1439794,pv|pv|pv|pv|pv,0.0,2,1,4,1
1485361,pv|pv|pv|pv|pv,30.0,27,6,11,1
1486585,pv|pv|pv|pv|pv,0.0,11,15,4,1
1498131,pv|pv|pv|pv|pv,1005.0,1,0,1,0
1525511,pv|pv|pv|pv|pv,0.0,1,1,0,0
1532868,pv|pv|pv|pv|pv,0.0,0,6,9,0
1533523,pv|pv|pv|pv|pv,0.0,0,0,0,0
1533885,pv|pv|pv|pv|pv,30.0,0,7,3,1
1534718,pv|pv|pv|pv|pv,1140.0,0,0,0,0
1535240,pv|pv|pv|pv|pv,915.0,0,8,1,0
1553407,pv|pv|pv|pv|pv,225.0,2,6,1,0
1588051,pv|pv|pv|pv|pv,0.0,5,3,0,0
1588502,pv|pv|pv|buy|pv,3405.0,0,0,3,0
1593616,pv|pv|pv|pv|pv,420.0,0,3,3,1
1604248,pv|pv|pv|pv|pv,0.0,1,14,0,0
1619789,pv|cart|buy|pv|pv,540.0,0,17,3,1
1652366,pv|pv|pv|pv|pv,1215.0,3,1,0,0
1666891,pv|buy|pv|pv|pv,120.0,3,1,2,0
1673252,pv|pv|pv|pv|pv,0.0,0,17,10,0
1704058,pv|pv|pv|pv|pv,0.0,3,15,4,0
1724469,pv|pv|pv|pv|pv,15.0,0,2,1,0
1725399,pv|pv|pv|pv|pv,0.0,15,18,30,1
1760140,pv|pv|pv|pv|pv,0.0,0,11,1,0
1769128,pv|pv|pv|pv|pv,0.0,2,62,9,1
1799885,pv|pv|pv|pv|pv,0.0,0,1,7,0
1805148,pv|pv|pv|cart|pv,0.0,0,30,6,1
1805740,pv|pv|pv|pv|pv,0.0,3,49,20,1
1806084,pv|pv|pv|pv|pv,0.0,74,46,4,1
1820303,pv|pv|pv|pv|pv,1245.0,0,0,1,0
1824572,pv|pv|pv|pv|pv,390.0,30,40,11,1
1825186,pv|pv|pv|pv|pv,0.0,1,24,8,1
1834928,pv|pv|pv|pv|pv,0.0,1,37,22,1
1857066,pv|pv|pv|pv|pv,0.0,28,45,33,1
1866742,pv|pv|pv|pv|pv,285.0,4,80,7,0
1897583,pv|pv|pv|pv|pv,0.0,50,0,2,0
1926899,pv|pv|pv|pv|pv,0.0,18,292,75,1
1944583,pv|pv|pv|pv|pv,0.0,0,18,4,0
1963813,pv|pv|pv|pv|pv,0.0,3,7,7,1
1985644,pv|pv|pv|pv|pv,525.0,16,1,8,1
2003464,pv|pv|pv|pv|pv,675.0,0,23,16,0
2010204,pv|pv|pv|pv|pv,735.0,6,0,3,0
2045844,buy|pv|buy|pv|pv,1095.0,0,4,6,0
2073744,pv|pv|pv|pv|pv,0.0,2,0,0,0
2077849,pv|pv|pv|pv|pv,1005.0,0,3,1,1
2079867,pv|pv|pv|pv|pv,0.0,57,62,18,1
2083985,pv|pv|pv|pv|pv,90.0,2,4,2,0
2092395,pv|pv|pv|pv|pv,270.0,0,19,1,0
2097413,pv|pv|pv|pv|pv,0.0,13,74,10,0
2099277,pv|pv|pv|pv|pv,15.0,0,24,2,0
2103285,pv|pv|pv|pv|pv,0.0,1,25,10,0
2103722,pv|pv|pv|pv|pv,0.0,0,53,7,0
2112922,pv|pv|pv|pv|pv,390.0,23,2,1,0
2120923,pv|pv|pv|pv|pv,0.0,0,20,8,0
2128246,pv|pv|pv|pv|pv,0.0,8,11,11,0
2131753,pv|pv|pv|pv|pv,165.0,0,82,14,1
2139347,pv|pv|pv|pv|pv,0.0,0,2,1,0
2165371,pv|pv|pv|pv|pv,15.0,0,16,4,1
2172795,pv|pv|pv|pv|pv,0.0,0,23,18,1
2183798,pv|pv|pv|pv|pv,0.0,0,25,4,0
2196875,pv|pv|pv|pv|pv,0.0,12,4,3,0
2227874,pv|pv|pv|pv|fav,0.0,44,5,8,1
2242451,pv|pv|pv|pv|pv,75.0,0,8,0,0
2242773,pv|pv|pv|pv|pv,360.0,1,24,8,1
2256395,pv|pv|pv|pv|pv,285.0,0,7,5,0
2267344,pv|pv|pv|pv|pv,0.0,1,81,10,1
2272401,pv|pv|pv|pv|pv,0.0,0,5,1,0
2283337,pv|pv|pv|pv|pv,0.0,35,29,24,1
2302002,pv|pv|pv|pv|pv,165.0,47,10,34,1
2319819,pv|pv|pv|pv|pv,0.0,2,164,15,1
2338844,pv|pv|pv|pv|pv,1755.0,0,1,1,0
2352151,pv|pv|pv|pv|pv,0.0,46,0,4,0
2357844,pv|pv|fav|pv|pv,0.0,39,20,8,1
2364046,pv|pv|pv|pv|pv,0.0,1,77,13,1
2364863,pv|pv|pv|pv|pv,0.0,0,3,2,0
2379445,pv|pv|pv|pv|pv,0.0,2,4,9,0
2400099,pv|pv|buy|pv|pv,15.0,5,6,16,0
2489487,pv|pv|pv|pv|fav,0.0,50,0,6,0
2493818,pv|pv|pv|pv|pv,0.0,0,19,9,0
2502524,pv|pv|pv|pv|pv,0.0,2,65,4,0
2510646,pv|pv|pv|pv|pv,1845.0,0,0,0,0
2527320,pv|pv|pv|pv|pv,255.0,10,1,1,0
2536588,pv|pv|buy|cart|pv,0.0,2,40,12,1
2557196,pv|pv|pv|pv|pv,0.0,1,5,2,1
2588780,pv|pv|pv|pv|pv,15.0,1,18,9,0
2590763,pv|fav|pv|fav|pv,0.0,48,1,1,0
2622091,fav|pv|pv|pv|pv,0.0,39,6,8,0
2639819,pv|pv|pv|pv|pv,0.0,31,0,2,0
2675166,pv|pv|pv|pv|pv,0.0,0,31,0,0
2683726,pv|fav|fav|fav|pv,0.0,78,8,4,1
2686606,pv|pv|pv|pv|pv,0.0,51,20,9,1
2695854,pv|pv|pv|pv|pv,90.0,90,9,17,1
2696208,pv|pv|pv|pv|pv,0.0,0,0,1,0
2720721,pv|pv|pv|pv|pv,0.0,6,5,19,0
2742560,pv|pv|pv|pv|pv,0.0,4,37,27,1
2745737,pv|pv|pv|pv|pv,15.0,0,55,10,1
2751701,pv|pv|pv|pv|pv,0.0,17,4,1,1
2763135,pv|pv|pv|pv|pv,0.0,0,0,2,0
2803672,pv|pv|pv|pv|pv,0.0,0,2,0,0
2814416,pv|pv|pv|pv|pv,90.0,34,7,7,1
2820961,pv|pv|pv|pv|pv,60.0,22,26,21,0
2839379,pv|pv|pv|pv|fav,60.0,7,3,2,0
2845412,pv|pv|pv|pv|pv,120.0,3,5,3,1
2870275,pv|pv|pv|pv|pv,0.0,2,1,5,0
2883429,pv|pv|pv|pv|pv,60.0,0,4,0,0
2887948,pv|pv|pv|pv|pv,0.0,0,1,1,1
2896763,pv|pv|pv|cart|pv,0.0,0,9,1,0
2910556,pv|pv|pv|pv|pv,0.0,0,112,19,1
2913602,pv|pv|pv|pv|pv,0.0,2,63,17,1
2934039,pv|pv|pv|pv|pv,75.0,3,3,5,0
2935703,pv|pv|pv|pv|pv,195.0,2,13,14,1
2950136,pv|pv|pv|pv|pv,15.0,49,45,14,1
2952532,pv|pv|pv|pv|pv,0.0,63,7,14,1
2967122,pv|pv|pv|pv|pv,0.0,0,19,6,0
2989110,pv|pv|pv|pv|pv,0.0,2,39,11,0
3016266,pv|pv|pv|pv|pv,15.0,0,37,8,0
3063448,pv|pv|buy|pv|buy,0.0,4,67,17,1
3065306,fav|fav|pv|pv|cart,0.0,231,111,4,1
3066501,fav|pv|pv|pv|pv,0.0,31,1,0,0
3089923,pv|pv|fav|pv|pv,210.0,4,3,1,1
3141769,pv|pv|cart|cart|buy,15.0,0,26,5,1
3141933,pv|pv|pv|pv|pv,0.0,1,7,6,0
3162324,pv|pv|pv|pv|pv,0.0,1,19,5,1
3166978,pv|pv|pv|buy|pv,0.0,1,81,28,1
3190957,pv|pv|pv|pv|pv,15.0,0,3,4,0
3191339,pv|pv|pv|pv|pv,1635.0,0,0,0,0
3192805,pv|pv|pv|pv|pv,765.0,7,13,5,1
3207324,pv|pv|pv|pv|pv,0.0,4,0,0,0
3227231,pv|pv|pv|cart|pv,60.0,1,93,19,1
3233000,pv|pv|pv|pv|buy,15.0,0,1,5,0
3240412,pv|pv|pv|pv|pv,15.0,0,9,1,0
3282021,pv|pv|pv|pv|pv,0.0,169,221,21,1
3304327,pv|pv|buy|pv|pv,0.0,3,142,12,1
3318666,pv|pv|pv|pv|pv,60.0,536,78,27,1
3324323,pv|pv|pv|pv|pv,675.0,0,3,2,0
3328558,pv|pv|pv|pv|pv,0.0,51,93,10,1
3350428,pv|pv|pv|pv|pv,0.0,17,10,3,1
3375066,pv|pv|pv|pv|buy,0.0,0,6,14,0
3378138,pv|pv|pv|pv|pv,0.0,3,0,0,0
3380259,pv|pv|pv|pv|pv,0.0,11,0,10,0
3384843,pv|pv|pv|pv|pv,0.0,35,3,6,0
3395807,pv|pv|pv|pv|pv,0.0,0,0,0,0
3421308,pv|pv|pv|pv|pv,0.0,0,0,0,0
3423779,pv|pv|pv|pv|pv,0.0,1,9,7,1
3442818,pv|pv|pv|pv|pv,15.0,167,128,34,1
3447448,pv|pv|pv|buy|cart,195.0,0,3,1,0
3460631,pv|pv|pv|pv|pv,0.0,0,13,19,1
3466367,pv|pv|pv|pv|pv,0.0,46,9,2,0
3468674,buy|cart|pv|pv|pv,1365.0,0,1,3,0
3482403,pv|pv|pv|pv|pv,0.0,3,11,7,1
3495324,pv|pv|pv|pv|pv,0.0,0,9,1,0
3508821,pv|pv|pv|pv|pv,0.0,5,3,9,1
3512329,pv|pv|pv|fav|fav,0.0,100,15,10,0
3519280,pv|pv|pv|pv|pv,75.0,13,57,16,1
3543407,fav|pv|pv|fav|pv,0.0,93,15,2,1
3566914,pv|pv|pv|pv|pv,0.0,0,47,16,1
3567524,pv|pv|pv|pv|pv,15.0,5,0,0,0
3569244,pv|pv|pv|pv|pv,105.0,1,10,3,0
3569918,buy|pv|pv|pv|pv,435.0,0,6,2,0
3577313,pv|pv|pv|pv|pv,480.0,14,3,6,0
3578206,pv|pv|pv|pv|pv,0.0,78,2,10,1
3607854,pv|pv|pv|pv|pv,0.0,59,80,26,1
3631290,pv|pv|pv|pv|pv,0.0,8,4,4,0
3632278,pv|pv|pv|pv|pv,390.0,1,8,13,0
3662776,pv|pv|pv|pv|pv,0.0,15,0,30,1
3671315,pv|pv|pv|cart|pv,0.0,15,246,44,1
3671520,pv|pv|pv|pv|pv,0.0,3,73,15,1
3694961,pv|pv|pv|pv|pv,0.0,3,146,59,1
3695398,pv|pv|pv|pv|pv,0.0,93,0,9,1
3709994,pv|pv|fav|pv|pv,465.0,50,5,4,1
3712578,pv|pv|pv|pv|pv,360.0,1,44,12,0
3714513,pv|pv|pv|pv|pv,0.0,23,4,5,1
3731463,pv|pv|pv|pv|pv,15.0,1,49,10,0
3763394,pv|pv|pv|pv|pv,1830.0,0,9,8,0
3789630,pv|pv|buy|pv|pv,0.0,0,9,2,0
3791755,pv|pv|pv|pv|pv,0.0,0,0,0,0
3792677,pv|pv|pv|pv|pv,0.0,0,30,11,1
3796254,pv|pv|pv|pv|pv,2085.0,0,4,4,0
3808025,pv|pv|pv|pv|pv,0.0,0,0,0,0
3830694,pv|pv|pv|pv|pv,0.0,10,69,21,1
3840121,cart|pv|pv|pv|pv,0.0,4,214,33,1
3849356,pv|pv|pv|pv|pv,330.0,0,0,0,0
3864501,pv|fav|pv|pv|fav,0.0,16,1,2,0
3878869,pv|pv|pv|pv|pv,15.0,3,6,6,0
3880359,pv|pv|pv|pv|pv,0.0,1,6,1,0
3914310,pv|pv|pv|pv|pv,0.0,6,0,4,0
3919761,pv|pv|pv|pv|pv,0.0,1,8,4,0
3927253,pv|pv|cart|pv|pv,0.0,2,33,1,0
3945782,pv|pv|pv|pv|pv,0.0,9,0,1,0
3965819,pv|pv|buy|pv|pv,0.0,0,1,1,0
3987745,pv|pv|pv|pv|pv,0.0,1,0,7,0
4053567,pv|pv|pv|pv|pv,0.0,27,3,9,0
4060646,pv|pv|pv|pv|pv,15.0,1,24,5,1
4076820,pv|pv|pv|pv|pv,165.0,0,11,11,1
4077888,pv|pv|pv|pv|fav,0.0,20,6,15,1
4082863,pv|pv|pv|pv|pv,0.0,36,9,4,1
4088842,pv|pv|pv|pv|pv,0.0,2,13,13,1
4095217,pv|pv|pv|pv|pv,0.0,47,3,3,1
4102557,pv|pv|pv|pv|pv,105.0,2,159,10,1
4102766,pv|pv|pv|pv|pv,0.0,0,0,0,0
4110055,pv|pv|pv|pv|pv,0.0,0,27,7,0
4110672,pv|pv|pv|pv|pv,0.0,0,20,1,0
4120403,pv|pv|pv|pv|pv,60.0,50,147,83,1
4120881,pv|pv|pv|pv|pv,0.0,0,0,0,0
4137745,pv|pv|pv|pv|pv,0.0,31,61,22,1
4140926,pv|pv|pv|pv|pv,0.0,28,20,7,1
4146900,pv|pv|pv|pv|pv,0.0,0,191,21,1
4164164,pv|pv|pv|pv|pv,0.0,11,3,3,0
4164359,pv|pv|pv|pv|pv,0.0,0,67,2,0
4174826,pv|pv|pv|fav|pv,0.0,116,10,0,1
4186010,pv|pv|pv|pv|fav,345.0,4,37,3,1
4195964,pv|pv|pv|pv|pv,0.0,5,63,18,1
4225412,pv|pv|pv|cart|pv,15.0,1,146,28,1
4231989,pv|pv|pv|pv|pv,0.0,1,22,7,1
4232880,pv|pv|pv|pv|pv,330.0,8,1,0,0
4261260,pv|pv|pv|pv|pv,0.0,108,22,0,0
4271718,pv|pv|pv|pv|pv,570.0,79,12,14,1
4283186,pv|cart|pv|pv|pv,0.0,2,21,1,0
4286657,pv|pv|pv|pv|pv,0.0,4,87,3,1
4338344,pv|pv|pv|pv|pv,225.0,20,0,5,0
4346474,pv|pv|pv|pv|pv,615.0,0,0,0,0
4361577,pv|pv|pv|pv|cart,0.0,14,263,60,1
4364079,pv|pv|pv|pv|pv,105.0,194,72,49,1
4374427,buy|buy|cart|pv|pv,0.0,2,47,3,1
4381858,pv|pv|pv|pv|pv,165.0,5,12,8,0
4387844,pv|pv|pv|pv|pv,0.0,3,20,5,0
4445837,pv|pv|pv|pv|pv,0.0,0,23,5,1
4496414,pv|pv|pv|pv|pv,0.0,3,7,7,1
4499782,pv|pv|pv|pv|pv,405.0,0,0,0,0
4524349,pv|pv|pv|pv|pv,0.0,2,90,11,1
4561993,pv|pv|pv|pv|pv,0.0,74,20,3,0
4567220,pv|pv|pv|pv|pv,0.0,0,0,2,0
4573013,pv|pv|pv|pv|pv,0.0,3,11,9,0
4579794,pv|pv|pv|pv|pv,15.0,14,41,15,1
4597166,pv|pv|pv|pv|pv,0.0,1,12,4,1
4642457,pv|pv|pv|pv|pv,0.0,4,32,11,0
4644312,pv|pv|pv|pv|pv,240.0,0,1,1,1
4688795,pv|pv|pv|pv|pv,0.0,0,0,1,0
4710740,pv|pv|pv|pv|pv,225.0,0,13,3,1
4716732,pv|pv|pv|pv|pv,0.0,19,1,5,0
4725269,pv|pv|pv|pv|pv,0.0,0,77,10,1
4729352,pv|pv|pv|pv|pv,0.0,8,1,2,1
4741469,pv|pv|pv|pv|pv,75.0,0,0,0,0
4742459,pv|pv|pv|pv|fav,450.0,67,39,1,0
4744483,pv|pv|pv|pv|pv,0.0,1,14,0,0
4752206,buy|cart|pv|buy|cart,0.0,5,2,7,1
4755159,pv|pv|pv|pv|pv,0.0,0,7,3,0
4763932,pv|pv|pv|pv|pv,0.0,0,4,1,0
4772544,pv|pv|pv|pv|pv,0.0,0,15,1,0
4780516,pv|pv|pv|pv|pv,0.0,0,0,0,0
4790160,pv|pv|pv|pv|pv,0.0,0,23,9,1
4839432,pv|pv|pv|fav|pv,0.0,48,0,0,1
4839533,pv|pv|pv|cart|pv,0.0,0,13,6,1
4839961,pv|pv|pv|pv|pv,0.0,13,1,1,0
4869558,pv|pv|pv|pv|pv,0.0,0,2,1,1
4903043,pv|pv|pv|pv|pv,0.0,34,87,13,1
4917287,pv|buy|pv|pv|pv,0.0,0,4,3,0
4919496,pv|pv|pv|pv|pv,180.0,0,0,0,0
4921070,pv|pv|cart|pv|pv,0.0,0,4,3,0
4922072,pv|pv|pv|pv|pv,975.0,1,0,1,1
4960300,pv|pv|pv|pv|pv,0.0,1,29,2,0
4977592,pv|pv|pv|pv|pv,0.0,2,28,0,0
4979200,pv|pv|pv|pv|pv,0.0,24,2,6,1
5020210,pv|pv|pv|pv|pv,60.0,13,45,27,1
5028667,pv|pv|pv|buy|pv,0.0,1,18,8,0
5051617,pv|pv|pv|pv|pv,0.0,22,3,1,0
5057199,pv|pv|pv|pv|pv,0.0,1,0,0,0
5066694,pv|pv|pv|pv|pv,0.0,1,60,16,1
5091068,pv|pv|pv|pv|pv,0.0,0,3,7,0
5125563,pv|pv|pv|cart|cart,15.0,1,2,0,0
5137598,pv|pv|pv|pv|pv,0.0,0,1,2,0
5141057,pv|pv|pv|pv|pv,345.0,0,2,2,0
5154444,pv|pv|pv|pv|pv,15.0,34,1,8,0
5159022,pv|pv|pv|pv|pv,0.0,0,7,1,0
5179507,pv|cart|cart|pv|pv,15.0,0,17,4,1
5187945,pv|pv|buy|pv|pv,0.0,1,0,1,0
5189513,pv|pv|pv|pv|pv,0.0,1,23,8,1
5196815,pv|pv|pv|pv|pv,30.0,1,4,6,1
5201714,cart|pv|pv|pv|pv,0.0,6,38,19,0
5223307,pv|pv|pv|pv|pv,0.0,14,7,4,0
5236221,pv|pv|pv|pv|pv,0.0,0,43,1,1
5240052,pv|pv|pv|pv|pv,0.0,0,1,0,0
5250412,pv|pv|pv|fav|pv,225.0,58,8,3,0
5255076,fav|fav|pv|fav|pv,0.0,13,0,0,0
5287432,pv|pv|pv|pv|pv,0.0,0,1,2,0
5307517,pv|pv|pv|pv|pv,0.0,0,6,3,0
5315279,pv|pv|pv|pv|pv,15.0,97,1311,22,1
5358079,pv|pv|pv|pv|pv,0.0,93,65,7,1
5392788,pv|pv|pv|pv|pv,2115.0,0,1,0,0
5396057,cart|cart|cart|cart|cart,15.0,26,58,7,1
5412158,pv|pv|pv|pv|buy,345.0,1,9,6,0
5424550,pv|fav|pv|pv|pv,15.0,138,109,53,1
5440164,pv|pv|pv|pv|pv,0.0,3,0,2,0
5451259,pv|pv|pv|pv|pv,720.0,1,0,4,0
5460550,pv|pv|pv|pv|pv,0.0,1,59,11,1
5466222,pv|pv|pv|pv|cart,0.0,0,15,5,0
5467215,pv|pv|buy|pv|pv,0.0,1,13,14,1
5478302,pv|pv|pv|pv|pv,0.0,1,60,8,1
5481789,pv|pv|pv|pv|pv,0.0,0,23,2,0
5483686,fav|pv|pv|pv|pv,0.0,3,0,1,1
5485673,pv|pv|pv|pv|pv,0.0,1,17,7,1
5586064,pv|pv|pv|pv|pv,0.0,24,22,14,1
5616094,pv|pv|pv|pv|pv,0.0,0,4,3,0
5624123,pv|pv|pv|pv|pv,0.0,0,40,5,0
5626464,pv|pv|pv|pv|pv,0.0,25,3,3,1
5680285,pv|pv|pv|pv|pv,0.0,9,3,2,0
5686843,pv|pv|pv|pv|pv,0.0,2,5,15,0
5694160,pv|pv|pv|pv|pv,0.0,156,71,15,1
5698511,pv|pv|pv|pv|pv,0.0,66,10,6,0
5699616,pv|pv|pv|pv|pv,75.0,0,0,2,0
5710300,pv|pv|pv|pv|pv,0.0,1,9,8,0
5719706,pv|buy|pv,0.0,0,0,0,0
5740730,pv|pv|pv|pv|pv,0.0,1,16,5,1
5778458,pv|pv|pv|pv|pv,0.0,54,0,1,0
5786548,pv|pv|pv|pv|pv,0.0,1,0,2,0
5786807,pv|pv|pv|pv|pv,0.0,19,18,11,0
5798831,pv|pv|pv|pv|pv,0.0,0,13,3,0
5803579,pv|pv|pv|pv|cart,0.0,0,2,1,0
5837961,pv|pv|pv|pv|pv,0.0,153,14,10,1
5838287,pv|pv|pv|pv|buy,195.0,0,53,3,0
5860001,pv|cart|pv|pv|pv,0.0,90,18,11,1
5865371,pv|pv|pv|pv|pv,0.0,8,8,8,1
5875750,pv|pv|pv|cart|pv,0.0,0,28,5,0
5938241,pv|pv|pv|buy|pv,0.0,12,159,24,1
5942869,pv|pv|pv|pv|pv,1215.0,13,25,2,1
5950556,pv|pv|pv|pv|pv,0.0,0,46,16,1
6014239,pv|pv|pv|pv|pv,0.0,1,10,0,0
6015031,pv|pv|pv|pv|pv,0.0,3,28,2,0
6018416,pv|pv|pv|pv|pv,0.0,51,5,8,1
6038861,pv|pv|pv|pv|pv,0.0,1,0,0,0
6049053,pv|pv|pv|pv|pv,0.0,58,26,7,0
6062947,pv|pv|pv|pv|pv,0.0,0,2,1,1
6064746,pv|pv|pv|pv|pv,0.0,19,6,5,0
6068352,pv|pv|pv|pv|pv,0.0,0,0,1,0
6071666,cart|pv|pv|pv|pv,0.0,0,44,2,1
6079735,cart|cart|buy|cart|pv,15.0,0,14,18,1
6101177,pv|pv|pv|pv|pv,0.0,26,15,28,1
6142132,pv|pv|pv|pv|pv,1230.0,0,0,2,0
6146353,pv|pv|pv|pv|pv,0.0,0,1,6,0
6163885,cart|pv|pv|pv|pv,0.0,0,9,1,0
6177572,pv|pv|pv|pv|pv,0.0,1,37,1,0
6212208,pv|pv|pv|pv|pv,285.0,1,2,6,0
6222588,pv|buy|pv|pv|pv,15.0,2,43,35,1
6228124,pv|pv|pv|pv|pv,0.0,1,12,12,1
6230291,cart|pv|pv|pv|pv,15.0,0,18,8,1
6235300,pv|pv|pv|pv|pv,435.0,0,0,8,0
6236717,pv|pv|pv|pv|pv,0.0,0,10,2,0
6243406,pv|pv|pv|pv|pv,75.0,1,2,2,0
6247427,pv|pv|pv|pv|pv,15.0,66,0,0,0
6274948,pv|pv|pv|pv|pv,0.0,0,0,6,0
6287853,pv|pv|pv|pv|pv,210.0,0,6,0,0
6303684,pv|pv|pv|pv|pv,0.0,0,21,11,1
6317562,pv|pv|pv|pv|pv,690.0,0,35,11,1
6336158,pv|pv|pv|pv|pv,15.0,0,10,4,1
6336487,pv|pv|pv|pv|pv,105.0,2,59,23,1
6345483,pv|pv|pv|pv|pv,0.0,104,16,1,1
6346697,pv|pv|pv|pv|pv,0.0,0,0,2,0
6347508,pv|pv|pv|pv|pv,0.0,7,22,8,0
6371563,pv|pv|pv|pv|pv,0.0,10,11,0,0
6375695,pv|pv|pv|pv|pv,0.0,0,9,4,0
6392284,pv|pv|pv|pv|pv,300.0,0,0,0,0
6419226,pv|pv|pv|pv|pv,420.0,1,5,3,1
6435793,pv|pv|pv|pv|pv,0.0,7,32,1,0
6437749,pv|pv|pv|pv|pv,585.0,1,24,8,1
6438366,pv|pv|pv|pv|pv,105.0,2,0,0,0
6442389,pv|pv|pv|pv|pv,0.0,0,1,4,0
6443596,pv|pv|pv|pv|pv,0.0,45,20,13,0
6452476,pv|pv|pv|pv|pv,0.0,2,64,12,1
6478780,pv|pv|pv|pv|pv,0.0,20,40,10,1
6500341,pv|pv|pv|pv|pv,0.0,2,12,9,1
6504113,pv|pv|pv|pv|pv,345.0,0,69,30,1
6516360,pv|pv|pv|pv|pv,75.0,2,7,16,0
6516985,pv|pv|pv|pv|pv,0.0,0,1,2,0
6556740,pv|pv|pv|pv|pv,0.0,1,45,7,1
6566040,pv|pv|pv|pv|pv,0.0,0,2,5,1
6582864,pv|pv|pv|pv|pv,15.0,31,46,19,1
6596569,pv|pv|pv|pv|pv,0.0,0,25,1,0
6598755,pv|pv|pv|pv|pv,75.0,0,1,2,0
6640205,pv|pv|pv|buy|pv,15.0,1,1,9,0
6643814,pv|pv|pv|pv|pv,0.0,0,26,7,1
6685234,pv|pv|pv|pv|pv,0.0,4,32,4,0
6722083,pv|pv|pv|pv|pv,330.0,21,1,10,0
6723204,pv|pv|pv|pv|pv,0.0,8,2,3,0
6734365,pv|pv|pv|pv|pv,0.0,1,5,3,0
6769671,pv|pv|pv|pv|pv,0.0,0,0,0,0
6776778,pv|pv|pv|pv|pv,45.0,0,31,11,0
6799716,pv|pv|pv|pv|pv,15.0,0,2,3,0
6812814,pv|pv|pv|pv|pv,285.0,1,0,2,0
6814789,pv|pv|pv|pv|pv,0.0,32,40,16,1
6847334,pv|pv|pv|pv|pv,0.0,1,7,3,0
6861624,pv|pv|pv|cart|pv,0.0,3,50,2,0
6884739,cart|pv|pv|pv|pv,180.0,2,11,5,0
6926678,pv|pv|pv|pv|pv,45.0,66,7,13,1
6931133,pv|pv|pv|pv|cart,0.0,0,14,1,1
6957110,pv|pv|pv|pv|pv,0.0,0,0,0,0
6966107,pv|pv|pv|pv|pv,0.0,0,29,3,0
6997005,fav|pv|pv|buy|pv,1200.0,18,18,29,1
7011544,pv|pv|pv|pv|buy,0.0,11,18,7,1
7012275,pv|cart|pv|pv|pv,0.0,1,3,2,0
7018172,pv|pv|pv|pv|pv,660.0,1,4,2,1
7030262,pv|pv|pv|pv|pv,0.0,2,11,6,1
7033860,pv|pv|pv|pv|pv,420.0,1,10,0,0
7053874,pv|pv|pv|pv|pv,0.0,0,0,3,0
7055673,pv|pv|pv|pv|pv,0.0,8,9,17,0
7072231,pv|pv|pv|pv|pv,0.0,59,20,5,0
7089989,pv|pv|pv|pv|pv,1005.0,0,0,0,0
7094594,pv|pv|pv|pv|pv,0.0,0,22,6,1
7121453,pv|pv|pv|pv|pv,0.0,2,12,5,1
7129140,pv|buy|pv|buy|pv,0.0,0,10,14,0
7138866,pv|pv|cart|pv|pv,0.0,1,27,19,1
7144740,pv|cart|pv|pv|pv,0.0,103,9,2,0
7175674,pv|pv|pv|pv|pv,15.0,0,11,5,0
7196391,pv|pv|pv|pv|pv,555.0,79,18,7,1
7197108,pv|pv|pv|pv|pv,0.0,0,50,1,0
7202772,pv|pv|pv|pv|pv,150.0,18,1,3,0
7207480,pv|pv|pv|cart|cart,0.0,0,60,11,1
7223825,pv|pv|pv|pv|pv,0.0,9,8,4,0
7226947,pv|pv|pv|pv|pv,105.0,26,87,24,1
7234861,pv|pv|pv|pv|pv,0.0,753,441,37,1
7248646,pv|pv|pv|pv|pv,0.0,20,14,1,0
7254306,pv|pv|pv|pv|pv,15.0,0,34,11,1
7267531,pv|pv|pv|buy|cart,0.0,1,51,15,1
7277182,pv|pv|pv|pv|pv,0.0,0,39,6,0
7288446,pv|pv|pv|pv|pv,0.0,0,6,4,0
7295557,pv|pv|pv|pv|pv,90.0,0,9,5,0
7341876,pv|pv|pv|pv|pv,0.0,49,12,12,1
7363107,pv|pv|pv|pv|pv,15.0,0,19,19,1
7365270,pv|pv|pv|pv|pv,150.0,5,4,3,0
7366396,pv|pv|pv|pv|pv,0.0,3,24,11,1
7391440,pv|pv|pv|pv|pv,0.0,11,9,9,0
7397337,pv|pv|pv|pv|pv,0.0,93,104,9,1
7409910,pv|pv|pv|pv|pv,0.0,0,0,0,0
7427667,pv|pv|pv|pv|pv,390.0,0,0,1,0
7434912,pv|pv|pv|pv|pv,0.0,1,22,0,0
7436994,pv|pv|pv|pv|pv,75.0,25,35,13,1
7446574,pv|pv|pv|pv|pv,0.0,9,4,4,0
7470488,pv|pv|pv|pv|pv,0.0,7,10,3,0
7507359,pv|pv|pv|pv|pv,0.0,0,1,1,0
7538685,pv|pv|pv|pv|pv,0.0,0,7,0,1
7554598,pv|pv|pv|pv|pv,0.0,3,0,1,0
7560153,pv|pv|pv|pv|pv,630.0,14,0,8,0
7572838,pv|pv|pv|pv|pv,465.0,1,1,0,0
7585996,pv|pv|cart|pv|buy,0.0,8,193,20,1
7604354,pv|pv|pv|pv|pv,0.0,0,10,5,1
7606334,pv|pv|pv|cart|pv,0.0,0,16,10,0
7610653,pv|pv|pv|pv|pv,75.0,0,22,16,1
7612152,pv|pv|pv|pv|pv,30.0,0,46,7,0
7623264,pv|pv|pv|pv|pv,360.0,2,0,1,0
7630304,pv|pv|pv|pv|pv,0.0,1,93,10,0
7646195,pv|pv|pv|buy|pv,0.0,1,13,10,0
7647261,pv|pv|pv|pv|pv,0.0,2,0,2,0
7679270,pv|pv|pv|pv|pv,75.0,2,0,18,0
7713477,pv|pv|pv|pv|pv,15.0,1,5,0,0
7723951,pv|pv|pv|pv|pv,15.0,9,2,1,0
7733967,pv|pv|pv|pv|pv,0.0,0,4,5,0
7761295,pv|pv|pv|pv|pv,0.0,9,34,4,1
7766678,pv|pv|pv|pv|cart,0.0,5,43,7,0
7774023,pv|pv|pv|pv|pv,60.0,7,11,11,1
7780072,pv|pv|pv|pv|pv,1545.0,0,20,1,0
7788241,pv|pv|pv|pv|pv,0.0,8,16,20,1
7799018,pv|pv|pv|pv|pv,0.0,9,9,5,0
7829997,pv|pv|pv|pv|pv,0.0,1,11,4,1
7843229,pv|pv|pv|pv|pv,15.0,4,9,4,1
7853740,pv|pv|pv|pv|pv,0.0,0,129,31,1
7874812,pv|pv|pv|pv|pv,0.0,7,2,3,0
7881635,fav|pv|pv|pv|fav,0.0,157,2,4,0
7892881,cart|pv|pv|pv|pv,0.0,2,91,29,1
7915670,cart|buy|pv|pv|pv,0.0,0,13,2,1
7956207,pv|pv|cart|pv|pv,0.0,1,79,3,1
7959667,pv|pv|pv|pv|pv,0.0,0,15,10,1
7970200,pv|pv|pv|pv|pv,405.0,0,9,2,0
8009008,pv|pv|pv|pv|pv,0.0,1,6,6,1
8034995,pv|pv|pv|pv|pv,330.0,0,4,0,0
8045744,cart|pv|pv|pv|pv,225.0,63,126,10,0
8052951,pv|pv|pv|pv|pv,0.0,5,67,19,1
8085465,pv|pv|pv|pv|pv,0.0,0,0,0,0
8119848,pv|pv|pv|pv|pv,0.0,45,5,14,1
8197937,pv|pv|pv|pv|pv,0.0,31,94,23,1
8205078,pv|pv|pv|pv|pv,0.0,5,50,12,1
8213864,pv|pv|pv|pv|pv,15.0,3,104,32,1
8217647,pv|pv|pv|pv|pv,15.0,7,0,12,0
8231529,cart|pv|pv|pv|pv,0.0,12,27,17,1
8240912,fav|pv|pv|pv|pv,255.0,12,56,13,1
8249269,pv|pv|pv|pv|pv,210.0,168,40,9,1
8311653,pv|pv|pv|pv|pv,525.0,1,2,1,0
8319301,pv|pv|pv|pv|pv,1725.0,1,1,0,0
8325510,pv|pv|pv|pv|pv,0.0,68,71,8,1
8337357,pv|pv|pv|pv|pv,90.0,0,10,9,0
8350359,pv|pv|pv|pv|pv,0.0,43,40,4,0
8354126,pv|pv|pv|pv|pv,75.0,162,12,3,0
8359310,pv|pv|pv|pv|pv,15.0,0,37,4,0
8362294,pv|pv|pv|pv|pv,60.0,0,5,6,0
8370322,pv|pv|pv|pv|pv,0.0,1,34,13,1
8376762,pv|pv|pv|pv|pv,0.0,0,0,0,0
8382449,pv|pv|pv|pv|pv,0.0,22,2,23,1
8388321,pv|pv|pv|pv|pv,15.0,0,18,6,1
8397935,fav|pv|pv|pv|pv,0.0,23,1,4,0
8400761,pv|pv|pv|pv|pv,0.0,0,0,0,0
8406569,pv|pv|pv|pv|pv,0.0,33,2,9,0
8413012,pv|pv|pv|pv|pv,105.0,0,0,3,0
8427578,pv|fav|pv|pv|pv,780.0,4,0,3,0
8439431,pv|pv|pv|pv|pv,30.0,23,0,1,0
8440456,pv|pv|pv|pv|pv,0.0,66,2,7,1
8443684,pv|pv|buy|pv|pv,0.0,7,52,10,1
8445368,pv|pv|pv|pv|pv,0.0,0,1,5,0
8446375,pv|pv|pv|pv|buy,210.0,1,7,3,0
8452470,pv|pv|pv|pv|pv,0.0,0,7,8,1
8455780,pv|pv|pv|pv|pv,0.0,2,22,6,1
8499333,pv|pv|pv|pv|pv,0.0,15,33,5,1
8499885,pv|pv|pv|pv|pv,675.0,0,18,19,1
8509077,pv|pv|pv|fav|buy,0.0,2,0,1,1
8544418,pv|pv|pv|pv|pv,0.0,0,8,0,0
8581353,pv|pv|pv|pv|pv,0.0,0,7,10,0
8596951,pv|pv|pv|pv|pv,0.0,401,50,27,1
8679255,pv|pv|pv|pv|pv,90.0,2,101,45,1
8686191,fav|pv|pv|pv|pv,0.0,45,15,6,1
8688021,buy|pv|pv|pv|pv,0.0,0,12,9,1
8692489,pv|pv|pv|pv|pv,0.0,0,2,2,0
8695857,pv|pv|pv|pv|pv,0.0,51,9,0,0
8702919,pv|pv|pv|pv|pv,60.0,150,24,27,1
8747297,pv|fav|pv|pv|pv,2205.0,3,1,2,0
8750098,pv|pv|pv|buy|pv,0.0,0,15,7,0
8764314,pv|pv|pv|pv|pv,0.0,0,24,19,1
8784082,pv|pv|pv|pv|pv,0.0,0,15,10,0
8785103,pv|pv|pv|pv|pv,1680.0,0,1,0,0
8801409,pv|pv|pv|pv|pv,195.0,23,8,9,1
8820897,pv|pv|pv|pv|pv,0.0,2,43,10,1
8823134,pv|pv|pv|pv|pv,0.0,0,1,1,0
8832025,pv|pv|cart|pv|pv,2160.0,11,3,1,0
8847877,pv|pv|pv|pv|pv,45.0,2,55,16,1
8856141,pv|buy|pv|pv|pv,0.0,2,11,5,0
8863153,pv|pv|pv|pv|pv,0.0,0,4,3,0
8886191,pv|cart|pv|cart|pv,0.0,58,312,26,1
8909639,pv|pv|pv|pv|pv,1875.0,14,5,8,0
8913893,pv|pv|pv|cart|pv,0.0,1,97,20,1
8915107,pv|pv|pv|pv|pv,0.0,29,61,11,1
8917150,pv|pv|pv|pv|pv,0.0,1,132,16,1
8971089,pv|pv|pv|pv|pv,210.0,4,0,0,0
8973625,pv|pv|pv|pv|pv,0.0,7,5,2,1
8977686,pv|pv|pv|pv|pv,0.0,0,11,0,0
9032548,pv|pv|pv|pv|pv,240.0,1,4,2,0
9056309,pv|pv|pv|pv|pv,15.0,0,24,4,1
9065398,pv|pv|pv|pv|pv,0.0,0,0,1,0
9087115,pv|pv|pv|pv|pv,0.0,3,0,1,0
9090200,pv|pv|pv|pv|pv,0.0,1,8,3,0
9092898,cart|pv|pv|pv|pv,285.0,0,14,6,1
9138659,pv|pv|pv|pv|pv,15.0,20,0,3,0
9144935,pv|pv|pv|pv|pv,30.0,6,11,5,1
9149930,pv|pv|pv|pv|pv,120.0,38,27,9,1
9150141,pv|pv|pv|pv|pv,30.0,1,0,1,0
9163753,pv|pv|pv|pv|pv,0.0,0,0,0,0
9171135,pv|pv|pv|pv|pv,0.0,4,1,4,0
9180621,pv|pv|pv|pv|pv,0.0,0,42,10,1
9184855,pv|pv|pv|pv|pv,15.0,0,23,9,1
9194303,pv|pv|pv|pv|pv,0.0,9,13,20,1
9215982,pv|pv|pv|pv|pv,600.0,15,0,1,0
9219164,pv|pv|pv|pv|pv,0.0,1,155,28,1
9225110,pv|pv|pv|pv|pv,0.0,15,75,9,1
9238232,pv|pv|pv|pv|pv,0.0,2,0,1,0
9260930,pv|pv|pv|pv|pv,840.0,0,0,0,0
9268397,pv|pv|pv|pv|pv,0.0,1,18,8,1
9268980,pv|pv|pv|pv|pv,165.0,0,1,0,0
9290733,pv|cart|pv|pv|pv,0.0,28,45,29,1
9299440,pv|pv|pv|pv|pv,0.0,0,0,4,0
9310791,pv|pv|pv|pv|pv,0.0,0,3,6,0
9328686,pv|pv|pv|pv|pv,750.0,0,0,3,0
9357811,pv|pv|pv|pv|pv,240.0,16,1,0,0
9365986,pv|pv|pv|pv|pv,90.0,0,0,0,0
9367616,pv|pv|pv|pv|pv,0.0,28,9,6,1
9371856,pv|cart|pv|pv|pv,210.0,1,74,13,0
9375305,pv|pv|pv|pv|pv,0.0,0,1,0,0
9380791,pv|pv|pv|pv|pv,0.0,0,0,0,0
9384380,pv|pv|pv|pv|pv,0.0,19,15,2,0
9388372,pv|pv|pv|pv|pv,0.0,49,6,10,0
9413973,pv|pv|pv|pv|pv,0.0,0,0,1,0
9435211,pv|pv|pv|pv|pv,0.0,0,0,0,0
9451374,pv|pv|pv|pv|pv,0.0,95,20,11,1
9457887,pv|pv|pv|pv|pv,150.0,48,5,0,1
9465624,pv|pv|pv|pv|pv,0.0,0,14,0,0
9480832,pv|pv|pv|pv|pv,0.0,0,1,1,0
9487538,pv|pv|pv|pv|pv,0.0,0,1,4,0
9500401,pv|pv|pv|pv|pv,0.0,4,138,47,1
9524175,pv|pv|pv|pv|pv,0.0,10,12,11,0
9528671,pv|pv|pv|pv|pv,0.0,54,70,15,1
9551296,pv|pv|pv|pv|pv,0.0,1,38,11,0
9556056,pv|pv|pv|pv|pv,0.0,0,30,8,1
9560592,pv|pv|pv|pv|pv,0.0,8,11,10,1
9573620,pv|pv|pv|pv|pv,0.0,1,66,8,1
9601609,pv|pv|pv|pv|pv,255.0,0,1,2,0
9639120,pv|pv|pv|pv|pv,0.0,19,295,16,1
9648147,pv|pv|pv|pv|pv,15.0,2,0,1,0
9652974,pv|pv|pv|pv|pv,0.0,0,21,4,1
9660384,pv|pv|pv|pv|pv,0.0,49,21,11,1
9661335,pv|pv|cart|pv|pv,0.0,4,22,5,0
9664816,fav|fav|pv|pv|pv,0.0,58,0,1,0
9686681,pv|pv|pv|pv|pv,615.0,0,12,1,0
9695904,pv|fav|fav|pv|pv,0.0,6,5,12,1
9710339,pv|pv|pv|pv|pv,750.0,1,80,33,1
9723930,pv|pv|pv|pv|pv,75.0,0,0,0,0
9746937,pv|pv|pv|pv|pv,0.0,41,44,3,1
9774692,fav|pv|pv|pv|pv,0.0,204,114,24,1
9784313,pv|pv|pv|pv|pv,690.0,36,8,5,0
9790596,pv|pv|pv|pv|pv,0.0,6,5,7,1
9797520,pv|pv|pv|pv|pv,0.0,1,0,4,0
9821001,fav|pv|pv|pv|pv,1320.0,0,0,2,0
9829940,pv|pv|pv|pv|pv,0.0,2,19,0,0
9835014,pv|pv|pv|pv|pv,15.0,4,4,2,0
9860181,pv|pv|pv|pv|pv,0.0,23,6,4,1
9862954,pv|pv|pv|pv|pv,0.0,5,2,0,0
9863416,pv|pv|pv|pv|pv,120.0,53,15,10,1
9868602,pv|pv|pv|pv|pv,0.0,26,66,2,1
9886065,pv|pv|pv|pv|pv,90.0,115,18,31,1
9890683,pv|pv|pv|pv|pv,270.0,0,13,3,0
9899625,pv|pv|pv|pv|pv,0.0,23,2,0,0
9900390,pv|pv|pv|pv|pv,0.0,0,81,7,0
9938666,pv|pv|pv|pv|pv,0.0,0,0,1,0
9996155,pv|pv|cart|pv|pv,0.0,2,7,5,1
10004287,pv|pv|pv|pv|pv,60.0,57,4,9,1
10020755,fav|fav|pv|pv|pv,0.0,216,1,5,0
10026124,pv|pv|pv|pv|pv,0.0,1,104,15,0
10027039,pv|pv|pv|pv|pv,330.0,0,47,3,1
10031393,pv|pv|pv|pv|pv,0.0,3,1,2,0
10045419,pv|pv|pv|pv|pv,0.0,21,0,0,0
10064430,pv|pv|pv|pv|pv,0.0,32,5,1,1
10068052,pv|pv|fav|pv|pv,1260.0,1,25,4,0
10075065,pv|buy|pv|pv|pv,45.0,4,1,1,0
10076850,pv|pv|pv|pv|pv,0.0,1,40,0,0
10120410,pv|pv|pv|pv|pv,135.0,1,10,5,1
10131505,pv|pv|pv|pv|pv,0.0,0,5,0,0
10141023,pv|pv|pv|pv|pv,0.0,3,1,0,0
10149605,pv|pv|cart|pv|pv,345.0,1,77,11,0
10164041,pv|pv|pv|pv|pv,645.0,0,0,1,0
10184170,pv|pv|pv|buy|pv,210.0,0,12,13,1
10187137,pv|pv|pv|pv|pv,435.0,0,1,3,0
10191206,buy|pv|pv|pv|pv,0.0,0,14,13,0
10211498,pv|pv|pv|pv|pv,0.0,4,159,16,0
10218711,pv|pv|pv|pv|pv,0.0,0,0,2,0
10219075,pv|pv|pv|pv|pv,0.0,1,8,9,0
10265423,pv|pv|pv|pv|pv,435.0,19,1,0,0
10292215,pv|pv|pv|pv|pv,0.0,0,10,0,0
10297132,pv|pv|pv|pv|pv,0.0,18,93,36,1
10303832,pv|pv|pv|pv|pv,0.0,1,167,27,1
10309048,pv|pv|cart|cart|cart,15.0,69,51,0,0
10319860,pv|pv|pv|pv|pv,0.0,111,54,34,1
10335403,pv|pv|pv|pv|pv,45.0,1,6,8,0
10437655,pv|pv|pv|buy|pv,0.0,92,17,18,1
10455102,pv|pv|pv|pv|pv,45.0,38,9,14,1
10480818,pv|pv|pv|pv|pv,0.0,0,4,10,0
10480848,pv|buy|pv|pv|pv,45.0,0,26,2,0
10495708,pv|pv|pv|pv|pv,0.0,0,0,7,0
10525504,pv|pv|buy|pv|pv,0.0,0,2,1,0
10535263,pv|pv|pv|buy|cart,0.0,0,44,6,0
10539406,pv|pv|pv|pv|pv,15.0,22,31,13,1
10557490,pv|pv|pv|pv|pv,2115.0,0,0,0,0
10580879,pv|pv|pv|pv|pv,0.0,3,0,0,0
10630192,pv|pv|pv|pv|pv,0.0,170,55,13,1
10640408,pv|pv|pv|pv|pv,0.0,2,18,1,0
10653322,pv|pv|pv|pv|pv,705.0,2,9,5,1
10664884,pv|cart|pv|pv|pv,0.0,3,6,2,0
10678033,pv|pv|pv|pv|pv,0.0,11,1,4,0
10705215,pv|pv|pv|pv|pv,150.0,24,166,32,1
10706095,pv|pv|pv|pv|pv,15.0,3,0,11,0
10746742,pv|pv|pv|pv|pv,900.0,0,1,2,1
10755564,pv|pv|pv|pv|pv,0.0,0,41,9,0
10761548,pv|pv|pv|pv|pv,0.0,0,2,0,0
10763896,pv|pv|pv|pv|pv,15.0,19,22,14,1
10765825,pv|cart|pv|pv|pv,0.0,3,77,11,1
10770527,pv|cart|pv|pv|cart,0.0,45,57,17,1
10773940,pv|pv|pv|pv|pv,495.0,1,68,11,1
10797721,pv|pv|pv|pv|pv,0.0,2,10,0,0
10815578,pv|pv|pv|pv|pv,0.0,16,5,9,0
10825402,fav|pv|pv|pv|pv,0.0,75,3,7,1
10833396,pv|pv|pv|pv|pv,270.0,0,6,4,1
10849427,pv|pv|pv|pv|pv,375.0,3,0,0,0
10856328,pv|pv|pv|pv|pv,60.0,3,2,5,0
10864414,pv|pv|pv|pv|pv,450.0,24,6,8,0
10878250,pv|pv|pv|pv|pv,15.0,1,56,12,1
10887844,pv|cart|pv|pv|pv,15.0,15,37,8,0
10921017,pv|pv,0.0,0,0,0,0
10936698,pv|pv|pv|pv|pv,630.0,2,82,6,0
10951366,pv|pv|pv|pv|pv,0.0,0,0,0,0
10960939,pv|pv|pv|pv|pv,0.0,3,10,5,1
10970833,pv|buy|pv|pv|pv,15.0,0,0,1,0
10980798,pv|pv|pv|pv|pv,0.0,59,4,13,1
10982501,pv|fav|pv|pv|buy,15.0,139,2,9,0
10990641,pv|pv|pv|pv|pv,75.0,3,22,2,1
10994058,pv|pv|pv|pv|pv,0.0,1,4,7,1
11000891,pv|pv|pv|pv|pv,15.0,0,0,1,0
11007737,pv|pv|pv|pv|buy,0.0,0,1,9,0
11010595,pv|pv|pv|pv|pv,405.0,0,0,1,0
11027223,pv|pv|pv|pv|pv,240.0,1,40,11,1
11035036,pv|pv|pv|pv|pv,0.0,1,3,4,0
11053843,pv|pv|pv|buy|pv,300.0,3,15,14,0
11066851,pv|pv|pv|pv|pv,0.0,0,30,4,1
11083802,pv|pv|pv|pv|pv,0.0,0,54,4,0
11087331,pv|pv|pv|pv|pv,405.0,1,0,0,0
11089553,pv|pv|pv|pv|pv,0.0,25,35,7,1
11106706,pv|pv|pv|pv|pv,360.0,1,8,6,0
11119577,pv|pv|pv|pv|pv,0.0,28,21,7,0
11141921,pv|pv|pv|pv|pv,0.0,45,31,18,1
11142295,pv|pv|pv|fav|pv,0.0,3,0,4,0
11162300,pv|pv|pv|pv|pv,0.0,0,4,10,0
11171971,pv|pv|pv|buy|pv,0.0,7,31,6,1
11177007,cart|pv|pv|pv|pv,0.0,0,16,4,0
11183599,pv|pv|pv|pv|pv,300.0,0,2,2,1
11189891,pv|pv|pv|pv|pv,0.0,0,1,3,0
11197151,pv|pv|pv|pv|pv,15.0,3,269,21,1
11208268,pv|pv|pv|pv|cart,150.0,0,15,2,0
11246070,pv|pv|pv|pv|pv,0.0,1,16,2,1
11257305,pv|pv|pv|pv|pv,30.0,1,105,31,1
11268219,pv|pv|pv|pv|pv,0.0,0,2,6,0
11294250,pv|pv|pv|pv|pv,0.0,0,0,0,0
11310078,pv|pv|pv|pv|pv,360.0,0,3,2,1
11313328,pv|pv|pv|pv|pv,45.0,15,88,19,1
11346135,pv|pv|pv|pv|pv,525.0,17,13,10,1
11361547,pv|pv|pv|pv|pv,0.0,95,29,6,1
11408482,pv|pv|pv|pv|pv,30.0,0,0,4,0
11412443,pv|pv|pv|pv|pv,0.0,15,181,16,1
11414403,pv|pv|pv|pv|pv,0.0,1,6,4,0
11415302,pv|pv|pv|pv|pv,105.0,15,43,11,1
11427000,pv|pv|cart|pv|pv,0.0,0,80,21,1
11431275,pv|pv|pv|pv|pv,0.0,75,8,8,1
11459905,pv|pv|pv|pv|buy,0.0,17,0,1,0
11517935,pv|pv|pv|pv|pv,0.0,0,42,3,0
11533001,pv|pv|pv|pv|pv,0.0,6,0,2,0
11545672,pv|pv|pv|pv|pv,0.0,0,0,0,0
11551181,pv|pv|pv|pv|pv,0.0,5,27,14,1
11552428,pv|fav|pv|fav|pv,0.0,107,28,14,1
11561834,pv|pv|pv|pv|pv,120.0,55,0,4,0
11580122,pv|pv|pv|pv|pv,0.0,17,1,5,0
11589162,pv|pv|pv|pv|pv,0.0,0,33,8,1
11595413,pv|pv|pv|pv|pv,0.0,2,121,4,1
11612875,pv|pv|pv|pv|pv,90.0,6,28,7,1
11618257,pv|pv|pv|pv|pv,0.0,0,7,5,0
11635792,pv|pv|pv|pv|pv,2820.0,0,0,0,0
11650719,pv|pv|pv|pv|pv,0.0,9,85,10,1
11669469,pv|pv|pv|pv|pv,300.0,0,5,5,0
11680145,pv|pv|pv|pv|pv,15.0,287,46,0,0
11682531,pv|pv|pv|pv|pv,150.0,66,125,19,1
11683492,pv|pv|pv|pv|pv,180.0,57,15,14,1
11683605,pv|pv|pv|pv|pv,0.0,0,3,3,1
11689510,pv|pv|pv|pv|cart,0.0,0,1,3,0
11695398,pv|pv|pv|pv|pv,2115.0,16,0,1,0
11719180,pv|pv|pv|pv|pv,300.0,0,2,8,0
11726782,pv|pv|pv|pv|pv,0.0,0,7,4,0
11731068,pv|fav|pv|pv|pv,0.0,40,4,26,1
11738621,pv|pv|pv|pv|pv,0.0,28,1,0,0
11758356,pv|pv|pv|pv|pv,435.0,17,83,15,1
11774110,pv|pv|pv|pv|pv,0.0,0,22,19,1
11783149,pv|pv|pv|pv|pv,450.0,2,10,1,1
11790840,pv|pv|pv|fav|pv,0.0,62,2,1,1
11791459,pv|pv|pv|pv|pv,90.0,21,19,7,1
11792254,pv|pv|pv|pv|pv,0.0,23,5,2,0
11805206,pv|pv|pv|pv|pv,15.0,4,14,5,0
11818955,pv|pv|pv|pv|pv,0.0,3,1,3,0
11827113,pv|pv|pv|pv|pv,180.0,22,0,0,0
11845036,pv|pv|pv|pv|pv,450.0,5,2,3,0
11879849,pv|pv|pv|pv|pv,240.0,25,8,11,1
11889914,pv|fav|cart|pv|buy,15.0,1,1,1,0
11900716,pv|pv|cart|pv|pv,270.0,0,3,1,1
11904220,pv|pv|pv|buy|pv,0.0,1,0,5,0
11910007,pv|pv|pv|pv|pv,0.0,243,30,25,1
11917811,pv|pv|pv|pv|pv,0.0,2,4,14,0
11944953,pv|pv|pv|pv|pv,0.0,0,1,7,0
11966763,pv|pv|pv|pv|pv,0.0,23,65,12,1
11975256,pv|fav|pv|pv|pv,0.0,10,3,3,0
11993970,pv|pv|pv|pv|pv,555.0,142,12,8,1
12000472,pv|pv|pv|pv|pv,465.0,0,2,1,0
12012359,pv|pv|pv|pv|pv,0.0,0,9,11,0
12025952,pv|pv|pv|pv|pv,15.0,0,9,3,0
12037455,pv|pv|pv|pv|cart,30.0,1,2,1,0
12039328,pv|pv|pv|pv|cart,0.0,0,90,15,1
12051954,pv|pv|pv|pv|pv,0.0,32,24,4,1
12055347,pv|pv|pv|buy|buy,15.0,288,124,1,0
12070973,pv|pv|pv|pv|pv,0.0,0,0,2,0
12093186,pv|pv|pv|pv|pv,0.0,0,0,0,0
12118297,pv|pv|pv|pv|pv,510.0,0,26,3,1
12122714,fav|pv|pv|pv|pv,75.0,67,2,6,1
12129371,pv|pv|pv|pv|pv,0.0,1,11,1,1
12135006,pv|pv|pv|pv|pv,240.0,0,0,2,0
12139270,pv|pv|pv|pv|cart,0.0,0,4,1,0
12163667,pv|pv|pv|pv|cart,45.0,2,12,3,0
12202456,pv|pv|pv|pv|pv,15.0,0,0,3,0
12210870,pv|pv|cart|cart|pv,15.0,1,151,42,1
12214179,pv|pv|pv|pv|pv,0.0,5,57,8,1
12222620,pv|pv|pv|pv|pv,0.0,10,12,9,1
12252570,pv|pv|pv|pv|pv,240.0,0,33,3,1
12262752,pv|pv|pv|pv|pv,0.0,0,0,0,0
12282525,pv|pv|pv|pv|pv,0.0,70,2,1,0
12283105,pv|pv|pv|pv|pv,0.0,1,7,1,1
12285453,pv|pv|pv|pv|pv,0.0,0,2,0,0
12297890,pv|pv|pv|pv|pv,0.0,2,45,20,1
12300043,pv|pv|pv|pv|pv,0.0,0,0,0,0
12322077,pv|pv|pv|pv|pv,0.0,3,82,11,1
12339789,pv|pv|pv|pv|pv,0.0,14,3,10,1
12369583,pv|pv|pv|pv|pv,0.0,3,35,28,1
12373370,pv|pv|pv|pv|pv,0.0,57,20,4,0
12388225,pv|pv|pv|pv|pv,2100.0,0,0,0,0
12428085,pv|pv|pv|pv|pv,0.0,1,141,19,0
12462869,pv|pv|pv|pv|pv,0.0,0,1,7,0
12472346,pv|pv|pv|pv|pv,0.0,0,36,6,0
12510155,pv|pv|pv|pv|pv,300.0,6,51,24,1
12522187,pv|pv|pv|pv|pv,0.0,2,12,3,1
12567456,pv|pv|pv|pv|pv,0.0,4,5,0,0
12568217,pv|pv|pv|pv|pv,0.0,16,14,6,1
12570225,cart|pv|pv|pv|pv,90.0,44,202,34,1
12571684,pv|pv|pv|pv|fav,0.0,34,28,3,0
12592296,pv|pv|pv|pv|pv,0.0,4,0,0,0
12605760,pv|pv|pv|pv|pv,105.0,2,11,5,1
12619319,pv|pv|pv|pv|fav,90.0,36,8,0,0
12628544,pv|pv|pv|pv|pv,0.0,82,228,30,1
12636431,pv|pv|pv|pv|pv,0.0,7,3,5,0
12662961,pv|buy|pv|pv|pv,2340.0,3,0,2,0
12683992,pv|pv|pv|pv|pv,285.0,12,1,1,0
12684051,pv|pv|pv|pv|pv,0.0,358,64,31,1
12711593,pv|pv|buy|pv|pv,0.0,0,2,3,0
12725690,pv|fav|pv|pv|fav,0.0,19,3,3,0
12730285,pv|pv|pv|pv|pv,0.0,2,33,8,1
12731267,pv|pv|pv|pv|pv,90.0,1,8,3,0
12746210,pv|pv|pv|pv|pv,15.0,38,64,9,0
12796196,pv|pv|pv|pv|pv,0.0,0,20,11,1
12820152,pv|pv|fav|pv|pv,435.0,1,3,1,1
12833799,pv|pv|pv|pv|pv,0.0,67,321,34,1
12850436,pv|pv|pv|pv|pv,0.0,0,10,2,0
12866931,buy|pv|pv|pv|pv,135.0,0,5,11,0
12884654,buy|pv|pv|buy|pv,375.0,12,0,11,0
12892503,pv|pv|pv|pv|pv,0.0,1,15,1,1
12906922,pv|pv|pv|pv|pv,225.0,39,11,6,1
12925543,pv|pv|pv|pv|pv,0.0,5,34,24,1
12931864,pv|pv|pv|pv|pv,0.0,0,41,4,1
12940608,pv|pv|pv|pv|pv,0.0,190,71,27,1
12947756,pv,0.0,0,0,0,0
12970967,pv|buy|pv|pv|pv,0.0,4,2,4,0
12986660,pv|pv|pv|pv|pv,945.0,0,0,0,0
12990018,pv|pv|pv|pv|pv,0.0,2,20,4,0
12997160,pv|pv|pv|pv|pv,0.0,1,0,2,0
12998932,pv|pv|pv|cart|pv,0.0,3,26,4,0
13005359,pv|pv|pv|pv|pv,15.0,0,0,0,0
13006367,pv|pv|pv|pv|pv,420.0,0,0,4,0
13014253,pv|pv|pv|pv|pv,0.0,34,12,16,1
13015077,pv|pv|pv|pv|pv,0.0,0,0,1,0
13034876,pv|pv|pv|pv|pv,0.0,0,23,1,0
13056340,pv|pv|pv|pv|pv,585.0,0,0,1,0
13069552,pv|pv|pv|pv|pv,0.0,1,22,7,0
13079368,pv|pv|pv|pv|pv,0.0,1,14,10,0
13081722,pv|pv|pv|pv|pv,30.0,0,18,12,1
13088520,pv|pv|pv|pv|pv,15.0,1,0,0,0
13096088,pv|pv|pv|pv|pv,15.0,1,6,3,1
13099562,pv|pv|pv|pv|pv,0.0,2,32,5,0
13103318,pv|pv|pv|pv|pv,0.0,27,30,20,1
13110515,pv|pv|pv|pv|pv,0.0,0,14,1,0
13154544,pv|pv|pv|pv|pv,765.0,0,0,1,0
13161427,pv|pv|pv|pv|pv,0.0,9,39,5,1
13162008,pv|pv|pv|cart|pv,0.0,0,11,0,0
13166978,pv|pv|pv|pv|pv,105.0,1,4,7,0
13178504,pv|pv|pv|pv|pv,0.0,0,0,0,0
13213333,pv|pv|cart|pv|pv,0.0,2,159,35,1
13222751,pv|pv|pv|pv|fav,90.0,2,2,0,0
13228640,pv|pv|pv|pv|pv,0.0,8,1,2,1
13232080,pv|pv|pv|pv|pv,420.0,3,0,3,0
13237276,pv|pv|pv|pv|pv,720.0,10,0,9,0
13248817,pv|pv|pv|pv|pv,0.0,4,6,10,0
13254648,pv|pv|pv|pv|fav,450.0,59,18,7,1
13311291,pv|pv|pv|pv|pv,0.0,0,0,1,0
13327410,pv|pv|pv|pv|pv,0.0,0,0,7,0
13384101,pv|pv|pv|pv|pv,1080.0,0,0,1,0
13385262,pv|pv|pv|pv|pv,0.0,4,3,7,1
13396413,pv|pv|pv|pv|pv,375.0,5,10,1,1
13403684,pv|pv|pv|pv|pv,0.0,57,8,9,1
13408757,pv|pv|pv|pv|pv,1305.0,0,0,1,0
13444072,pv|pv|pv|fav|pv,0.0,4,9,7,1
13447112,pv|pv|pv|pv|pv,645.0,0,0,0,0
13451882,pv|pv|pv|pv|pv,0.0,0,1,0,0
13522124,pv|pv|pv|pv|pv,0.0,0,12,0,0
13527121,pv|pv|pv|pv|pv,0.0,0,5,2,1
13538176,pv|pv|pv|pv|pv,0.0,0,4,16,0
13553694,fav|pv|pv|pv|pv,0.0,22,0,0,0
13555997,pv|pv|pv|pv|pv,0.0,0,0,0,0
13565343,pv|buy|cart|pv|pv,0.0,0,3,3,0
13616260,pv|pv|cart|pv|pv,0.0,0,1,1,0
13622216,pv|pv|pv|pv|pv,0.0,15,0,0,0
13625542,pv|pv|pv|pv|pv,0.0,7,0,3,0
13630759,pv|pv|pv|pv|pv,165.0,1,11,6,0
13656280,pv|pv|pv|pv|pv,120.0,0,2,1,1
13657444,pv|pv|pv|pv|pv,750.0,6,5,1,1
13658397,cart|pv|buy|pv|pv,675.0,0,13,4,1
13666087,pv|pv|pv|pv|pv,0.0,2,47,7,1
13683475,pv|pv|pv|pv|pv,180.0,0,18,7,1
13684026,pv|pv|pv|pv|pv,495.0,27,13,7,0
13693896,pv|pv|pv|pv|pv,0.0,0,3,5,0
13703604,pv|pv|pv|pv|pv,750.0,2,0,2,0
13745443,pv|pv|pv|pv|pv,0.0,21,3,5,0
13784674,pv|pv|pv|pv|pv,705.0,3,1,0,0
13797408,pv|pv|pv|pv|pv,0.0,30,29,1,1
13817021,pv|pv|pv|pv|pv,255.0,0,1,1,0
13817717,pv|pv|pv|pv|pv,0.0,0,0,1,0
13818219,pv|pv|pv|pv|pv,0.0,0,3,8,0
13824734,pv|pv|pv|pv|pv,0.0,1,101,15,1
13834060,pv|cart|pv|pv|pv,0.0,1,53,7,1
13836813,pv|buy|pv|pv|pv,0.0,1,0,2,0
13843429,pv|pv|pv|pv|cart,0.0,1,14,3,0
13851244,pv|pv|pv|pv|pv,15.0,0,16,2,1
13851650,pv|pv|pv|pv|pv,0.0,0,8,14,0
13861417,pv|pv|pv|pv|pv,0.0,1,2,10,0
13869219,pv|pv|pv|pv|pv,0.0,158,25,11,1
13872334,pv|pv|pv|pv|buy,0.0,7,3,4,0
13874122,pv|pv|pv|pv|pv,0.0,1,0,3,0
13887814,pv|pv|pv|pv|pv,0.0,1,21,5,0
13915850,pv|pv|pv|pv|pv,0.0,7,0,0,0
13933918,pv|pv|pv|pv|pv,0.0,0,6,9,0
13943503,pv|pv|pv|pv|pv,630.0,0,4,1,0
13948161,pv|pv|cart|pv|pv,30.0,4,73,13,1
14012650,pv|pv|pv|pv|pv,15.0,1,35,10,1
14017917,pv|pv|pv|pv|pv,0.0,2,18,5,1
14051446,pv|pv|pv|pv|pv,0.0,1,26,1,0
14053940,pv|pv|pv|pv|pv,0.0,71,27,3,0
14067253,pv|pv|pv|pv|pv,60.0,3,44,29,1
14070819,pv|pv|pv|pv|pv,0.0,0,9,2,0
14137229,pv|pv|pv|pv|pv,0.0,15,9,8,1
14144843,pv|pv|pv|pv|fav,0.0,200,47,19,1
14157293,pv|pv|pv|pv|pv,0.0,0,113,23,1
14210118,pv|pv|pv|pv|pv,0.0,2,4,2,1
14235689,fav|pv|pv|pv|pv,0.0,10,7,2,0
14238614,pv|pv|pv|pv|pv,0.0,0,3,0,0
14281644,pv|pv|pv|pv|pv,0.0,20,137,27,1
14282886,pv|pv|pv|pv|pv,0.0,3,6,11,0
14298533,fav|pv|pv|pv|pv,105.0,13,0,5,0
14355777,pv|pv|pv|pv|pv,0.0,0,16,8,0
14373274,pv|pv|pv|pv|pv,0.0,5,0,0,0
14389364,pv|pv|pv|buy|pv,0.0,14,5,5,0
14444168,pv|pv|pv|pv|pv,0.0,98,23,12,1
14447131,buy|pv|pv|pv|pv,0.0,11,149,37,1
14490465,pv|pv|pv|buy|buy,30.0,1,0,2,0
14506759,pv|cart|pv|buy|pv,0.0,64,59,8,1
14509184,pv|pv|pv|pv|pv,0.0,0,3,1,1
14512595,buy|pv|pv|pv|pv,0.0,4,2,5,0
14515063,pv|pv|pv|pv|pv,0.0,2,159,46,1
14524213,pv|pv|pv|pv|pv,45.0,0,8,3,0
14568076,pv|pv|pv|pv|pv,15.0,1,10,8,0
14577083,pv|pv|pv|pv|pv,0.0,4,19,7,0
14586553,pv|pv|pv|pv|pv,0.0,50,0,1,0
14621752,pv|pv|pv|pv|pv,45.0,5,7,6,1
14664626,pv|pv|pv|pv|pv,0.0,0,8,6,0
14669807,pv|pv|pv|pv|pv,885.0,0,2,6,0
14670891,pv|pv|pv|pv|pv,30.0,0,50,9,1
14674689,pv|pv|pv|pv|pv,30.0,0,7,0,0
14705382,pv|pv|pv|pv|pv,0.0,10,4,2,0
14712626,pv|pv|pv|pv|pv,0.0,15,2,6,1
14728652,pv|pv|pv|pv|pv,45.0,0,5,3,0
14735918,pv|pv|pv|pv|pv,0.0,41,76,12,1
14759347,pv|pv|pv|pv|pv,45.0,0,47,3,0
14759968,pv|pv|pv|pv|pv,0.0,121,9,13,1
14788711,pv|cart|pv|pv|cart,0.0,0,6,0,0
14804631,pv|pv|pv|pv|pv,0.0,1,44,8,0
14815206,pv|pv|pv|pv|pv,135.0,1,5,9,1
14866979,pv|pv|pv|pv|pv,0.0,12,28,0,0
14869973,pv|buy|pv|pv|pv,15.0,0,4,3,1
14922404,pv|pv|pv|pv|pv,0.0,0,0,0,0
14946743,pv|pv|pv|pv|pv,45.0,12,4,6,1
14947982,pv|pv|pv|pv|pv,15.0,0,3,2,0
14982762,pv|cart|pv|pv|pv,0.0,0,77,15,1
15053166,pv|pv|pv|pv|pv,1575.0,18,12,0,0
15064877,pv|pv|pv|pv|pv,0.0,3,19,3,1
15089689,pv|cart|pv|pv|cart,0.0,6,81,27,1
15120218,pv|pv|pv|pv|pv,165.0,2,16,12,1
15145344,pv|buy|pv|buy|pv,0.0,0,12,14,1
15158257,pv|pv|pv|pv|pv,0.0,0,39,3,1
15171548,pv|pv|pv|pv|pv,0.0,32,109,19,1
15183813,pv|pv|pv|buy|cart,15.0,0,7,8,1
15187673,pv|pv|pv|pv|pv,375.0,21,1,5,0
15225710,pv|pv|pv|pv|pv,45.0,0,83,4,1
15237890,pv|pv|pv|pv|pv,150.0,11,11,1,0
15241291,pv|pv|pv|pv|pv,0.0,0,36,8,0
15243855,pv|pv|pv|pv|pv,210.0,4,31,5,1
15244919,pv|pv|pv|pv|pv,0.0,3,0,0,0
15289217,pv|pv|pv|pv|pv,0.0,0,0,0,0
15300280,pv|pv|pv|pv|buy,45.0,0,1,1,0
15303697,pv|pv|cart|pv|pv,165.0,0,19,0,0
15304564,pv|pv|pv|pv|pv,960.0,1,16,6,0
15327099,pv|pv|pv|pv|pv,465.0,0,13,0,0
15381495,pv|pv|pv|pv|pv,0.0,5,16,7,0
15386874,pv|pv|pv|pv|pv,15.0,4,54,37,1
15392376,pv|pv|pv|pv|pv,105.0,0,17,6,1
15412753,pv|pv|pv|pv|pv,0.0,0,0,0,0
15437545,pv|pv|pv|pv|pv,0.0,66,113,30,1
15461896,buy|pv|pv|pv|pv,0.0,21,4,11,0
15473588,pv|pv|pv|pv|pv,0.0,1,50,9,1
15482392,pv|pv|pv|pv|pv,390.0,8,25,0,0
15484510,pv|pv|pv|pv|pv,0.0,0,1,5,0
15494311,pv|pv|pv|pv|pv,360.0,1,17,5,1
15503033,pv|pv|pv|pv|pv,0.0,1,89,5,0
15511710,pv|buy|buy|pv|pv,60.0,12,181,34,1
15516289,pv|fav|pv|pv|pv,360.0,7,0,4,0
15541192,pv|pv|pv|pv|pv,0.0,27,455,54,1
15600560,pv|pv|pv|pv|pv,0.0,25,19,17,1
15610247,pv|pv|pv|pv|pv,0.0,0,27,6,0
15627219,pv|pv|pv|pv|pv,60.0,0,0,3,0
15627502,pv|pv|pv|pv|pv,0.0,0,17,8,1
15642495,pv|pv|pv|pv|pv,15.0,0,35,0,0
15664477,pv|pv|pv|pv|pv,0.0,0,0,0,0
15688979,pv|pv|pv|pv|pv,0.0,23,78,32,1
15706809,pv|pv|pv|pv|pv,330.0,1,0,4,0
15715406,pv|pv|pv|pv|pv,0.0,6,1,0,0
15735335,pv|pv|pv|pv|pv,90.0,13,3,7,0
15736320,pv|pv|pv|pv|pv,0.0,0,6,1,0
15758254,pv|pv|pv|pv|pv,0.0,16,15,18,1
15777503,pv|pv|pv|pv|pv,0.0,150,132,3,1
15787529,pv|pv|pv|pv|pv,0.0,0,0,1,0
15791958,pv|pv|pv|pv|pv,0.0,0,11,0,0
15796497,pv|pv|pv|pv|pv,0.0,17,1,1,0
15821703,pv|pv|pv|pv|pv,30.0,46,15,4,1
15834893,pv|pv|pv|pv|pv,0.0,0,5,9,1
15924838,pv|pv|pv|pv|cart,0.0,5,150,5,0
15944310,pv|pv|pv|pv|pv,60.0,3,0,9,0
15950724,pv|pv|pv|pv|pv,0.0,30,12,7,1
15957740,pv|pv|pv|pv|fav,0.0,456,62,15,1
15960640,pv|pv|pv|pv|pv,15.0,0,18,0,0
15987177,pv|pv|fav|pv|pv,240.0,92,5,26,1
15997681,pv|pv|pv|pv|pv,0.0,0,24,4,0
16010946,pv|pv|pv|pv|pv,0.0,0,10,1,0
16017921,pv|pv|pv|pv|pv,615.0,0,13,8,1
16043768,pv|pv|pv|pv|pv,30.0,4,3,5,1
16061238,pv|pv|pv|buy|pv,0.0,0,9,5,0
16066732,pv|pv|pv|pv|pv,390.0,3,185,51,1
16071365,pv|pv|pv|pv|pv,870.0,3,1,7,0
16096940,pv|pv|pv|pv|pv,90.0,1,70,18,1
16112876,pv|pv|pv|buy|pv,420.0,1,22,17,1
16113880,pv|pv|pv|pv|pv,2790.0,0,0,0,0
16124265,pv|pv|pv|pv|pv,0.0,0,0,0,0
16124295,pv|pv|pv|pv|pv,0.0,0,12,4,1
16137242,pv|pv|pv|pv|pv,0.0,2,11,17,1
16141923,pv|pv|pv|pv|pv,90.0,0,8,2,1
16178402,pv|pv|pv|pv|pv,120.0,2,0,0,0
16199254,pv|pv|pv|pv|pv,0.0,0,8,11,1
16243178,pv|pv|pv|pv|pv,360.0,0,1,0,0
16259607,pv|pv|pv|pv|pv,225.0,15,3,4,0
16263185,pv|pv|pv|pv|pv,0.0,0,48,4,1
16269352,pv|cart|pv|buy|pv,15.0,2,2,3,0
16330947,pv|pv|pv|pv|pv,0.0,0,24,7,1
16332862,pv|pv|pv|pv|pv,45.0,0,52,41,1
16344267,pv|pv|pv|pv|pv,0.0,16,1,2,1
16354041,pv|pv|pv|pv|pv,0.0,1,24,9,1
16367992,pv|pv|pv|pv|pv,195.0,0,31,6,1
16382658,pv|pv|pv|pv|pv,0.0,0,21,2,0
16407305,pv|pv|pv|pv|pv,135.0,1,2,1,0
16407705,pv|pv|pv|pv|pv,60.0,3,25,8,0
16409419,pv|pv|pv|pv|pv,345.0,19,0,0,0
16416706,pv|pv|pv|pv|pv,0.0,0,2,4,1
16419618,pv|pv|buy|pv|pv,2235.0,0,0,6,0
16423734,pv|pv|pv|pv|pv,0.0,1,62,2,0
16446142,pv|pv|pv|pv|pv,0.0,1,0,1,0
16466178,pv|pv|pv|pv|pv,0.0,0,46,5,1
16476024,pv|pv|pv|pv|pv,0.0,62,0,6,0
16493838,buy|pv|pv|pv|pv,0.0,4,8,5,1
16499024,pv|pv|pv|pv|pv,0.0,1,9,4,0
16511689,pv|cart|pv|pv|pv,0.0,1,23,7,0
16533610,pv|pv|pv|pv|pv,0.0,0,0,0,0
16590671,pv|pv|pv|pv|pv,15.0,6,85,24,1
16601047,pv|pv|pv|pv|pv,0.0,4,0,5,0
16601288,pv|pv|pv|pv|pv,0.0,0,21,11,0
16601904,pv|pv|pv|pv|pv,0.0,0,6,6,0
16606794,pv|pv|buy|cart|pv,60.0,1,27,6,1
16611975,pv|pv|pv|buy|pv,0.0,2,3,13,1
16623516,pv|pv|pv|pv|pv,0.0,126,45,15,1
16641115,pv|pv|pv|pv|pv,0.0,9,7,4,0
16676403,pv|pv|pv|pv|cart,0.0,116,316,30,1
16687895,pv|pv|pv|pv|pv,0.0,0,0,0,0
16710779,pv|pv|pv|pv|pv,1650.0,2,0,4,0
16710912,pv|pv|pv|pv|pv,0.0,1,0,8,0
16711679,pv|pv|pv|pv|pv,45.0,1,3,4,0
16730476,pv|pv|pv|pv|pv,0.0,2,0,0,0
16740912,pv|pv|pv|pv|pv,0.0,4,5,26,1
16755897,pv|fav|pv|pv|pv,255.0,41,4,8,1
16777748,pv|pv|pv|pv|pv,1680.0,3,17,2,0
16788618,pv|pv|pv|pv|pv,120.0,27,1,4,0
16788720,pv|pv|pv|pv|pv,15.0,3,50,4,1
16790119,pv|pv|pv|pv|pv,270.0,0,8,2,0
16795906,pv|pv|pv|pv|pv,15.0,0,4,0,0
16807373,pv|pv|pv|pv|pv,0.0,194,31,22,1
16810079,pv|pv|pv|pv|pv,0.0,6,74,9,1
16832057,pv|pv|pv|pv|pv,0.0,20,22,20,1
16847823,pv|pv|pv|pv|pv,0.0,6,16,10,1
16851866,pv|pv|pv|pv|pv,0.0,18,41,4,0
16860047,pv|pv|pv|pv|fav,0.0,12,7,1,0
16891199,pv|pv|pv|pv|pv,1755.0,0,0,1,0
16895773,pv|pv|pv|pv|pv,600.0,3,2,3,0
16905986,cart|pv|pv|pv|buy,15.0,3,13,7,0
16906970,pv|pv|pv|pv|pv,0.0,1,39,2,1
16908520,pv|pv|pv|pv|pv,0.0,0,1,1,0
16911051,pv|pv|pv|pv|pv,15.0,23,0,0,0
16916141,pv|pv|pv|pv|pv,225.0,13,4,1,0
16918270,pv|pv|pv|pv|pv,0.0,2,18,8,0
16920338,pv|pv|pv|pv|pv,0.0,4,2,3,0
16921029,pv|pv|pv|pv|pv,0.0,10,68,21,1
16933430,pv|pv|pv|pv|pv,0.0,0,0,0,0
16943596,pv|pv|pv|pv|pv,0.0,1,56,9,1
16946764,buy|pv|pv|pv|pv,1065.0,0,1,3,0
17007569,pv|pv|pv|pv|pv,330.0,1,0,2,0
17020394,pv|pv|pv|pv|pv,15.0,61,0,0,0
17029867,pv|pv|pv|pv|pv,0.0,0,2,1,0
17037975,pv|pv|pv|pv|pv,0.0,1,18,5,1
17048049,pv|pv|pv|cart|pv,0.0,0,188,7,1
17061090,pv|pv|pv|pv|pv,615.0,0,33,5,0
17079837,pv|pv|pv|pv|cart,15.0,3,6,0,0
17114423,pv|pv|pv|pv|pv,15.0,5,20,4,0
17117517,pv|pv|pv|pv|pv,0.0,1,104,40,1
17152310,fav|pv|pv|pv|pv,0.0,46,12,2,1
17172693,pv|pv|pv|pv|cart,240.0,0,4,6,0
17175521,cart|pv|pv|pv|pv,0.0,0,11,2,0
17216075,pv|pv|pv|pv|pv,0.0,1,119,27,1
17220524,pv|pv|pv|pv|pv,0.0,0,0,1,0
17230300,pv|pv|pv|pv|pv,0.0,0,4,7,0
17254770,pv|pv|pv|pv|pv,3600.0,0,0,0,0
17264043,pv|pv|pv|pv|pv,0.0,4,12,2,1
17276026,pv|pv|pv|cart|pv,15.0,2,10,10,0
17286111,pv|pv|pv|pv|pv,2160.0,2,6,5,0
17312843,pv|pv|pv|pv|pv,180.0,1,26,6,1
17318106,pv|pv|pv|pv|pv,630.0,4,0,9,0
17328648,pv|pv|fav|fav|pv,0.0,61,57,27,1
17336370,pv|pv|pv|pv|pv,0.0,0,5,7,0
17340020,pv|pv|pv|pv|pv,0.0,6,4,21,1
17341591,pv|pv|pv|pv|pv,120.0,27,203,8,1
17343043,cart|pv|pv|pv|pv,135.0,2,1,5,1
17362237,pv|pv|pv|pv|pv,0.0,9,120,43,1
17373553,pv|pv|pv|pv|pv,0.0,21,5,14,1
17374737,pv|pv|cart|pv|pv,1035.0,17,12,6,0
17377868,pv|pv|pv|pv|pv,0.0,1,0,9,0
17384431,pv|pv|pv|pv|pv,0.0,71,31,1,1
17387185,pv|pv|pv|pv|pv,345.0,3,0,2,0
17390678,pv|pv|pv|pv|pv,435.0,0,2,3,0
17432120,pv|pv|pv|pv|pv,0.0,7,43,10,1
17458663,pv|pv|pv|pv|pv,15.0,172,10,7,1
17465649,pv|pv|pv|pv|pv,180.0,0,14,4,0
17478980,pv|pv|pv|pv|pv,15.0,1,25,2,1
17503742,pv|pv|pv|pv|pv,0.0,2,12,6,0
17529630,pv|pv|pv|pv|pv,30.0,1,15,11,1
17552766,pv|pv|pv|pv|pv,0.0,26,58,23,1
17628487,pv|pv|pv|pv|pv,0.0,27,5,10,1
17635361,pv|pv|pv|pv|pv,0.0,10,42,20,1
17655263,pv|pv|pv|pv|pv,0.0,5,8,3,1
17672892,pv|cart|pv|pv|cart,0.0,0,118,27,1
17677320,pv|pv|pv|pv|pv,0.0,0,14,3,0
17684274,pv|pv|pv|pv|pv,975.0,1,1,2,1
17696910,pv|pv|pv|pv|pv,0.0,4,34,8,1
17713809,pv|pv|pv|pv|pv,0.0,0,1,0,0
17719840,pv|pv|cart|pv|pv,75.0,0,11,4,0
17720083,pv|pv|pv|pv|pv,0.0,12,3,9,0
17733990,pv|pv|pv|pv|pv,0.0,0,0,0,0
17757827,pv|pv|pv|pv|pv,0.0,20,11,5,1
17757886,pv|pv|pv|pv|pv,0.0,10,0,0,0
17779392,pv|pv|pv|pv|pv,0.0,0,3,1,1
17785864,pv|pv|pv|pv|pv,0.0,0,316,1,0
17785981,pv|pv|pv|pv|pv,660.0,0,0,1,0
17809628,pv|pv|pv|pv|pv,0.0,2,41,10,1
17816597,pv|pv|pv|pv|pv,0.0,4,44,13,0
17817432,pv|pv|pv|pv|pv,465.0,7,2,1,0
17821367,pv|pv|pv|pv|pv,420.0,1,22,30,1
17825390,pv|pv|pv|pv|pv,0.0,15,0,0,0
17825629,pv|pv|pv|pv|pv,0.0,220,90,27,1
17840949,pv|pv|pv|pv|fav,0.0,28,0,0,0
17878712,pv|pv|pv|fav|cart,0.0,154,9,0,0
17883538,pv|pv|pv|pv|pv,0.0,1,78,12,1
17883830,pv|pv|pv|pv|pv,0.0,0,2,1,0
17886992,pv|pv|pv|pv|pv,0.0,4,3,1,1
17907443,pv|pv|pv|pv|pv,0.0,0,8,10,0
17908580,pv|fav|pv|pv|pv,90.0,38,62,24,1
17922237,pv|pv|pv|pv|pv,0.0,0,2,0,0
17924218,cart|cart|pv|pv|cart,30.0,6,112,25,1
17931946,pv|pv|pv|cart|pv,15.0,0,4,0,0
17962946,pv|pv|pv|pv|pv,1350.0,0,1,0,1
17979588,pv|pv|pv|fav|pv,0.0,62,7,12,1
18004160,pv|pv|pv|pv|pv,0.0,54,2,4,1
18009500,cart|pv|pv|pv|pv,30.0,1,57,0,1
18017690,pv|pv|pv|pv|pv,255.0,2,26,5,1
18030487,pv|buy|pv|fav|pv,0.0,6,2,4,1
18031985,pv|pv|pv|pv|pv,45.0,2,6,13,0
18072808,pv|pv|pv|pv|pv,0.0,1,25,16,1
18165710,pv|pv|pv|pv|pv,30.0,3,0,6,0
18183738,pv|pv|pv|pv|pv,0.0,0,22,0,0
18205111,pv|fav|pv|pv|pv,0.0,44,6,10,1
18207103,pv|pv|pv|pv|pv,0.0,0,7,6,0
18207861,buy|buy|buy|pv|pv,105.0,10,12,11,1
18216712,pv|pv|fav|pv|pv,15.0,138,64,3,0
18218608,pv|pv|pv|pv|pv,1140.0,0,1,2,0
18242239,pv|pv|pv|pv|pv,240.0,0,1,4,0
18244844,pv|pv|pv|fav|pv,0.0,6,39,17,1
18245913,pv|pv|pv|pv|pv,0.0,1,1,2,0
18288442,pv|pv|pv|pv|pv,285.0,11,5,9,1
18292376,pv|pv|pv|fav|pv,360.0,10,0,10,0
18301670,pv|pv|pv|pv|buy,15.0,1,36,5,1
18302150,pv|pv|pv|pv|pv,360.0,62,34,6,0
18315147,pv|pv|pv|pv|pv,0.0,0,11,9,1
18318788,pv|pv|pv|pv|pv,0.0,51,85,23,1
18320375,buy|fav|pv|pv|pv,4590.0,3,5,10,0
18374505,pv|pv|pv|pv|pv,0.0,0,9,9,1
18375113,pv|pv|pv|pv|pv,0.0,0,29,3,1
18375619,pv|pv|pv|pv|cart,0.0,1,58,9,1
18375692,pv|pv|pv|fav|pv,60.0,6,0,1,0
18379814,pv|pv|pv|pv|pv,0.0,1,7,0,0
18391635,cart|pv|pv|pv|cart,0.0,4,130,29,1
18396338,pv|pv|pv|pv|pv,0.0,3,28,9,1
18452620,pv|pv|pv|pv|pv,0.0,1,0,6,0
18519220,pv|pv|pv|pv|pv,180.0,4,14,8,1
18527757,pv|pv|pv|pv|pv,15.0,0,14,0,0
18544913,pv|pv|pv|pv|pv,0.0,0,1,0,0
18558609,pv|pv|pv|pv|pv,0.0,0,8,1,0
18597404,pv|pv|pv|pv|pv,15.0,159,11,21,1
18642757,pv|pv|pv|pv|pv,0.0,0,0,0,0
18649051,pv|pv|pv|pv|pv,30.0,1,73,5,1
18655723,pv|pv|pv|pv|pv,0.0,0,1,6,0
18672302,pv|pv|pv|pv|pv,15.0,2,22,3,1
18672396,pv|pv|pv|pv|pv,0.0,7,0,0,0
18700485,pv|pv|pv|pv|pv,0.0,0,7,0,0
18728199,pv|pv|pv|pv|pv,45.0,5,123,9,0
18757834,pv|pv|pv|pv|pv,15.0,27,36,7,1
18781926,pv|pv|pv|pv|cart,0.0,1,342,32,1
18783765,pv|pv|pv|pv|pv,0.0,2,0,1,0
18785289,pv|pv|pv|pv|pv,0.0,5,76,0,0
18793421,pv|pv|pv|pv|pv,0.0,0,6,0,0
18820857,pv|pv|pv|pv|pv,450.0,4,1,4,0
18831528,pv|pv|fav|pv|pv,45.0,1,4,0,0
18853148,pv|pv|pv|pv|pv,15.0,0,1,0,0
18869716,pv|pv|pv|pv|pv,15.0,0,13,15,1
18883390,pv|pv|pv|pv|pv,90.0,33,41,19,1
18910742,pv|pv|pv|pv|pv,1875.0,0,1,1,0
18913329,pv|pv|pv|pv|pv,0.0,8,27,6,1
18927299,pv|pv|pv|fav|pv,0.0,106,174,39,1
18949814,pv|pv|pv|pv|pv,0.0,0,0,0,0
18950879,pv|pv|pv|pv|pv,0.0,0,3,1,0
18970782,pv|pv|pv|pv|pv,30.0,2,75,16,0
18981808,pv|pv|pv|pv|pv,0.0,0,10,7,1
18997016,pv|pv|pv|pv|pv,15.0,36,101,42,1
19010396,pv|pv|pv|pv|pv,0.0,20,5,10,1
19015156,pv|pv|pv|pv|pv,0.0,14,0,0,0
19019975,pv|pv|pv|pv|pv,60.0,0,15,5,1
19037604,pv|pv|pv|pv|pv,345.0,0,4,1,0
19047603,pv|pv|pv|pv|pv,0.0,2,11,1,0
19089759,pv|pv|pv|pv|pv,0.0,0,4,8,1
19132982,pv|pv|pv|pv|pv,0.0,25,18,17,1
19145056,pv|pv|pv|pv|pv,0.0,58,41,6,0
19146119,pv|pv|pv|pv|pv,0.0,198,27,14,0
19208481,pv|pv|pv|pv|pv,3300.0,0,8,2,1
19222039,pv|pv|buy|pv|pv,0.0,3,1,3,0
19229301,pv|pv|pv|pv|pv,0.0,12,76,29,1
19277570,pv|pv|pv|pv|pv,0.0,82,68,18,1
19282406,pv|pv|pv|pv|pv,0.0,6,56,5,0
19320995,pv|pv|pv|pv|pv,240.0,1,0,1,0
19321866,pv|pv|pv|pv|pv,2205.0,0,0,0,0
19335772,pv|pv|pv|pv|fav,0.0,44,30,6,1
19338057,pv|pv|pv|pv|pv,0.0,5,27,15,1
19338929,pv|pv|pv|pv|pv,0.0,0,6,1,0
19340590,pv|pv|pv|pv|pv,0.0,0,44,1,0
19353465,pv|pv|pv|pv|pv,75.0,3,41,9,1
19368976,pv|pv|pv|pv|pv,0.0,130,64,2,0
19373594,buy|buy|pv|pv|pv,0.0,6,27,13,1
19375389,pv|pv|pv|pv|pv,0.0,0,20,10,1
19388858,pv|pv|pv|pv|buy,0.0,3,38,17,1
19399879,pv|pv|pv|pv|pv,0.0,40,2,13,0
19414367,pv|pv|pv|pv|pv,330.0,0,33,13,1
19442807,pv|pv|pv|cart|pv,15.0,16,4,0,0
19447970,pv|pv|pv|pv|pv,0.0,94,21,8,1
19463984,pv|pv|pv|pv|pv,0.0,13,27,7,1
19472274,pv|pv|pv|pv|cart,45.0,0,2,0,0
19478600,pv|pv|pv|pv|pv,15.0,1,2,5,0
19524440,pv|pv|pv|pv|pv,615.0,2,24,0,0
19561223,pv|pv|pv|pv|pv,480.0,2,9,12,1
19561580,pv|pv|pv|pv|pv,255.0,0,0,0,0
19581999,pv|pv|pv|pv|pv,1440.0,0,35,13,1
19589004,pv|cart|pv|pv|pv,0.0,3,62,12,0
19640858,pv|pv|pv|pv|cart,0.0,0,24,7,1
19665682,pv|pv|pv|pv|pv,195.0,0,41,6,0
19704074,cart|pv|pv|pv|pv,105.0,0,18,3,0
19708378,pv|pv|pv|pv|pv,0.0,128,41,18,1
19711693,pv|pv|pv|pv|pv,0.0,2,20,5,0
19716129,pv|pv|pv|pv|pv,0.0,6,71,9,0
19723169,pv|pv|pv|pv|pv,0.0,12,15,5,1
19769406,pv|pv|pv|pv|pv,15.0,1,18,14,1
19803129,pv|pv|pv|pv|pv,0.0,8,113,32,1
19805334,pv|pv|pv|pv|pv,345.0,62,42,17,1
19818801,pv|pv,0.0,0,0,0,0
19831033,pv|pv|pv|pv|pv,0.0,22,30,1,0
19853816,pv|pv|pv|pv|pv,0.0,0,0,2,0
19858379,pv|pv|pv|pv|pv,0.0,8,12,4,1
19865503,pv|pv|pv|pv|pv,0.0,26,1,2,0
19900342,pv|pv|pv|pv|pv,0.0,2,13,3,0
19902731,pv|pv|pv|pv|pv,0.0,0,0,1,0
19911284,pv|pv|pv|pv|pv,0.0,242,34,34,1
19984096,pv|pv|pv|cart|pv,0.0,0,18,8,0
19985990,pv|pv|pv|pv|pv,60.0,1,11,5,0
20029510,pv|pv|pv|pv|pv,0.0,0,0,7,0
20030843,pv|pv|pv|pv|pv,0.0,7,1,4,0
20047712,pv|pv|pv|pv|pv,0.0,1,1,0,0
20078969,pv|pv|pv|pv|pv,1020.0,10,2,4,0
20080716,cart|pv|pv|pv|pv,0.0,5,15,2,0
20093296,pv|pv|pv|pv|pv,0.0,1,2,0,0
20097010,pv|pv|pv|pv|pv,180.0,20,9,4,1
20116814,pv|buy|pv|pv|pv,105.0,69,3,9,1
20123340,pv|pv|pv|pv|pv,0.0,2,5,6,0
20148247,pv|pv|pv|pv|pv,0.0,62,4,0,0
20174399,pv|pv|pv|pv|pv,0.0,19,59,11,1
20180785,pv|pv|pv|pv|pv,75.0,0,22,14,1
20201571,pv|pv|cart|pv|pv,180.0,4,12,8,1
20243905,cart|pv|pv|pv|pv,0.0,33,117,8,1
20257132,cart|cart|pv|buy|pv,285.0,0,0,1,0
20264430,fav|pv|pv|pv|pv,15.0,39,14,21,1
20288940,pv|pv|pv|pv|pv,0.0,17,2,0,0
20293501,pv|pv|cart|pv|pv,2595.0,20,23,1,0
20302058,pv|pv|pv|pv|pv,1395.0,0,3,0,0
20307844,pv|pv|pv|pv|pv,0.0,0,9,1,1
20315845,pv|pv|pv|pv|pv,0.0,0,0,0,0
20320170,pv|pv|pv|pv|fav,0.0,23,5,1,0
20329246,pv|pv|pv|pv|pv,885.0,0,4,5,0
20347929,pv|pv|pv|pv|pv,0.0,43,1,5,1
20356708,pv|pv|pv|pv|pv,0.0,0,6,7,0
20376137,pv|pv|pv|pv|pv,0.0,0,26,6,0
20379505,pv|pv|pv|pv|pv,0.0,77,44,54,1
20382727,cart|pv|pv|pv|pv,3420.0,1,3,0,0
20390004,pv|buy|buy|cart|pv,375.0,0,2,4,0
20463565,pv|pv|pv|pv|pv,0.0,5,6,1,1
20472131,pv|pv|pv|pv|pv,150.0,60,9,16,0
20487789,pv|pv|pv|pv|pv,30.0,3,6,7,1
20497713,pv|pv|pv|pv|pv,30.0,47,2,8,1
20509405,pv|pv|pv|pv|cart,30.0,14,70,6,1
20516700,fav|pv|fav|pv|pv,0.0,39,12,2,1
20517525,pv|pv|pv|pv|pv,0.0,0,39,10,1
20536795,pv|pv|pv|pv|pv,0.0,1,10,0,0
20543670,pv|pv|pv|pv|pv,75.0,82,30,6,1
20553214,pv|pv|pv|pv|pv,0.0,0,2,4,0
20560924,cart|pv|pv|pv|pv,0.0,2,37,6,1
20564639,pv|pv|pv|pv|pv,150.0,2,12,19,0
20596476,pv|pv|pv|pv|pv,0.0,36,0,0,0
20626105,pv|pv|pv|pv|pv,0.0,0,0,0,0
20626308,pv|pv|pv|pv|pv,0.0,0,10,1,0
20632602,pv|pv|pv|pv|pv,0.0,23,5,7,1
20643274,pv|pv|pv|pv|pv,30.0,97,7,5,0
20653615,pv|pv|pv|pv|pv,0.0,7,38,11,1
20656785,pv|pv|pv|pv|pv,0.0,0,11,0,0
20663978,pv|pv|pv|pv|pv,0.0,9,19,8,0
20668159,pv|pv|pv|pv|pv,15.0,7,0,6,0
20683555,pv|pv|pv|pv|pv,15.0,1,3,2,0
20686051,pv|pv|pv|pv|pv,0.0,1,67,7,0
20692433,pv|pv|pv|pv|pv,510.0,0,4,4,0
20694838,pv|fav|pv|pv|pv,0.0,11,65,6,1
20719129,pv|pv|pv|pv|pv,165.0,0,0,0,0
20733935,pv|pv|pv|pv|pv,120.0,44,24,4,1
20747863,cart|pv|buy|pv|pv,0.0,0,2,0,1
20754693,pv|pv|pv|pv|pv,0.0,1,68,13,1
20773583,pv|pv|pv|pv|pv,0.0,27,2,7,1
20774386,pv|pv|pv|pv|pv,30.0,0,8,4,1
20774699,pv|pv|pv|pv|pv,450.0,0,0,2,0
20782693,pv|pv|pv|pv|pv,315.0,1,8,3,0
20786149,pv|pv|pv|pv|pv,15.0,32,56,24,1
20799662,pv|pv|pv|pv|pv,0.0,18,8,10,1
20824894,pv|pv|cart|pv|pv,0.0,1,41,17,1
20849275,pv|pv|pv|pv|pv,0.0,63,143,25,1
20853257,pv|pv|pv|pv|pv,0.0,14,0,6,0
20903813,pv|pv|pv|pv|pv,15.0,103,32,45,1
20909974,pv|pv|pv|fav|pv,0.0,35,15,3,1
20912759,pv|pv|pv|pv|pv,60.0,0,14,10,0
20942421,pv|pv|pv|pv|pv,0.0,0,0,3,0
20997825,pv|pv|pv|pv|pv,0.0,11,57,2,0
21023173,pv|pv|pv|pv|pv,0.0,3,37,6,1
21035609,pv|pv|pv|pv|pv,75.0,4,55,5,0
21038500,pv|pv|pv|pv|pv,0.0,44,33,11,1
21044561,pv|pv|pv|pv|pv,15.0,0,7,2,1
21070014,pv|fav|pv|pv|pv,0.0,280,0,2,0
21085638,fav|pv|pv|pv|pv,375.0,10,6,5,1
21089878,pv|pv|pv|pv|pv,0.0,1,6,14,1
21111117,pv|pv|pv|pv|pv,390.0,16,1,3,0
21114469,pv|pv|pv|pv|pv,0.0,2,3,1,0
21115351,pv|pv|pv|pv|pv,0.0,1,2,8,1
21131024,pv|pv|pv|pv|pv,315.0,0,28,15,1
21140632,pv|pv|pv|pv|pv,825.0,0,188,46,1
21161768,pv|pv|pv|pv|pv,0.0,9,1,1,0
21184528,pv|cart|pv|pv|pv,0.0,0,22,7,1
21185597,pv|pv|pv|pv|pv,870.0,4,8,2,0
21193363,pv|pv|fav|pv|pv,0.0,185,0,0,0
21195090,pv|pv|pv|pv|pv,30.0,1,31,12,1
21202467,pv|pv|pv|pv|pv,0.0,11,1,4,1
21210575,pv|pv|pv|pv|pv,0.0,1,1,0,0
21217939,pv|pv|pv|pv|pv,0.0,0,17,2,0
21226209,pv|pv|pv|pv|pv,0.0,1,0,1,0
21233965,pv|pv|cart|pv|pv,0.0,102,153,0,0
21266227,pv|pv|pv|pv|pv,30.0,0,10,10,1
21287960,pv|pv|pv|pv|pv,0.0,0,25,2,0
21329952,pv|pv|pv|pv|pv,6480.0,0,2,5,1
21332019,pv|pv|pv|pv|pv,0.0,2,21,11,0
21346761,pv|pv|pv|pv|pv,0.0,2,1,2,0
21355438,pv|pv|pv|pv|pv,120.0,0,80,11,1
21357495,pv|fav|pv|pv|fav,15.0,73,3,5,0
21358985,pv|pv|pv|pv|pv,0.0,13,10,10,0
21362103,pv|pv|pv|pv|pv,0.0,1,7,6,0
21363716,pv|pv|pv|pv|pv,0.0,0,81,8,0
21365758,pv|pv|pv|pv|pv,105.0,2,27,5,1
21375743,pv|pv|pv|pv|pv,0.0,17,52,24,1
21386838,pv|pv|pv|pv|pv,0.0,38,5,12,0
21397909,pv|pv|pv|cart|buy,0.0,23,18,7,1
21400875,pv|pv|pv|pv|pv,315.0,94,22,10,0
21405321,pv|pv|pv|pv|pv,885.0,3,0,2,0
21447166,pv|pv|pv|pv|pv,735.0,1,57,9,1
21465106,pv|pv|pv|pv|pv,0.0,168,115,86,1
21491689,pv|pv|pv|pv|pv,0.0,0,4,4,0
21505975,pv|pv|pv|pv|pv,0.0,2,3,2,0
21507233,pv|pv|pv|pv|pv,0.0,23,31,25,1
21536694,pv|pv|pv|pv|pv,0.0,1,23,2,0
21550476,pv|pv|pv|pv|pv,0.0,0,21,17,1
21552855,pv|pv|pv|pv|pv,1350.0,0,2,6,0
21562611,pv|pv|pv|pv|pv,0.0,1,123,26,1
21605110,pv|pv|pv|pv|pv,75.0,0,141,41,1
21625075,pv|pv|pv|pv|pv,0.0,149,14,2,0
21627259,pv|pv|pv|pv|pv,0.0,0,7,3,0
21633234,pv|pv|pv|pv|pv,0.0,1,19,1,0
21660809,pv|pv|pv|pv|pv,0.0,0,14,2,1
21669502,pv|pv|pv|pv|pv,15.0,32,9,12,0
21676430,pv|pv|pv|pv|buy,0.0,17,18,13,1
21696214,pv|pv|pv|pv|pv,15.0,56,11,8,0
21740397,buy|pv|fav|pv|pv,0.0,10,21,19,1
21743048,pv|pv|pv|cart|pv,0.0,335,284,53,1
21754104,pv|pv|pv|pv|pv,0.0,85,0,1,0
21775179,pv|pv|pv|pv|pv,0.0,3,0,1,0
21787418,pv|pv|pv|pv|buy,0.0,0,41,14,1
21790996,pv|pv|pv|pv|pv,0.0,21,26,17,1
21806254,pv|pv|fav|pv|pv,0.0,1,2,0,0
21818576,pv|pv|pv|pv|pv,0.0,0,25,5,0
21824858,pv|pv|pv|pv|pv,0.0,35,4,2,0
21832523,pv|pv|pv|pv|pv,45.0,42,6,16,1
21868086,pv|pv|pv|pv|pv,15.0,2,127,2,0
21875488,pv|pv|pv|pv|pv,120.0,74,41,12,0
21883663,pv|pv|pv|pv|pv,855.0,0,5,3,0
21904099,cart|pv|pv|cart|pv,2985.0,0,7,3,0
21905234,pv|pv|pv|pv|pv,0.0,2,0,1,1
21906850,pv|pv|pv|pv|pv,15.0,1,1,4,0
21923340,pv|pv|pv|pv|pv,1005.0,0,0,0,0
21931159,pv|pv|pv|pv|pv,0.0,0,26,8,0
21973088,fav|pv|fav|pv|pv,960.0,57,0,0,0
21978171,pv|pv|pv|pv|pv,0.0,139,118,49,1
21983803,pv|pv|pv|pv|pv,0.0,0,0,5,0
21984163,pv|pv|buy|pv|pv,0.0,0,2,2,0
21987574,pv|pv|pv|pv|pv,0.0,0,0,0,0
21991406,pv|pv|pv|pv|pv,105.0,0,6,4,0
21993808,pv|pv|pv|pv|pv,0.0,66,5,3,0
22005280,pv|pv|pv|pv|pv,0.0,1,7,1,0
22007082,pv|pv|pv|fav|pv,930.0,3,1,2,1
22040312,pv|pv|pv|pv|pv,0.0,2,6,9,0
22060610,pv|cart|pv|pv|pv,15.0,0,1,2,0
22076896,pv|pv|pv|pv|pv,15.0,72,7,8,1
22082857,pv|pv|pv|pv|pv,15.0,0,20,4,0
22094658,pv|pv|pv|pv|fav,0.0,31,0,6,0
22101245,pv|pv|pv|pv|pv,375.0,1,3,9,0
22107261,pv|pv|pv|pv|pv,0.0,2,21,1,1
22107955,pv|pv|pv|pv|pv,1110.0,0,0,0,0
22123389,pv|pv|pv|pv|pv,660.0,0,0,5,0
22125304,pv|pv|pv|pv|pv,15.0,23,120,22,1
22139217,pv|pv|pv|pv|pv,0.0,0,2,3,0
22149457,pv|pv|pv|pv|pv,240.0,16,3,7,0
22153508,pv|pv|pv|pv|pv,0.0,39,11,7,1
22158762,pv|pv|pv|pv|pv,0.0,19,62,10,0
22170979,pv|pv|pv|pv|pv,0.0,27,104,15,1
22178598,pv|pv|pv|fav|pv,360.0,54,2,2,0
22182160,pv|pv|pv|cart|pv,0.0,119,11,31,0
22183500,pv|pv|pv|pv|pv,180.0,90,4,4,1
22188362,pv|pv|pv|pv|pv,0.0,0,144,1,1
22207490,pv|pv|buy|pv|pv,0.0,0,7,7,0
22254224,pv|pv|pv|pv|pv,210.0,0,1,0,0
22273841,pv|pv|pv|pv|fav,0.0,28,1,5,0
22278371,fav|pv|pv|pv|pv,0.0,106,23,21,1
22281803,pv|pv|pv|pv|pv,45.0,0,0,1,0
22305188,pv|pv|pv|pv|pv,0.0,9,1,6,0
22310799,pv|pv|pv|pv|pv,0.0,0,0,2,0
22319406,pv|pv|pv|pv|pv,150.0,0,4,0,0
22340122,pv|pv|pv|pv|pv,0.0,0,55,22,1
22342118,pv|pv|pv|pv|pv,0.0,3,50,3,0
22369795,pv|pv|pv|pv|pv,30.0,4,85,16,1
22378126,pv|pv|pv|pv|pv,330.0,16,13,9,0
22393155,pv|pv|pv|pv|pv,0.0,10,140,73,1
22410346,pv|pv|pv|pv|pv,0.0,0,1,9,0
22422703,pv|pv|pv|pv|pv,0.0,7,1,6,0
22424853,pv|pv|pv|pv|pv,0.0,0,18,1,0
22425841,pv|pv|pv|pv|pv,45.0,1,26,6,1
22441068,pv|pv|pv|pv|pv,0.0,0,76,7,1
22444189,pv|pv|pv|pv|pv,0.0,2,96,28,1
22466822,pv|pv|pv|pv|pv,1050.0,0,0,2,0
22470460,pv|pv|pv|pv|pv,0.0,0,0,0,0
22497620,pv|pv|pv|pv|pv,0.0,0,21,24,1
22508323,pv|pv|pv|pv|pv,15.0,0,21,8,0
22509276,cart|pv|pv|pv|pv,0.0,2,85,20,1
22525341,pv|pv|pv|pv|pv,0.0,15,5,10,1
22555846,pv|pv|pv|pv|pv,0.0,5,7,7,1
22560823,pv|pv|pv|pv|pv,15.0,3,8,11,1
22577104,pv|pv|pv|pv|pv,90.0,7,0,3,1
22584113,pv|pv|pv|pv|pv,0.0,7,0,4,0
22600224,pv|pv|pv|pv|pv,60.0,35,2,9,0
22600903,pv|pv|pv|pv|pv,0.0,0,15,7,0
22607012,pv|pv|pv|pv|pv,0.0,0,2,1,0
22621152,pv|cart|pv|pv|pv,15.0,1,65,13,1
22627844,pv|fav|pv|pv|pv,0.0,30,18,1,0
22701535,pv|cart|pv|pv|pv,0.0,0,1,0,0
22717072,pv|pv|pv|pv|pv,15.0,3,93,24,1
22734359,pv|pv|pv|pv|pv,0.0,9,0,10,0
22746404,pv|pv|pv|pv|pv,0.0,0,37,0,0
22751272,pv|pv|pv|pv|pv,435.0,0,54,6,1
22762528,pv|pv|pv|pv|pv,765.0,0,2,5,1
22776936,pv|pv|pv|pv|pv,0.0,20,27,16,1
22779974,pv|pv|pv|pv|pv,60.0,3,110,36,1
22791027,pv|pv|pv|pv|pv,0.0,0,4,2,0
22802989,pv|pv|pv|pv|buy,105.0,7,6,8,1
22808710,pv|pv|pv|pv|pv,585.0,11,3,9,0
22841491,pv|fav|pv|pv|pv,0.0,29,28,21,1
22859350,pv|pv|pv|pv|pv,30.0,0,38,6,1
22869075,pv|pv|pv|buy|pv,0.0,0,0,1,0
22874532,pv|pv|pv|pv|pv,0.0,4,19,8,1
22878009,pv|pv|pv|pv|pv,195.0,0,9,4,1
22881368,pv|pv|pv|pv|pv,45.0,5,0,1,0
22882656,pv|pv|pv|pv|pv,0.0,10,30,4,0
22884828,pv|pv|pv|pv|pv,0.0,2,4,0,0
22901182,pv|pv|pv|pv|pv,0.0,1,47,8,1
22962826,pv|pv|pv|pv|pv,585.0,19,55,7,1
22981352,pv|pv|pv|cart|pv,0.0,2,54,10,0
22984722,pv|pv|pv|pv|pv,645.0,0,25,9,1
22992522,pv|pv|pv|pv|pv,0.0,0,98,11,1
22995367,pv|pv|pv|pv|pv,0.0,2,3,1,1
23014965,buy|pv|pv|pv|pv,345.0,35,299,13,1
23039189,pv|pv|pv|pv|pv,225.0,4,10,0,0
23043365,pv|pv|pv|pv|pv,15.0,0,30,15,1
23049176,buy|buy|buy|buy|buy,15.0,2,5,28,0
23065322,pv|pv|pv|pv|pv,0.0,0,5,0,1
23085950,pv|pv|pv|pv|pv,0.0,5,0,9,0
23095086,pv|pv|pv|pv|pv,0.0,3,7,3,0
23118960,pv|pv|pv|pv|pv,0.0,8,1,1,0
23130998,pv|pv|pv|pv|pv,0.0,31,10,8,1
23137309,pv|pv|pv|pv|pv,0.0,32,30,18,0
23159781,pv|pv|pv|pv|pv,0.0,40,17,13,1
23165095,pv|pv|pv|fav|pv,0.0,342,8,19,1
23167916,cart|pv|pv|pv|pv,135.0,0,3,0,1
23218222,fav|pv|pv|pv|pv,3870.0,4,0,0,0
23218973,pv|pv|pv|pv|pv,0.0,3,3,9,0
23223121,pv|pv|cart|pv|cart,0.0,0,30,8,1
23228065,pv|pv|pv|pv|pv,60.0,0,1,0,0
23231484,pv|pv|pv|pv|pv,0.0,10,10,9,1
23235438,pv|pv|pv|pv|pv,0.0,16,0,0,0
23236747,pv|pv|pv|pv|pv,0.0,0,0,1,0
23248133,pv|pv|pv|cart|cart,165.0,0,163,11,1
23260181,pv|pv|pv|pv|pv,0.0,67,22,27,1
23276219,pv|pv|pv|pv|pv,135.0,1,0,2,0
23296153,pv|pv|pv|pv|pv,0.0,16,9,0,1
23316310,pv|pv|pv|pv|pv,0.0,39,17,2,1
23326854,pv|pv|pv|pv|pv,45.0,50,141,11,1
23330391,fav|pv|fav|pv|pv,15.0,23,10,10,1
23341818,cart|pv|pv|pv|pv,0.0,1,37,12,1
23346515,pv|pv|pv|pv|pv,105.0,0,1,0,0
23357120,pv|pv|pv|pv|pv,0.0,1,67,0,0
23359188,pv|pv|pv|pv|cart,15.0,0,6,3,0
23362360,pv|pv|pv|pv|pv,0.0,21,35,11,0
23367131,pv|pv|pv|pv|pv,0.0,158,99,12,1
23376907,pv|pv|pv|pv|pv,0.0,17,5,3,0
23384426,pv|pv|pv|pv|pv,0.0,0,0,1,0
23419403,pv|pv|pv|pv|pv,0.0,20,3,12,0
23439550,pv|cart|pv|pv|pv,0.0,0,43,3,1
23442968,pv|pv|pv|pv|pv,30.0,36,20,2,0
23446150,pv|pv|pv|pv|pv,0.0,148,8,12,0
23482875,pv|pv|pv|pv|pv,0.0,0,32,2,0
23483451,pv|pv|pv|pv|pv,2700.0,1,1,4,0
23516965,pv|pv|pv|pv|pv,0.0,0,13,0,0
23574912,pv|pv|pv|pv|pv,225.0,0,2,2,0
23591123,pv|pv|pv|pv|pv,0.0,87,23,9,1
23591419,pv|pv|pv|pv|pv,15.0,0,0,0,0
23593325,pv|pv|pv|pv|pv,0.0,1,39,12,1
23613746,pv|pv|pv|cart|pv,0.0,3,88,16,1
23668132,pv|pv|pv|pv|pv,0.0,0,5,1,0
23687099,cart|pv|pv|pv|pv,15.0,0,3,2,0
23688052,cart|pv|pv|pv|pv,60.0,0,13,0,0
23690219,pv|pv|pv|pv|pv,4650.0,0,7,0,0
23740258,pv|pv|pv|pv|pv,0.0,12,7,5,1
23757860,pv|pv|pv|cart|pv,0.0,25,8,2,0
23770338,pv|pv|pv|pv|pv,945.0,0,8,3,0
23793674,pv|pv|buy|pv|pv,0.0,0,7,2,1
23796078,pv|pv|pv|pv|pv,1245.0,2,0,0,0
23803693,cart|pv|pv|pv|pv,0.0,0,1,1,0
23827809,pv|pv|pv|pv|pv,0.0,0,50,2,1
23828185,pv|pv|pv|pv|pv,930.0,1,3,2,1
23838725,pv|pv|pv|buy|cart,15.0,9,2,2,0
23847626,pv|pv|pv|pv|pv,0.0,3,5,6,0
23860674,pv|pv|pv|pv|pv,60.0,3,33,6,1
23873275,pv|pv|pv|pv|pv,0.0,2,15,4,0
23916542,pv|pv|pv|pv|pv,15.0,0,9,9,1
23923497,pv|pv|pv|pv|pv,210.0,11,28,11,1
23937847,pv|pv|buy|pv|pv,1200.0,1,1,1,0
23958465,pv|fav|pv|pv|pv,0.0,104,21,10,1
24000198,pv|pv|pv|pv|pv,0.0,35,7,19,0
24029586,pv|pv|pv|pv|pv,0.0,0,7,0,0
24033530,pv|pv|pv|pv|pv,0.0,38,0,0,0
24047653,pv|pv|pv|pv|pv,0.0,0,2,1,0
24057036,pv|pv|pv|pv|pv,0.0,1,29,5,0
24062806,pv|pv|pv|pv|pv,0.0,47,109,10,1
24063164,pv|pv|pv|pv|pv,0.0,1,0,0,0
24089111,pv|pv|pv|pv|pv,0.0,0,40,7,1
24105656,pv|pv|pv|pv|pv,0.0,12,8,0,0
24118436,pv|pv|pv|pv|pv,30.0,7,2,7,0
24123047,pv|pv|pv|pv|pv,615.0,0,5,11,1
24132976,buy|pv|pv|pv|pv,315.0,12,6,4,0
24139240,pv|pv|pv|pv|cart,15.0,0,10,12,1
24189643,pv|pv|pv|pv|cart,0.0,0,9,1,0
24217106,pv|pv|pv|pv|pv,60.0,63,11,3,1
24219008,pv|pv|pv|pv|pv,0.0,93,15,14,1
24262504,pv|pv|pv|pv|pv,0.0,3,105,6,1
24288984,buy|pv|pv|pv|pv,0.0,71,7,20,1
24289312,pv|pv|pv|pv|pv,15.0,2,14,6,1
24313362,fav|pv|pv|pv|pv,120.0,152,0,0,0
24314619,pv|pv|pv|pv|pv,30.0,13,5,3,1
24336759,pv|pv|pv|pv|pv,330.0,3,2,4,0
24356634,pv|pv|pv|pv|pv,0.0,19,13,17,0
24381914,pv|pv|pv|pv|pv,0.0,2,30,2,1
24466657,pv|pv|pv|pv|pv,0.0,12,4,6,1
24471517,pv|pv|pv|pv|pv,0.0,1,4,5,0
24473987,pv|pv|pv|pv|pv,240.0,0,1,0,0
24474599,pv|pv|pv|pv|pv,0.0,4,25,5,1
24487604,pv|fav|pv|fav|fav,0.0,31,0,0,0
24495605,pv|pv|pv|pv|pv,705.0,1,28,3,1
24540552,pv|pv|pv|pv|pv,345.0,0,3,1,0
24564910,pv|pv|pv|pv|cart,0.0,0,14,0,0
24573553,pv|pv|buy|pv|buy,0.0,34,4,10,1
24580657,pv|pv|pv|pv|buy,120.0,15,2,6,1
24610294,pv|pv|pv|pv|pv,0.0,0,2,1,0
24620052,pv|pv|pv|pv|pv,2175.0,0,26,9,1
24625325,pv|pv|pv|pv|pv,0.0,0,1,0,0
24625581,pv|pv|pv|pv|pv,0.0,51,67,13,1
24636415,pv|pv|pv|pv|pv,0.0,1,19,8,1
24658436,pv|pv|pv|pv|pv,0.0,0,47,12,1
24683808,pv|pv|pv|pv|pv,0.0,2,7,3,0
24690079,pv|pv|pv|pv|pv,0.0,80,23,25,1
24698599,pv|pv|pv|cart|pv,45.0,0,16,0,1
24700160,pv|cart|pv|pv|pv,0.0,0,2,2,0
24718279,pv|pv|pv|pv|pv,195.0,1,25,0,0
24752182,pv|buy|pv|pv|pv,0.0,57,1,4,0
24759174,pv|pv|pv|pv|pv,2865.0,5,0,3,0
24792310,pv|pv|pv|pv|pv,435.0,6,0,4,0
24803803,pv|pv|pv|pv|pv,0.0,42,44,16,1
24805953,pv|pv|pv|pv|pv,0.0,24,19,18,1
24808643,pv|pv|pv|pv|pv,30.0,15,12,17,0
24811681,pv|fav|pv|pv|pv,0.0,17,1,2,0
24814877,pv|pv|pv|pv|pv,0.0,1,2,3,0
24847553,cart|buy|cart|pv|pv,0.0,0,20,4,1
24869620,pv|pv|pv|pv|buy,15.0,0,2,1,0
24888768,pv|pv|pv|pv|pv,75.0,1,3,3,1
24903079,pv|pv|pv|pv|pv,330.0,0,6,3,1
24965668,pv|pv|pv|pv|pv,450.0,37,3,4,0
24967803,pv|pv|pv|pv|pv,0.0,8,3,6,1
25008977,pv|pv|pv|pv|pv,0.0,0,0,9,0
25020664,pv|pv|pv|pv|pv,345.0,66,61,21,1
25034174,pv,0.0,0,0,0,0
25040950,pv|pv|pv|pv|pv,0.0,185,108,20,1
25128484,pv|pv|pv|pv|pv,0.0,0,17,5,0
25142712,pv|pv|pv|pv|pv,0.0,33,17,9,0
25163672,pv|pv|pv|pv|pv,0.0,2,4,3,0
25166877,pv|pv|pv|pv|pv,300.0,0,12,4,0
25166903,pv|pv|pv|pv|pv,195.0,0,8,6,1
25173367,pv|pv|pv|pv|pv,0.0,0,3,2,0
25183118,pv|pv|pv|pv|cart,0.0,2,43,20,1
25187340,pv|pv|pv|pv|pv,720.0,0,12,4,0
25211339,pv|pv|pv|pv|pv,225.0,0,12,5,1
25224971,pv|pv|pv|buy|pv,210.0,8,2,6,0
25249494,pv|pv|pv|pv|pv,0.0,0,20,9,0
25252443,pv|pv|pv|pv|pv,2115.0,1,2,0,0
25265512,pv|pv|pv|pv|pv,0.0,47,20,5,1
25275595,pv|pv|pv|pv|pv,15.0,50,22,5,0
25306731,pv|pv|pv|pv|buy,465.0,0,0,5,0
25330254,pv|pv|pv|pv|pv,0.0,57,0,0,0
25368165,pv|pv|pv|pv|pv,0.0,0,8,4,0
25368702,pv|pv|pv|fav|pv,0.0,9,0,7,0
25371517,pv|pv|pv|pv|pv,0.0,3,115,21,1
25375727,buy|pv|pv|pv|pv,15.0,2,16,15,1
25386039,pv|pv|pv|pv|pv,0.0,0,4,2,0
25406015,pv|pv|pv|pv|pv,885.0,1,9,2,0
25414648,pv|pv|pv|pv|pv,0.0,24,1,0,1
25423470,pv|pv|pv|pv|pv,270.0,0,0,0,0
25438815,pv|pv|pv|pv|pv,345.0,27,20,9,1
25455279,pv|pv|pv|pv|pv,0.0,131,13,8,0
25456026,pv|pv|pv|pv|pv,15.0,0,1,1,0
25474939,pv|pv|pv|pv|pv,0.0,29,9,3,0
25475467,pv|pv|pv|pv|pv,405.0,0,5,1,0
25477392,pv|pv|pv|pv|pv,0.0,17,16,21,1
25480257,pv|pv|pv|pv|pv,0.0,0,5,3,0
25487075,pv|pv|pv|pv|pv,165.0,17,40,9,1
25499177,pv|pv|pv|fav|fav,0.0,68,0,4,0
25509021,pv|pv|pv|pv|pv,105.0,65,8,5,0
25515014,pv|pv|pv|pv|pv,0.0,0,24,0,0
25518563,pv|pv|pv|pv|pv,0.0,1,32,1,1
25528662,pv|pv|pv|pv|pv,15.0,8,0,3,0
25535039,pv|pv|pv|pv|pv,0.0,4,6,6,1
25541349,cart|cart|cart|cart|cart,0.0,0,15,0,0
25544044,pv|pv|pv|pv|pv,0.0,6,105,14,1
25549508,pv|pv|pv|pv|pv,0.0,38,4,6,1
25558345,pv|pv|pv|pv|pv,0.0,0,0,0,0
25613360,pv|pv|pv|pv|pv,0.0,0,28,10,0
25639546,pv|pv|pv|pv|pv,990.0,1,27,7,1
25665414,pv|pv|pv|pv|pv,60.0,1,1,2,0
25672992,pv|pv|pv|pv|pv,0.0,0,1,0,0
25678919,pv|pv|pv|pv|pv,270.0,1,212,31,1
25688135,pv|pv|pv|pv|pv,0.0,1,6,6,0
25701566,pv|pv|pv|pv|pv,120.0,1,7,5,0
25742135,pv|pv|pv|pv|pv,90.0,14,2,0,0
25750592,pv|pv|pv|pv|pv,405.0,0,13,3,0
25751195,pv|pv|pv|pv|fav,0.0,71,16,25,1
25756303,pv|pv|pv|pv|pv,45.0,0,0,5,0
25761045,pv|pv|pv|pv|pv,870.0,0,12,8,0
25765258,pv|pv|pv|pv|pv,0.0,15,4,2,0
25773958,pv|pv|pv|pv|pv,0.0,7,10,12,1
25775757,pv|pv|pv|pv|pv,600.0,0,0,0,0
25776026,pv|pv|pv|pv|pv,1710.0,0,3,7,1
25778057,pv|pv|pv|pv|pv,330.0,1,100,17,1
25800692,pv|pv|pv|pv|pv,705.0,1,8,6,0
25815621,pv|pv|pv|pv|pv,420.0,3,3,0,0
25816895,pv|pv|pv|pv|pv,30.0,3,1,4,0
25831491,pv|pv|pv|pv|pv,360.0,0,20,9,1
25841169,pv|pv|pv|pv|pv,0.0,19,7,8,1
25851938,pv|pv|pv|pv|pv,0.0,1,2,4,0
25854726,pv|pv|pv|pv|pv,15.0,13,1,3,0
25871996,pv|pv|pv|pv|pv,15.0,12,39,13,1
25874658,pv|pv|pv|pv|pv,1830.0,0,2,4,0
25892297,pv|pv|pv|pv|pv,0.0,12,0,0,0
25896264,pv|cart|pv|cart|pv,0.0,7,215,28,1
25919157,pv|pv|pv|pv|pv,300.0,0,0,0,0
25945368,pv|pv|pv|pv|pv,90.0,5,1,5,0
25952339,pv|pv|pv|pv|pv,15.0,0,31,11,1
25963511,pv|pv|pv|pv|pv,0.0,72,44,5,0
25990178,pv|pv|pv|pv|pv,0.0,1,94,16,0
25994909,pv|pv|pv|cart|cart,120.0,22,55,8,1
26012948,pv|pv|pv|pv|pv,15.0,20,2,6,0
26025143,pv|pv|pv|pv|pv,2610.0,0,0,1,0
26034408,pv|pv|pv|pv|pv,855.0,6,0,5,0
26043740,pv|pv|pv|pv|fav,0.0,2,0,2,0
26050959,pv|pv|pv|pv|pv,0.0,0,0,0,0
26052997,pv|pv|pv|pv|pv,0.0,0,139,0,0
26063061,pv|pv|pv|buy|pv,0.0,1,2,3,0
26071320,pv|pv|pv|pv|pv,240.0,8,1,5,0
26081392,pv|pv|pv|pv|pv,30.0,92,30,31,1
26084013,fav|pv|pv|pv|pv,0.0,30,0,0,0
26087047,pv|pv|pv|pv|pv,0.0,0,0,6,0
26123580,pv|pv|pv|pv|pv,0.0,42,3,2,1
26125683,pv|pv|pv|pv|pv,0.0,20,14,2,1
26140958,pv|pv|pv|pv|pv,0.0,0,0,0,0
26142484,pv|pv|pv|pv|pv,0.0,3,18,6,0
26145391,pv|pv|pv|pv|pv,0.0,0,22,2,1
26184779,pv|pv|pv|pv|pv,0.0,0,44,8,0
26194174,cart|pv|pv|pv|pv,0.0,2,108,13,1
26221045,pv|pv|pv|pv|pv,1860.0,0,0,1,0
26228110,pv|pv|pv|pv|pv,135.0,0,0,1,0
26240021,pv|pv|pv|pv|pv,0.0,0,1,0,0
26253026,pv|pv|pv|pv|pv,0.0,1,11,2,1
26277198,pv|pv|pv|pv|pv,315.0,9,44,29,1
26333439,fav|pv|pv|pv|fav,0.0,51,0,0,0
26337733,pv|pv|pv|pv|pv,0.0,5,8,9,0
26372667,pv|pv|pv|pv|pv,465.0,2,2,11,1
26384257,pv|pv|pv|pv|pv,0.0,0,48,19,1
26391467,pv|pv|pv|pv|pv,0.0,0,10,4,1
26401619,pv|pv|pv|pv|pv,0.0,37,3,4,1
26401646,pv|pv|pv|buy|pv,0.0,1,53,20,1
26430445,pv|pv|pv|pv|pv,495.0,0,12,8,1
26430580,pv|pv|pv|pv|pv,0.0,0,0,0,0
26438512,pv|pv|pv|pv|pv,180.0,22,56,4,1
26459606,pv|pv|pv|pv|pv,900.0,0,7,5,1
26460336,pv|pv|pv|pv|pv,0.0,16,189,14,1
26502265,pv|pv|pv|pv|pv,2130.0,0,9,12,0
26504830,pv|pv|pv|pv|pv,0.0,0,0,0,0
26509398,buy|buy|buy|buy|buy,0.0,2,29,44,1
26529364,pv|pv|pv|pv|pv,330.0,1,34,4,1
26562102,pv|pv|pv|pv|pv,0.0,2,206,31,1
26570624,pv|buy|pv|pv|pv,0.0,0,0,4,0
26573714,pv|pv|pv|pv|pv,0.0,0,24,9,1
26604313,pv|fav|pv|pv|pv,0.0,11,0,0,0
26612709,pv|pv|pv|pv|pv,975.0,0,3,10,0
26622553,pv|pv|pv|pv|pv,0.0,168,62,33,1
26681009,pv|pv|pv|pv|pv,0.0,0,1,0,0
26683337,pv|pv|pv|pv|pv,15.0,0,0,0,0
26704429,pv|pv|pv|pv|pv,0.0,1,0,0,0
26720422,pv|fav|pv|pv|pv,0.0,358,87,7,0
26742658,pv|pv|pv|pv|pv,0.0,0,13,9,0
26752434,pv|pv|pv|pv|pv,255.0,1,11,2,0
26755560,pv|pv|pv|pv|pv,0.0,10,3,6,0
26764288,pv|pv|pv|pv|pv,270.0,2,12,8,0
26766183,pv|pv|pv|pv|pv,0.0,3,175,27,1
26768217,pv|pv|pv|pv|pv,0.0,1,24,13,1
26801916,pv|pv|pv|pv|pv,360.0,0,0,3,0
26817919,pv|pv|pv|pv|pv,0.0,0,0,0,0
26831040,pv|pv|pv|pv|pv,45.0,0,0,13,0
26842247,pv|pv|pv|pv|pv,0.0,0,1,0,0
26855463,pv|fav|pv|fav|pv,15.0,15,17,5,1
26857141,cart|pv|cart|pv|pv,0.0,46,130,25,1
26857882,pv|pv|pv|pv|pv,405.0,1,47,16,1
26863866,pv|pv|pv|pv|pv,30.0,1,16,10,1
26869643,pv|pv|pv|pv|pv,0.0,0,25,6,1
26900878,pv|pv|pv|pv|pv,1215.0,1,3,2,0
26908458,pv|pv|pv|pv|pv,0.0,16,21,7,1
26916485,pv|pv|pv|pv|pv,0.0,3,0,0,0
26917106,pv|pv|pv|pv|pv,315.0,0,10,2,0
26920547,pv|pv|pv|pv|pv,60.0,64,2,21,0
26938449,pv|pv|pv|pv|pv,45.0,0,49,15,0
26949426,pv|pv|pv|pv|pv,0.0,18,108,9,1
26957136,fav|pv|pv|pv|pv,45.0,122,5,5,0
26960862,pv|pv|pv|pv|pv,0.0,0,11,3,0
26974021,pv|pv|pv|pv|pv,180.0,2,7,1,0
27013196,pv|pv|pv|pv|pv,0.0,4,9,13,1
27032913,pv|pv|pv|pv|pv,0.0,4,50,26,1
27049458,pv|pv|pv|pv|pv,1350.0,10,7,6,1
27050179,pv|pv|pv|pv|pv,0.0,0,4,6,0
27068656,pv|pv|pv|pv|pv,0.0,12,1,3,1
27090424,pv|pv|pv|pv|pv,0.0,11,23,7,1
27112508,pv|pv|pv|buy|pv,0.0,5,12,13,0
27114862,pv|pv|pv|pv|pv,330.0,1,2,4,0
27115433,cart|pv|pv|pv|pv,60.0,8,25,14,1
27129711,pv|pv|fav|pv|pv,0.0,12,13,2,0
27141122,pv|pv|pv|pv|pv,15.0,91,15,25,1
27169171,pv|pv|buy|pv|pv,225.0,0,2,2,0
27171940,pv|pv|pv|fav|pv,0.0,9,0,0,0
27235324,pv|pv|pv|pv|pv,0.0,0,0,0,0
27237010,pv|pv|pv|pv|pv,30.0,1,4,6,0
27284201,pv|pv|pv|fav|pv,0.0,1,0,2,0
27298182,pv|pv|pv|fav|buy,0.0,1,0,0,1
27320888,pv|pv|pv|pv|pv,0.0,34,2,5,0
27326941,pv|pv|pv|pv|pv,30.0,30,2,5,0
27380911,pv|pv|pv|pv|pv,0.0,4,3,1,0
27399563,pv|pv|pv|pv|pv,15.0,3,32,6,0
27422586,pv|pv|pv|pv|pv,0.0,3,2,1,0
27423844,pv|pv|pv|pv|pv,30.0,0,20,5,1
27428904,pv|pv|buy|pv|pv,0.0,0,17,5,0
27478941,pv|pv|pv|pv|pv,105.0,4,29,13,1
27499498,pv|pv|pv|pv|pv,0.0,84,7,20,0
27502638,pv|pv|pv|pv|pv,75.0,0,4,1,1
27508149,pv|pv|pv|pv|pv,405.0,53,21,17,1
27541947,pv|pv|pv|pv|pv,0.0,7,48,8,1
27565397,pv|pv|pv|pv|pv,0.0,1,23,3,1
27579582,pv|pv|pv|pv|pv,0.0,4,13,7,0
27596072,pv|pv|pv|pv|pv,0.0,0,1,1,0
27601431,pv|pv|pv|pv|pv,15.0,22,15,0,0
27608145,pv|pv|pv|pv|pv,0.0,57,21,6,1
27612624,pv|pv|pv|pv|pv,0.0,0,0,0,0
27619929,pv|pv|pv|pv|pv,0.0,0,10,6,1
27622186,pv|pv|pv|pv|pv,0.0,5,0,0,0
27625049,pv|pv|pv|pv|pv,0.0,90,98,34,1
27625670,pv|pv|pv|pv|pv,195.0,32,30,12,1
27626311,pv|pv|pv|pv|pv,600.0,16,47,16,1
27636346,pv|pv|pv|pv|pv,45.0,0,24,11,0
27662805,pv|pv|pv|pv|pv,300.0,4,5,26,1
27736230,pv|pv|pv|pv|pv,0.0,31,16,13,0
27758941,pv|pv|pv|pv|cart,60.0,0,11,7,1
27787868,pv|pv|pv|pv|pv,1455.0,0,0,0,0
27803245,pv|pv|pv|pv|pv,75.0,4,98,14,1
27808271,pv|pv|pv|pv|pv,0.0,1,19,15,1
27809186,pv|pv|pv|pv|pv,0.0,40,14,3,1
27811537,pv|pv|pv|pv|pv,15.0,1,0,3,0
27820493,pv|pv|pv|pv|pv,0.0,1,12,20,1
27833657,pv|pv|pv|pv|pv,0.0,1,15,5,0
27839004,pv|pv|pv|pv|fav,90.0,2,102,27,1
27840504,pv|pv|pv|pv|cart,0.0,3,194,30,1
27842036,pv|pv|buy|pv|pv,15.0,0,19,8,1
27845176,pv|pv|pv|pv|pv,780.0,0,10,12,1
27850931,pv|pv|pv|pv|pv,0.0,141,8,5,1
27858325,pv|pv|pv|fav|pv,360.0,4,0,0,0
27863196,pv|pv|pv|pv|pv,45.0,1,8,5,1
27906720,pv|pv|pv|pv|pv,0.0,1,33,4,1
27914256,pv|pv|pv|pv|pv,1245.0,0,0,0,0
27927595,pv|pv|pv|pv|pv,0.0,8,18,11,1
27933232,pv|pv|pv|pv|pv,45.0,0,12,14,0
27964788,pv|cart|pv|pv|pv,0.0,9,3,6,0
27964882,pv|pv|pv|pv|pv,0.0,0,0,0,0
27973180,cart|pv|pv|pv|pv,0.0,1,17,7,0
28011137,pv|pv|pv|pv|pv,0.0,0,2,7,0
28031374,pv|pv|buy|pv|pv,2220.0,0,7,0,0
28036057,pv|pv|pv|pv|fav,0.0,16,30,10,1
28085061,pv|pv|pv|pv|pv,0.0,31,6,10,0
28086954,pv|pv|cart|pv|cart,0.0,0,106,29,1
28097175,pv|pv|pv|pv|pv,0.0,2,58,8,1
28104706,pv|pv|pv|pv|pv,0.0,0,2,0,0
28106685,pv|pv|pv|cart|cart,0.0,14,7,5,0
28116055,pv|pv|pv|pv|pv,0.0,62,22,8,1
28129419,pv|cart|pv|pv|pv,0.0,0,19,1,1
28160359,pv|pv|pv|pv|pv,0.0,0,9,1,0
28192835,pv|pv|pv|pv|pv,1050.0,0,0,3,0
28195796,pv|pv|pv|pv|pv,0.0,3,16,5,1
28204652,pv|pv|pv|pv|pv,0.0,2,0,1,0
28204658,pv|cart|pv|pv|pv,0.0,0,125,12,0
28226509,pv|pv|pv|pv|pv,0.0,6,2,6,0
28235067,pv|pv|pv|cart|pv,0.0,0,115,15,1
28235535,pv|pv|pv|pv|pv,0.0,7,29,20,1
28252122,pv|pv|pv|pv|pv,255.0,0,33,10,1
28257786,pv|pv|pv|pv|pv,0.0,1,44,7,0
28277274,pv|pv|pv|pv|pv,15.0,1,3,2,0
28293619,pv|pv|pv|pv|pv,0.0,0,3,3,0
28296618,pv|pv|pv|pv|pv,720.0,0,10,8,0
28308227,fav|pv|pv|pv|pv,0.0,15,18,13,1
28332552,pv|pv|pv|pv|pv,15.0,1,2,3,0
28351817,pv|pv|pv|pv|pv,15.0,0,1,5,0
28352963,pv|pv|pv|fav|pv,0.0,17,13,9,0
28370474,pv|pv|pv|pv|pv,0.0,0,5,10,1
28373415,pv|pv|pv|pv|pv,0.0,107,47,24,1
28389417,pv|pv|cart|pv|pv,0.0,4,48,6,1
28415553,pv|pv|pv|pv|pv,0.0,8,0,4,1
28462928,pv|pv|pv|pv|pv,0.0,47,10,4,1
28467700,pv|pv|pv|pv|pv,0.0,12,33,28,1
28483040,pv|pv|pv|pv|pv,0.0,1,1,5,0
28515753,pv|pv|pv|pv|pv,60.0,6,9,13,0
28533948,pv|pv|pv|pv|pv,0.0,0,7,0,0
28564144,pv|pv|pv|pv|pv,0.0,0,9,9,0
28587433,pv|pv|pv|pv|pv,0.0,15,4,4,0
28609850,cart|pv|pv|pv|pv,1605.0,0,4,0,0
28623961,pv|pv|pv|pv|pv,0.0,15,34,14,1
28638001,pv|pv|pv|pv|pv,0.0,24,51,27,1
28639853,pv|pv|pv|pv|pv,645.0,0,1,1,1
28665006,pv|pv|pv|pv|pv,0.0,0,1,3,0
28692321,cart|cart|pv|pv|pv,0.0,0,33,7,1
28694278,pv|buy|pv|pv|pv,30.0,0,20,2,1
28699943,cart|pv|cart|pv|pv,0.0,0,5,2,0
28702825,pv|fav|pv|pv|pv,0.0,5,1,0,0
28720302,pv|pv|pv|pv|pv,0.0,16,122,20,1
28722407,pv|pv|pv|pv|pv,105.0,1,102,10,1
28734621,pv|cart|pv|pv|pv,0.0,2,107,16,1
28739065,pv|pv|pv|pv|pv,0.0,45,0,11,0
28743854,pv|pv|pv|pv|pv,30.0,29,1,2,0
28751106,pv|pv|pv|pv|pv,0.0,0,11,5,1
28791007,pv|pv|pv|pv|pv,0.0,0,2,5,1
28806122,pv|pv|pv|pv|pv,30.0,0,33,6,1
28808272,pv|pv|pv|pv|pv,0.0,1,65,2,0
28826774,pv|pv|pv|pv|pv,75.0,11,17,29,1
28832473,pv|pv|pv|pv|pv,0.0,0,0,0,0
28844915,pv|pv|pv|pv|pv,0.0,1,6,3,0
28867140,pv|pv|pv|pv|pv,0.0,0,0,0,0
28877018,pv|pv|pv|pv|fav,330.0,27,16,5,0
28886691,pv|pv|pv|pv|pv,0.0,0,0,0,0
28897086,pv|pv|cart|pv|pv,0.0,7,159,24,1
28900840,pv|pv|pv|pv|pv,165.0,1,6,0,0
28911161,pv|pv|pv|cart|pv,15.0,62,21,7,0
28917650,pv|pv|pv|pv|pv,225.0,15,0,5,0
28930771,pv|pv|pv|pv|pv,0.0,0,23,6,1
28948171,pv|pv|pv|pv|pv,0.0,2,61,14,1
28962754,pv|pv|pv|pv|pv,0.0,1,30,1,0
28967361,pv|pv|pv|pv|pv,15.0,1,115,5,1
28969349,pv|pv|pv|pv|pv,810.0,3,0,3,0
28972250,pv|pv|pv|pv|pv,75.0,1,45,7,0
28975138,pv|pv|pv|pv|pv,0.0,5,188,14,1
29020561,pv|pv|pv|pv|pv,0.0,1,58,3,1
29025946,pv|pv|pv|pv|pv,60.0,0,0,0,0
29032154,pv|pv|pv|pv|pv,0.0,17,1,5,0
29072139,pv|pv|pv|pv|pv,0.0,1,14,6,0
29080791,pv|pv|pv|pv|pv,1275.0,0,11,5,0
29091169,pv|pv|pv|pv|pv,0.0,0,6,6,0
29150925,pv|pv|pv|pv|pv,60.0,14,24,12,1
29160893,pv|pv|pv|pv|pv,0.0,1,26,4,0
29173819,pv|pv|pv|pv|pv,0.0,2,9,3,0
29197258,pv|pv|pv|pv|pv,30.0,13,0,6,1
29217415,pv|pv|pv|pv|pv,0.0,1,7,4,0
29226661,pv|pv|pv|pv|pv,0.0,2,11,5,0
29245673,pv|pv|pv|pv|pv,0.0,0,29,8,0
29246035,pv|pv|pv|pv|pv,0.0,14,4,8,0
29285910,pv|pv|pv|pv|pv,0.0,14,9,5,0
29301311,pv|pv|pv|pv|pv,960.0,0,0,1,0
29320594,pv|pv|pv|pv|pv,405.0,48,5,8,0
29321251,pv|pv|pv|pv|pv,0.0,1,8,5,0
29326716,pv|buy|pv|pv|pv,0.0,0,51,15,1
29332454,pv|pv|pv|pv|buy,0.0,1,0,2,0
29351255,pv|pv|pv|pv|pv,120.0,0,5,2,0
29373526,pv|pv|pv|pv|pv,30.0,13,50,14,1
29381952,pv|pv|pv|pv|pv,0.0,0,26,15,1
29383294,pv|pv|pv|pv|pv,0.0,0,94,5,1
29388134,pv|pv|pv|pv|pv,0.0,0,10,3,0
29405414,pv|pv|pv|pv|pv,960.0,1,0,0,0
29420856,pv|pv|pv|pv|pv,0.0,1,27,14,1
29429701,pv|pv|pv|pv|pv,0.0,0,44,3,0
29434857,pv|pv|pv|buy|pv,4770.0,8,9,13,1
29450456,pv|pv|pv|pv|pv,0.0,9,17,0,0
29459216,pv|pv|pv|pv|pv,0.0,0,6,2,1
29476135,pv|pv|pv|pv|pv,0.0,11,7,0,0
29489427,pv|pv|pv|pv|pv,0.0,0,16,2,0
29511444,buy|pv|pv|pv|pv,120.0,32,107,25,1
29524082,pv|pv|pv|pv|pv,0.0,10,0,2,0
29533214,pv|fav|fav|pv|pv,0.0,3,0,0,0
29550258,pv|pv|pv|pv|pv,0.0,0,0,0,0
29554512,pv|pv|pv|pv|pv,0.0,0,1,0,0
29582784,pv|pv|pv|pv|pv,0.0,16,0,9,0
29583836,pv|pv|pv|pv|pv,0.0,0,56,1,0
29601369,pv|pv|pv|pv|pv,360.0,6,227,36,1
29611751,pv|pv|pv|pv|pv,0.0,0,14,12,0
29628336,pv|pv|pv|pv|pv,120.0,0,0,1,0
29641259,pv|pv|pv|pv|pv,0.0,2,26,4,1
29644155,pv|fav|pv|pv|pv,330.0,21,18,5,0
29656912,pv|pv|pv|pv|pv,0.0,53,29,16,1
29661255,pv|pv|pv|pv|pv,0.0,7,18,5,1
29669124,pv|pv|pv|pv|pv,75.0,35,119,12,0
29685853,pv|pv|pv|pv|buy,0.0,0,24,6,0
29689901,cart|pv|pv|pv|pv,0.0,2,92,35,1
29699014,pv|pv|pv|pv|pv,0.0,77,0,2,0
29703381,pv|pv|pv|pv|pv,2535.0,3,1,0,0
29710830,pv|pv|pv|pv|pv,0.0,54,23,23,1
29716977,pv|pv|pv|pv|pv,300.0,34,13,17,1
29717165,pv|pv|pv|pv|pv,45.0,0,8,9,0
29718928,pv|pv|pv|pv|pv,75.0,6,0,0,0
29726098,pv|pv|pv|pv|pv,0.0,0,2,0,0
29760352,pv|pv|pv|pv|pv,0.0,7,45,19,1
29776188,pv|pv|pv|pv|pv,0.0,26,17,6,0
29791483,pv|pv|pv|pv|pv,0.0,95,35,10,0
29819397,pv|pv|pv|pv|pv,105.0,0,8,8,1
29838929,pv|pv|pv|pv|pv,0.0,1,1,8,0
29853992,pv|pv|pv|pv|pv,15.0,1,3,4,0
29855200,pv|pv|pv|pv|pv,0.0,0,1,3,0
29876306,pv|pv|pv|pv|pv,0.0,2,7,10,0
29878513,pv|pv|pv|pv|pv,0.0,4,41,7,0
29881921,pv|pv|pv|pv|pv,0.0,30,7,2,0
29888146,cart|pv|pv|cart|pv,0.0,0,2,0,0
29983125,pv|pv|pv|pv|pv,0.0,27,12,13,1
29985681,pv|pv|pv|pv|pv,360.0,0,0,0,0
29992703,pv|pv|pv|pv|pv,0.0,19,1,0,0
30025100,pv|pv|pv|pv|pv,15.0,0,80,22,1
30025213,pv|pv|pv|pv|pv,375.0,2,1,1,0
30031297,pv|pv|pv|pv|pv,0.0,3,23,2,0
30071480,fav|pv|pv|pv|pv,0.0,50,3,5,1
30071884,pv|pv|pv|pv|pv,315.0,0,25,9,1
30072819,pv|pv|pv|pv|pv,0.0,2,17,2,0
30074000,pv|pv|pv|pv|pv,0.0,0,0,0,0
30075660,pv|pv|pv|pv|pv,0.0,0,11,0,0
30079563,fav|pv|fav|pv|pv,15.0,42,0,3,0
30080377,pv|pv|pv|pv|pv,2145.0,0,0,5,0
30100119,pv|pv|pv|pv|pv,0.0,9,12,12,1
30107666,pv|pv|pv|pv|pv,30.0,0,0,0,0
30170700,pv|pv|pv|pv|pv,0.0,1,0,0,0
30198310,pv|pv|pv|pv|pv,0.0,1,0,0,0
30226785,pv|pv|pv|pv|pv,0.0,18,1,1,0
30282407,pv|pv|pv|pv|pv,450.0,12,1,13,1
30314033,pv|pv|pv|pv|pv,30.0,2,30,9,1
30353552,pv|pv|pv|pv|pv,315.0,23,7,8,1
30360670,pv|fav|pv|pv|pv,0.0,15,42,21,1
30368071,pv|pv|pv|pv|pv,135.0,3,33,22,1
30385077,pv|pv|pv|pv|pv,0.0,1,3,6,0
30397332,buy|pv|pv|pv|pv,0.0,0,39,3,1
30419421,pv|pv|pv|pv|pv,165.0,3,5,8,0
30419994,pv|pv|pv|pv|pv,0.0,5,12,24,1
30439138,pv|pv|pv|pv|pv,0.0,1,3,8,1
30439175,pv|pv|pv|pv|pv,30.0,0,6,2,0
30463766,buy|pv|pv|pv|pv,90.0,0,5,2,1
30506808,buy|pv|pv|pv|pv,735.0,1,9,7,0
30511142,pv|pv|pv|pv|pv,0.0,0,29,1,0
30511762,pv|pv|buy|buy|buy,0.0,1,2,7,1
30516756,pv|pv|pv|pv|pv,0.0,2,2,2,0
30550099,pv|pv|pv|pv|pv,0.0,0,0,1,0
30552706,pv|pv|pv|pv|pv,0.0,29,38,13,1
30578112,pv|pv|pv|pv|pv,0.0,0,58,6,1
30590613,pv|pv|pv|pv|pv,0.0,0,17,12,1
30592468,pv|pv|pv|pv|pv,0.0,0,0,1,0
30596156,pv|pv|pv|pv|pv,0.0,0,6,2,1
30638228,pv|pv|pv|pv|pv,210.0,0,24,0,1
30647114,pv|fav|pv|fav|pv,0.0,12,0,1,0
30683859,pv|pv|pv|pv|pv,15.0,4,1,2,0
30692164,fav|pv|pv|cart|pv,0.0,49,47,25,1
30701625,pv|pv|pv|pv|pv,0.0,2,11,5,1
30701881,pv|pv|pv|pv|pv,495.0,2,22,2,0
30717687,pv|pv|pv|pv|pv,225.0,8,3,2,0
30727820,pv|pv|pv|pv|pv,375.0,3,0,0,0
30740491,pv|pv|pv|pv|pv,45.0,212,26,10,0
30764977,pv|pv|pv|pv|pv,90.0,27,10,3,0
30805076,pv|pv|pv|pv|pv,705.0,1,0,1,0
30817416,pv|pv|pv|pv|cart,0.0,0,77,1,0
30833242,pv|pv|pv|pv|pv,300.0,5,0,7,0
30835000,pv|pv|pv|pv|pv,0.0,6,0,1,0
30838173,pv|pv|pv|pv|buy,75.0,5,34,20,1
30839253,pv|pv|pv|cart|pv,0.0,2,196,24,0
30853624,pv|pv|pv|pv|pv,0.0,22,5,1,0
30868346,pv|pv|pv|pv|pv,0.0,0,5,4,1
30869439,pv|pv|pv|pv|pv,0.0,48,0,5,0
30905877,pv|pv|pv|pv|pv,30.0,3,2,6,0
30915717,pv|pv|pv|pv|pv,0.0,0,0,1,0
30915777,pv|cart|pv|fav|pv,585.0,11,116,24,1
30933630,pv|pv|fav|pv|pv,0.0,241,22,6,1
30937033,pv|pv|pv|pv|pv,330.0,0,16,1,1
30955749,pv|pv|pv|pv|pv,0.0,128,97,10,1
31050275,pv|pv|pv|pv|pv,495.0,0,2,7,0
31052402,pv|pv|pv|pv|pv,540.0,10,12,10,1
31076937,pv|pv|pv|pv|pv,0.0,2,27,21,1
31100870,pv|fav|pv|pv|pv,675.0,4,0,0,0
31110873,pv|pv|pv|pv|pv,0.0,6,6,0,0
31178340,pv|pv|pv|pv|pv,315.0,3,23,5,0
31183701,pv|pv|pv|pv|pv,0.0,1,35,10,1
31185970,pv|pv|pv|pv|pv,0.0,0,8,6,1
31190628,pv|fav|pv|pv|pv,0.0,52,28,7,1
31192881,pv|pv|pv|pv|pv,15.0,0,0,2,0
31207229,pv|pv|pv|pv|pv,30.0,5,2,18,0
31208829,pv|pv|pv|pv|pv,0.0,1,0,0,0
31210346,pv|pv|pv|pv|pv,90.0,0,22,6,1
31245197,pv|pv|pv|pv|pv,0.0,3,0,0,0
31269707,pv|pv|pv|pv|pv,0.0,0,0,0,0
31298818,pv|pv|pv|buy|buy,0.0,22,1,6,0
31309091,pv|pv|pv|pv|pv,0.0,3,83,5,1
31331524,pv|pv|pv|pv|pv,0.0,1,0,1,0
31408686,pv|pv|pv|pv|pv,0.0,11,11,6,0
31413542,pv|pv|pv|pv|pv,0.0,0,23,3,1
31433604,pv|pv|pv|pv|pv,15.0,3,7,1,1
31435351,pv|pv|pv|pv|pv,1305.0,1,7,1,1
31446692,pv|pv|pv|pv|pv,0.0,2,407,23,1
31449327,pv|pv|pv|pv|pv,0.0,69,2,12,0
31456426,pv|pv|pv|pv|pv,135.0,0,2,6,0
31456519,pv|pv|pv|pv|pv,0.0,83,2,4,0
31463929,pv|pv|pv|pv|pv,0.0,0,40,16,1
31464363,pv|pv|pv|pv|pv,0.0,0,4,1,0
31471752,pv|buy|pv|cart|buy,0.0,0,4,7,1
31495737,pv|pv|cart|pv|pv,15.0,0,15,1,0
31503308,pv|pv|pv|pv|pv,60.0,2,48,21,1
31538214,pv|buy|pv|pv|cart,15.0,0,4,2,0
31557701,pv|pv|pv|pv|pv,0.0,6,32,9,1
31559991,buy|fav|pv|pv|pv,120.0,0,0,1,0
31565417,pv|pv|pv|pv|pv,0.0,2,6,7,1
31612475,pv|pv|pv|pv|pv,0.0,0,20,4,1
31663890,pv|pv|pv|pv|pv,0.0,55,195,9,0
31667005,buy|pv|pv|pv|pv,135.0,6,7,11,0
31685709,pv|pv|pv|pv|pv,0.0,0,0,0,0
31700289,pv|pv|pv|pv|pv,630.0,2,0,10,0
31717348,pv|pv|pv|pv|pv,0.0,2,28,9,1
31717469,pv|pv|pv|pv|pv,270.0,0,10,0,0
31723437,pv|pv|pv|pv|pv,735.0,1,10,1,0
31727427,pv|pv|pv|pv|pv,0.0,1,24,5,1
31729893,pv|pv|pv|pv|pv,180.0,1,31,7,1
31732015,pv|pv|pv|pv|pv,0.0,18,145,24,1
31735497,pv|pv|pv|pv|pv,0.0,115,133,27,1
31751984,pv|pv|pv|pv|pv,795.0,1,4,13,0
31777926,pv|pv|pv|pv|pv,0.0,0,16,7,0
31779961,pv|pv|pv|pv|pv,0.0,0,60,1,0
31815166,pv|pv|pv|pv|pv,1620.0,0,0,0,0
31816906,pv|cart|pv|pv|pv,0.0,0,16,3,1
31850208,cart|pv|cart|pv|pv,0.0,2,42,6,1
31872335,pv|pv|pv|pv|pv,0.0,57,7,9,1
31879400,pv|pv|pv|pv|cart,0.0,2,30,9,0
31883407,pv|pv|pv|pv|pv,0.0,1,35,4,0
31888245,cart|pv|pv|pv|pv,1080.0,0,7,1,0
31922219,pv|pv|pv|pv|pv,0.0,8,4,6,1
31937102,pv|pv|pv|pv|pv,0.0,17,13,8,0
31942750,pv|pv|pv|pv|pv,315.0,3,108,56,1
31943268,pv|pv|pv|pv|pv,0.0,8,4,5,1
31943943,pv|pv|pv|pv|pv,0.0,4,5,4,0
31979461,pv|fav|pv|pv|pv,0.0,81,15,0,0
31986029,pv|pv|pv|pv|pv,0.0,0,2,4,0
31993013,pv|pv|cart|pv|pv,0.0,20,121,15,1
31994149,pv|pv|pv|pv|pv,4005.0,0,0,1,0
31997910,pv|pv|pv|pv|pv,1140.0,66,7,5,0
32006957,pv|pv|pv|pv|pv,0.0,1,16,8,1
32019585,pv|pv|pv|pv|pv,0.0,8,25,9,1
32033919,pv|pv|pv|pv|pv,675.0,24,23,12,0
32044541,pv|pv|pv|pv|pv,45.0,16,4,4,0
32054639,pv|pv|pv|pv|pv,135.0,3,69,1,1
32059002,pv|pv|pv|pv|pv,0.0,108,32,7,1
32099325,pv|pv|pv|pv|pv,0.0,1,21,5,0
32099605,pv|pv|pv|pv|pv,0.0,0,0,0,0
32126202,pv|pv|pv|pv|pv,0.0,0,0,0,0
32145882,pv|pv|pv|pv|pv,0.0,4,18,8,1
32168566,pv|pv|pv|pv|pv,0.0,0,16,14,1
32181249,pv|pv|pv|pv|pv,0.0,1,17,0,0
32185277,buy|pv|pv|cart|buy,0.0,7,135,6,1
32191955,pv|pv|pv|buy|pv,0.0,3,18,10,1
32198657,pv|pv|pv|pv|pv,0.0,0,12,7,0
32203843,pv|pv|pv|pv|pv,0.0,4,4,7,1
32281684,pv|pv|pv|pv|pv,0.0,26,12,7,1
32291040,fav|fav|pv|pv|pv,0.0,17,4,3,1
32303347,pv|pv|pv|pv|pv,0.0,26,31,3,1
32303536,pv|pv|pv|pv|pv,600.0,48,4,2,0
32334610,pv|cart|pv|pv|pv,0.0,1,53,4,0
32349430,pv|pv|pv|pv|pv,765.0,0,6,6,0
32353000,pv|pv|pv|pv|pv,75.0,0,1,1,0
32353187,pv|pv|pv|pv|pv,0.0,7,9,14,1
32377098,pv|pv|pv|pv|pv,0.0,76,21,23,1
32386327,pv|pv,0.0,0,0,0,0
32399786,pv|pv|pv|pv|pv,135.0,32,34,13,1
32417348,pv|pv|pv|pv|pv,330.0,0,0,5,0
32432926,pv|pv|pv|pv|pv,0.0,3,47,8,1
32435644,pv|pv|pv|pv|pv,90.0,1,8,3,0
32438624,pv|pv|pv|pv|pv,75.0,4,2,7,0
32445953,fav|pv|pv|buy|pv,330.0,21,31,4,1
32473312,pv|pv|fav|pv|pv,0.0,6,3,1,0
32474658,pv|pv|pv|pv|pv,0.0,0,24,6,0
32489057,pv|pv|pv|pv|pv,360.0,0,0,0,0
32495375,pv|pv|pv|pv|pv,0.0,0,21,9,1
32506286,pv|pv|pv|pv|pv,0.0,1,8,1,1
32510862,pv|pv|pv|pv|pv,0.0,0,3,4,0
32535404,pv|pv|pv|pv|pv,15.0,5,3,1,0
32541073,pv|pv|pv|pv|pv,75.0,1,40,9,1
32562103,cart|pv|pv|pv|pv,30.0,58,77,3,0
32562124,pv|pv|pv|pv|pv,0.0,0,0,0,0
32572266,pv|pv|pv|pv|pv,0.0,74,4,7,1
32616448,pv|pv|pv|pv|pv,540.0,3,29,10,0
32621604,pv|pv|pv|pv|pv,240.0,1,6,2,0
32623505,pv|pv|pv|pv|pv,0.0,1,34,12,1
32681100,pv|pv|pv|pv|pv,0.0,26,14,14,1
32684812,pv|pv|pv|pv|pv,0.0,3,38,31,1
32686647,pv|pv|fav|pv|pv,0.0,9,4,3,0
32695127,pv|pv|pv|pv|pv,0.0,10,22,11,1
32699108,pv|pv|pv|pv|pv,0.0,15,3,4,0
32701795,pv|pv|pv|cart|pv,0.0,0,7,3,0
32728520,pv|pv|pv|pv|fav,0.0,9,4,3,0
32738038,pv|pv|pv|pv|pv,0.0,45,50,7,0
32752153,pv|pv|pv|pv|pv,750.0,16,0,0,0
32755257,pv|pv|cart|pv|pv,0.0,0,9,2,0
32792857,pv|pv|pv|pv|pv,0.0,0,4,15,0
32800923,pv|pv|pv|pv|pv,0.0,22,2,11,1
32812781,pv|pv|pv|pv|pv,150.0,0,2,7,0
32831611,pv|pv|pv|pv|buy,0.0,3,56,19,1
32837469,pv|pv|pv|pv|pv,0.0,0,43,15,1
32845489,pv|pv|pv|pv|pv,30.0,0,26,7,0
32851381,pv|cart|pv|pv|pv,0.0,17,18,19,1
32874098,pv|pv|pv|pv|pv,60.0,3,5,1,0
32881965,pv|pv|pv|pv|pv,135.0,1,0,0,1
32903403,pv|pv|pv|pv|pv,0.0,0,21,5,0
32919395,pv|pv|pv|pv|pv,0.0,33,2,4,1
32922636,cart|buy|cart|cart|pv,0.0,2,24,6,1
32927277,pv|cart|pv|pv|pv,45.0,0,43,7,1
32992894,pv|pv|pv|pv|pv,0.0,0,2,2,0
33005419,pv|pv|pv|pv|pv,0.0,0,8,3,1
33019836,pv|pv|pv|pv|pv,0.0,6,59,9,1
33039526,pv|pv|pv|pv|pv,330.0,2,27,12,1
33050706,pv|pv|pv|pv|pv,0.0,7,18,11,1
33054630,pv|pv|pv|pv|pv,195.0,0,8,2,0
33077425,pv|pv|pv|pv|pv,0.0,62,5,7,0
33113697,pv|pv|pv|pv|pv,0.0,41,0,0,0
33116829,pv|pv|pv|pv|pv,15.0,9,175,18,1
33162726,pv|cart|pv|pv|pv,15.0,29,52,14,1
33166824,pv|pv|pv|pv|pv,15.0,14,47,1,0
33173119,pv|buy|buy|pv|pv,0.0,0,35,6,1
33182580,pv|pv|pv|pv|pv,2520.0,11,1,0,0
33213066,cart|pv|pv|pv|pv,0.0,1,53,13,1
33217959,pv|pv|pv|pv|pv,345.0,8,5,6,1
33240232,pv|pv|pv|pv|pv,15.0,1,13,0,0
33245877,pv|pv|pv|pv|pv,60.0,0,6,2,1
33251710,pv|pv|pv|pv|pv,0.0,1,8,3,0
33258136,pv|pv|pv|pv|pv,0.0,0,0,0,0
33259936,pv|pv|pv|pv|pv,0.0,0,29,9,1
33298619,cart|pv|cart|cart|pv,0.0,0,77,10,1
33303512,pv|pv|pv|pv|pv,0.0,61,12,15,0
33315048,pv|pv|pv|pv|pv,0.0,10,3,7,1
33356728,fav|pv|pv|pv|pv,0.0,65,12,5,1
33359405,pv|pv|pv|pv|cart,45.0,6,37,13,0
33360839,pv|pv|pv|pv|pv,0.0,0,1,0,0
33366026,pv|pv|pv|pv|pv,0.0,4,0,2,0
33366958,pv|pv|pv|pv|cart,255.0,4,45,11,1
33371922,pv|pv|pv|pv|pv,0.0,0,140,17,1
33388747,pv|buy|pv|pv|pv,0.0,0,6,6,0
33403236,pv|pv|pv|pv|pv,0.0,0,1,3,0
33424560,pv|pv|pv|pv|pv,30.0,44,26,14,1
33448326,pv|fav|pv|pv|pv,0.0,29,159,114,1
33463484,pv|pv|pv|pv|pv,0.0,67,356,21,1
33503479,pv|pv|pv|pv|pv,0.0,0,11,4,1
33513319,pv|pv|pv|pv|pv,645.0,26,2,3,0
33517755,pv|pv|pv|pv|pv,780.0,11,7,5,0
33535844,pv|pv|pv|pv|pv,15.0,4,50,12,1
33539471,pv|pv|pv|pv|pv,705.0,11,14,2,1
33544881,pv|pv|pv|pv|pv,0.0,0,38,16,1
33549970,pv|pv|pv|pv|pv,0.0,0,5,3,0
33563000,pv|pv|pv|pv|pv,0.0,3,1,2,0
33596774,pv|pv|pv|pv|pv,0.0,1,100,4,1
33614374,pv|pv|pv|pv|pv,0.0,3,1,3,0
33622339,pv|pv|pv|pv|pv,0.0,5,0,2,0
33649704,pv|pv|pv|pv|pv,690.0,7,3,3,0
33660702,pv|pv|pv|pv|pv,30.0,33,21,14,1
33674599,pv|pv|pv|pv|pv,180.0,5,0,1,0
33682194,pv|pv|pv|pv|pv,0.0,23,1,2,0
33685148,pv|pv|pv|pv|pv,0.0,2,3,2,0
33687452,pv|pv|pv|pv|pv,150.0,13,6,4,0
33700619,pv|pv|pv|pv|cart,0.0,0,41,4,0
33729290,pv|pv|pv|pv|pv,0.0,0,3,1,0
33739321,pv|pv|pv|pv|pv,0.0,0,2,8,1
33739957,pv|pv|pv|pv|pv,0.0,0,2,1,0
33744583,pv|pv|pv|pv|pv,0.0,1,0,0,0
33770972,pv|pv|pv|pv|pv,0.0,0,39,9,0
33797179,pv|pv|pv|pv|fav,0.0,7,367,28,1
33802383,pv|pv|pv|pv|pv,0.0,0,41,9,0
33808787,pv|pv|pv|pv|pv,15.0,19,2,10,0
33816024,pv|pv|pv|pv|pv,0.0,29,6,9,1
33824579,buy|cart|pv|pv|pv,30.0,1,61,1,0
33829137,pv|pv|pv|pv|pv,0.0,0,0,2,0
33838299,pv|pv|pv|pv|pv,15.0,0,12,2,0
33852986,pv|pv|pv|pv|pv,0.0,1,9,5,0
33859718,pv|pv|pv|pv|pv,0.0,0,0,1,0
33894073,pv|pv|pv|pv|pv,1080.0,0,0,0,0
33896091,pv|pv|pv|pv|pv,0.0,0,3,0,0
33909374,pv|pv|pv|pv|pv,1470.0,0,5,3,0
33934755,pv|pv|pv|pv|pv,30.0,4,0,2,0
33940605,pv|pv|pv|pv|pv,0.0,1,0,1,0
33956087,pv|pv|pv|pv|pv,0.0,1,46,3,1
33956784,pv|pv|pv|pv|pv,0.0,0,4,0,0
33984927,pv|pv|pv|pv|pv,0.0,99,132,48,1
33987590,pv|pv|pv|pv|pv,405.0,1,39,7,0
34014128,pv|pv|pv|pv|pv,0.0,0,5,2,1
34064404,pv|pv|pv|pv|pv,0.0,2,1,2,1
34104714,pv|pv|pv|pv|pv,0.0,0,17,6,1
34105528,pv|pv|buy|pv|pv,135.0,6,4,5,0
34127078,pv|pv|pv|pv|pv,75.0,0,0,2,0
34148166,pv|pv|pv|pv|pv,0.0,27,0,6,0
34163245,pv|pv|pv|pv|pv,0.0,361,2,8,0
34166947,cart|pv|pv|pv|pv,0.0,2,24,5,1
34187941,pv|pv|pv|pv|pv,0.0,5,61,21,1
34194469,pv|pv|pv|pv|pv,885.0,1,12,10,0
34195604,pv|pv|pv|pv|cart,0.0,15,50,1,1
34202353,pv|pv|pv|pv|pv,30.0,0,5,7,0
34215574,pv|pv|pv|pv|pv,0.0,0,0,0,0
34232226,pv|pv|pv|pv|pv,0.0,20,1,2,0
34251089,pv|pv|pv|pv|pv,0.0,9,1,3,0
34294025,buy|pv|pv|pv|pv,0.0,0,1,3,0
34301104,pv|pv|pv|pv|pv,165.0,1,1,4,0
34305614,pv|pv|pv|pv|pv,0.0,59,5,0,0
34313030,pv|pv|fav|pv|pv,0.0,20,3,2,0
34318191,pv|pv|pv|pv|pv,255.0,28,7,7,1
34320306,pv|pv|pv|pv|pv,0.0,0,29,7,1
34346607,pv|pv|pv|pv|pv,45.0,1,43,3,1
34358449,pv|pv|pv|pv|pv,15.0,39,18,7,0
34391377,pv|pv|pv|pv|pv,0.0,22,22,5,0
34393089,pv|pv|pv|pv|pv,0.0,13,30,10,1
34399720,pv|pv|pv|pv|pv,0.0,0,2,1,0
34403746,pv|pv|pv|pv|pv,0.0,0,8,13,1
34404169,pv|pv|pv|pv|pv,0.0,1,21,4,0
34413445,pv|pv|pv|pv|pv,15.0,0,37,5,0
34424883,pv|pv|pv|pv|cart,0.0,12,294,59,1
34426955,pv|pv|pv|pv|pv,15.0,5,3,2,0
34442641,pv|pv|pv|pv|pv,0.0,26,11,11,1
34453652,buy|pv|pv|pv|pv,0.0,49,131,22,1
34475118,pv|pv|pv|pv|pv,0.0,9,11,3,1
34477360,pv|pv|pv|pv|pv,0.0,0,7,8,0
34495668,pv|pv|pv|pv|pv,0.0,14,33,13,1
34552652,pv|pv|pv|pv|pv,0.0,5,60,0,0
34553782,pv|pv|pv|pv|pv,0.0,122,145,4,0
34565215,pv|pv|fav|fav|fav,0.0,10,50,7,1
34566759,pv|pv|pv|pv|pv,0.0,31,4,7,0
34576265,pv|pv|pv|buy|cart,0.0,23,10,5,1
34578527,pv|pv|pv|pv|cart,0.0,3,167,7,1
34598350,pv|pv|pv|pv|pv,990.0,0,0,1,0
34604818,pv|pv|pv|pv|pv,0.0,0,6,2,0
34605051,pv|pv|pv|pv|pv,0.0,2,38,11,0
34611680,pv|pv|pv|pv|pv,45.0,0,54,31,1
34648649,pv|pv|pv|pv|pv,0.0,5,5,8,1
34662425,pv|pv|pv|pv|pv,0.0,0,0,0,0
34665001,pv|pv|pv|pv|pv,0.0,26,2,18,0
34693663,pv|pv|pv|pv|pv,345.0,0,15,1,0
34702432,pv|pv|pv|pv|cart,45.0,0,24,1,0
34723367,pv|pv|pv|pv|pv,0.0,47,92,30,1
34731828,pv|pv|pv|pv|pv,225.0,0,2,1,0
34757104,pv|pv|pv|pv|pv,30.0,6,2,2,1
34761884,pv|pv|pv|pv|pv,0.0,4,22,3,0
34769733,pv|pv|pv|pv|cart,15.0,1,4,3,0
34771223,pv|pv|pv|pv|pv,0.0,0,4,6,1
34795094,pv|pv|pv|pv|pv,15.0,2,5,4,0
34798610,pv|pv|pv|pv|pv,750.0,0,2,2,0
34798858,pv|pv|pv|pv|pv,0.0,22,14,11,1
34806909,pv|pv|pv|pv|pv,0.0,0,4,2,1
34830417,pv|pv|pv|pv|pv,270.0,5,11,0,0
34859812,pv|pv|pv|pv|pv,0.0,0,0,0,0
34891822,pv|pv|pv|pv|pv,0.0,0,8,5,1
34933963,pv|pv|pv|pv|pv,270.0,0,10,2,0
34948661,pv|fav|pv|pv|pv,15.0,13,1,6,0
34978960,pv|pv|pv|pv|pv,0.0,1,5,0,0
34994624,pv|pv|pv|pv|pv,30.0,1,2,3,0
34997471,pv|pv|pv|pv|pv,375.0,7,0,2,0
35014928,pv|pv|pv|pv|pv,0.0,11,19,6,0
35019298,pv|pv|pv|pv|pv,1275.0,0,3,6,0
35048740,pv|pv|pv|pv|pv,0.0,0,0,1,0
35050906,pv|pv|pv|pv|pv,0.0,1,2,1,0
35071707,pv|pv|pv|pv|cart,0.0,4,6,0,0
35074988,pv|pv|pv|pv|pv,0.0,2,2,2,0
35087975,pv|pv|buy|pv|pv,0.0,0,2,5,0
35095494,pv|pv|pv|pv|pv,0.0,66,62,18,1
35096341,pv|pv|pv|pv|pv,0.0,0,14,2,0
35112986,pv|pv|pv|pv|pv,0.0,0,3,1,1
35126807,pv|pv|fav|pv|pv,735.0,36,0,10,0
35148772,pv|pv|pv|pv|pv,0.0,1,42,6,0
35168420,pv|pv,25560.0,0,0,0,0
35193012,pv|pv|pv|pv|pv,0.0,2,10,6,0
35202757,pv|pv|pv|pv|pv,120.0,6,24,4,1
35205411,pv|pv|pv|pv|pv,0.0,0,20,15,1
35217215,pv|pv|fav|pv|pv,0.0,26,0,0,0
35254146,pv|pv|pv|pv|pv,0.0,2,2,3,0
35264701,pv|pv|pv|pv|pv,15.0,0,20,5,1
35272739,pv|pv|pv|pv|pv,0.0,10,173,6,0
35277878,pv|pv|pv|pv|pv,2895.0,1,0,1,0
35306096,pv|pv|pv|pv|pv,0.0,53,348,89,1
35324602,pv|cart|pv|pv|pv,0.0,83,22,5,1
35338207,pv|pv|pv|pv|pv,0.0,5,37,32,1
35342036,pv|pv|pv|pv|pv,450.0,13,0,1,0
35354529,pv|buy|cart|buy|pv,15.0,0,8,2,1
35389479,pv|pv|pv|pv|pv,60.0,19,146,66,1
35399865,buy|pv|pv|pv|pv,0.0,0,0,3,0
35427753,pv|pv|pv|pv|pv,0.0,0,0,1,0
35428862,pv|pv|cart|pv|pv,0.0,2,81,5,1
35465102,pv|pv|pv|pv|pv,0.0,31,4,7,0
35465890,pv|pv|fav|pv|pv,0.0,40,1,1,0
35473939,pv|pv|pv|buy|pv,1365.0,0,3,6,1
35474544,pv|pv|pv|pv|pv,0.0,0,3,20,0
35525691,pv|pv|pv|buy|pv,735.0,0,2,3,1
35527078,pv|pv|pv|pv|cart,0.0,0,2,1,1
35534976,buy|buy|buy|buy|buy,0.0,1,6,8,0
35603682,pv|pv|pv|buy|pv,0.0,6,6,1,1
35604043,pv|pv|pv|pv|pv,0.0,0,2,8,1
35604404,pv|pv|pv|pv|pv,765.0,0,1,0,0
35604872,pv|pv|pv|pv|pv,0.0,0,0,4,0
35619826,pv|pv|pv|pv|pv,15.0,6,0,1,0
35636139,pv|pv|pv|cart|pv,0.0,4,2,2,0
35639435,pv|pv|pv|pv|pv,690.0,0,1,4,0
35644209,pv|pv|pv|pv|pv,0.0,16,1,3,0
35653683,pv|pv|pv|pv|pv,0.0,18,40,9,0
35657002,pv|pv|pv|pv|pv,60.0,8,5,3,1
35669832,pv|pv|cart|pv|pv,375.0,4,45,15,1
35699755,pv|pv|pv|pv|pv,0.0,21,30,6,1
35709243,pv|pv|pv|pv|pv,0.0,0,45,16,1
35721757,pv|pv|pv|pv|pv,0.0,12,13,7,1
35722058,pv|pv|pv|pv|pv,0.0,2,13,9,1
35739934,pv|pv|pv|pv|pv,285.0,23,5,9,1
35745255,pv|pv|pv|pv|pv,255.0,142,2,21,0
35758348,pv|pv|pv|pv|pv,0.0,243,22,1,1
35758737,pv|pv|pv|pv|pv,0.0,0,136,5,1
35773124,pv|pv|pv|pv|pv,0.0,0,4,2,1
35799041,pv|pv|pv|pv|pv,30.0,2,65,12,0
35806116,pv|pv|pv|pv|pv,15.0,20,7,4,0
35817682,pv|pv|pv|cart|pv,990.0,1,21,0,0
35829490,pv|pv|pv|pv|pv,0.0,2,4,8,1
35849648,pv|pv|pv|pv|pv,0.0,1,80,11,1
35853904,pv|pv|pv|pv|pv,210.0,7,9,8,1
35860790,pv|buy|pv|pv|pv,0.0,56,23,14,1
35896466,pv|pv|pv|pv|pv,0.0,0,6,5,1
35898338,pv|pv|pv|pv|pv,0.0,1,2,3,1
35919625,pv|pv|pv|pv|pv,0.0,11,11,5,1
35921923,pv|cart|pv|pv|pv,0.0,1,32,13,1
35927774,pv|pv|pv|pv|pv,3330.0,0,0,0,0
35935190,pv|pv|pv,0.0,0,0,0,0
35941637,pv|pv|pv|pv|pv,30.0,0,44,19,0
35948167,pv|pv|pv|pv|pv,0.0,16,39,7,1
35967319,pv|pv|pv|pv|pv,0.0,0,5,2,0
35967863,pv|pv|pv|pv|pv,0.0,82,88,15,1
35974755,pv|pv|pv|pv|pv,195.0,4,1,6,0
35997460,pv|pv|pv|pv|pv,405.0,5,9,7,1
36005648,pv|pv|pv|cart|pv,0.0,0,2,2,0
36090137,pv|pv|pv|pv|pv,0.0,4,54,23,0
36103708,pv|pv|pv|pv|pv,0.0,0,4,1,1
36110156,pv|pv|pv|pv|pv,0.0,0,17,8,1
36120931,pv|pv|pv|pv|pv,3660.0,0,0,0,0
36142170,pv|pv|pv|pv|pv,60.0,36,0,1,0
36164872,pv|pv|pv|pv|pv,720.0,0,10,1,0
36166284,pv|pv|cart|pv|pv,0.0,7,82,13,1
36172877,pv|pv|pv|pv|pv,1335.0,22,0,4,0
36233277,pv|pv|pv|pv|pv,0.0,2007,243,30,1
36246846,pv|pv|pv|pv|pv,0.0,28,11,1,0
36247519,pv|pv|pv|pv|pv,0.0,1,22,5,0
36247777,pv|pv|pv|pv|pv,300.0,1,9,1,0
36250912,pv|fav|pv|pv|pv,0.0,30,0,9,0
36306202,pv|pv|pv|pv|pv,0.0,37,42,5,0
36308952,pv|pv|pv|pv|pv,105.0,0,0,1,0
36313887,pv|pv|pv|pv|pv,0.0,0,0,0,0
36317221,pv|pv|pv|pv|pv,0.0,45,0,0,0
36320937,pv|buy|pv|pv|pv,0.0,0,0,1,0
36339188,pv|pv|pv|pv|pv,0.0,3,141,35,1
36360174,pv|pv|pv|pv|pv,120.0,3,3,4,0
36370250,pv|pv|pv|pv|pv,0.0,2,4,0,0
36394520,pv|pv|pv|cart|pv,945.0,0,1,0,0
36404374,pv|pv|pv|pv|pv,0.0,0,12,4,1
36417444,buy|pv|pv|pv|pv,0.0,0,13,8,0
36430492,pv|pv|pv|pv|pv,570.0,0,0,1,0
36445695,pv|pv|pv|pv|pv,0.0,0,11,2,0
36450170,pv|pv|pv|pv|fav,45.0,41,14,12,1
36457777,pv|fav|pv|pv|pv,1860.0,56,2,2,0
36471333,pv|pv|pv|pv|pv,0.0,1,17,2,1
36481168,pv|pv|pv|cart|pv,0.0,2,2,2,1
36497409,pv|pv|pv|pv|pv,0.0,60,11,19,1
36508157,pv|pv|pv|pv|pv,90.0,22,52,25,1
36513563,pv|pv|pv|pv|pv,675.0,163,190,31,1
36517589,pv|pv|pv|pv|pv,0.0,29,47,13,1
36519979,pv|pv|pv|pv|pv,165.0,4,0,5,0
36525698,pv|pv|pv|pv|pv,15.0,0,13,4,1
36542583,pv|pv|pv|pv|pv,105.0,0,41,26,1
36560243,pv|pv|pv|pv|pv,0.0,0,0,6,0
36561036,pv|pv|pv|pv|pv,0.0,60,76,5,1
36564172,pv|pv|pv|pv|cart,0.0,6,53,5,1
36574688,pv|pv|pv|pv|cart,15.0,21,105,15,1
36582945,fav|pv|pv|pv|fav,735.0,86,18,19,1
36593288,pv|pv|pv|pv|pv,0.0,223,16,19,1
36638003,pv|pv|pv|pv|pv,0.0,0,1,0,0
36648599,pv|pv|pv|pv|pv,0.0,0,0,1,0
36673681,pv|pv|pv|pv|fav,0.0,47,38,12,1
36703106,pv|pv|pv|pv|pv,0.0,1,45,15,0
36713639,pv|pv|pv|pv|pv,0.0,0,0,1,0
36724667,pv|pv|pv|pv|pv,45.0,2,38,27,1
36738292,cart|pv|pv|pv|pv,75.0,21,65,15,1
36751669,pv|pv|pv|pv|pv,0.0,1,9,8,0
36757197,pv|pv|pv|pv|pv,0.0,0,0,4,0
36760677,pv|pv|pv|pv|pv,0.0,0,0,1,0
36764652,pv|pv|pv|pv|pv,45.0,108,9,14,1
36778947,pv|pv|pv|cart|pv,795.0,1,0,0,0
36808723,pv|pv|pv|pv|cart,0.0,59,15,9,1
36863326,cart|pv|pv|pv|pv,15.0,11,7,5,1
36885666,pv|pv|buy|pv|buy,810.0,0,5,11,0
36886776,pv|pv|pv|pv|pv,0.0,31,12,6,1
36904941,pv|pv|pv|pv|pv,195.0,3,19,6,1
36912686,pv|pv|pv|pv|pv,3975.0,0,1,1,0
36918674,pv|pv|pv|pv|pv,15.0,7,172,50,1
36932158,pv|pv|pv|pv|pv,0.0,0,37,8,0
36936257,pv|pv|pv|pv|pv,75.0,14,1,5,0
36953591,pv|pv|pv|pv|pv,0.0,18,32,5,0
36964346,pv|pv|pv|pv|pv,0.0,3,36,13,1
37004434,pv|pv|pv|pv|pv,0.0,1,1,2,0
37008188,pv|pv|pv|pv|pv,0.0,0,67,9,1
37017723,pv|pv|pv|pv|pv,30.0,0,26,19,1
37019520,pv|pv|pv|pv|pv,0.0,0,0,1,0
37054928,pv|pv|pv|pv|pv,270.0,2,2,13,0
37064529,pv|pv|pv|pv|pv,165.0,55,8,9,1
37073011,pv|pv|pv|pv|pv,60.0,0,2,1,0
37120790,pv|buy|pv|pv|pv,0.0,7,6,16,1
37167350,pv|pv|pv|pv|pv,0.0,47,0,3,1
37184570,pv|pv|pv|pv|pv,45.0,0,5,4,0
37206341,pv|pv|pv|pv|pv,0.0,15,31,11,1
37208119,pv|pv|pv|pv|pv,0.0,2,79,18,1
37209969,pv|pv|buy|pv|pv,315.0,16,0,1,0
37218187,pv|pv|pv|pv|pv,60.0,31,6,7,0
37234220,pv|pv|pv|pv|pv,0.0,0,1,0,0
37238566,pv|pv|pv|pv|fav,0.0,2,16,1,1
37271419,pv|pv|pv|pv|pv,0.0,0,33,23,1
37275754,pv|pv|pv|pv|pv,0.0,40,25,7,0
37305183,pv|pv|pv|pv|pv,15.0,9,35,9,0
37309352,pv|pv|pv|pv|pv,15.0,10,77,31,0
37335665,pv|pv|pv|pv|pv,90.0,0,0,0,0
37338448,pv|pv|pv|pv|pv,240.0,0,21,7,0
37357777,pv|pv|pv|pv|pv,0.0,7,9,9,0
37402030,fav|pv|pv|pv|pv,0.0,59,70,30,1
37405144,cart|pv|pv|pv|pv,0.0,17,21,5,1
37409400,pv|pv|pv|pv|pv,420.0,81,35,0,0
37422648,pv|pv|pv|pv,0.0,0,0,0,0
37426111,pv|pv|buy|buy|cart,60.0,2,215,12,1
37447725,pv|pv|pv|pv|pv,0.0,0,74,2,0
37456519,pv|fav|pv|pv|pv,0.0,40,36,2,1
37474821,pv|pv|pv|pv|pv,0.0,0,1,1,0
37485293,pv|pv|pv|pv|pv,0.0,2,0,4,0
37545822,pv|pv|pv|pv|pv,15.0,0,2,4,1
37552619,pv|pv|pv|pv|pv,90.0,1,4,10,1
37554907,pv|pv|pv|pv|pv,0.0,70,110,17,1
37557912,buy|cart|pv|pv|pv,75.0,1,12,2,0
37563035,pv|pv|pv|pv|pv,0.0,1,8,4,0
37573814,pv|pv|pv|pv|pv,0.0,0,22,12,0
37600724,pv|pv|pv|pv|pv,0.0,6,17,7,1
37601526,pv|pv|pv|pv|pv,330.0,0,228,9,1
37627350,pv|pv|pv|cart|pv,0.0,0,33,7,1
37638767,pv|pv|pv|pv|pv,0.0,6,0,1,0
37648682,pv|pv|pv|buy|pv,30.0,123,12,12,0
37652869,pv|pv|pv|pv|pv,0.0,1,14,7,0
37671999,pv|pv|pv|pv|pv,45.0,133,25,14,1
37690066,pv|pv|pv|pv|pv,3210.0,1,13,3,1
37693647,pv|pv|pv|pv|pv,45.0,0,0,0,0
37701876,pv|pv|pv|pv|pv,15.0,13,128,24,1
37708452,pv|pv|pv|pv|pv,165.0,1,9,5,0
37709773,pv|pv|pv|pv|pv,1695.0,2,0,0,0
37711820,pv|pv|pv|pv|fav,45.0,30,4,4,0
37737164,pv|pv|pv|pv|pv,0.0,8,0,2,0
37756852,pv|pv|pv|pv|pv,390.0,0,6,0,0
37766845,pv|pv|pv|pv|pv,480.0,0,30,6,1
37779911,pv|pv|pv|pv|pv,1320.0,0,1,0,0
37780288,pv|pv|pv|pv|pv,0.0,165,87,15,1
37817890,pv|pv|pv|pv|pv,0.0,0,0,1,0
37820897,pv|pv|pv|pv|pv,0.0,5,3,2,0
37844114,pv|pv|pv|pv|pv,0.0,1,60,16,1
37880189,pv|pv|pv|cart|pv,0.0,1,84,42,1
37923588,pv|pv|pv|pv|pv,0.0,3,0,1,0
37950224,pv|pv|pv|pv|pv,0.0,0,41,6,1
37951207,pv|pv|pv|pv|pv,870.0,0,0,0,0
37959671,pv|cart|cart|cart|cart,180.0,1,35,0,0
37970818,pv|pv|pv|pv|pv,135.0,0,5,14,0
37981108,buy|pv|pv|pv|pv,0.0,79,90,22,1
37993178,pv|pv|pv|pv|pv,990.0,2,0,2,0
37995555,pv|pv|pv|fav|pv,0.0,31,1,5,0
38010001,pv|pv|pv|pv|pv,0.0,2,23,2,1
38011304,pv|pv|pv|pv|pv,330.0,0,0,3,0
38016396,pv|cart|buy|buy|buy,45.0,0,1,0,0
38019351,pv|pv|pv|pv|pv,0.0,6,0,4,0
38048555,pv|pv|pv|pv|pv,375.0,9,3,13,1
38067964,pv|pv|pv|pv|pv,0.0,0,1,3,0
38103038,pv|pv|pv|pv|pv,0.0,0,8,4,1
38138471,pv|pv|pv|pv|pv,0.0,0,34,2,0
38141991,pv|pv|pv|pv|pv,0.0,85,48,5,0
38173093,pv|pv|pv|cart|pv,0.0,0,5,1,0
38181340,pv|pv|pv|pv|pv,0.0,54,1,7,1
38190551,pv|pv|pv|pv|pv,0.0,0,7,6,0
38219792,pv|pv|pv|pv|pv,0.0,1,2,15,0
38222533,pv|pv|pv|cart|pv,0.0,4,33,22,1
38223900,pv|pv|pv|pv|pv,1065.0,1,4,1,1
38227021,pv|pv|pv|pv|pv,0.0,14,2,6,0
38269947,pv|pv|pv|pv|pv,0.0,27,5,7,1
38294231,pv|pv|pv|pv|pv,0.0,0,41,1,1
38306238,pv|pv|pv|pv|pv,165.0,1,1,0,1
38357931,pv|pv|pv|pv|pv,0.0,2,73,10,1
38373526,pv|pv|pv|pv|pv,0.0,5,59,2,1
38387226,pv|pv|pv|pv|pv,0.0,1,90,1,1
38478428,pv|pv|pv|pv|pv,0.0,93,14,6,1
38479843,pv|pv|pv|pv|pv,0.0,13,19,7,1
38481691,pv|pv|pv|pv|pv,1065.0,2,28,3,1
38487066,pv|buy|pv|pv|pv,15.0,4,4,2,0
38526756,pv|pv|pv|pv|pv,30.0,0,16,11,1
38538148,pv|pv|pv|pv|pv,0.0,1,1,0,1
38546869,pv|pv|pv|pv|pv,90.0,0,1,14,1
38556307,pv|pv|pv|pv|pv,0.0,5,4,9,0
38580934,pv|pv|pv|pv|buy,15.0,1,71,23,1
38588481,pv|pv|pv|pv|pv,0.0,63,17,19,1
38597498,pv|pv|pv|pv|pv,450.0,7,4,1,1
38638142,pv|pv|pv|pv|pv,0.0,0,6,12,0
38642555,pv|pv|pv|pv|pv,0.0,5,2,8,0
38659327,pv|pv|pv|pv|pv,0.0,1,0,0,0
38673719,buy|buy|buy|buy|cart,0.0,0,8,7,1
38699008,pv|pv|pv|pv|pv,0.0,2,62,5,1
38711762,pv|pv|pv|pv|pv,0.0,7,5,12,0
38727575,pv|pv|pv|pv|pv,0.0,0,2,3,0
38767724,pv|pv|pv|pv|pv,0.0,0,1,0,0
38782215,pv|pv|pv|pv|pv,210.0,77,60,11,1
38839327,pv|pv|pv|pv|pv,0.0,48,441,33,1
38846318,pv|pv|pv|pv|pv,0.0,0,0,0,0
38855741,pv|pv|pv|pv|pv,1470.0,3,39,2,1
38869693,pv|pv|pv|pv|pv,0.0,0,2,5,0
38885211,pv|pv|pv|pv|pv,0.0,1,7,6,1
38897535,pv|pv|pv|pv|pv,105.0,28,31,4,1
38913959,pv|pv|pv|pv|pv,0.0,17,9,7,1
38915660,pv|pv|pv|pv|pv,0.0,0,35,4,0
38935686,pv|pv|fav|pv|pv,0.0,29,27,11,1
38949342,pv|pv|pv|pv|pv,0.0,0,3,4,0
38965559,pv|pv|pv|pv|pv,1770.0,0,2,1,1
38968501,pv|cart|pv|pv|pv,195.0,60,50,15,1
38968550,pv|pv|pv|pv|pv,15.0,1,1,3,0
38997101,pv|pv|pv|pv|pv,1395.0,1,8,3,0
39017588,pv|pv|pv|pv|pv,90.0,3,0,4,0
39039752,pv|pv|pv|pv|pv,0.0,0,6,14,0
39066078,pv|pv|pv|pv|pv,0.0,4,11,9,1
39079609,pv|pv|pv|pv|pv,915.0,0,15,5,1
39090755,pv|pv|pv|pv|pv,0.0,6,59,27,0
39095072,buy|cart|pv|pv|buy,0.0,0,0,2,0
39096760,pv|pv|pv|pv|pv,30.0,3,1,1,0
39108941,pv|pv|pv|pv|pv,0.0,184,26,14,1
39112469,pv|pv|pv|pv|pv,0.0,0,23,6,0
39128743,pv|pv|pv|pv|pv,30.0,0,10,5,0
39141608,cart|pv|cart|cart|pv,0.0,0,19,7,1
39159742,pv|pv|pv|pv|pv,0.0,0,18,0,0
39201973,pv|pv|pv|pv|pv,0.0,21,12,8,1
39222343,pv|pv|pv|pv|pv,60.0,10,33,15,1
39248540,pv|pv|pv|pv|pv,0.0,22,1,1,0
39280271,pv|pv|pv|pv|pv,0.0,1,24,9,1
39283381,pv|pv|pv|pv|pv,0.0,38,24,11,1
39301597,pv|pv|pv|pv|pv,975.0,0,2,22,0
39321004,pv|pv|cart|pv|pv,0.0,0,4,4,0
39324037,pv|pv|pv|cart|pv,0.0,1,65,17,1
39331817,pv|pv|pv|buy|pv,0.0,3,25,5,0
39367110,fav|pv|fav|pv|pv,0.0,164,105,17,1
39368828,pv|cart|pv|pv|pv,150.0,0,13,2,0
39379065,buy|pv|pv|buy|pv,15.0,5,53,5,1
39395202,pv|pv|pv|pv|pv,90.0,2,6,11,0
39413973,pv|pv|pv|pv|pv,0.0,0,4,18,1
39416908,pv|pv|pv|pv|pv,0.0,2,5,6,0
39420666,pv|pv|pv|pv|pv,45.0,6,169,18,1
39421120,pv|pv|pv|pv|pv,0.0,1,5,1,0
39427521,pv|pv|pv|pv|pv,75.0,94,13,5,1
39430343,pv|pv|pv|pv|pv,0.0,1,35,23,1
39431130,pv|pv|pv|pv|pv,0.0,2,10,8,0
39441936,buy|pv|pv|pv|pv,0.0,0,2,2,0
39445216,pv|pv|pv|pv|pv,0.0,6,42,8,1
39454183,pv|pv|pv|pv|pv,0.0,1,22,15,0
39470978,pv|fav|fav|pv|pv,0.0,9,11,2,1
39497489,fav|pv|pv|pv|pv,0.0,4,51,10,1
39526193,pv|pv|pv|pv|pv,30.0,71,98,14,1
39531225,pv|pv|pv|pv|pv,6405.0,0,1,1,0
39544337,pv|pv|pv|pv|pv,840.0,3,41,11,1
39576434,pv|pv|pv|buy|pv,0.0,7,2,6,0
39602501,pv|pv|pv|pv|pv,240.0,3,28,4,1
39609119,pv|pv|pv|pv|pv,0.0,0,14,8,1
39619583,pv|pv|cart|pv|pv,60.0,0,81,6,0
39630527,pv|pv|pv|pv|pv,765.0,3,27,14,1
39631533,pv|pv|pv|pv|pv,0.0,0,5,1,0
39660335,pv|pv|pv|pv|pv,0.0,11,9,14,1
39675115,pv|pv|pv|pv|pv,0.0,1,36,7,1
39690010,pv|pv|cart|pv|pv,0.0,2,32,6,1
39741393,pv|pv|pv|pv|pv,30.0,0,17,5,1
39744838,pv|pv|buy|pv|pv,375.0,0,8,3,0
39751143,pv|pv|pv|pv|pv,0.0,0,33,10,0
39763083,pv|buy|pv|pv|pv,285.0,22,3,19,0
39775594,pv|pv|pv|pv|pv,0.0,0,0,0,0
39780652,pv|pv|pv|pv|pv,0.0,5,11,2,1
39789041,pv|pv|pv|pv|pv,45.0,17,0,0,0
39789593,pv|pv|pv|pv|pv,0.0,0,19,5,0
39825915,pv|pv|cart|pv|pv,0.0,42,37,2,0
39831836,pv|pv|pv|pv|pv,0.0,0,5,6,1
39841304,pv|pv|pv|pv|pv,0.0,50,6,11,0
39848859,pv|pv|pv|pv|pv,0.0,2,1,6,0
39849534,pv|buy|cart|pv|pv,0.0,0,38,7,1
39861556,pv|pv|pv|pv|buy,15.0,10,11,15,1
39875541,pv|pv|pv|pv|pv,3615.0,0,1,0,0
39876312,pv|pv|pv|pv|pv,0.0,2,8,3,0
39880792,pv|pv|pv|pv|pv,0.0,20,49,15,1
39883816,pv|pv|pv|pv|pv,45.0,0,1,1,0
39903978,pv|pv|fav|pv|pv,0.0,33,5,10,1
39912392,pv|pv|pv|buy|buy,330.0,0,1,1,0
39912401,fav|pv|pv|pv|pv,15.0,78,20,10,1
39927445,pv|pv|pv|pv|pv,15.0,2,3,4,0
39932070,pv|pv|pv|pv|pv,150.0,1,70,8,1
39933731,pv|pv|pv|pv|pv,0.0,0,0,1,0
39939822,cart|pv|cart|pv|pv,0.0,0,7,0,0
39951811,pv|pv|pv|pv|pv,45.0,44,16,17,1
39980640,pv|pv|pv|pv|pv,15.0,0,5,1,0
39980859,pv|pv|pv|fav|pv,255.0,47,16,5,0
40014282,pv|pv|pv|pv|pv,150.0,0,0,0,0
40026875,pv|pv|pv|pv|pv,675.0,2,22,4,1
40070893,pv|pv|pv|pv|pv,0.0,1,9,3,1
40081301,pv|pv|pv|pv|pv,0.0,0,12,2,0
40109600,pv|pv|pv|pv|pv,0.0,0,0,0,0
40117023,pv|pv|pv|pv|pv,0.0,4,14,7,0
40122764,pv|buy|pv|pv|pv,45.0,0,29,11,1
40137551,pv|pv|pv|pv|pv,0.0,41,1,25,0
40163921,cart|cart|pv|pv|pv,765.0,0,8,3,1
40164889,pv|pv|pv|cart|pv,0.0,3,4,12,0
40167124,pv|pv|pv|pv|pv,0.0,1,4,0,0
40174741,pv|pv|pv|pv|pv,255.0,3,2,8,1
40211203,pv|pv|pv|pv|pv,0.0,195,31,27,1
40226923,pv|pv|pv|pv|pv,0.0,6,7,10,1
40230576,pv|pv|pv|pv|pv,0.0,24,5,4,0
40246206,pv|buy|pv|pv|pv,330.0,2,9,10,1
40259154,pv|pv|pv|pv|pv,0.0,0,4,1,0
40282906,pv|pv|pv|pv|pv,0.0,2,20,2,0
40304574,pv|pv|pv|pv|pv,0.0,1,9,3,0
40310645,pv|pv|pv|pv|pv,0.0,1,2,5,0
40348089,pv|cart|pv|pv|pv,0.0,4,1,4,1
40358819,pv|pv|pv|pv|pv,60.0,1,0,1,0
40364499,pv|pv|pv|pv|pv,0.0,32,73,25,1
40364641,pv|cart|buy|pv|pv,0.0,14,136,53,1
40423397,cart|pv|pv|pv|pv,0.0,1,8,10,1
40431183,pv|pv|pv|pv|pv,180.0,0,15,4,1
40438806,pv|pv|pv|pv|pv,30.0,32,1,0,0
40456641,pv|pv|pv|pv|pv,0.0,4,14,9,0
40459733,pv|pv|pv|pv|pv,0.0,1,43,26,1
40492706,pv|pv|pv|pv|pv,75.0,3,2,1,0
40543017,pv|pv|pv|pv|pv,0.0,1,2,0,0
40551843,pv|pv|pv|pv|pv,9030.0,0,0,0,0
40555711,pv|pv|pv|pv|pv,810.0,4,0,1,0
40557275,pv|pv|pv|pv|pv,0.0,5,8,12,0
40586226,pv|pv|pv|pv|pv,0.0,14,4,11,0
40605509,pv|pv|pv|pv|pv,0.0,3,8,1,1
40607709,pv|pv|pv|pv|pv,0.0,111,5,3,1
40694580,pv|pv|pv|pv|pv,285.0,0,1,1,0
40711894,pv|pv|pv|pv|pv,0.0,13,39,8,1
40719208,pv|pv|pv|pv|pv,45.0,0,62,8,1
40727661,pv|pv|pv|pv|pv,0.0,7,5,10,0
40729803,pv|pv|pv|pv|pv,330.0,8,2,1,0
40729947,pv|pv|pv|pv|pv,0.0,29,159,32,1
40734813,pv|pv|pv|pv|pv,0.0,23,1,5,1
40759239,pv|pv|pv|pv|pv,15.0,0,2,0,0
40781736,pv|pv|pv|pv|pv,0.0,52,67,36,1
40786964,pv|pv|pv|pv|pv,0.0,0,0,1,0
40788357,pv|pv|pv|pv|pv,0.0,0,2,6,1
40798219,pv|pv|pv|pv|pv,0.0,3,2,9,0
40814715,pv|pv|pv|pv|pv,0.0,28,3,6,1
40815020,pv|pv|pv|pv|pv,30.0,1,0,2,0
40822060,pv|pv|pv|pv|pv,0.0,16,4,3,0
40826918,pv|pv|pv|pv|pv,0.0,2,25,7,0
40831109,pv|pv|pv|pv|pv,0.0,39,4,5,1
40833290,pv|pv|pv|pv|pv,60.0,1,18,5,1
40873042,pv|pv|pv|pv|pv,0.0,0,5,0,1
40884180,pv|pv|pv|pv|pv,0.0,0,5,1,0
40893979,pv|pv|pv|buy,0.0,0,0,1,0
40917063,pv|pv|pv|pv|pv,375.0,1,1,9,0
40917728,pv|pv|pv|pv|pv,0.0,2,24,0,0
40973276,pv|pv|pv|pv|pv,0.0,44,20,8,1
40974590,pv|pv|pv|pv|pv,0.0,21,2,1,1
40978309,pv|pv|pv|pv|pv,0.0,1,12,3,0
40979555,pv|pv|pv|pv|pv,420.0,1,31,12,0
41017872,pv|pv|pv|pv|pv,0.0,6,16,4,0
41021470,cart|pv|pv|pv|pv,0.0,22,9,1,1
41034768,pv|pv|pv|pv|buy,225.0,1,91,15,1
41037826,pv|pv|pv|pv|pv,0.0,0,17,10,0
41079190,pv|pv|pv|pv|pv,0.0,5,4,1,0
41081290,pv|pv|pv|pv|pv,30.0,0,28,6,0
41103398,fav|pv|pv|pv|pv,0.0,62,0,0,0
41107544,pv|pv|pv|pv|pv,105.0,1,1,0,0
41120025,buy|pv|pv|pv|pv,570.0,0,15,8,1
41138904,pv|pv|pv|pv|cart,0.0,7,45,1,0
41158917,pv|pv|pv|pv|pv,0.0,0,15,11,0
41182866,cart|pv|pv|pv|pv,15.0,1,23,2,0
41200428,pv|pv|pv|pv|pv,240.0,0,0,1,0
41211181,pv|buy|pv|pv|pv,30.0,3,5,7,0
41219954,pv|pv|pv,0.0,0,0,0,0
41228489,pv|pv|pv|pv|pv,0.0,12,2,0,0
41233588,pv|pv|pv|pv|pv,0.0,33,3,7,1
41261027,pv|pv|pv|pv|pv,375.0,10,2,5,0
41265943,pv|pv|pv|pv|pv,330.0,0,6,8,0
41267769,pv|pv|pv|pv|pv,525.0,48,1,8,0
41268198,pv|pv|pv|pv|pv,30.0,37,65,14,1
41279667,pv|pv|pv|pv|pv,390.0,0,26,7,0
41286340,pv|pv|pv|pv|pv,15.0,2,43,11,1
41291540,pv|pv|pv|pv|pv,1110.0,0,2,1,0
41309171,pv|pv|pv|pv|pv,7680.0,0,0,0,0
41320562,pv|pv|pv|pv|pv,0.0,0,16,4,0
41324527,pv|pv|pv|pv|pv,0.0,11,42,16,1
41333358,pv|cart|pv|pv|pv,90.0,0,32,2,1
41349842,pv|pv|pv|pv|pv,45.0,0,2,3,0
41388946,pv|pv|cart|pv|pv,0.0,2,35,1,1
41440011,pv|pv|pv|pv|pv,675.0,3,7,7,0
41442365,pv|pv|pv|pv|pv,15.0,6,7,4,0
41449959,pv|pv|pv|pv|pv,0.0,5,7,2,1
41465121,pv|pv|pv|pv|pv,0.0,5,1,3,0
41487930,pv|pv|pv|pv|pv,15.0,0,55,17,1
41509515,pv|pv|cart|pv|pv,90.0,1,14,0,0
41539251,pv|pv|pv|pv|pv,2385.0,0,3,6,0
41547180,pv|pv|pv|pv|pv,390.0,5,16,12,1
41564229,pv|pv|pv|pv|pv,0.0,43,0,2,1
41566029,pv|pv|pv|pv|pv,0.0,23,3,1,0
41575513,pv|pv|pv|pv|pv,180.0,1,15,2,0
41584192,pv|pv|pv|pv|pv,0.0,99,74,18,1
41599542,pv|pv|pv|pv|pv,795.0,5,0,2,0
41650796,pv|pv|pv|pv|pv,0.0,0,9,4,0
41671149,pv|pv|pv|cart|cart,0.0,0,24,5,1
41705089,pv|pv|pv|pv|cart,0.0,1,1,3,0
41718632,pv|pv|pv|pv|pv,0.0,3,12,0,0
41731853,pv|pv|pv|pv|pv,0.0,0,0,0,0
41745316,pv|pv|pv|pv|pv,0.0,0,77,6,1
41745786,pv|pv|pv|pv|pv,0.0,0,37,7,1
41753507,pv|cart|pv|pv|pv,0.0,0,9,9,0
41774315,pv|pv|pv|pv|pv,0.0,0,4,3,1
41786809,pv|pv|pv|pv|pv,405.0,2,6,6,0
41789801,pv|pv|pv|pv|pv,0.0,17,7,4,0
41798966,pv|pv|pv|pv|pv,0.0,8,8,13,0
41818010,pv|pv|pv|pv|pv,0.0,5,0,5,0
41825235,pv|pv|buy|pv|pv,0.0,1,3,6,0
41831177,pv|pv|pv|pv|pv,420.0,58,3,9,1
41865396,pv|buy|pv|pv|pv,15.0,3,59,21,1
41868482,pv|buy|pv|pv|pv,0.0,2,13,10,1
41872955,pv|pv|pv|pv|pv,0.0,0,5,2,0
41890917,fav|pv|pv|cart|buy,15.0,10,13,6,1
41897121,pv|pv|pv|pv|pv,1200.0,0,0,0,0
41907729,pv|pv|pv|pv|pv,0.0,15,1,2,0
41919803,pv|pv|pv|pv|pv,0.0,1,31,10,1
41929479,cart|pv|pv|pv|pv,15.0,72,20,11,1
41938273,pv|pv|pv|pv|pv,0.0,36,40,9,0
41979181,pv|pv|pv|pv|pv,0.0,3,92,17,1
41986120,pv|pv|pv|pv|pv,0.0,3,0,2,0
41986655,fav|pv|pv|pv|pv,225.0,121,244,10,1
41993155,pv|pv|pv|pv|pv,15.0,12,3,1,0
42012969,pv|pv|pv|pv|pv,0.0,0,0,2,0
42021027,pv|pv|pv|pv|pv,0.0,7,0,0,0
42024448,pv|pv|pv|pv|pv,15.0,0,8,1,1
42031986,pv|pv|pv|pv|pv,0.0,17,21,9,0
42049337,pv|pv|pv|pv|pv,0.0,45,0,7,0
42049679,pv|pv|pv|pv|pv,0.0,14,1,5,0
42063682,pv|pv|pv|pv|pv,0.0,0,7,2,0
42085231,pv|cart|pv|pv|pv,0.0,2,17,1,1
42089925,pv|pv|fav|pv|pv,30.0,63,34,9,1
42111305,pv|pv|pv|pv|pv,0.0,33,36,9,0
42112755,pv|pv|pv|pv|pv,0.0,0,0,4,0
42113872,pv|pv|pv|pv|pv,0.0,0,85,20,1
42137404,pv|pv|pv|pv|pv,780.0,0,6,4,0
42170243,pv|pv|pv|pv|pv,0.0,18,27,16,1
42208524,pv|pv|pv|pv|pv,0.0,3,120,10,0
42210592,pv|pv|pv|pv|pv,0.0,1,7,13,0
42213703,pv|pv|pv|pv|pv,0.0,38,0,16,1
42225359,pv|fav|pv|pv|pv,0.0,3,0,0,0
42227520,pv|pv|pv|pv|pv,0.0,0,7,9,1
42248597,pv|buy|pv|pv|pv,0.0,0,4,2,1
42277201,pv|pv|pv|pv|pv,0.0,0,5,8,0
42281108,buy|buy|cart|cart|buy,0.0,0,13,12,1
42340446,pv|pv|pv|pv|pv,3960.0,0,0,0,0
42356075,pv|pv|pv|pv|pv,15.0,0,5,0,0
42391011,pv|pv|pv|pv|pv,0.0,11,4,5,1
42407685,pv|cart|pv|cart|pv,0.0,0,6,1,0
42427256,pv|pv|pv|pv|pv,0.0,0,11,7,1
42447641,pv|pv|pv|pv|pv,630.0,0,3,7,0
42450575,pv|pv|pv|pv|pv,0.0,17,6,2,0
42453068,pv|pv|pv|pv|pv,0.0,0,0,0,0
42461054,pv|pv|pv|pv|pv,0.0,0,35,14,1
42479497,pv|pv|pv|pv|pv,0.0,9,9,1,0
42501145,pv|pv|pv|pv|pv,0.0,4,34,7,1
42503802,pv|pv|pv|pv|pv,0.0,1,14,2,0
42526349,pv|pv|pv|pv|pv,0.0,1,30,16,1
42527310,pv|pv|pv|pv|pv,15.0,0,5,0,0
42565296,pv|pv|pv|pv|pv,0.0,10,10,6,1
42599112,pv|pv|pv|pv|pv,0.0,162,5,19,1
42601828,pv|pv|pv|pv|pv,225.0,0,8,1,1
42636726,pv|pv|pv|pv|pv,0.0,0,15,3,0
42653201,pv|pv|pv|pv|pv,0.0,35,0,0,0
42653601,pv|cart|pv|pv|pv,15.0,37,11,10,1
42676532,pv|pv|pv|cart|cart,30.0,3,27,8,1
42677791,cart|pv|pv|pv|pv,45.0,0,5,8,0
42681705,pv|pv|cart|pv|pv,0.0,0,14,7,1
42694858,pv|pv|pv|cart|cart,45.0,3,58,7,1
42719621,pv|pv|pv|pv|pv,0.0,0,9,2,1
42723928,pv|pv|pv|pv|pv,0.0,0,32,5,0
42743566,pv|pv|pv|fav|pv,15.0,290,17,18,1
42756881,pv|pv|pv|pv|pv,0.0,0,0,0,0
42768689,pv|pv|pv|pv|pv,1125.0,0,3,4,1
42801008,pv|pv|pv|pv|pv,0.0,0,0,0,0
42819104,pv|pv|pv|pv|pv,0.0,0,0,3,0
42844200,pv|pv|pv|pv|pv,0.0,0,15,0,0
42851945,pv|pv|pv|pv|cart,0.0,0,8,1,0
42864059,pv|pv|pv|pv|pv,0.0,0,0,3,0
42879294,pv|pv|pv|pv|pv,0.0,0,23,8,0
42924297,pv|pv|pv|pv|pv,0.0,0,3,1,0
42930798,pv|pv|pv|pv|pv,0.0,0,37,5,1
42966250,pv|pv|pv|pv|buy,15.0,2,24,13,1
42973948,pv|pv|pv|pv|buy,0.0,30,25,36,1
42982005,pv|pv|pv|pv|pv,0.0,0,37,5,0
42986678,pv|cart|pv|pv|pv,705.0,1,16,9,0
42993694,pv|pv|pv|pv|pv,0.0,0,2,5,0
43022968,pv|pv|pv|pv|pv,0.0,11,13,9,1
43032378,pv|pv|pv|pv|pv,0.0,134,31,15,1
43042442,pv|pv|pv|pv|pv,0.0,21,10,8,0
43051852,pv|pv|pv|pv|pv,0.0,46,0,3,0
43052420,pv|pv|pv|pv|pv,15.0,46,46,41,1
43056888,pv|pv|pv|cart|pv,30.0,0,11,1,0
43072618,pv|pv|pv|pv|pv,0.0,5,25,13,1
43084101,pv|pv|pv|pv|pv,15.0,0,3,3,0
43109583,pv|pv|pv|pv|pv,45.0,0,17,7,1
43136382,pv|pv|pv|pv|pv,270.0,0,142,18,1
43139118,pv|pv|buy|pv|pv,0.0,27,10,9,1
43150394,cart|pv|pv|pv|pv,0.0,4,34,14,1
43186720,pv|pv|pv|pv|pv,0.0,30,0,0,0
43234037,pv|pv|pv|pv|pv,0.0,11,8,3,1
43235372,pv|pv|pv|pv|pv,330.0,0,1,0,0
43238774,pv|pv|pv|pv|pv,300.0,85,22,12,1
43245800,pv|pv|pv|pv|pv,120.0,0,3,5,0
43250746,pv|pv|cart|pv|pv,0.0,278,350,11,1
43264060,pv|pv|pv|pv|pv,225.0,0,7,4,0
43284343,pv|pv|pv|pv|pv,150.0,78,4,8,0
43288343,pv|pv|pv|pv|pv,0.0,31,2,7,0
43294769,pv|cart|pv|pv|pv,0.0,2,39,21,0
43300693,pv|pv|pv|pv|pv,0.0,3,60,13,1
43348892,pv|pv|pv|pv|pv,0.0,59,2,1,0
43349674,pv|pv|pv|pv|fav,0.0,17,7,10,1
43380742,pv|pv|pv|pv|pv,15.0,0,5,8,0
43399261,pv|pv|pv|pv|pv,0.0,3,17,1,1
43409746,pv|pv|pv|pv|pv,0.0,10,3,6,0
43445641,pv|pv|pv|pv|pv,0.0,61,5,0,0
43468469,pv|pv|pv|pv|pv,0.0,10,1,8,0
43472060,pv|pv|pv|pv|pv,0.0,58,15,8,1
43488815,pv|pv|pv|pv|pv,0.0,1,13,7,0
43491458,pv|pv|pv|pv|pv,15.0,8,17,8,0
43522898,pv|pv|pv|pv|pv,0.0,0,14,10,0
43545603,fav|pv|pv|pv|pv,0.0,4,6,1,1
43586684,pv|pv|pv|pv|pv,0.0,2,8,7,0
43587789,pv|pv|pv|pv|pv,645.0,1,6,4,1
43592945,pv|pv|pv|pv|pv,0.0,12,154,26,1
43600529,pv|pv|pv|pv|pv,0.0,0,0,0,0
43603561,pv|pv|pv|pv|pv,15.0,18,0,2,0
43621565,pv|pv|pv|pv|fav,0.0,33,53,21,1
43622802,pv|pv|pv|pv|pv,0.0,0,24,18,1
43624984,pv|pv|pv|pv|pv,0.0,0,30,12,1
43626933,pv|pv|pv|pv|pv,0.0,95,0,4,0
43631068,pv|pv|pv|pv|pv,0.0,5,60,14,0
43645191,pv|pv|pv|pv|pv,855.0,0,1,9,0
43660726,pv|pv|pv|pv|pv,0.0,1,73,8,1
43729347,pv|pv|pv|pv|pv,0.0,32,21,5,1
43735631,pv|pv|pv|fav|pv,0.0,10,4,12,1
43738222,pv|pv|pv|pv|pv,0.0,58,5,7,1
43759361,pv|pv|pv|pv|fav,0.0,1,0,4,0
43761964,pv|pv|pv|pv|pv,0.0,0,27,9,1
43794910,pv|pv|pv|pv|pv,15.0,10,178,24,1
43796808,pv|pv|pv|pv|pv,0.0,60,54,4,1
43801317,pv|pv|pv|pv|pv,135.0,0,5,1,0
43803932,pv|pv|cart|pv|pv,0.0,3,30,22,1
43841794,pv|pv|pv|pv|buy,0.0,6,0,6,0
43855246,pv|pv|pv|pv|pv,0.0,50,68,31,1
43856355,pv|pv|pv|buy|buy,0.0,0,4,6,1
43857558,pv|fav|pv|pv|pv,0.0,106,19,9,0
43858783,pv|pv|pv|pv|pv,165.0,1,11,3,0
43864355,pv|pv|pv|pv|pv,0.0,37,6,13,0
43864538,pv|pv|pv|pv|pv,135.0,231,44,10,1
43865641,pv|pv|pv|pv|pv,0.0,16,1,4,1
43916471,pv|pv|pv|pv|pv,0.0,0,29,12,0
43931030,pv|pv|pv|pv|pv,0.0,0,7,0,0
43953561,pv|pv|pv|pv|pv,1125.0,0,0,1,0
43971939,pv|pv|pv|pv|pv,135.0,0,5,1,0
43979611,pv|pv|pv|pv|pv,0.0,4,4,5,0
43983889,pv|pv|pv|pv|pv,0.0,0,6,0,0
43987061,pv|pv|pv|pv|pv,0.0,1,4,5,0
43991184,pv|pv|pv|pv|pv,0.0,0,3,0,0
44005966,pv|pv|pv|pv|pv,0.0,44,27,18,1
44013360,pv|pv|pv|pv|pv,0.0,1,0,0,0
44041747,pv|pv|pv|pv|pv,1440.0,73,10,9,0
44048864,pv|pv|pv|pv|pv,360.0,0,0,2,0
44057668,pv|pv|pv|pv|pv,0.0,0,0,2,0
44059193,pv|pv|pv|pv|pv,0.0,7,112,19,1
44073291,pv|pv|pv|pv|pv,0.0,14,0,1,0
44076621,pv|pv|pv|pv|pv,0.0,8,5,0,0
44088250,pv|pv|pv|pv|pv,0.0,0,0,0,0
44109897,pv|pv|pv|pv|pv,0.0,9,0,4,0
44130547,pv|pv|pv|pv|pv,0.0,0,14,8,0
44138845,pv|pv|pv|pv|pv,135.0,4,0,3,0
44140222,pv|pv|pv|pv|pv,15.0,25,85,18,1
44144817,pv|pv|pv|pv|pv,300.0,0,1,0,0
44152472,pv|pv|pv|fav|pv,0.0,7,10,4,1
44154986,pv|pv|pv|buy|fav,0.0,63,33,20,1
44189601,pv|pv|pv|pv|pv,0.0,0,68,3,0
44193672,pv|pv|pv|pv|pv,0.0,2,94,88,1
44220176,pv|pv|pv|pv|pv,90.0,0,0,4,0
44221621,pv|pv|pv|pv|pv,2835.0,0,11,4,0
44224665,pv|pv|pv|pv|pv,210.0,0,18,6,0
44247352,pv|pv|pv|pv|pv,0.0,0,2,0,0
44267557,pv|pv|pv|pv|pv,390.0,1,9,2,0
44317470,pv|pv|pv|pv|pv,45.0,2,0,0,0
44324837,pv|pv|pv|pv|pv,15.0,2,103,25,1
44365875,pv|pv|cart|pv|pv,0.0,8,13,13,1
44381467,pv|pv|fav|pv|pv,0.0,76,23,6,1
44389792,pv|pv|pv|pv|pv,0.0,3,32,6,0
44392514,pv|pv|pv|pv|pv,15.0,0,36,8,0
44397875,pv|pv|pv|pv|pv,0.0,0,0,0,0
44416128,pv|pv|pv|pv|pv,75.0,0,4,2,1
44431225,pv|pv|pv|pv|pv,0.0,8,3,1,0
44433489,pv|pv|pv|pv|pv,0.0,1,1,1,0
44444422,pv|pv|pv|pv|pv,0.0,17,17,3,1
44445119,pv|pv|pv|pv|pv,15.0,0,3,1,0
44446177,pv|pv|pv|buy|cart,30.0,0,8,5,0
44448258,pv|pv|pv|buy|buy,0.0,2,0,3,0
44462249,pv|pv|pv|pv|pv,0.0,0,27,1,0
44479518,pv|pv|pv|pv|pv,0.0,14,5,8,1
44492877,pv|pv|pv|pv|pv,345.0,6,4,2,0
44500908,pv|pv|pv|pv|pv,0.0,0,12,15,1
44503140,pv|pv|pv|pv|pv,0.0,0,11,2,0
44521455,pv|pv|pv|pv|pv,0.0,0,0,1,0
44542843,pv|pv|pv|pv|pv,300.0,0,1,1,0
44547812,pv|pv|pv|pv|pv,2430.0,0,0,0,0
44567219,pv|pv|pv|pv|pv,0.0,0,0,0,0
44573524,pv|pv|pv|pv|pv,0.0,2,4,6,0
44580650,pv|pv|pv|pv|pv,165.0,6,8,26,0
44614693,pv|pv|buy|pv|pv,0.0,0,4,10,0
44632141,pv|pv|pv|pv|pv,0.0,0,0,2,0
44640814,pv|pv|pv|pv|pv,0.0,25,19,5,0
44663398,pv|pv|pv|pv|pv,0.0,1,8,1,0
44683766,pv|pv|pv|pv|pv,0.0,10,1,10,0
44706382,pv|pv|pv|pv|pv,0.0,0,12,3,0
44710562,pv|pv|pv|pv|pv,0.0,8,2,3,0
44711100,pv|pv|pv|pv|pv,0.0,0,19,6,0
44725106,pv|pv|pv|pv|pv,165.0,9,10,6,0
44738368,pv|pv|pv|pv|pv,1080.0,1,11,7,0
44748590,pv|pv|pv|pv|pv,0.0,61,13,13,1
44806939,pv|pv|pv|pv|pv,0.0,1,173,37,1
44808401,pv|pv|pv|cart|pv,0.0,0,23,7,1
44817147,pv|pv|pv|pv|pv,0.0,1,209,22,1
44849978,pv|pv|pv|pv|pv,0.0,8,18,2,0
44850256,pv|pv|pv|pv|pv,0.0,0,33,3,0
44875328,pv|pv|pv|pv|pv,195.0,1,1,4,0
44880226,pv|pv|pv|pv|pv,150.0,6,36,20,1
44908934,pv|pv|pv|pv|pv,0.0,43,28,14,1
44909131,pv|pv|pv|pv|pv,0.0,3,51,28,1
44914992,pv|pv|pv|pv|pv,0.0,0,22,17,1
44961770,pv|pv|pv|pv|pv,1875.0,0,0,0,0
44976866,pv|pv|pv|pv|pv,0.0,0,0,0,0
44981629,pv|pv|pv|pv|pv,0.0,0,3,0,0
44985159,pv|pv|pv|buy|buy,1995.0,0,0,1,0
45021776,pv|pv|pv|pv|pv,0.0,0,0,0,0
45022376,pv|pv|pv|pv|pv,0.0,9,1,1,1
45051306,pv|pv|pv|pv|pv,0.0,0,2,4,0
45069561,pv|pv|pv|pv|pv,0.0,1,33,3,0
45073084,pv|pv|pv|pv|pv,0.0,36,5,10,0
45074656,pv|pv|pv|pv|pv,0.0,0,2,3,0
45079225,pv|pv|cart|pv|pv,180.0,3,52,9,1
45081001,pv|pv|pv|pv|pv,15.0,77,80,15,1
45094965,pv|pv|pv|pv|pv,165.0,0,4,1,0
45101614,pv|pv|pv|pv|pv,0.0,0,4,5,0
45133531,pv|pv|pv|pv|pv,0.0,14,3,5,1
45149630,pv|pv|pv|cart|pv,0.0,0,8,3,1
45159377,pv|pv|pv|cart|pv,555.0,0,5,0,0
45163199,pv|pv|cart|pv|pv,0.0,0,4,1,0
45180723,pv|pv|pv|pv|pv,0.0,0,0,0,0
45206837,pv|pv|pv|pv|pv,15.0,8,0,0,0
45208426,pv|pv|pv|pv|pv,0.0,4,0,2,0
45253676,pv|pv|pv|pv|pv,180.0,3,3,0,0
45258440,pv|pv|pv|pv|pv,0.0,1,2,1,0
45285339,pv|pv|pv|pv|pv,0.0,12,2,0,0
45317186,pv|pv|pv|pv|pv,0.0,0,2,1,0
45360868,pv|pv|pv|pv|pv,0.0,55,73,11,1
45384478,pv|pv|pv|pv|pv,15.0,9,33,5,0
45398630,pv|pv|pv|pv|pv,0.0,0,0,0,0
45405795,pv|pv|pv|pv|pv,0.0,1,0,0,0
45433328,pv|pv|pv|pv|pv,0.0,2,55,3,0
45434795,pv|pv|pv|pv|pv,1410.0,1,0,0,1
45460855,pv|pv|cart|pv|pv,810.0,0,6,2,0
45463421,pv|pv|pv|pv|pv,45.0,43,15,22,1
45473276,pv|pv|pv|pv|pv,0.0,0,168,30,1
45487249,pv|pv|pv|fav|pv,180.0,15,15,0,0
45519798,pv|pv|pv|pv|pv,0.0,0,5,0,0
45541267,pv|pv|pv|pv|pv,210.0,0,4,5,0
45542148,pv|pv|pv|pv|pv,0.0,0,11,1,1
45543836,pv|pv|pv|pv|pv,4365.0,0,0,0,0
45544099,pv|pv|pv|pv|pv,15.0,4,4,3,1
45563112,pv|pv|pv|pv|pv,0.0,12,98,26,1
45581890,pv|pv|pv|pv|pv,0.0,3,1,5,1
45598577,pv|pv|pv|pv|pv,0.0,1,15,7,0
45612771,fav|pv|pv|pv|pv,135.0,1,0,5,0
45616833,pv|pv|cart|pv|pv,0.0,0,15,1,1
45620035,pv|pv|pv|pv|pv,0.0,0,27,15,1
45642765,pv|pv|pv|pv|pv,15.0,2,2,5,0
45649071,pv|pv|pv|pv|pv,0.0,76,761,10,1
45659906,pv|pv|pv|pv|pv,495.0,1,46,10,1
45660059,pv|pv|pv|pv|pv,150.0,2,54,17,1
45714300,pv|pv|pv|pv|pv,0.0,1,3,5,0
45743550,pv|pv|pv|pv|pv,0.0,59,261,53,1
45754541,pv|pv|pv|pv|pv,405.0,0,29,7,0
45772052,pv|pv|pv|pv|fav,60.0,43,14,7,1
45773960,pv|pv|pv|pv|pv,555.0,0,0,7,0
45795160,cart|pv|cart|pv|pv,240.0,1,2,5,0
45796530,pv|pv|pv|pv|pv,0.0,2,19,4,1
45801743,pv|pv|fav|pv|pv,270.0,35,1,0,1
45820472,pv|pv|pv|pv|pv,105.0,0,0,1,0
45824154,pv|pv|pv|pv|pv,300.0,0,10,11,0
45865960,pv|pv|pv|pv|pv,0.0,51,27,7,0
45881494,pv|pv|pv|pv|pv,420.0,0,0,0,0
45892186,pv|pv|pv|pv|pv,0.0,0,5,5,0
45897708,cart|cart|pv|pv|pv,15.0,38,5,0,0
45900362,pv|pv|pv|pv|pv,0.0,0,2,6,0
45921788,pv|pv|pv|pv|pv,0.0,1,9,23,1
45926523,pv|pv|pv|pv|pv,135.0,175,34,20,1
45943442,pv|pv|pv|pv|pv,0.0,15,1,6,0
45966877,pv|pv|pv|pv|pv,0.0,44,68,29,1
45986000,pv|fav|buy|pv|cart,0.0,3,4,3,1
46010057,pv|pv|pv|pv|pv,0.0,1,10,0,1
46010609,pv|pv|cart|pv|cart,0.0,4,5,7,0
46011980,pv|pv|pv|pv|pv,0.0,2,1,4,0
46023224,pv|pv|pv|pv|pv,0.0,30,38,8,1
46037072,pv|pv|pv|pv|pv,0.0,0,2,3,0
46043523,pv|pv|pv|pv|pv,0.0,0,5,1,1
46058933,pv|pv|pv|pv|pv,0.0,0,0,0,0
46066007,pv|pv|pv|pv|pv,0.0,6,0,0,0
46086237,pv|pv|pv|pv|pv,0.0,1,1,0,0
46094459,pv|pv|pv|pv|pv,0.0,1,14,3,0
46112521,pv|pv|pv|pv|pv,0.0,4,23,4,1
46129619,pv|pv|pv|pv|pv,75.0,1,1,0,0
46133505,pv|pv|pv|pv|pv,0.0,13,66,28,1
46143156,pv|fav|pv|pv|fav,0.0,23,13,7,1
46207221,pv|pv|pv|pv|pv,0.0,0,1,0,0
46231195,pv|cart|pv|pv|pv,0.0,0,60,12,1
46241573,pv|pv|pv|pv|pv,0.0,0,1,2,0
46247152,pv|pv|pv|pv|pv,0.0,39,80,15,1
46249710,pv|pv|pv|pv|pv,0.0,0,5,2,1
46274658,pv|pv|pv|pv|pv,0.0,1,25,1,0
46288368,pv|pv|pv|pv|pv,675.0,14,10,10,0
46312993,pv|pv|pv|pv|pv,45.0,1,36,7,1
46313814,pv|pv|pv|pv|pv,15.0,28,13,5,0
46327874,pv|pv|pv|pv|pv,0.0,62,2,2,1
46334333,pv|pv|pv|pv|pv,0.0,6,2,6,0
46344003,pv|pv|pv|pv|pv,0.0,0,8,17,0
46349725,pv|pv|pv|pv|pv,15.0,0,9,4,0
46351917,pv|pv|pv|pv|pv,480.0,0,0,0,0
46375902,pv|pv|pv|pv|pv,0.0,0,0,3,0
46387925,pv|cart|buy|cart|pv,1095.0,0,2,0,1
46405869,pv|pv|pv|pv|pv,0.0,22,2,11,0
46408460,pv|pv|pv|pv|pv,0.0,3,3,4,0
46428221,pv|pv|pv|pv|pv,0.0,0,1,3,0
46433093,pv|pv|pv|pv|pv,0.0,5,0,4,0
46445715,pv|pv|pv|pv|pv,0.0,0,3,1,0
46448251,pv|pv|pv|pv|pv,0.0,0,0,0,0
46455628,pv|buy|pv|pv|pv,1410.0,0,1,2,0
46468680,pv|buy|pv|pv|pv,0.0,1,9,10,1
46468716,pv|pv|pv|pv|pv,0.0,2,3,12,0
46482511,pv|pv|pv|pv|pv,225.0,1,7,8,1
46483165,buy|pv|pv|pv|pv,0.0,2,7,7,0
46485348,pv|cart|pv|pv|pv,360.0,2,31,3,0
46486820,pv|pv|pv|pv|pv,2145.0,1,13,5,1
46515907,pv|pv|pv|pv|pv,345.0,0,4,2,0
46523853,cart|pv|pv|pv|pv,0.0,0,20,6,0
46591450,pv|pv|pv|buy|pv,15.0,1,3,6,1
46598584,pv|pv|pv|pv|pv,0.0,36,10,12,1
46607628,pv|pv|pv|pv|pv,465.0,1,52,18,1
46610519,pv|pv|pv|pv|pv,30.0,26,12,15,1
46611643,pv|pv|pv|pv|pv,915.0,7,5,10,1
46661434,pv|pv|pv|pv|pv,600.0,0,12,4,0
46661935,pv|pv|pv|pv|pv,0.0,57,39,56,1
46669341,pv|pv|pv|pv|pv,0.0,0,0,2,0
46716857,buy|cart|pv|pv|pv,1425.0,0,0,3,0
46728090,pv|pv|pv|pv|pv,0.0,0,10,4,1
46793743,pv|pv|fav|pv|pv,0.0,38,6,7,0
46830856,pv|pv|pv|pv|pv,195.0,0,3,0,0
46840769,pv|pv|pv|pv|pv,0.0,1,0,0,0
46877762,pv|pv|pv|pv|pv,0.0,0,16,2,0
46914246,pv|pv|pv|pv|pv,45.0,0,10,7,0
46945718,pv|pv|pv|pv|pv,660.0,0,5,1,0
46955464,pv|pv|pv|pv|pv,0.0,0,11,6,1
46978329,pv|pv|pv|pv|pv,585.0,14,6,3,0
46989305,pv|pv|pv|pv|pv,0.0,16,0,2,0
46997903,pv|pv|pv|pv|pv,0.0,0,22,7,1
47009589,pv|pv|pv|pv|pv,0.0,0,2,8,0
47011604,pv|pv|pv|pv|pv,225.0,1,0,2,0
47038183,pv|pv|pv|pv|pv,0.0,35,43,8,0
47043568,pv|cart|pv|pv|pv,0.0,0,2,3,0
47047755,pv|pv|pv|pv|pv,0.0,0,5,4,0
47060411,pv|pv|pv|pv|pv,15.0,2,37,47,1
47063673,pv|pv|pv|pv|pv,570.0,5,0,3,0
47065671,cart|pv|pv|pv|pv,0.0,3,81,15,1
47065920,pv|cart|pv|pv|pv,0.0,22,20,0,0
47068102,pv|pv|pv|pv|pv,0.0,0,0,0,0
47069591,fav|pv|pv|pv|pv,150.0,1,0,0,0
47071587,pv|pv|pv|pv|pv,1095.0,0,1,6,0
47074069,pv|pv|pv|pv|pv,0.0,8,0,0,0
47087121,pv|pv|pv|pv|pv,0.0,7,19,9,1
47090672,pv|pv|pv|pv|pv,0.0,27,3,13,0
47106355,pv|pv|pv|pv|pv,0.0,0,14,3,0
47109361,pv|pv|pv|pv|pv,45.0,17,57,16,1
47109924,pv|pv|pv|pv|pv,15.0,3,32,4,1
47128004,pv|pv|pv|pv|pv,0.0,36,0,5,0
47136810,pv|pv|cart|pv|cart,0.0,18,98,0,0
47137081,pv|pv|pv|pv|pv,0.0,2,0,0,0
47152738,pv|pv|pv|buy|pv,0.0,1,17,5,0
47153697,pv|pv|pv|pv|pv,675.0,76,20,17,1
47220515,pv|pv|pv|pv|pv,0.0,11,38,6,1
47237907,pv|pv|pv|pv|pv,15.0,0,21,20,0
47241390,pv|pv|pv|pv|pv,0.0,0,129,13,1
47248096,pv|pv|pv|pv|pv,0.0,0,1,7,0
47257431,pv|pv|pv|pv|pv,0.0,1,68,14,1
47272457,pv|pv|pv|pv|pv,0.0,0,38,8,1
47289191,pv|pv|pv|pv|pv,30.0,1,0,17,0
47293396,pv|pv|pv|pv|buy,15.0,16,426,12,1
47293645,pv|pv|pv|pv|pv,0.0,0,7,0,0
47294743,pv|pv|pv|pv|pv,0.0,0,2,2,0
47296218,pv|pv|pv|pv|pv,15.0,0,43,14,1
47318955,pv|pv|pv|pv|cart,0.0,0,1,0,0
47321502,pv|pv|pv|pv|pv,360.0,0,0,0,0
47321903,pv|pv|pv|pv|pv,0.0,41,12,9,0
47328088,pv|pv|pv|pv|pv,60.0,186,70,16,1
47333914,pv|pv|pv|pv|pv,60.0,3,37,11,1
47399128,pv|pv|pv|pv|pv,0.0,0,3,2,0
47410940,pv|pv|pv|pv|pv,0.0,0,8,1,0
47416853,pv|pv|pv|pv|pv,45.0,10,0,4,0
47428428,pv|pv|pv|pv|pv,0.0,1,20,10,0
47436377,pv|pv|pv|pv|pv,1170.0,1,8,14,0
47439748,pv|pv|pv|pv|pv,0.0,0,50,6,1
47534581,pv|pv|pv|pv|pv,15.0,0,4,1,0
47548482,pv|pv|pv|pv|pv,420.0,7,16,6,1
47551029,pv|pv|pv|pv|pv,0.0,1,113,26,1
47592059,pv|pv|pv|pv|pv,735.0,0,1,4,0
47630700,pv|pv|pv|cart|pv,0.0,0,14,3,0
47675537,pv|pv|pv|pv|pv,0.0,59,0,10,0
47679514,pv|pv|pv|pv|pv,0.0,1,11,2,0
47693061,pv|pv|pv|pv|buy,255.0,24,58,8,1
47710892,pv|pv|pv|pv|pv,75.0,0,21,7,0
47720492,pv|pv|pv|cart|pv,0.0,40,13,8,1
47727944,pv|pv|pv|pv|pv,0.0,1,0,4,0
47735893,pv|pv|pv|pv|pv,0.0,0,33,15,1
47753824,pv|pv|pv|pv|pv,1440.0,16,2,6,0
47763414,pv|pv|pv|pv|pv,4620.0,1,0,0,0
47780833,pv|pv|pv|pv|pv,360.0,1,1,2,0
47792171,pv|pv|pv|pv|pv,0.0,0,6,4,1
47813095,pv|pv|pv|pv|pv,45.0,0,99,13,1
47825067,pv|pv|pv|pv|pv,510.0,2,9,1,0
47874120,pv|pv|pv|pv|pv,0.0,3,225,31,1
47883477,pv|pv|pv|pv|pv,120.0,0,0,0,0
47888992,pv|pv|pv|pv|pv,150.0,1,82,4,1
47899491,pv|pv|pv|pv|pv,0.0,33,0,5,0
47908754,pv|pv|pv|pv|pv,15.0,65,10,5,0
47924940,pv|pv|pv|pv|pv,15.0,0,10,11,1
47942346,pv|pv|pv|pv|pv,0.0,47,0,1,1
47961060,pv|pv|pv|pv|pv,15.0,0,0,0,0
48059114,pv|pv|pv|pv|pv,0.0,2,13,6,0
48099335,pv|pv|pv|pv|pv,0.0,1,7,10,0
48123195,pv|pv|pv|pv|pv,195.0,41,8,5,0
48144461,pv|pv|pv|pv|pv,0.0,2,3,3,1
48186482,pv|pv|pv|pv|pv,0.0,22,15,5,1
48236976,pv|pv|pv|pv|pv,0.0,12,6,18,1
48255673,pv|pv|pv|pv|buy,0.0,0,9,3,1
48258563,pv|pv|pv|pv|pv,0.0,0,15,10,1
48270094,pv|pv|pv|pv|pv,0.0,56,64,10,1
48292690,pv|pv|pv|pv|pv,0.0,1,39,12,0
48304965,pv|pv|pv|pv|pv,0.0,1,6,1,0
48315003,pv|pv|pv|pv|pv,30.0,1,0,0,0
48327589,pv|pv|pv|pv|pv,15.0,4,29,18,0
48377656,pv|pv|pv|pv|pv,360.0,16,0,0,0
48409126,fav|buy|buy|pv|pv,75.0,29,46,14,1
48420009,pv|pv|pv|pv|pv,30.0,1,14,4,0
48425797,pv|pv|pv|pv|pv,0.0,0,27,0,0
48434349,pv|pv|pv|buy|pv,0.0,0,0,1,0
48445034,pv|pv|pv|pv|pv,15.0,47,229,9,1
48462900,pv|pv|pv|pv|pv,285.0,10,1,5,0
48467850,pv|pv|pv|pv|pv,615.0,0,8,0,0
48468739,pv|pv|pv|pv|pv,0.0,0,19,3,1
48470191,pv|cart|pv|pv|pv,105.0,221,67,5,1
48480943,pv|pv|pv|pv|pv,0.0,1,12,2,0
48505064,pv|pv|pv|cart|pv,0.0,0,7,0,0
48509295,pv|pv|pv|pv|pv,240.0,2,4,3,0
48510598,pv|pv|pv|pv|pv,0.0,1,2,2,0
48619165,pv|cart|pv|cart|pv,0.0,2,91,19,1
48677702,pv|pv|pv|pv|pv,75.0,350,15,19,1
48689754,pv|pv|pv|pv|pv,135.0,2,4,8,0
48700638,pv|pv|pv|pv|pv,0.0,43,2,1,0
48702002,pv|pv|pv|pv|pv,15.0,0,0,0,0
48722344,pv|pv|pv|pv|pv,0.0,0,5,7,0
48752418,pv|pv|pv|pv|pv,0.0,143,85,6,0
48767456,buy|pv|pv|pv|pv,0.0,72,125,37,1
48776635,pv|cart|pv|cart|pv,0.0,186,96,29,1
48777158,pv|pv|pv|pv|pv,0.0,54,16,7,1
48793683,pv|pv|fav|cart|pv,15.0,110,154,19,1
48809451,pv|pv|pv|pv|pv,0.0,125,25,11,0
48814012,pv|pv|pv|pv|pv,15.0,1,12,0,0
48830771,pv|pv|pv|pv|pv,0.0,0,3,0,0
48836510,pv|pv|pv|pv|pv,0.0,125,41,6,1
48851432,pv|pv|pv|pv|pv,0.0,1,2,4,1
48862112,pv|pv|pv|pv|pv,420.0,0,5,7,0
48862784,cart|pv|pv|pv|pv,90.0,0,4,2,0
48867580,pv|pv|cart|pv|pv,0.0,0,76,2,0
48885147,pv|pv|pv|pv|pv,0.0,24,61,10,1
48890303,pv|pv|pv|pv|pv,75.0,1,0,2,0
48897519,pv|pv|pv|pv|pv,30.0,97,6,20,1
48908899,pv|pv|pv|pv|pv,0.0,16,23,9,0
48920955,pv|pv|pv|cart|pv,0.0,2,72,16,1
48942128,pv|pv|pv|cart|pv,0.0,1,29,0,0
48951212,pv|pv|pv|pv|pv,0.0,0,14,0,0
48952279,pv|pv|pv|pv|pv,0.0,40,8,0,0
48962129,pv|pv|pv|buy|pv,0.0,0,0,1,0
48962145,buy|pv|cart|pv|pv,0.0,1,28,5,0
49000569,pv|pv|pv|pv|pv,0.0,16,0,2,0
49002030,pv|pv|pv|pv|pv,285.0,0,17,3,0
49003690,pv|pv|pv|pv|buy,15.0,91,22,15,1
49007368,pv|pv|pv|pv|pv,0.0,4,5,2,0
49007854,pv|pv|pv|pv|pv,0.0,0,8,20,1
49007972,pv|pv|pv|pv|pv,45.0,1,13,3,0
49026431,buy|buy|buy|buy|buy,0.0,0,19,5,1
49046459,pv|pv|pv|pv|pv,0.0,0,1,0,0
49068752,pv|pv|pv|pv|pv,0.0,27,6,6,0
49088987,pv|pv|pv|pv|pv,0.0,1,3,0,0
49105165,pv|pv|pv|pv|pv,15.0,15,22,11,1
49176199,pv|pv|pv|pv|pv,0.0,1,0,5,0
49189791,pv|pv|pv|pv|pv,45.0,2,26,9,0
49189810,pv|pv|pv|pv|pv,120.0,222,38,19,1
49243199,pv|buy|pv|pv|pv,120.0,0,11,4,0
49252659,pv|pv|pv|pv|pv,15.0,1,0,3,0
49272447,pv|pv|pv|pv|pv,15.0,4,0,3,0
49273084,pv|pv|pv|pv|pv,90.0,1,7,6,1
49279997,pv|pv|pv|pv|pv,375.0,0,1,5,0
49285159,pv|pv|pv|pv|pv,30.0,0,10,0,0
49296993,buy|cart|pv|pv|pv,345.0,0,15,4,1
49303053,pv|buy|buy|pv|pv,360.0,0,22,13,1
49337150,cart|pv|pv|buy|pv,0.0,0,18,15,1
49362840,pv|pv|pv|pv|pv,0.0,2,1,8,0
49371675,pv|pv|pv|pv|pv,0.0,26,12,7,1
49394233,pv|pv|pv|pv|pv,360.0,2,51,16,1
49396813,pv|pv|pv|pv|buy,15.0,0,63,8,1
49421729,cart|pv|pv|pv|pv,135.0,0,61,14,1
49429733,cart|buy|pv|pv|pv,15.0,178,23,17,1
49452583,pv|pv|pv|pv|pv,0.0,2,73,10,1
49456764,pv|pv|pv|pv|pv,0.0,16,9,3,0
49458175,pv|pv|pv|pv|pv,645.0,0,13,9,1
49461201,pv|pv|buy|pv|pv,1665.0,0,5,2,0
49512453,pv|pv|pv|pv|pv,0.0,34,25,7,1
49520808,pv|pv|pv|pv|pv,0.0,9,5,13,1
49542384,pv|pv|pv|pv|pv,15.0,121,25,12,1
49546726,pv|pv|pv|pv|pv,0.0,42,4,7,0
49566088,pv|pv|pv|pv|pv,375.0,0,0,0,0
49572212,pv|pv|pv|pv|pv,0.0,0,0,0,0
49579858,pv|pv|pv|pv|pv,765.0,0,11,7,1
49598175,pv|cart|cart|cart|cart,0.0,0,4,0,1
49608592,pv|pv|pv|pv|pv,0.0,3,25,0,0
49610523,pv|pv|pv|pv|pv,0.0,4,10,4,0
49614536,pv|pv|pv|pv|pv,45.0,7,25,11,1
49622041,pv|fav|pv|pv|pv,15.0,16,20,1,0
49646570,pv|pv|pv|pv|pv,0.0,0,0,0,0
49660995,pv|pv|pv|pv|pv,0.0,0,4,1,0
49683822,pv|pv|pv|pv|pv,0.0,5,63,13,1
49755294,pv|pv|pv|pv|pv,0.0,0,26,13,1
49772948,pv|pv|pv|pv|fav,0.0,2,13,6,1
49784280,pv|pv|pv|pv|pv,4620.0,11,0,1,0
49787656,pv|pv|pv|pv|pv,0.0,50,1,8,0
49804930,pv|pv|pv|pv|pv,0.0,0,4,2,1
49815803,pv|pv|pv|pv|pv,0.0,5,2,6,0
49823478,pv|pv|pv|pv|pv,0.0,0,1,9,1
49830169,pv|pv|pv|pv|pv,0.0,17,4,7,1
49841922,pv|pv|pv|pv|pv,15.0,2,30,11,1
49844654,pv|cart|pv|cart|pv,0.0,2,55,3,0
49847741,pv|pv|pv|pv|pv,15.0,0,1,3,0
49848032,pv|pv|pv|pv|pv,0.0,0,59,12,1
49871598,pv|pv|pv|pv|pv,0.0,1,75,38,1
49893764,pv|pv|pv|pv|pv,0.0,4,8,5,1
49896332,pv|pv|pv|pv|pv,0.0,0,11,2,1
49904939,pv|pv|pv|pv|pv,120.0,3,0,2,0
49911829,pv|pv|pv|pv|pv,90.0,0,1,4,0
49935957,pv|pv|pv|pv|pv,570.0,0,1,2,1
49943190,pv|pv|pv|pv|pv,0.0,0,27,12,0
49949443,pv|pv|pv|pv|pv,0.0,10,3,0,0
50010860,pv|pv|pv|pv|pv,0.0,55,39,4,0
50020786,pv|pv|pv|pv|pv,0.0,30,1,5,0
50030868,pv|pv|pv|pv|pv,720.0,5,25,5,0
50033888,pv|pv|pv|pv|pv,1350.0,0,4,0,0
50042882,pv|pv|pv|pv|pv,525.0,0,15,11,1
50062533,pv|pv|pv|pv|pv,45.0,0,7,4,1
50066882,pv|pv|pv|pv|buy,0.0,0,3,10,0
50071113,pv|pv|pv|cart|pv,0.0,0,21,1,1
50088028,buy|pv|pv|pv|pv,0.0,0,41,10,1
50099861,pv|pv|pv|pv|pv,0.0,2,12,2,0
50145534,pv|pv|buy|pv|pv,690.0,0,4,12,0
50146318,pv|pv|pv|pv|pv,0.0,1,0,2,0
50157359,pv|pv|pv|pv|pv,315.0,2,2,1,0
50157444,pv|fav|pv|pv|pv,15.0,4,0,2,1
50169478,pv|pv|pv|pv|pv,75.0,66,20,7,1
50196156,pv|pv|pv|pv|pv,0.0,1,75,14,1
50197899,pv|pv|pv|fav|pv,15.0,40,7,1,1
50198894,pv|pv|pv|pv|buy,750.0,0,1,1,0
50200830,pv|pv|pv|pv|pv,0.0,9,11,1,0
50208513,buy|pv|pv|pv|fav,0.0,1,0,1,0
50242093,pv|pv|pv|pv|pv,0.0,0,1,10,0
50244004,pv|pv|pv|pv|pv,30.0,54,163,60,1
50312283,pv|pv|pv|pv|pv,480.0,0,9,4,1
50312387,pv|pv|pv|cart|pv,0.0,15,23,10,0
50323186,pv|pv|pv|pv|pv,15.0,11,4,1,0
50331917,pv|buy|pv|pv|pv,990.0,0,5,4,1
50343169,pv|pv|pv|pv|pv,0.0,0,5,4,0
50343267,pv|pv|pv|pv|pv,30.0,1,10,11,0
50346435,pv|pv|pv|pv|pv,0.0,0,52,19,1
50347397,pv|pv|pv|pv|pv,3210.0,1,0,0,0
50349864,pv|pv|pv|pv|pv,0.0,0,2,2,0
50355045,pv|pv|pv|pv|pv,1395.0,1,0,2,0
50372642,pv|pv|pv|pv|pv,0.0,6,12,6,1
50430840,pv|pv|pv|pv|pv,885.0,0,0,2,0
50443823,pv|pv|pv|pv|pv,1830.0,0,79,7,1
50478366,pv|pv|pv|pv|pv,375.0,1,2,6,1
50530013,buy|buy|pv|pv|pv,1020.0,0,3,3,0
50553250,pv|pv|pv|pv|pv,30.0,30,46,9,1
50555770,buy|pv|pv|pv|pv,4695.0,0,0,1,0
50597161,pv|pv|pv|pv|pv,0.0,0,3,0,0
50608870,pv|pv|cart|pv|pv,0.0,0,1,1,0
50616987,pv|pv|pv|pv|pv,0.0,8,1,5,0
50627823,pv|pv|pv|pv|pv,135.0,2,9,1,0
50641447,pv|pv|pv|pv|pv,0.0,2,27,0,0
50660286,pv|pv|pv|pv|pv,0.0,2,1,1,0
50672934,pv|buy|pv|pv|pv,405.0,10,0,3,0
50673557,pv|pv|pv|pv|pv,0.0,2,191,33,1
50698254,pv|pv|pv|pv|pv,0.0,0,20,8,0
50703618,pv|pv|pv|pv|pv,0.0,1,34,11,1
50704206,pv|pv|pv|pv|pv,0.0,0,3,2,0
50706256,pv|pv|pv|pv|pv,255.0,0,3,8,0
50721809,pv|pv|pv|pv|pv,0.0,11,1,5,0
50728797,pv|pv|pv|pv|pv,15.0,0,0,1,0
50743966,pv|pv|pv|pv|pv,105.0,2,18,7,1
50747233,pv|pv|pv|pv|pv,0.0,16,7,6,1
50759397,pv|pv|pv|pv|pv,60.0,22,7,20,1
50764909,pv|pv|pv|pv|pv,0.0,15,17,8,1
50777514,pv|pv|pv|pv|pv,0.0,13,10,3,0
50782707,pv|pv|pv|pv|pv,0.0,1,0,0,0
50802614,pv|pv|pv|pv|pv,135.0,0,3,5,0
50823792,pv|pv|pv|pv|pv,0.0,2,0,11,0
50834210,pv|pv|pv|pv|pv,0.0,0,3,12,1
50857110,pv|pv|pv|pv|pv,180.0,73,6,18,1
50864448,pv|pv|pv|pv|pv,3090.0,0,0,0,0
50871193,pv|pv|pv|pv|pv,0.0,6,0,6,0
50900446,pv|pv|pv|pv|pv,105.0,15,21,12,1
50904788,pv|pv|pv|pv|pv,0.0,438,48,22,1
50905621,pv|pv|pv|pv|pv,0.0,0,0,0,0
50914255,pv|pv|pv|pv|pv,0.0,0,8,15,1
50927089,pv|pv|pv|cart|pv,0.0,2,21,5,0
50960524,pv|pv|pv|pv|pv,0.0,0,37,14,1
51013339,cart|pv|pv|pv|pv,0.0,2,85,14,1
51026496,pv|pv|pv|pv|pv,0.0,0,27,8,1
51053646,pv|pv|pv|pv|fav,0.0,31,32,11,1
51059755,pv|pv|pv|pv|pv,0.0,21,22,12,1
51065301,pv|pv|pv|pv|pv,165.0,0,0,0,0
51085123,pv|pv|pv|pv|pv,0.0,10,3,2,1
51098608,pv|pv|pv|pv|pv,0.0,38,2,5,0
51099335,cart|pv|pv|cart|pv,210.0,7,56,21,1
51123305,pv|pv|pv|fav|fav,0.0,78,15,4,0
51169540,pv|pv|pv|pv|pv,15.0,60,5,10,0
51176209,pv|pv|pv|pv|pv,0.0,0,16,9,0
51204443,pv|pv|pv|pv|pv,0.0,17,0,3,0
51223653,pv|pv|pv|pv|pv,690.0,1,8,2,0
51233471,pv|pv|pv|pv|pv,0.0,7,1,5,0
51234996,buy|pv|pv|pv|cart,0.0,4,38,12,1
51298155,pv|pv|pv|pv|pv,15.0,0,3,4,0
51311734,pv|pv|pv|pv|pv,0.0,6,30,13,1
51326262,pv|fav|pv|pv|pv,0.0,9,34,6,1
51341836,pv|pv|pv|pv|pv,0.0,188,128,18,1
51402536,pv|pv|pv|pv|pv,0.0,0,12,5,0
51411267,pv|pv|pv|pv|pv,0.0,3,1,6,0
51417755,pv|pv|pv|pv|pv,345.0,0,9,4,1
51426415,pv|pv|pv|pv|pv,0.0,11,168,8,0
51429394,pv|pv|pv|pv|pv,195.0,0,14,10,0
51431196,pv|pv|pv|pv|pv,15.0,2,65,12,1
51435164,pv|pv|pv|pv|cart,0.0,1,287,39,1
51435191,pv|pv|pv|pv|pv,300.0,8,19,18,1
51436651,pv|pv|pv|pv|pv,960.0,0,4,0,1
51455170,pv|buy|pv|pv|pv,0.0,0,3,3,0
51473167,pv|pv|pv|pv|pv,2370.0,7,9,0,0
51492142,pv|pv|pv|pv|pv,0.0,129,351,180,1
51503232,pv|pv|pv|fav|pv,0.0,3,36,17,1
51597514,pv|pv|pv|pv|cart,0.0,2,54,10,1
51602649,pv|pv|pv|pv|pv,135.0,11,12,8,1
51612422,pv|pv|pv|cart|pv,0.0,0,30,11,0
51619092,pv|pv|pv|pv|pv,360.0,0,5,0,0
51666038,pv|pv|pv|pv|pv,0.0,11,9,14,1
51688276,pv|pv|pv|pv|pv,0.0,0,0,0,0
51689371,fav|pv|pv|pv|pv,0.0,4,0,31,0
51703365,cart|pv|pv|pv|pv,765.0,0,36,7,0
51724638,cart|pv|pv|pv|pv,15.0,0,12,0,0
51763538,pv|pv|pv|pv|pv,0.0,72,108,0,0
51771947,pv|pv|pv|pv|pv,735.0,0,8,4,1
51778843,pv|pv|pv|fav|pv,0.0,1,1,0,0
51843348,pv|pv|pv|pv|pv,0.0,0,2,0,0
51852920,pv|pv|pv|pv|pv,0.0,0,1,0,0
51880896,pv|cart|pv|pv|pv,0.0,0,25,3,0
51926383,pv|pv|pv|pv|pv,0.0,0,7,3,1
51926941,pv|pv|pv|pv|pv,0.0,59,40,18,1
51932351,pv|pv|pv|pv|pv,330.0,1,19,0,0
51940848,pv|pv|pv|pv|pv,0.0,92,18,13,1
51945411,pv|pv|pv|pv|fav,0.0,10,1,5,1
51946048,pv|pv|pv|pv|pv,0.0,1,6,3,1
51948061,pv|pv|pv|pv|pv,195.0,0,11,0,0
51969724,pv|pv|pv|pv|pv,0.0,0,3,1,0
51969859,pv|pv|pv|pv|pv,180.0,0,0,4,0
52042648,pv|pv|fav|pv|pv,0.0,10,7,18,1
52046180,pv|pv|pv|pv|pv,1680.0,0,0,1,0
52057006,pv|pv|pv|pv|pv,0.0,46,11,18,1
52066451,pv|pv|pv|pv|pv,0.0,0,0,1,0
52072237,pv|pv|pv|pv|pv,0.0,0,43,10,0
52110227,pv|pv|pv|pv|pv,0.0,4,38,18,1
52116816,pv|pv|pv|pv|pv,0.0,1,38,11,1
52137505,pv|pv|pv|pv|pv,0.0,1,14,1,0
52196654,pv|pv|cart|pv|pv,0.0,0,22,5,0
52256064,pv|pv|pv|pv|pv,0.0,1,22,21,1
52302535,pv|pv|pv|pv|pv,0.0,142,23,22,1
52316129,pv|fav|pv|fav|fav,0.0,40,4,5,1
52368085,pv|pv|pv|pv|pv,0.0,1,81,3,1
52372344,pv|pv|pv|pv|pv,105.0,10,9,8,1
52394552,pv|pv|pv|fav|pv,0.0,4,1,5,0
52395429,pv|pv|pv|pv|pv,0.0,8,4,23,1
52411237,pv|pv|pv|pv|pv,0.0,2,7,2,1
52416277,pv|pv|pv|fav|pv,180.0,26,3,11,1
52431232,pv|pv|pv|cart|pv,0.0,0,9,3,1
52448630,pv|pv|pv|pv|pv,0.0,1,6,2,0
52461307,pv|fav|pv|pv|buy,15.0,1,0,0,1
52505405,pv|pv|pv|pv|pv,0.0,1,34,7,1
52512070,cart|cart|pv|cart|cart,75.0,0,11,3,0
52523285,pv|pv|pv|pv|buy,0.0,0,10,3,0
52523404,pv|pv|pv|pv|pv,120.0,0,3,1,0
52525317,pv|pv|pv|pv|pv,0.0,0,32,7,0
52534043,pv|pv|pv|pv|pv,0.0,0,44,19,1
52548753,fav|pv|pv|pv|pv,0.0,22,14,15,1
52559406,pv|pv|pv|pv|pv,0.0,237,5,0,0
52571164,pv|pv|pv|pv|pv,0.0,19,19,7,1
52577851,pv|pv|pv|pv|pv,15.0,7,651,40,1
52578253,pv|pv|pv|pv|pv,15.0,1,11,6,0
52580712,pv|pv|cart|pv|pv,255.0,2,122,37,1
52588100,pv|pv|pv|pv|pv,0.0,4,1,3,0
52589143,pv|pv|pv|pv|pv,0.0,2,6,8,0
52592137,pv|pv|pv|pv|pv,0.0,0,2,5,1
52610344,pv|pv|pv|pv|pv,0.0,58,4,2,0
52610714,pv|pv|pv|pv|pv,0.0,6,45,12,0
52622361,pv|pv|pv|pv|pv,0.0,0,2,8,0
52655107,pv|pv|pv|pv|pv,0.0,0,0,1,0
52660721,pv|fav|pv|pv|pv,0.0,313,341,18,1
52665292,pv|pv|pv|pv|pv,360.0,0,1,0,0
52683211,pv|pv|pv|pv|pv,30.0,74,6,6,0
52741439,pv|pv|pv|pv|pv,15.0,1,8,0,0
52749694,pv|pv|pv|pv|pv,0.0,0,10,0,0
52757653,pv|pv|pv|pv|pv,0.0,0,1,1,0
52763242,pv|pv|pv|pv|pv,0.0,34,18,11,1
52772551,pv|pv|pv|pv|pv,0.0,133,32,15,1
52785857,pv|pv|pv|pv|pv,0.0,1,23,2,0
52795855,pv|pv|pv|pv|pv,135.0,0,14,2,0
52797666,pv|pv|pv|pv|pv,2460.0,1,1,4,0
52807388,pv|cart|pv|cart|pv,1530.0,2,4,1,0
52808446,pv|cart|pv|pv|pv,15.0,2,33,6,0
52820979,pv|pv|pv|pv|pv,0.0,0,1,6,0
52824803,pv|pv|pv|pv|pv,0.0,0,0,0,0
52825214,pv|pv|pv|pv|pv,45.0,9,0,2,0
52842050,pv|pv|pv|pv|pv,420.0,2,63,12,1
52844100,pv|pv|pv|pv|pv,0.0,15,4,7,0
52853607,pv|pv|pv|pv|pv,0.0,5,30,8,1
52891027,pv|cart|pv|pv|pv,30.0,0,138,6,1
52892259,pv|pv|pv|pv|pv,0.0,0,39,15,1
52895098,pv|pv|pv|pv|pv,0.0,18,55,10,0
52951149,pv|pv|pv|pv|pv,195.0,74,16,2,0
52953942,pv|pv|pv|pv|pv,0.0,2,7,4,0
52957351,pv|pv|pv|pv|pv,0.0,2,34,5,0
52986601,pv|pv|pv|pv|pv,0.0,10,39,0,0
52987418,pv|pv|pv|pv|pv,0.0,0,0,0,0
53002589,pv|pv|pv|pv|pv,0.0,23,33,5,0
53026057,pv|pv|pv|pv|pv,405.0,0,8,0,0
53027024,pv|pv|pv|pv|pv,0.0,3,84,18,1
53027238,pv|pv|pv|pv|pv,525.0,26,15,18,0
53046771,pv|pv|pv|pv|pv,0.0,5,4,5,0
53051494,pv|pv|pv|pv|pv,0.0,0,0,1,0
53080199,pv|pv|pv|pv|pv,0.0,116,147,32,1
53119472,pv|pv|pv|pv|pv,315.0,0,10,1,1
53135843,pv|pv|pv|pv|pv,1455.0,0,6,2,1
53150140,pv|pv|pv|pv|pv,0.0,93,67,30,1
53154333,pv|pv|pv|buy|cart,150.0,0,10,3,0
53162708,pv|pv|pv|pv|pv,240.0,10,24,8,1
53167968,pv|pv|pv|pv|pv,0.0,7,1,7,1
53181731,pv|cart|pv|pv|pv,0.0,0,3,0,0
53219515,pv|pv|pv|pv|pv,0.0,12,0,4,0
53227937,pv|pv|pv|pv|pv,15.0,4,72,18,1
53235769,pv|pv|pv|pv|pv,0.0,0,9,7,0
53245132,pv|pv|pv|pv|pv,0.0,0,0,3,0
53247630,pv|pv|pv|cart|pv,0.0,0,9,1,0
53253442,pv|pv|pv|pv|pv,615.0,1,1,1,1
53281938,fav|cart|pv|pv|pv,0.0,6,3,0,0
53308425,pv|pv|pv|fav|pv,0.0,12,2,0,0
53364820,pv|pv|pv|pv|pv,15.0,0,26,10,1
53391754,pv|pv|pv|pv|pv,0.0,0,7,2,0
53396017,pv|pv|pv|pv|pv,3375.0,13,0,3,0
53406644,pv|pv|pv|pv|pv,0.0,0,4,10,0
53416987,pv|pv|pv|pv|pv,0.0,3,140,46,1
53438473,pv|pv|pv|pv|pv,0.0,1,89,12,1
53451276,pv|pv|pv|pv|pv,720.0,5,0,7,0
53470960,pv|pv|pv|pv|pv,75.0,5,2,3,1
53472380,pv|pv|pv|pv|pv,0.0,0,1,1,0
53476899,pv|pv|pv|pv|pv,0.0,2,5,4,0
53516043,pv|pv|pv|pv|pv,120.0,1,0,0,0
53517495,pv|pv|pv|pv|pv,0.0,0,3,8,1
53527205,pv|pv|pv|pv|pv,0.0,0,1,0,0
53538099,pv|pv|pv|pv|pv,0.0,0,113,26,1
53552500,pv|pv|pv|pv|pv,0.0,5,15,7,1
53560831,pv|pv|pv|pv|pv,0.0,15,164,8,1
53568053,pv|pv|pv|pv|pv,0.0,10,67,9,1
53569008,pv|pv|pv|pv|pv,0.0,68,43,14,1
53621147,pv|pv|pv|pv|pv,0.0,6,7,5,1
53629148,pv|pv|pv|pv|pv,990.0,14,0,2,0
53640860,pv|pv|pv|pv|pv,0.0,0,1,0,0
53647731,pv|pv|pv|pv|pv,15.0,1,24,6,1
53672814,pv|pv|pv|pv|pv,0.0,0,39,7,1
53687535,pv|pv|pv|pv|pv,0.0,13,27,6,1
53688011,pv|pv|pv|pv|buy,135.0,1,11,9,1
53688809,pv|pv|pv|pv|pv,0.0,0,0,2,0
53693834,pv|pv|pv|pv|pv,0.0,0,0,0,0
53708814,pv|pv|pv|pv|pv,360.0,1,5,2,0
53711406,pv|fav|pv|pv|pv,0.0,2,0,3,0
53733006,pv|pv|pv|pv|pv,0.0,0,1,0,0
53751383,pv|pv|pv|pv|pv,120.0,2,17,9,1
53767362,pv|pv|pv|pv|pv,570.0,1,3,2,0
53779445,pv|pv|pv|pv|pv,0.0,5,26,21,1
53788912,pv|pv|pv|pv|pv,30.0,0,109,11,1
53788959,pv|pv|pv|pv|pv,15.0,0,0,0,0
53791136,pv|pv|pv|pv|pv,6435.0,0,0,0,0
53797092,cart|pv|pv|pv|cart,0.0,4,154,4,1
53831524,pv|pv|pv|pv|pv,75.0,0,12,4,0
53881441,pv|pv|pv|pv|pv,30.0,6,2,4,1
53899840,pv|pv|pv|pv|pv,0.0,0,17,8,1
53910293,pv|pv|pv|pv|pv,0.0,1,13,2,0
53916276,pv|pv|pv|pv|pv,15.0,49,74,9,1
53920496,pv|pv|pv|pv|pv,0.0,0,6,2,0
53933746,pv|pv|pv|pv|pv,660.0,0,3,1,0
54003632,pv|pv|pv|fav|pv,0.0,248,1,14,0
54007195,pv|pv|pv|pv|pv,0.0,140,47,13,1
54025878,pv|pv|pv|pv|pv,0.0,0,16,4,1
54052732,pv|pv|pv|pv|pv,315.0,0,12,0,0
54053723,pv|pv|pv|pv|pv,1095.0,19,1,5,0
54072669,pv|pv|pv|pv|pv,0.0,40,16,7,0
54073830,pv|pv|pv|pv|pv,0.0,1,0,2,0
54117782,pv|pv|pv|pv|pv,2940.0,1,0,2,0
54133893,pv|pv|pv|pv|pv,0.0,15,31,17,1
54144399,pv|pv|pv|pv|pv,45.0,2,53,16,1
54168401,pv|pv|pv|pv|pv,0.0,2,126,11,0
54172442,pv|pv|pv|pv|pv,0.0,9,16,7,0
54187558,pv|pv|pv|pv|pv,0.0,11,0,13,0
54200331,pv|pv|pv|pv|pv,0.0,0,16,4,0
54204561,pv|pv|pv|pv|pv,0.0,1,45,10,1
54204970,pv|cart|cart|buy|buy,15.0,1,16,0,1
54206477,pv|pv|pv|pv|pv,1245.0,0,8,5,0
54214799,pv|pv|pv|pv|pv,300.0,28,51,8,1
54233520,pv|pv|pv|pv|pv,270.0,0,64,4,0
54242064,pv|pv|pv|pv|pv,0.0,0,17,2,0
54254339,pv|pv|pv|pv|pv,15.0,25,5,7,1
54258366,pv|pv|pv|pv|pv,60.0,11,15,9,1
54276328,pv|pv|pv|pv|pv,1065.0,1,29,2,0
54279484,pv|pv|pv|pv|pv,0.0,1,42,2,1
54287358,pv|pv|pv|pv|pv,585.0,2,26,26,1
54299599,pv|pv|pv|buy|pv,0.0,30,1,22,1
54330314,pv|pv|pv|pv|pv,0.0,1,16,10,0
54330697,pv|pv|pv|pv|pv,975.0,0,2,1,0
54340712,pv|pv|pv|pv|pv,60.0,4,31,8,1
54345635,pv|pv|pv|cart|pv,0.0,1,8,2,1
54365017,pv|pv|pv|buy|pv,0.0,0,0,1,0
54368655,pv|pv|pv|pv|pv,795.0,0,0,2,0
54369998,pv|pv|pv|pv|pv,135.0,0,0,0,0
54373708,buy|buy|pv|pv|pv,255.0,1,11,12,0
54388253,cart|cart|cart|pv|cart,0.0,25,8,4,0
54404822,pv|pv|pv|buy|cart,0.0,0,20,7,1
54423533,cart|pv|pv|pv|pv,0.0,5,196,6,1
54450830,pv|pv|pv|pv|pv,0.0,0,15,14,1
54459439,pv|pv|pv|pv|pv,3285.0,0,23,3,0
54465497,pv|pv|pv|pv|pv,345.0,0,1,4,0
54476739,buy|pv|pv|pv|pv,0.0,3,1,16,0
54481329,pv|pv|pv|pv|pv,270.0,5,2,1,0
54482567,pv|pv|pv|pv|pv,5055.0,1,0,1,0
54492776,pv|pv|pv|pv|pv,0.0,5,0,6,0
54522131,pv|pv|pv|pv|pv,120.0,2,44,4,0
54547365,pv|pv|pv|pv|pv,15.0,0,1,3,0
54554843,pv|pv|pv|pv|pv,0.0,99,1,2,0
54572872,pv|pv|pv|pv|pv,585.0,10,14,1,1
54575694,pv|pv|pv|pv|pv,0.0,9,7,0,0
54586263,pv|pv|pv|pv|pv,0.0,34,0,1,0
54590569,pv|pv|pv|pv|pv,30.0,0,78,14,1
54597316,pv|pv|cart|pv|pv,0.0,0,1,1,0
54598175,pv|pv|pv|pv|pv,0.0,0,12,7,1
54658244,pv|pv|pv|pv|pv,0.0,1,13,12,1
54658786,pv|pv|pv|pv|pv,0.0,113,12,2,0
54660744,pv|pv|pv|pv|pv,0.0,25,0,4,0
54666554,pv|pv|pv|pv|pv,0.0,36,13,13,0
54668253,pv|pv|pv|pv|pv,0.0,4,3,2,1
54669909,pv|pv|pv|pv|pv,375.0,0,37,4,0
54683876,pv|pv|pv|pv|pv,0.0,0,25,2,1
54691351,pv|pv|pv|pv|pv,0.0,1,8,0,0
54704248,pv|pv|pv|buy|pv,105.0,0,14,7,0
54707710,pv|pv|pv|pv|pv,0.0,13,4,3,0
54711585,pv|pv|pv|pv|pv,570.0,27,29,25,1
54725247,pv|pv|pv|pv|pv,15.0,101,124,31,1
54747189,pv|pv|pv|pv|pv,0.0,0,0,0,0
54769390,pv|pv|pv|pv|pv,15.0,14,0,4,0
54771046,pv|pv|pv|pv|pv,90.0,1,32,12,0
54777788,cart|pv|pv|pv|pv,0.0,0,2,4,0
54798076,pv|pv|buy|pv|pv,315.0,6,0,1,0
54827821,pv|pv|pv|pv|pv,0.0,5,4,13,0
54914362,pv|pv|pv|pv|pv,1845.0,1,2,1,0
54917114,pv|cart|pv|pv|pv,0.0,3,5,1,0
54922233,pv|fav|pv|pv|pv,0.0,110,32,15,1
54949966,pv|pv|pv|pv|pv,15.0,4,13,9,1
54962988,pv|pv|pv|pv|pv,0.0,20,0,2,0
54970164,pv|pv|pv|pv|pv,195.0,0,75,23,1
54994098,pv|pv|pv|pv|pv,0.0,0,21,5,0
55035700,pv|pv|pv|pv|pv,300.0,3,3,0,0
55037704,pv|pv|pv|pv|pv,2370.0,0,1,0,0
55050954,pv|pv|pv|pv|pv,0.0,0,28,0,1
55053280,pv|pv|pv|pv|pv,0.0,5,1,0,0
55055762,pv|pv|pv|pv|pv,0.0,43,55,10,1
55060722,pv|pv|pv|pv|pv,0.0,37,0,2,0
55101915,pv|pv|pv|pv|pv,0.0,1,37,1,0
55136020,pv|pv|pv|pv|pv,1425.0,0,1,9,0
55141244,pv|pv|pv|cart|pv,0.0,2,16,9,1
55178016,pv|pv|pv|pv|pv,720.0,4,6,6,0
55192254,pv|pv|pv|pv|pv,0.0,63,0,2,0
55192915,pv|pv|pv|pv|pv,0.0,5,0,3,0
55193222,cart|pv|pv|pv|pv,0.0,0,14,1,0
55207467,pv|pv|pv|pv|pv,0.0,2,177,14,1
55219760,pv|pv|pv|pv|pv,0.0,8,0,4,0
55252215,pv|pv|pv|pv|pv,0.0,0,33,8,1
55257797,pv|pv|pv|pv|pv,30.0,2,49,14,1
55265236,pv|pv|pv|pv|pv,0.0,26,13,13,1
55274592,pv|pv|pv|pv|pv,0.0,0,5,3,1
55275004,pv|pv|pv|pv|pv,345.0,19,3,4,0
55305887,cart|pv|pv|pv|pv,0.0,0,45,21,1
55333272,pv|pv|pv|pv|pv,2895.0,0,0,0,0
55345737,pv|pv|pv|pv|pv,0.0,0,2,0,0
55369150,pv|pv|pv|pv|pv,0.0,0,15,1,0
55381200,pv|pv|pv|pv|pv,0.0,717,5,13,0
55415825,pv|pv|pv|pv|pv,645.0,37,0,2,0
55440618,cart|pv|pv|pv|pv,0.0,0,1,5,0
55441310,pv|pv|pv|pv|pv,0.0,1,0,2,0
55456593,pv|pv|pv|pv|pv,435.0,0,1,1,0
55467860,pv|pv|pv|pv|pv,0.0,7,4,12,0
55487726,pv|pv|pv|pv|pv,120.0,5,9,5,0
55501034,pv|pv|pv|pv|pv,0.0,96,2,8,0
55528877,pv|pv|buy|buy|buy,15.0,1,2,6,0
55530513,pv|pv|pv|pv|pv,135.0,0,34,6,0
55548424,pv|pv|pv|pv|pv,15.0,18,30,8,0
55556537,pv|pv|pv|pv|pv,15.0,3,9,4,0
55561552,pv|pv|pv|buy|pv,915.0,1,22,19,0
55575058,pv|pv|pv|pv|pv,105.0,0,49,17,1
55576078,pv|pv|pv|pv|pv,0.0,19,0,0,0
55588418,pv|pv|pv|pv|pv,150.0,21,15,5,1
55588786,pv|pv|pv|pv|pv,0.0,4,1,1,0
55603065,pv|pv|pv|pv|pv,420.0,5,5,5,0
55605483,pv|fav|pv|pv|pv,0.0,145,100,66,1
55619772,pv|pv|pv|pv|pv,0.0,0,0,1,0
55639966,pv|pv|pv|pv|pv,0.0,2,7,3,0
55668630,cart|buy|pv|pv|pv,120.0,1,48,8,1
55685159,pv|pv|pv|pv|pv,315.0,0,98,46,1
55694827,pv|pv|pv|pv|pv,645.0,0,20,10,1
55721608,pv|pv|pv|pv|pv,15.0,2,6,3,0
55749305,pv|pv|pv|pv|pv,15.0,41,19,8,1
55764582,pv|pv|pv|pv|pv,0.0,4,5,0,1
55766107,pv|pv|pv|pv|pv,315.0,0,0,1,0
55821833,pv|pv|pv|pv|pv,600.0,40,13,9,0
55828617,pv|pv|pv|pv|pv,0.0,1,1,2,0
55832101,pv|buy|pv,0.0,0,0,1,0
55832398,pv|pv|pv|pv|pv,0.0,7,154,1,1
55836212,pv|pv|pv|pv|pv,0.0,0,47,13,1
55864105,pv|buy|pv|cart|pv,375.0,0,2,2,0
55882028,pv|pv|pv|pv|pv,0.0,4,1,6,1
55884426,pv|pv|cart|pv|pv,450.0,0,21,15,1
55889877,pv|pv|pv|pv|pv,15.0,1,124,21,1
55890664,pv|fav|pv|pv|pv,0.0,31,1,6,1
55948598,pv|pv|pv|pv|pv,0.0,0,62,5,1
55961337,pv|pv|pv|pv|pv,0.0,0,0,0,0
55975460,pv|pv|pv|pv|pv,105.0,30,8,13,0
56002069,pv|pv|pv|pv|pv,0.0,3,69,9,1
56009546,pv|pv|pv|pv|pv,30.0,1,17,10,0
56045820,pv|pv|pv|pv|pv,30.0,13,0,0,0
56053530,pv|pv|pv|pv|pv,0.0,59,37,8,1
56063372,pv|pv|pv|pv|pv,0.0,98,26,0,0
56096607,pv|pv|pv|pv|cart,0.0,5,1,3,0
56105906,pv|pv|pv|pv|pv,240.0,0,7,3,0
56119326,pv|pv|pv|pv|pv,165.0,1,6,2,0
56124730,pv|pv|pv|pv|fav,0.0,23,4,8,1
56161120,pv|pv|pv|pv|pv,705.0,3,3,4,0
56167258,pv|pv|pv|pv|pv,0.0,0,10,2,1
56186882,pv|pv|pv|pv|pv,0.0,9,10,6,1
56199602,pv|pv|pv|pv|pv,0.0,27,5,9,1
56201536,pv|pv|pv|pv|pv,0.0,0,0,1,0
56205838,pv|pv|pv|pv|pv,0.0,75,5,1,0
56210078,pv|pv|pv|pv|pv,0.0,3,41,12,0
56219133,pv|pv|pv|pv|pv,675.0,0,5,5,1
56245076,pv|pv|pv|pv|pv,0.0,98,114,9,1
56259246,pv|pv|pv|pv|pv,0.0,10,0,0,0
56265199,pv|pv|pv|pv|pv,360.0,38,1,18,0
56278193,pv|pv|pv|pv|pv,0.0,8,27,17,1
56279008,pv|pv|pv|cart|pv,0.0,1,7,1,0
56296919,pv|pv|pv|pv|pv,120.0,5,2,2,0
56346664,pv|pv|pv|pv|pv,0.0,14,3,0,0
56367782,pv|pv|pv|pv|pv,0.0,1,37,9,1
56373208,pv|pv|pv|pv|pv,60.0,1,8,10,1
56376570,pv|pv|pv|pv|pv,0.0,32,11,4,1
56377036,pv|pv|pv|pv|pv,15.0,5,16,11,1
56399419,pv|pv|pv|pv|pv,0.0,0,22,7,1
56410564,pv|pv|pv|pv|pv,270.0,0,6,2,0
56423900,pv|pv|pv|pv|pv,90.0,1,7,3,0
56444539,pv|pv|pv|pv|pv,0.0,7,21,14,1
56462249,pv|pv|pv|pv|pv,0.0,2,357,29,1
56466888,pv|pv|pv|pv|pv,0.0,27,7,7,1
56472082,pv|pv|pv|pv|pv,420.0,8,8,15,1
56473138,pv|pv|pv|pv|pv,0.0,0,2,0,0
56481977,buy|buy|cart|cart|pv,30.0,1,54,13,1
56491938,pv|pv|pv|pv|pv,45.0,75,11,7,1
56498242,fav|pv|pv|pv|pv,0.0,109,26,7,1
56498516,pv|pv|pv|pv|pv,525.0,58,11,20,1
56528086,pv|pv|pv|pv|pv,540.0,1,13,7,0
56539722,pv|pv|pv|pv|pv,15.0,0,8,6,1
56541900,pv|pv|pv|pv|pv,0.0,79,0,7,0
56554346,pv|pv|buy|pv|pv,0.0,43,19,6,1
56558948,pv|pv|pv|pv|pv,0.0,19,151,14,0
56560718,pv|pv|fav|pv|pv,0.0,216,236,117,1
56575580,cart|pv|pv|pv|pv,0.0,1,98,10,1
56591452,pv|pv|pv|pv|pv,0.0,0,7,6,0
56592437,pv|pv|pv|cart|pv,0.0,0,39,4,1
56646633,pv|pv|pv|pv|pv,0.0,0,1,2,1
56649801,pv|pv|pv|pv|pv,75.0,4,8,4,0
56652874,pv|pv|pv|cart|pv,1500.0,0,3,0,0
56653402,pv|pv|pv|pv|pv,15.0,8,182,40,1
56676769,pv|pv|pv|pv|pv,195.0,0,47,19,1
56690952,cart|pv|pv|pv|pv,0.0,61,211,24,1
56708793,pv|pv|pv|pv|pv,0.0,75,26,17,1
56709846,pv|pv|pv|pv|pv,375.0,0,4,4,1
56735134,pv|pv|pv|pv|pv,0.0,30,36,15,1
56756873,buy|pv|pv|pv|buy,0.0,1,10,23,1
56790163,pv|pv|pv|pv|pv,45.0,3,3,2,1
56797391,pv|pv|pv|pv|pv,150.0,1,51,26,1
56800934,pv|pv|pv|pv|pv,45.0,42,25,21,1
56820067,pv|pv|pv|pv|pv,0.0,0,3,8,0
56823809,pv|pv|pv|pv|pv,420.0,40,51,17,1
56830095,pv|pv|pv|pv|pv,0.0,70,8,25,0
56840376,pv|pv|pv|pv|pv,0.0,24,4,8,1
56845243,pv|pv|pv|buy|buy,15.0,21,12,10,1
56868935,pv|pv|pv|pv|pv,60.0,3,2,2,1
56878355,pv|pv|pv|pv|pv,345.0,1,6,6,1
56879645,pv|pv|pv|pv|pv,0.0,0,0,0,0
56886732,cart|pv|pv|pv|pv,0.0,2,120,15,1
56892801,pv|pv|pv|pv|pv,0.0,24,53,22,1
56905856,pv|pv|pv|pv|pv,0.0,2,7,4,0
56920355,pv|pv|pv|pv|pv,0.0,2,26,7,1
56946643,buy|pv|pv|pv|pv,0.0,0,9,10,1
56960895,pv|pv|pv|pv|pv,2070.0,0,2,2,0
56970308,pv|cart|buy|buy|cart,0.0,0,18,15,1
56972597,pv|pv|buy|pv|pv,255.0,0,0,1,0
56978241,pv|pv|pv|pv|pv,0.0,0,4,7,1
56981425,pv|pv|pv|pv|pv,0.0,3,9,10,1
56995817,pv|pv|pv|pv|pv,360.0,1,4,2,0
56997547,pv|pv|pv|pv|pv,0.0,16,2,12,0
57015662,fav|pv|pv|pv|pv,0.0,4,40,8,1
57033180,pv|pv|pv|pv|pv,345.0,6,59,11,1
57041703,buy|pv|pv|pv|pv,225.0,1,35,10,1
57047656,pv|pv|pv|pv|pv,60.0,2,14,4,1
57062999,pv|pv|pv|pv|pv,195.0,0,5,8,0
57074474,pv|pv|pv|pv|pv,375.0,1,1,3,0
57080557,pv|pv|pv|pv|pv,15.0,0,33,10,1
57097264,pv|pv|pv|pv|pv,0.0,9,64,14,0
57105532,pv|pv|pv|pv|pv,0.0,181,198,34,1
57115045,pv|pv|pv|pv|pv,30.0,0,4,0,0
57122531,pv|pv|pv|pv|pv,0.0,2,0,1,1
57140122,pv|pv|pv|pv|pv,0.0,0,0,0,0
57160373,pv|pv|pv|pv|pv,0.0,0,21,0,0
57175975,pv|pv|pv|pv|fav,0.0,40,47,11,1
57190135,pv|pv|pv|pv|pv,0.0,26,17,15,1
57233563,buy|pv|cart|pv|pv,510.0,1,2,3,0
57273009,pv|pv|buy|pv|pv,15.0,20,1,9,0
57275898,pv|pv|pv|pv|pv,30.0,1,18,12,0
57295673,pv|pv|pv|pv|pv,435.0,0,20,5,0
57299030,pv|pv|pv|pv|pv,60.0,5,3,2,0
57301300,pv|pv|pv|pv|pv,0.0,102,17,17,1
57350677,pv|pv|pv|pv|pv,0.0,6,0,7,0
57357642,pv|cart|pv|pv|pv,705.0,0,2,0,0
57386575,fav|pv|pv|pv|pv,0.0,274,4,1,1
57391950,pv|pv|pv|pv|pv,0.0,3,42,0,1
57406426,pv|pv|pv|pv|pv,1095.0,0,0,0,0
57408837,pv|pv|pv|pv|pv,690.0,0,25,20,0
57432185,pv|pv|pv|pv|pv,0.0,0,9,9,0
57432644,pv|pv|pv|pv|pv,0.0,0,7,3,1
57447913,pv|pv|pv|pv|pv,420.0,79,93,38,1
57450756,pv|pv|pv|pv|pv,0.0,0,0,12,0
57454165,pv|pv|pv|pv|pv,0.0,0,33,24,0
57475934,pv|pv|pv|pv|pv,45.0,3,29,1,0
57499087,pv|pv|pv|pv|pv,0.0,2,74,13,1
57518362,pv|pv|pv|pv|pv,0.0,3,26,7,1
57548588,pv|pv|cart|cart|pv,0.0,0,47,17,1
57577068,pv|pv|pv|pv|pv,0.0,10,8,2,0
57593115,pv|pv|pv|pv|pv,120.0,1,42,8,1
57607228,pv|pv|pv|pv|pv,15.0,46,3,12,0
57618932,pv|pv|pv|pv|pv,0.0,10,0,2,0
57625459,pv|pv|pv|pv|pv,0.0,0,2,0,1
57628198,pv|pv|pv|pv|buy,0.0,0,66,14,1
57636921,pv|pv|pv|pv|pv,0.0,116,9,17,0
57638892,pv|buy|pv|pv|pv,15.0,0,1,30,0
57664277,pv|pv|pv|pv|pv,0.0,0,6,0,0
57672659,pv|pv|pv|pv|pv,15.0,1,2,3,0
57685274,pv|pv|pv|pv|pv,645.0,5,1,4,0
57695809,pv|pv|pv|pv|pv,0.0,0,2,0,0
57728595,pv|pv|pv|pv|pv,0.0,41,48,6,1
57773119,pv|pv|pv|pv|pv,0.0,1,17,5,0
57787294,pv|pv|pv|pv|fav,0.0,2,20,5,1
57808521,pv|pv|pv|pv|pv,0.0,1,14,11,1
57810665,pv|pv|pv|pv|pv,0.0,0,15,2,0
57824292,pv|pv|pv|pv|pv,0.0,13,10,7,0
57834315,pv|pv|pv|pv|pv,360.0,6,10,1,0
57843315,pv|pv|pv|pv|pv,105.0,0,7,10,0
57846106,pv|pv|pv|pv|pv,30.0,0,5,0,0
57857118,pv|pv|pv|pv|pv,75.0,5,99,14,1
57861697,pv|pv|pv|pv|pv,15.0,10,0,7,0
57877811,fav|pv|pv|pv|pv,225.0,58,0,0,0
57921246,pv|pv|pv|pv|pv,0.0,1,0,1,0
57934665,pv|pv|pv|pv|pv,795.0,0,0,0,0
57938833,pv|pv|pv|pv|pv,0.0,0,1,2,0
57940111,buy|pv|fav|pv|pv,1275.0,16,3,6,0
57949136,pv|pv|pv|cart|pv,0.0,5,75,12,1
57950413,pv|pv|pv|pv|pv,0.0,0,5,3,1
57954612,pv|pv|pv|pv|pv,0.0,0,0,0,0
57981025,pv|pv|pv|pv|pv,0.0,23,53,29,1
58008140,cart|pv|pv|pv|pv,0.0,8,46,11,1
58011702,pv|pv|pv|pv|pv,540.0,5,3,6,1
58040963,pv|cart|pv|pv|pv,0.0,0,19,3,0
58072344,pv|cart|pv|pv|pv,0.0,0,2,0,0
58089074,pv|pv|pv|pv|pv,0.0,1,23,10,0
58089987,pv|pv|pv|pv|pv,30.0,1,44,13,1
58129501,pv|pv|cart|cart|cart,150.0,0,20,0,0
58134314,pv|pv|pv|pv|pv,0.0,2,97,11,1
58156669,pv|pv|pv|pv|pv,60.0,7,2,3,1
58157288,pv|pv|pv|pv|pv,0.0,17,2,5,0
58173672,pv|pv|buy|pv|pv,0.0,0,2,3,0
58188922,pv|pv|pv|pv|pv,15.0,1,44,13,1
58199565,pv|pv|pv|pv|cart,30.0,15,5,2,1
58207246,pv|pv|pv|pv|pv,0.0,3,12,23,1
58207544,pv|pv|pv|pv|pv,105.0,125,58,24,1
58207688,pv|pv|pv|pv|pv,0.0,2,6,1,0
58238111,pv|pv|pv|pv|fav,0.0,37,2,14,0
58280056,pv|pv|pv|buy|pv,0.0,0,19,10,1
58327324,pv|pv|cart|pv|pv,300.0,1,23,6,1
58333326,pv|pv|pv|pv|pv,1080.0,0,11,8,1
58391417,pv|pv|pv|pv|pv,0.0,0,7,4,0
58422836,pv|pv|pv|pv|pv,15.0,2,43,2,1
58423360,pv|pv|pv|pv|pv,0.0,16,3,3,1
58437782,pv|pv|pv|pv|pv,15.0,33,58,25,1
58444103,pv|pv|pv|buy|pv,0.0,0,28,4,1
58456864,pv|pv|pv|pv|pv,0.0,2,58,16,0
58468151,pv|pv|pv|pv|pv,0.0,4,3,2,0
58479383,pv|pv|pv|pv|pv,0.0,1,2,2,0
58483297,pv|pv|pv|pv|fav,0.0,9,19,11,1
58538583,pv|pv|pv|buy|cart,135.0,1,3,6,0
58559704,pv|pv|pv|pv|pv,0.0,43,10,14,1
58581609,pv|fav|pv|pv|fav,0.0,159,1,2,0
58585610,pv|pv|pv|pv|pv,480.0,0,5,3,0
58663495,pv|pv|buy|cart|buy,30.0,15,0,1,0
58727397,pv|pv|pv|pv|pv,75.0,3,0,12,0
58757200,pv|pv|pv|pv|pv,15.0,3,0,4,0
58778870,pv|pv|pv|pv|pv,0.0,8,1,8,0
58784511,pv|pv|pv|pv|pv,90.0,2,11,7,1
58805712,pv|pv|pv|pv|pv,0.0,8,0,12,0
58812216,pv|pv|pv|pv|pv,0.0,1,87,23,1
58814819,pv|pv|pv|pv|pv,15.0,0,12,5,0
58843715,pv|pv|pv|pv|pv,90.0,0,3,4,0
58849452,pv|pv|pv|pv|pv,0.0,75,7,7,1
58871895,pv|pv|pv|pv|pv,0.0,0,24,31,1
58874603,pv|pv|pv|pv|pv,270.0,5,0,5,0
58902373,pv|pv|pv|pv|pv,0.0,152,40,1,1
58992390,pv|pv|pv|pv|pv,0.0,2,24,2,0
59012689,cart|pv|pv|pv|buy,0.0,0,29,14,1
59056293,pv|pv|pv|fav|pv,60.0,2,8,3,0
59057185,pv|pv|pv|cart|pv,0.0,1,9,4,0
59076389,pv|pv|pv|pv|pv,0.0,0,18,5,0
59076519,pv|pv|pv|pv|pv,0.0,4,35,5,1
59106109,pv|pv|pv|pv|pv,0.0,4,23,13,1
59114937,pv|pv|pv|pv|pv,0.0,3,3,12,0
59127123,pv|pv|pv|pv|pv,0.0,23,25,13,1
59127538,pv|pv|pv|pv|pv,30.0,9,23,14,1
59131217,pv|pv|pv|pv|fav,0.0,104,45,14,1
59138148,pv|pv|pv|pv|pv,0.0,16,0,3,1
59144894,pv|pv|pv|pv|pv,0.0,2,2,3,0
59167469,pv|pv|cart|pv|pv,2655.0,1,19,1,0
59172718,pv|pv|pv|pv|pv,0.0,0,0,0,0
59174013,pv|pv|pv|pv|pv,0.0,22,1,3,1
59178238,pv|pv|pv|pv|pv,0.0,12,7,4,1
59182141,pv|pv|pv|pv|pv,0.0,1,16,4,0
59214580,pv|pv|pv|pv|pv,15.0,19,54,20,1
59241675,pv|pv|pv|pv|pv,0.0,0,22,3,0
59244307,pv|cart|cart|pv|pv,165.0,0,3,3,1
59247271,pv|fav|pv|pv|pv,0.0,38,17,24,1
59248477,pv|pv|pv|pv|pv,0.0,12,139,10,1
59270559,pv|pv|pv|pv|pv,15.0,19,9,0,0
59283998,pv|pv|pv|pv|pv,0.0,0,0,0,0
59286093,pv|pv|pv|pv|pv,0.0,0,3,0,0
59302934,pv|pv|pv|pv|pv,930.0,0,0,1,0
59317386,cart|pv|pv|pv|pv,30.0,0,2,0,0
59318036,pv|pv|pv|pv|pv,255.0,0,12,9,1
59323197,pv|pv|pv|pv|pv,0.0,0,0,0,0
59354562,pv|pv|pv|pv|pv,0.0,10,30,14,1
59394022,pv|pv|pv|pv|buy,0.0,2,21,13,1
59412514,pv|pv|pv|pv|pv,0.0,2,19,7,0
59413510,pv|pv|pv|pv|pv,75.0,103,73,18,1
59419662,pv|pv|pv|pv|pv,60.0,0,12,7,1
59422637,cart|buy|buy|cart|pv,0.0,7,150,30,1
59462013,pv|pv|pv|pv|pv,105.0,4,23,6,0
59473714,pv|pv|fav|pv|pv,0.0,116,12,5,0
59480165,pv|pv|pv|pv|pv,0.0,1,3,1,0
59495705,pv|pv|pv|pv|buy,15.0,18,0,7,0
59511789,pv|pv|pv|fav|pv,0.0,907,201,20,1
59518778,pv|pv|pv|pv|buy,1995.0,6,3,2,0
59540963,pv|pv|pv|pv|pv,0.0,2,23,5,0
59547613,pv|pv|pv|pv|pv,0.0,4,26,0,0
59564210,pv|pv|pv|pv|pv,45.0,0,28,9,1
59567091,pv|pv|pv|pv|pv,0.0,9,285,42,1
59575247,pv|pv|pv|pv|pv,0.0,1,1,0,0
59621698,pv|pv|pv|pv|pv,0.0,1,1,8,0
59622953,pv|pv|pv|pv|pv,105.0,64,1,6,0
59627027,pv|pv|pv|pv|pv,15.0,1,32,4,1
59648886,pv|pv|pv|cart|pv,0.0,0,8,5,0
59654133,pv|pv|pv|cart|pv,0.0,1,11,8,0
59659116,pv|pv|pv|pv|pv,0.0,11,111,11,1
59660896,pv|cart|pv|pv|buy,60.0,1,23,16,0
59674270,pv|pv|pv|pv|cart,0.0,2,62,15,0
59688022,pv|pv|pv|pv|pv,15.0,9,3,5,0
59691950,pv|pv|cart|pv|pv,0.0,15,18,9,0
59698667,pv|pv|pv|pv|pv,0.0,4,0,13,0
59705015,pv|pv|pv|pv|pv,600.0,2,1,4,0
59731095,pv|pv|pv|pv|pv,30.0,3,88,24,1
59736074,pv|pv|pv|pv|pv,0.0,0,14,4,0
59737169,pv|pv|pv|pv|pv,60.0,2,14,17,1
59746563,pv|pv|pv|pv|pv,405.0,4,4,4,0
59763374,pv|pv|pv|pv|pv,0.0,7,1,5,0
59766636,pv|pv|pv|pv|pv,0.0,0,3,1,0
59767111,fav|pv|pv|pv|pv,0.0,3,0,1,0
59779793,pv|pv|pv|pv|pv,0.0,1,20,4,1
59781040,pv|pv|pv|pv|pv,930.0,1,24,5,0
59781337,pv|pv|pv|pv|pv,0.0,1,223,41,1
59783248,fav|pv|pv|pv|pv,165.0,38,5,4,0
59791208,pv|pv|pv|pv|pv,15.0,21,171,24,1
59797150,pv|pv|pv|pv|pv,0.0,4,2,5,1
59831058,pv|pv|pv|pv|pv,0.0,4,48,12,1
59833454,pv|pv|pv|pv|pv,0.0,6,0,3,0
59860644,pv|pv|pv|pv|pv,165.0,13,18,13,1
59864388,pv|pv|pv|fav|pv,0.0,45,47,8,0
59894542,pv|pv|pv|pv|pv,0.0,1,54,13,1
59906101,pv|pv|pv|pv|pv,15.0,0,1,0,0
59915320,pv|pv|pv|pv|pv,1155.0,0,35,12,1
59921221,pv|pv|pv|pv|pv,0.0,0,22,1,1
59934685,pv|pv|pv|pv|pv,345.0,3,0,5,0
59951693,pv|pv|pv|pv|pv,0.0,1,28,7,0
59984080,cart|pv|pv|pv|pv,615.0,0,1,2,0
60014035,buy|pv|pv|pv|pv,570.0,1,0,2,0
60030689,pv|pv|pv|pv|pv,0.0,12,3,0,0
60032019,pv|pv|pv|pv|pv,0.0,2,11,3,1
60032762,pv|pv|pv|pv|pv,75.0,71,27,27,1
60051601,pv|pv|pv|pv|pv,0.0,31,18,26,1
60058718,pv|pv|pv|pv|pv,0.0,0,10,2,1
60059149,pv|pv|pv|pv|pv,0.0,0,1,0,0
60069670,pv|pv|pv|pv|pv,0.0,6,5,1,0
60079613,pv|pv|pv|pv|pv,0.0,169,91,5,0
60112819,pv|pv|pv|pv|pv,1485.0,13,2,7,0
60155217,pv|pv|pv|pv|pv,210.0,0,2,0,1
60159990,pv|pv|pv|pv|pv,30.0,21,27,14,0
60203830,pv|pv|pv|pv|pv,0.0,7,24,12,1
60238437,pv|pv|pv|pv|pv,720.0,1,34,2,1
60239656,pv|pv|buy|pv|pv,30.0,18,3,21,0
60248227,pv|cart|pv|cart|pv,0.0,0,15,18,0
60296951,pv|pv|pv|pv|pv,270.0,72,96,5,1
60301498,cart|pv|pv|pv|pv,675.0,4,10,5,0
60314888,pv|pv|buy|pv|pv,90.0,0,11,3,0
60320022,pv|pv|pv|pv|pv,0.0,0,3,3,0
60330578,pv|pv|pv|pv|pv,0.0,14,10,8,0
60351038,pv|pv|pv|pv|pv,405.0,10,4,4,0
60352954,pv|pv|pv|pv|pv,240.0,4,10,5,1
60366651,pv|cart|pv|cart|cart,0.0,144,79,14,1
60386008,pv|pv|pv|pv|pv,0.0,1,1,3,0
60408225,pv|pv|pv|pv|pv,0.0,0,0,2,0
60419145,pv|pv|pv|pv|pv,0.0,0,34,2,1
60431657,pv|pv|pv|pv|buy,15.0,0,7,8,0
60441587,pv|pv|buy|pv|pv,1020.0,7,9,2,0
60457466,pv|pv|pv|pv|pv,0.0,0,5,3,1
60479111,cart|pv|pv|pv|pv,375.0,0,37,9,1
60481646,pv|pv|pv|pv|pv,15.0,1,9,0,1
60495861,pv|pv|pv|pv|pv,0.0,59,1,3,0
60497165,pv|buy|pv|pv|pv,0.0,0,0,1,0
60498346,pv|pv|pv|pv|pv,0.0,0,8,6,0
60532141,pv|pv|pv|pv|pv,945.0,0,11,1,0
60534988,pv|pv|pv|pv|pv,450.0,0,0,1,0
60535085,pv|pv|pv|pv|pv,0.0,6,16,13,1
60550509,pv|pv|pv|pv|pv,0.0,11,4,2,1
60559051,pv|pv|pv|pv|pv,0.0,39,3,35,0
60575815,pv|pv|pv|pv|pv,30.0,39,33,24,1
60615660,pv|pv|pv|pv|pv,0.0,0,12,2,0
60625397,pv|pv|pv|pv|pv,0.0,136,63,21,1
60641267,pv|pv|pv|pv|pv,60.0,2,0,4,0
60643405,pv|pv|pv|pv|pv,0.0,1,5,1,0
60660094,pv|pv|pv|buy|pv,0.0,0,12,7,1
60660467,pv|pv|pv|pv|pv,15.0,1,12,9,0
60674956,pv|pv|pv|pv|pv,0.0,38,83,67,1
60686963,pv|pv|pv|pv|pv,0.0,1,60,8,1
60695400,pv|pv|pv|pv|pv,0.0,0,5,9,1
60702257,buy|pv|pv|pv|pv,0.0,0,1,1,0
60724505,pv|pv|pv|pv|pv,15.0,0,0,7,0
60729896,pv|pv|pv|pv|pv,540.0,0,26,7,0
60734132,pv|pv|pv|buy|pv,1050.0,0,37,10,1
60753044,pv|pv|fav|pv|pv,0.0,65,91,31,1
60756149,pv|pv|pv|pv|pv,0.0,4,14,5,1
60802346,pv|pv|pv|pv|pv,195.0,1,34,6,1
60802539,pv|pv|pv|pv|pv,330.0,0,0,2,0
60815533,cart|buy|pv|pv|pv,1110.0,1,8,9,1
60826253,pv|pv|pv|pv|pv,60.0,0,9,9,1
60879635,pv|fav|pv|pv|pv,0.0,55,25,7,1
60890401,pv|pv|pv|pv|pv,0.0,1,16,5,0
60899990,pv|pv|pv|pv|pv,0.0,3,0,7,0
60944296,pv|pv|pv|pv|pv,30.0,2,11,4,0
60964944,pv|pv|pv|pv|cart,30.0,5,43,14,1
60988267,pv|pv|pv|cart|pv,285.0,2,15,7,0
61015468,pv|pv|pv|pv|pv,765.0,3,12,3,1
61058989,pv|pv|pv|pv|pv,2115.0,0,2,2,1
61068008,pv|cart|pv|pv|pv,0.0,33,88,11,1
61114029,pv|pv|pv|pv|pv,90.0,0,1,7,0
61121803,pv|pv|pv|pv|pv,180.0,26,79,35,1
61134251,pv|pv|pv|pv|pv,0.0,0,29,17,0
61162561,pv|pv|pv|pv|pv,15.0,0,11,6,0
61189033,pv|pv|pv|pv|pv,15.0,0,2,0,0
61200152,pv|pv|pv|pv|pv,0.0,2,19,5,1
61209536,pv|pv|pv|pv|pv,675.0,2,7,17,1
61219560,pv|pv|pv|pv|pv,135.0,39,70,6,1
61228049,pv|pv|pv|pv|fav,0.0,33,1,4,0
61247967,pv|pv|pv|pv|pv,420.0,0,25,2,1
61254091,pv|pv|pv|pv|pv,495.0,0,0,0,0
61259086,pv|pv|pv|pv|pv,90.0,2,42,9,1
61269594,pv|pv|pv|pv|pv,0.0,29,7,11,0
61328324,pv|pv|pv|pv|pv,180.0,0,2,1,0
61336461,pv|pv|pv|pv|pv,0.0,67,1,23,1
61342536,pv|pv|pv|pv|pv,0.0,6,28,16,1
61375478,pv|pv|pv|pv|pv,0.0,0,0,0,0
61385318,cart|pv|pv|pv|pv,0.0,0,41,4,1
61392570,pv|pv|fav|pv|pv,0.0,11,2,2,0
61409141,pv|pv|pv|pv|pv,0.0,0,0,1,0
61440941,pv|pv|pv|pv|pv,1020.0,0,10,2,1
61443186,pv|pv|pv|pv|pv,0.0,0,23,10,1
61453950,pv|pv|pv|pv|pv,30.0,44,36,10,1
61454609,pv|pv|pv|pv|pv,0.0,0,0,1,0
61457956,pv|pv|pv|pv|pv,0.0,156,26,20,1
61459598,pv|pv|pv|pv|pv,0.0,51,92,18,1
61472535,pv|pv|fav|pv|fav,0.0,79,6,17,1
61485943,pv|pv|fav|pv|pv,0.0,5,1,3,0
61506078,cart|pv|pv|pv|cart,0.0,2,102,20,1
61513100,pv|pv|pv|pv|pv,0.0,1,2,3,0
61534398,pv|pv|pv|pv|pv,3045.0,0,0,0,0
61536684,pv|pv|pv|pv|pv,0.0,4,8,2,0
61561686,pv|pv|pv|pv|pv,0.0,0,0,4,0
61570016,fav|pv|pv|pv|pv,90.0,19,148,38,1
61596634,pv|pv|pv|pv|cart,0.0,18,130,48,1
61626834,fav|pv|pv|pv|pv,285.0,47,6,14,0
61626894,pv|pv|pv|pv|pv,0.0,120,7,6,0
61627054,pv|pv|pv|pv|pv,0.0,69,21,8,1
61628772,pv|pv|pv|buy|cart,15.0,3,88,7,1
61636536,pv|pv|pv|pv|pv,435.0,0,3,0,0
61644490,pv|pv|pv|pv|pv,0.0,22,9,5,0
61646487,pv|fav|pv|pv|pv,0.0,2,0,0,0
61657695,pv|pv|pv|pv|pv,360.0,0,4,7,1
61664752,pv|cart|cart|cart|pv,0.0,0,68,6,1
61692878,pv|pv|pv|pv|pv,0.0,73,80,21,1
61718224,pv|pv|pv|pv|pv,0.0,2,8,2,1
61739067,pv|pv|pv|pv|pv,0.0,14,1,1,0
61740927,pv|pv|cart|pv|pv,0.0,3,2,8,0
61743492,pv|pv|pv|pv|pv,0.0,0,24,8,1
61754447,pv|pv|pv|pv|pv,150.0,0,22,10,1
61759149,pv|pv|pv|pv|pv,0.0,0,4,5,0
61775192,pv|pv|pv|pv|pv,15.0,0,3,0,0
61779777,pv|pv|pv|pv|pv,0.0,24,0,1,0
61809502,fav|pv|pv|pv|pv,180.0,53,19,5,0
61811087,pv|pv|pv|pv|pv,0.0,0,18,9,0
61887588,pv|pv|pv|fav|pv,0.0,38,13,4,0
61925056,pv|pv|pv|pv|pv,0.0,1,52,7,1
61948623,pv|pv|pv|pv|pv,150.0,0,11,7,0
61966309,pv|pv|pv|buy|pv,15.0,0,17,16,1
61974693,pv|pv|pv|pv|pv,0.0,0,0,2,0
61975328,pv|pv|pv|pv|pv,0.0,0,12,4,0
62007671,pv|pv|pv|buy|pv,0.0,5,24,23,0
62024754,pv|pv|pv|pv|pv,0.0,72,37,19,1
62029939,pv|pv|pv|pv|pv,0.0,14,1,6,0
62034800,buy|pv|pv|pv|pv,0.0,3,15,8,1
62042013,fav|pv|fav|pv|pv,60.0,86,21,16,1
62043708,pv|pv|pv|pv|buy,0.0,1,54,13,1
62068426,pv|pv|pv|pv|pv,0.0,15,247,69,1
62073731,cart|pv|cart|pv|pv,0.0,64,61,7,1
62090894,pv|pv|pv|pv|pv,0.0,0,66,4,1
62107563,pv|pv|pv|pv|pv,15.0,0,1,4,0
62118780,pv|pv|pv|pv|pv,15.0,0,1,1,0
62124329,pv|pv|pv|pv|pv,2205.0,19,1,1,1
62126989,pv|pv|pv|pv|pv,15.0,0,14,4,0
62142957,pv|pv|pv|cart|pv,0.0,2,91,7,1
62173755,pv|pv|pv|pv|pv,0.0,29,5,4,1
62177780,pv|pv|pv|pv|pv,720.0,0,67,26,1
62192186,pv|pv|pv|pv|pv,0.0,50,3,2,0
62225943,pv|pv|pv|pv|pv,255.0,2,4,9,0
62290638,pv|pv|pv|pv|pv,0.0,0,8,0,0
62305709,pv|pv|buy|pv|pv,0.0,0,0,5,0
62320046,pv|pv|pv|pv|pv,0.0,0,16,11,1
62324857,pv|pv|pv|pv|pv,390.0,0,0,4,0
62334433,pv|pv|pv|pv|pv,15.0,1,0,0,0
62355811,pv|pv|pv|pv|pv,180.0,33,0,11,1
62359568,pv|pv|pv|pv|pv,0.0,0,3,4,1
62360262,pv|pv|pv|pv|pv,90.0,102,2,6,1
62364748,cart|pv|pv|pv|pv,180.0,1,38,23,1
62373202,pv|pv|pv|pv|pv,30.0,2,8,9,1
62393322,pv|pv|pv|fav|pv,0.0,32,4,9,1
62394339,pv|pv|pv|pv|pv,0.0,33,39,21,1
62409605,pv|pv|pv|pv|pv,0.0,0,37,7,1
62443822,pv|pv|pv|pv|pv,15.0,3,5,4,1
62458338,pv|pv|pv|pv|pv,15.0,20,16,23,0
62478205,pv|pv|pv|buy|pv,705.0,0,21,2,1
62492081,pv|pv|pv|pv|pv,0.0,0,0,3,0
62546002,pv|pv|pv|pv|pv,0.0,7,3,4,0
62560245,pv|pv|pv|pv|pv,0.0,4,2,9,1
62569699,pv|pv|pv|pv|pv,555.0,4,20,11,0
62571710,pv|pv|pv|pv|pv,0.0,12,97,31,1
62575215,pv|pv|pv|pv|pv,0.0,0,13,1,0
62579531,pv|pv|pv|pv|pv,0.0,0,0,0,0
62580886,pv|pv|pv|pv|pv,0.0,3,1,7,1
62581364,pv|pv|pv|pv|pv,0.0,90,7,24,0
62585019,pv|pv|pv|pv|pv,135.0,1,1,1,0
62585395,pv|pv|pv|pv|pv,510.0,0,16,17,1
62603444,pv|pv|pv|pv|pv,0.0,4,70,11,1
62603897,pv|pv|pv|pv|pv,0.0,0,8,3,1
62639453,pv|pv|pv|pv|pv,15.0,1,33,3,0
62672024,pv|pv|pv|pv|pv,0.0,4,11,2,1
62699395,pv|buy|pv|pv|pv,4020.0,0,0,1,0
62733933,buy|buy|buy|buy|buy,0.0,0,9,1,0
62740391,pv|pv|pv|pv|pv,0.0,1,6,2,0
62764698,pv|pv|pv|pv|pv,0.0,2,6,1,1
62764948,pv|pv|fav|pv|pv,0.0,213,44,16,1
62781637,pv|pv|buy|buy|buy,90.0,17,20,16,1
62786039,pv|pv|buy|buy|pv,1080.0,0,4,3,0
62806088,pv|buy|pv|pv|pv,1500.0,0,0,1,0
62808447,pv|pv|pv|pv|pv,525.0,1,22,6,0
62809951,pv|pv|pv|pv|pv,105.0,3,1,0,0
62826060,pv|fav|pv|pv|pv,0.0,135,59,10,1
62833198,pv|pv|pv|pv|pv,0.0,1,9,4,0
62857495,pv|pv|pv|pv|pv,0.0,1,1,0,0
62871223,pv|pv|pv|pv|pv,0.0,8,0,1,0
62875614,pv|pv|pv|pv|pv,345.0,48,11,9,1
62879516,pv|pv|pv|pv|pv,0.0,2,34,10,1
62889051,pv|pv|pv|pv|fav,0.0,48,31,5,1
62901515,pv|pv|pv|pv|pv,0.0,0,1,0,0
62918630,pv|pv|pv|pv|pv,825.0,3,2,4,0
62925833,pv|pv|pv|pv|pv,225.0,0,1,1,0
62941911,pv|pv|pv|cart|pv,0.0,0,5,4,1
62944161,pv|pv|pv|pv|pv,0.0,13,0,0,0
62944220,fav|pv|pv|pv|pv,0.0,3,0,1,0
62969316,pv|pv|pv|pv|pv,0.0,0,0,0,0
62989125,pv|pv|pv|pv|cart,0.0,0,1,0,0
62989173,pv|pv|pv|pv|pv,0.0,0,29,2,0
62994612,pv|pv|pv|pv|pv,0.0,1,81,0,0
63001216,pv|pv|pv|pv|pv,0.0,0,19,13,1
63052028,pv|pv|pv|pv|pv,0.0,80,6,13,1
63080911,pv|pv|pv|pv|pv,0.0,16,0,5,0
63082966,pv|pv|pv|pv|pv,75.0,0,3,7,0
63084469,pv|pv|pv|pv|pv,0.0,0,7,12,1
63159938,pv|pv|pv|pv|pv,480.0,23,6,7,1
63164461,pv|pv|cart|pv|pv,0.0,0,23,4,0
63174613,pv|pv|pv|pv|pv,0.0,0,18,9,0
63176270,pv|pv|pv|pv|pv,0.0,5,24,10,1
63178759,pv|pv|pv|pv|pv,0.0,0,7,5,0
63183196,pv|pv|pv|pv|pv,615.0,1,0,2,0
63223782,pv|pv|pv|pv|pv,45.0,1,0,5,1
63245692,pv|pv|pv|pv|pv,0.0,2,5,17,0
63256758,pv|pv|pv|pv|pv,0.0,1,57,7,1
63281686,pv|pv|pv|pv|pv,120.0,2,19,1,0
63329418,pv|pv|pv|pv|pv,15.0,106,14,9,1
63330474,pv|pv|pv|pv|pv,0.0,0,1,5,0
63339028,pv|pv|pv|cart|pv,0.0,0,296,29,1
63339213,pv|pv|pv|pv|pv,45.0,17,4,6,0
63347672,pv|pv|pv|pv|pv,0.0,0,1,1,0
63351357,pv|pv|pv|pv|pv,15.0,0,18,42,1
63382216,pv|pv|pv|pv|pv,15.0,0,45,13,1
63382326,pv|pv|pv|buy|pv,0.0,0,0,1,0
63394949,pv|pv|pv|pv|pv,0.0,0,5,8,0
63398160,pv|pv|pv|pv|pv,15.0,153,28,9,0
63427182,pv|cart|pv|pv|pv,75.0,0,17,14,1
63458915,pv|pv|pv|pv|pv,15.0,1,42,14,1
63475455,pv|pv|pv|pv|pv,0.0,0,27,11,0
63487630,pv|pv|pv|pv|pv,1980.0,0,0,0,0
63489689,pv|pv|pv|pv|pv,0.0,23,44,27,1
63583265,pv|pv|pv|pv|pv,120.0,162,21,23,1
63588363,pv|pv|cart|pv|pv,840.0,7,21,7,1
63621977,pv|pv|pv|pv|pv,0.0,0,8,7,0
63625417,fav|pv|fav|pv|pv,0.0,540,115,10,1
63702010,pv|pv|pv|pv|pv,0.0,15,4,3,0
63705984,pv|pv|pv|pv|pv,0.0,5,3,4,0
63727001,pv|pv|pv|pv|buy,0.0,2,56,18,1
63729308,pv|pv|pv|pv|pv,15.0,0,19,4,1
63759289,pv|pv|pv|pv|pv,15.0,0,14,6,1
63767620,pv|pv|pv|pv|pv,390.0,5,9,10,1
63802255,pv|pv|pv|pv|pv,45.0,4,5,11,0
63805861,pv|fav|pv|pv|pv,0.0,67,10,9,1
63823409,pv|pv|cart|pv|pv,0.0,3,19,14,1
63830172,pv|pv|pv|pv|pv,0.0,0,0,0,0
63848985,buy|buy|pv|pv|pv,105.0,1,43,23,1
63853211,pv|pv|pv|pv|pv,0.0,2,14,12,1
63889098,pv|pv|pv|pv|pv,0.0,0,1,1,0
63902611,pv|pv|pv|pv|pv,60.0,1,0,5,0
63910679,pv|pv|pv|pv|pv,15.0,48,1,7,0
63929694,pv|pv|pv|pv|pv,0.0,13,9,17,1
63959682,pv|pv|cart|pv|pv,0.0,0,17,5,1
63960502,pv|pv|pv|pv|pv,285.0,0,23,7,1
63973702,pv|pv|pv|pv|pv,0.0,26,14,12,1
63977892,pv|pv|pv|pv|pv,1905.0,1,4,1,0
64022179,pv|cart|pv|pv|pv,510.0,1,37,2,0
64030719,pv|pv|pv|pv|pv,0.0,5,8,7,1
64051525,pv|pv|pv|pv|pv,660.0,0,13,5,1
64056262,pv|pv|pv|pv|pv,360.0,0,1,1,1
64076866,pv|pv|pv|pv|pv,0.0,19,2,1,0
64105175,pv|pv|pv|pv|pv,720.0,3,2,5,1
64126748,pv|pv|pv|pv|pv,135.0,2,19,6,0
64152450,pv|pv|pv|pv|pv,0.0,43,32,5,0
64161722,pv|pv|pv|pv|pv,0.0,0,0,0,0
64187025,pv|pv|pv|cart|pv,0.0,1,27,4,0
64207025,pv|pv|pv|pv|pv,210.0,0,6,4,1
64245350,pv|pv|pv|pv|pv,0.0,1,4,1,0
64266338,pv|pv|pv|pv|pv,0.0,14,2,2,0
64309062,pv|pv|pv|pv|pv,0.0,80,4,2,1
64310783,pv|cart|pv|cart|pv,0.0,0,50,11,1
64318871,pv|pv|pv|pv|pv,0.0,85,6,26,1
64326708,pv|pv|pv|pv|pv,750.0,0,15,5,0
64337070,pv|pv|pv|pv|pv,120.0,0,4,1,0
64349342,pv|pv|pv|pv|pv,600.0,0,4,2,0
64355869,pv|pv|pv|pv|pv,0.0,31,49,11,1
64364680,pv|pv|pv|pv|pv,0.0,0,1,3,1
64376905,pv|pv|pv|pv|pv,0.0,0,2,3,0
64379712,pv|pv|pv,0.0,0,0,0,0
64387588,pv|pv|pv|pv|pv,0.0,0,5,0,0
64431010,fav|fav|pv|pv|pv,0.0,49,4,2,0
64454947,pv|pv|pv|pv|pv,45.0,18,1,0,0
64463199,pv|pv|pv|pv|pv,0.0,9,11,7,1
64471307,pv|pv|cart|buy|pv,0.0,87,13,5,1
64473744,pv|pv|pv|pv|pv,630.0,0,0,0,0
64484514,pv|pv|pv|pv|pv,15.0,0,4,0,0
64493138,pv|pv|buy|pv|pv,0.0,2,2,3,0
64494141,pv|pv|pv|buy|pv,1410.0,0,0,0,0
64498534,pv|pv|pv|pv|pv,0.0,0,1,0,0
64502137,pv|pv|pv|pv|pv,0.0,2,8,10,0
64505114,pv|pv|pv|pv|pv,0.0,0,0,0,0
64557626,pv|pv|pv|pv|pv,0.0,76,27,23,1
64566338,pv|pv|pv|pv|pv,0.0,0,16,0,0
64585415,pv|pv|pv|pv|pv,1605.0,42,3,10,0
64597982,pv|pv|pv|fav|pv,315.0,147,4,1,0
64614030,pv|pv|pv|pv|pv,0.0,119,1,9,0
64641892,pv|pv|pv|pv|pv,15.0,1,3,3,0
64643879,pv|pv|pv|pv|pv,0.0,0,5,1,0
64649517,buy|pv|pv|pv|pv,0.0,2,19,13,0
64675604,pv|pv|pv|pv|pv,45.0,53,6,1,0
64696595,pv|pv|pv|fav|fav,0.0,97,11,4,1
64698675,pv|pv|pv|pv|buy,1770.0,2,0,5,0
64699430,pv|pv|pv|pv|pv,0.0,19,0,3,0
64707730,buy|pv|pv|pv|pv,75.0,1,49,4,1
64708133,pv|pv|pv|pv|pv,45.0,76,1,8,0
64739789,pv|pv|pv|pv|pv,480.0,0,3,2,1
64743108,pv|pv|pv|pv|pv,855.0,6,5,2,0
64783805,pv|pv|pv|pv|pv,45.0,2,27,11,1
64784548,pv|pv|pv|pv|pv,0.0,0,1,1,0
64798736,pv|pv|pv|pv|pv,0.0,1,0,3,0
64804685,buy|pv|pv|pv|pv,0.0,0,0,5,0
64818293,pv|pv|pv|pv|pv,750.0,0,1,2,0
64819934,pv|pv|pv|cart|pv,1320.0,0,1,2,0
64828869,pv|pv|pv|pv|pv,0.0,7,0,0,0
64847438,pv|pv|pv|pv|pv,0.0,1,52,20,1
64863066,pv|pv|pv|pv|pv,0.0,0,1,1,0
64881151,pv|pv|pv|pv|pv,90.0,97,31,14,1
64895000,pv|pv|pv|pv|pv,105.0,0,2,0,0
64896456,pv|pv|pv|pv|pv,15.0,0,2,1,0
64906157,pv|pv|pv|pv|pv,0.0,0,2,8,0
64947869,pv|pv|pv|pv|pv,0.0,0,19,1,1
65010632,pv|pv|pv|pv|pv,0.0,0,0,5,0
65013453,pv|pv|pv|pv|pv,15.0,75,73,29,1
65037187,pv|pv|pv|pv|pv,135.0,9,0,0,0
65043683,pv|pv|pv|pv|pv,0.0,11,16,14,1
65068683,pv|pv|pv|pv|pv,0.0,1,3,1,0
65087297,pv|pv|pv|pv|pv,90.0,99,42,8,1
65105058,pv|pv|pv|pv|pv,75.0,3,0,2,0
65116572,pv|pv|pv|pv|pv,3915.0,0,2,3,1
65116781,pv|pv|pv|pv|pv,15.0,1,13,8,0
65120590,pv|pv|pv|pv|pv,0.0,3,34,8,0
65143114,pv|pv|pv|pv|pv,0.0,130,6,2,1
65149825,pv|pv|pv|pv|cart,0.0,8,14,4,1
65157695,pv|buy|buy|pv|pv,495.0,0,0,0,0
65162644,pv|pv|pv|pv|pv,0.0,0,25,3,0
65180528,pv|pv|pv|pv|pv,0.0,13,9,6,1
65200157,pv|pv|pv|pv|pv,15.0,1,7,8,0
65236751,pv|pv|pv|pv|pv,0.0,1,26,23,0
65236950,pv|pv|pv|pv|pv,750.0,1,24,0,0
65257068,pv|pv|pv|pv|pv,0.0,19,48,21,1
65272416,pv|pv|pv|pv|pv,0.0,6,7,14,0
65285764,pv|pv|cart|pv|pv,165.0,1,11,4,0
65300962,pv|pv|pv|pv|pv,30.0,2,30,20,1
65305165,pv|pv|pv|pv|pv,0.0,6,87,23,1
65311466,pv|pv|pv|pv|pv,0.0,2,0,0,0
65320445,pv|pv|pv|pv|pv,0.0,0,1,1,0
65327272,pv|pv|pv|pv|pv,435.0,0,10,11,0
65327449,pv|pv|pv|pv|pv,0.0,19,13,12,1
65340227,pv|pv|pv|pv|pv,0.0,98,0,3,0
65352076,pv|pv|pv|pv|pv,0.0,1,76,26,1
65373436,pv|pv|pv|pv|pv,0.0,0,2,5,0
65381253,pv|pv|pv|pv|pv,375.0,2,46,8,0
65387293,pv|pv|pv|pv|pv,0.0,0,34,5,1
65388018,pv|pv|pv|pv|pv,0.0,13,87,14,1
65400270,pv|pv|pv|pv|pv,735.0,0,6,2,0
65409330,pv|pv|pv|pv|pv,0.0,0,22,17,0
65430374,pv|pv|pv|pv|pv,15.0,0,0,4,0
65430876,pv|pv|pv|pv|pv,0.0,1,0,2,0
65438079,pv|pv|pv|pv|pv,0.0,45,25,12,1
65444509,buy|cart|cart|cart|buy,0.0,0,6,1,1
65454710,pv|pv|pv|pv|pv,15.0,30,36,14,0
65463789,pv|pv|pv|pv|pv,0.0,0,0,0,0
65465729,pv|pv|pv|pv|pv,45.0,40,15,8,1
65479688,pv|pv|pv|pv|pv,0.0,3,28,18,1
65484241,pv|pv|pv|pv|pv,0.0,1,0,0,0
65488357,pv|pv|pv|pv|pv,0.0,0,4,0,0
65494965,pv|pv|pv|pv|pv,105.0,0,4,0,0
65504626,pv|pv|pv|pv|pv,30.0,38,115,27,1
65510821,pv|pv|pv|pv|pv,0.0,3,14,7,1
65519398,pv|pv|pv|pv|pv,0.0,38,19,12,1
65544144,pv|pv|pv|pv|pv,0.0,4,13,2,1
65578659,pv|pv|pv|pv|pv,0.0,1,0,1,0
65629361,pv|pv|pv|pv|pv,15.0,8,0,3,0
65645933,pv|pv|pv|pv|pv,150.0,1572,21,12,1
65667723,pv|pv|pv|pv|pv,75.0,0,17,14,1
65680419,pv|pv|pv|pv|pv,240.0,0,8,4,0
65682840,pv|pv|pv|pv|pv,0.0,1,15,10,0
65683052,pv|pv|pv|pv|pv,0.0,5,66,32,1
65698133,pv|pv|pv|cart|pv,15.0,0,9,4,1
65704391,pv|pv|pv|pv|pv,0.0,10,6,3,1
65746371,pv|pv|pv|pv|pv,0.0,1,30,10,0
65762927,pv|pv|pv|pv|pv,0.0,0,0,5,0
65790331,pv|pv|pv|pv|pv,240.0,0,5,0,0
65810725,pv|pv|pv|pv|pv,75.0,10,5,3,1
65820387,pv|pv|pv|pv|pv,60.0,14,4,8,0
65822835,pv|pv|pv|pv|pv,0.0,4,15,2,1
65831756,pv|pv|pv|pv|pv,855.0,0,11,0,0
65848846,pv|pv|pv|pv|pv,240.0,64,53,9,1
65856500,pv|pv|pv|pv|pv,75.0,0,18,18,1
65860183,pv|pv|pv|pv|pv,1440.0,4,2,1,0
65882631,pv|pv|pv|pv|pv,435.0,0,9,0,0
65886056,pv|pv|pv|pv|pv,15.0,4,13,3,0
65949028,pv|pv|pv|pv|pv,15.0,121,154,40,1
65949779,cart|pv|pv|pv|pv,0.0,0,1,1,0
65960071,fav|pv|pv|pv|pv,0.0,3,0,1,0
65961855,pv|pv|pv|pv|pv,75.0,297,63,20,1
65982317,buy|pv|pv|pv|pv,60.0,2,183,80,1
65991159,pv|pv|pv|pv|pv,45.0,0,0,3,0
65995748,pv|pv|pv|pv|pv,30.0,0,69,23,1
66058598,pv|pv|pv|pv|pv,180.0,0,0,0,0
66079671,buy|pv|pv|pv|pv,1470.0,1,0,2,0
66132570,pv|buy|pv|pv|pv,195.0,0,0,2,0
66141533,pv|pv|pv|pv|pv,0.0,0,15,4,0
66145288,pv|pv|pv|pv|pv,0.0,7,123,25,1
66150030,pv|pv|pv|pv|pv,0.0,2,48,11,1
66190657,pv|pv|pv|pv|pv,0.0,1,39,11,1
66200828,pv|pv|fav|pv|pv,0.0,8,57,17,1
66205819,pv|pv|pv|pv|pv,0.0,4,49,6,0
66232679,pv|pv|pv|pv|pv,0.0,98,25,18,0
66274733,buy|pv|pv|pv|buy,0.0,0,30,9,0
66275550,pv|pv|pv|pv|pv,0.0,5,19,5,0
66293783,pv|pv|pv|pv|pv,780.0,2,12,2,0
66297767,pv|pv|pv|pv|pv,0.0,1,11,3,0
66303330,pv|pv|pv|pv|pv,0.0,0,165,28,1
66306934,pv|pv|pv|pv|pv,0.0,12,2,3,0
66315804,pv|pv|cart|pv|pv,690.0,1,2,2,0
66331755,cart|pv|cart|cart|pv,0.0,6,60,12,1
66336544,pv|pv|pv|pv|pv,0.0,2,3,2,0
66351154,pv|pv|pv|pv|pv,165.0,1,11,15,0
66359448,pv|pv|pv|pv|pv,0.0,0,18,7,0
66367361,cart|pv|pv|pv|pv,0.0,0,8,0,0
66374251,pv|pv|pv|pv|pv,0.0,1,53,15,0
66389432,pv|pv|pv|pv|pv,0.0,1,0,0,0
66395027,pv|pv|pv|pv|pv,15.0,0,92,19,1
66412678,pv|pv|pv|pv|pv,0.0,18,29,8,1
66440228,pv|pv|pv|fav|pv,390.0,9,5,3,0
66497070,pv|pv|pv|pv|pv,0.0,56,31,8,0
66535302,pv|pv|pv|pv|pv,0.0,1,19,15,1
66538937,pv|pv|pv|pv|pv,0.0,7,0,0,0
66544067,pv|pv|pv|pv|pv,15.0,0,21,14,1
66566059,pv|pv|pv|pv|pv,0.0,43,15,15,1
66588610,pv|pv|pv|pv|pv,960.0,0,0,9,0
66592633,pv|pv|pv|pv|pv,15.0,1,70,18,1
66621061,pv|pv|pv|pv|pv,0.0,0,2,1,0
66637372,pv|pv|pv|pv|pv,330.0,0,2,15,0
66652324,pv|pv|pv|pv|pv,0.0,0,5,2,0
66686285,pv|pv|pv|pv|pv,135.0,7,0,7,1
66688297,pv|pv|pv|pv|pv,0.0,26,6,12,0
66699196,pv|pv|pv|pv|pv,210.0,12,3,5,1
66708783,pv|pv|pv|pv|pv,0.0,1,8,0,0
66717513,pv|pv|pv|pv|pv,0.0,20,5,0,0
66737372,pv|pv|pv|pv|pv,0.0,1,37,7,1
66743304,pv|pv|pv|pv|pv,900.0,2,1,4,0
66749139,pv|pv|pv|pv|pv,0.0,0,23,15,1
66763284,pv|pv|pv|pv|pv,0.0,8,7,0,0
66801315,pv|pv|pv|pv|pv,0.0,0,2,2,0
66816658,pv|pv|pv|pv|pv,525.0,0,1,0,0
66819420,cart|cart|pv|pv|pv,0.0,54,32,20,1
66819472,pv|pv|pv|pv|pv,0.0,1,9,4,0
66831202,pv|pv|pv|pv|pv,0.0,181,4,4,0
66850651,pv|pv|pv|pv|pv,0.0,0,72,20,1
66865786,pv|pv|pv|pv|pv,0.0,0,11,2,0
66866811,pv|pv|pv|pv|pv,45.0,3,135,17,1
66876679,pv|pv|pv|pv|pv,0.0,0,18,1,1
66878548,pv|pv|pv|pv|pv,0.0,0,0,0,0
66909500,pv|pv|pv|pv|pv,210.0,52,13,11,1
66911931,pv|pv|pv|pv|pv,0.0,3,14,4,0
66924694,pv|pv|pv|cart|buy,15.0,7,20,19,1
66961542,pv|pv|pv|pv|pv,180.0,6,2,3,1
66976532,cart|cart|pv|pv|pv,0.0,4,16,0,0
67021316,pv|pv|pv|pv|pv,30.0,26,16,4,1
67028419,pv|pv|pv|pv|pv,0.0,177,166,19,1
67030902,pv|pv|pv|pv|pv,0.0,0,1,1,0
67033795,pv|pv|pv|pv|pv,720.0,85,86,24,1
67043382,pv|pv|pv|pv|pv,15.0,0,19,0,0
67043644,pv|pv|pv|pv|pv,0.0,0,26,6,0
67053820,pv|pv|pv|pv|pv,0.0,0,81,8,1
67077817,pv|pv|pv|pv|pv,1890.0,0,37,2,0
67085594,pv|pv|pv|pv|pv,0.0,77,82,12,1
67128572,pv|pv|pv|pv|pv,0.0,1,0,4,0
67155648,pv|pv|pv|pv|pv,0.0,0,14,7,1
67155716,pv|pv|pv|pv|pv,0.0,63,0,2,0
67157384,cart|pv|pv|pv|pv,0.0,0,3,4,0
67166709,pv|pv|pv|pv|pv,0.0,16,0,5,0
67168345,pv|pv|pv|pv|pv,0.0,69,5,10,1
67177972,pv|pv|pv|pv|pv,0.0,3,8,9,1
67185042,pv|pv|pv|pv|pv,300.0,1,39,6,0
67202688,pv|pv|pv|pv|pv,60.0,1,97,37,1
67229067,pv|pv|pv|pv|pv,180.0,3,2,3,1
67236570,pv|pv|pv|pv|pv,15.0,0,0,1,0
67268928,pv|pv|pv|pv|pv,0.0,103,62,23,1
67309595,pv|pv|pv|pv|pv,1830.0,0,4,1,0
67312926,pv|pv|pv|pv|pv,630.0,1,13,6,0
67386849,pv|pv|pv|buy|pv,0.0,0,4,3,1
67404809,cart|pv|pv|pv|pv,0.0,0,24,3,1
67422920,pv|pv|pv|pv|cart,0.0,2,56,14,0
67473135,pv|pv|pv|pv|pv,600.0,0,16,0,0
67477912,pv|pv|pv|pv|pv,0.0,2,4,4,1
67508764,pv|pv|pv|pv|pv,0.0,0,6,1,0
67511501,pv|pv|pv|pv|pv,0.0,0,15,4,0
67514411,pv|pv|pv|pv|pv,0.0,221,12,23,1
67524897,pv|pv|pv|pv|pv,0.0,1,32,8,0
67538161,pv|pv|pv|pv|pv,0.0,0,9,3,0
67540780,pv|pv|cart|pv|pv,30.0,1,5,11,0
67583520,pv|pv|pv|pv|pv,0.0,0,1,0,0
67594087,pv|pv|pv|pv|pv,0.0,0,6,7,0
67648477,pv|pv|pv|pv|pv,195.0,1,0,0,0
67658666,pv|pv|pv|pv|pv,495.0,1,6,4,1
67675774,pv|pv|cart|pv|pv,0.0,0,4,0,0
67684356,pv|pv|pv|pv|pv,0.0,1,49,2,1
67725088,pv|pv|pv|pv|pv,210.0,9,9,6,1
67735668,pv|pv|pv|pv|pv,2430.0,0,0,0,0
67743134,pv|pv|pv|pv|pv,0.0,1,39,31,1
67759870,pv|pv|pv|pv|pv,0.0,2,156,26,1
67797025,pv|fav|pv|pv|pv,0.0,44,0,1,0
67819789,pv|pv|pv|pv|pv,60.0,37,0,5,0
67822184,pv|pv|pv|buy|pv,0.0,10,35,24,1
67840643,pv|pv|pv|pv|pv,0.0,11,12,3,1
67849399,pv|pv|pv|pv|pv,15.0,101,66,16,1
67865490,pv|pv|pv|pv|pv,630.0,3,0,27,0
67872611,pv|pv|pv|pv|pv,0.0,0,4,2,0
67892536,pv|pv|pv|pv|pv,0.0,0,10,9,0
67893893,pv|pv|pv|pv|pv,0.0,5,34,8,1
67898761,pv|pv|pv|pv|pv,75.0,117,59,31,1
67908606,pv|pv|pv|pv|pv,255.0,0,0,0,0
67933987,pv|pv|pv|pv|pv,0.0,3,24,11,1
67940169,pv|pv|pv|pv|pv,15.0,1,9,1,0
67942355,pv|pv|pv|pv|pv,0.0,0,7,4,0
67942365,pv|pv|pv|pv|pv,0.0,0,22,4,1
68002440,pv|pv|pv|pv|pv,0.0,15,16,12,1
68008677,pv|pv|pv|pv|pv,0.0,2,10,8,1
68052246,cart|pv|pv|pv|pv,0.0,7,14,10,0
68068629,pv|pv|pv|pv|pv,15.0,0,22,12,1
68071856,pv|pv|buy|pv|pv,0.0,2,0,2,0
68100671,pv|pv|pv|pv|pv,0.0,9,3,4,1
68100903,pv|pv|pv|pv|pv,45.0,18,1,6,1
68141920,pv|pv|pv|pv|pv,0.0,0,3,0,0
68150938,pv|pv|pv|pv|pv,0.0,23,57,9,1
68157578,pv|buy|buy|pv|pv,15.0,17,3,20,0
68158918,pv|pv|pv|pv|pv,150.0,1,1,6,0
68161467,pv|fav|fav|pv|pv,0.0,27,0,0,0
68165769,pv|pv|pv|pv|pv,0.0,1,3,2,1
68187441,pv|pv|pv|pv|pv,0.0,8,8,5,1
68193194,pv|pv|pv|pv|pv,75.0,2,2,5,1
68210335,pv|pv|pv|pv|pv,0.0,7,1,3,0
68217968,pv|pv|pv|pv|pv,0.0,0,0,4,0
68225403,pv|pv|pv|pv|fav,150.0,56,0,4,0
68249522,pv|pv|pv|pv|pv,30.0,36,57,19,1
68255573,pv|pv|pv|pv|pv,0.0,0,0,3,0
68259655,pv|pv|pv|pv|pv,0.0,21,2,0,0
68264472,pv|pv|pv|pv|pv,0.0,62,20,14,1
68265275,pv|pv|pv|pv|pv,120.0,1,60,15,0
68271052,pv|pv|pv|pv|pv,30.0,28,1,2,0
68284108,pv|pv|pv|pv|pv,45.0,0,2,1,0
68285359,pv|pv|pv|pv|pv,0.0,24,69,28,1
68288874,pv|pv|pv|pv|pv,0.0,1,12,2,1
68299137,pv|pv|pv|cart|pv,0.0,0,15,4,1
68302542,pv|pv|pv|pv|pv,0.0,0,20,5,1
68327951,pv|pv|pv|pv|pv,15.0,8,41,12,1
68332098,buy|pv|pv|pv|pv,45.0,0,15,10,1
68342657,pv|pv|pv|pv|pv,0.0,0,3,4,0
68343951,pv|pv|pv|pv|pv,0.0,0,47,3,0
68358561,pv|pv|pv|pv|pv,0.0,74,33,36,1
68359578,pv|pv|pv|pv|cart,0.0,0,70,17,1
68362875,pv|pv|pv|pv|pv,0.0,0,2,9,0
68381564,pv|pv|pv|pv|pv,0.0,1,1,9,0
68382361,pv|pv|pv|pv|pv,0.0,0,58,28,1
68412184,pv|pv|pv|pv|pv,0.0,2,50,4,1
68421220,pv|pv|cart|pv|pv,330.0,5,21,6,1
68428732,pv|pv|pv|pv|pv,15.0,3,56,27,0
68429891,pv|pv|pv|pv|pv,0.0,41,0,4,0
68476997,pv|pv|pv|pv|pv,15.0,0,3,2,0
68485777,pv|pv|pv|pv|pv,0.0,0,0,3,0
68513171,cart|buy|buy|buy|cart,0.0,1,54,9,1
68516560,pv|pv|pv|pv|pv,15.0,2,18,12,0
68550498,pv|pv|pv|pv|pv,45.0,0,44,4,1
68558328,pv|buy|pv|pv|pv,15.0,3,0,3,0
68563462,pv|pv|pv|pv|pv,420.0,3,0,0,0
68571967,pv|pv|pv|pv|pv,15.0,23,0,3,0
68573775,pv|pv|cart|pv|buy,15.0,0,11,2,1
68583482,pv|pv|pv|pv|pv,0.0,3,14,2,0
68592058,pv|pv|pv|pv|pv,60.0,1,6,3,0
68597206,pv|pv|pv|pv|pv,15.0,0,28,7,1
68597508,pv|pv|pv|pv|pv,0.0,2,0,2,0
68605920,pv|pv|pv|pv|pv,255.0,0,50,15,1
68605934,pv|pv|pv|pv|pv,0.0,3,9,4,0
68614999,pv|cart|pv|pv|pv,0.0,5,0,5,0
68646634,pv|pv|pv|pv|pv,1500.0,0,14,9,1
68673764,pv|pv|pv|pv|pv,60.0,8,0,0,0
68680724,cart|pv|pv|pv|pv,15.0,0,32,7,1
68692842,pv|pv|pv|pv|pv,0.0,17,17,5,1
68709423,pv|pv|pv|pv|pv,0.0,0,26,11,1
68710047,pv|pv|pv|pv|pv,135.0,2,14,1,0
68711920,pv|pv|pv|pv|cart,165.0,0,2,1,0
68723589,pv|pv|pv|pv|pv,0.0,54,10,6,1
68735466,pv|pv|pv|pv|pv,0.0,0,13,5,1
68747316,pv|pv|pv|pv|pv,30.0,37,137,6,1
68778928,pv|cart|pv|cart|pv,15.0,0,14,2,0
68784328,pv|pv|pv|pv|pv,30.0,28,111,29,1
68784632,buy|pv|pv|pv|pv,0.0,2,0,1,0
68790834,pv|pv|pv|pv|pv,0.0,0,0,0,0
68801930,pv|pv|pv|pv|pv,0.0,0,13,3,0
68826278,pv|pv|pv|pv|pv,0.0,12,21,8,1
68875424,fav|pv|pv|pv|pv,0.0,6,2,1,0
68909476,pv|pv|pv|pv|pv,285.0,0,0,0,0
68917618,pv|pv|pv|pv|pv,0.0,2,0,6,0
68942144,pv|fav|pv|pv|pv,900.0,7,1,2,0
68961612,pv|pv|buy|cart|pv,0.0,0,19,19,1
68983870,pv|pv|pv|pv|pv,15.0,2,8,7,1
68989686,buy|pv|pv|cart|pv,0.0,1,0,2,0
69003368,pv|pv|pv|pv|pv,15.0,2,0,3,0
69033110,pv|pv|pv|pv|pv,0.0,0,1,1,0
69037610,pv|fav|pv|pv|pv,15.0,15,0,0,0
69050200,pv|pv|pv|pv|pv,0.0,2,17,21,1
69117671,cart|pv|pv|pv|pv,720.0,0,50,14,1
69144178,pv|pv|pv|pv|pv,0.0,75,40,45,1
69146917,pv|pv|pv|pv|pv,405.0,2,0,1,0
69152695,pv|pv|pv|pv|pv,15.0,1,46,6,1
69152893,pv|pv|pv|pv|pv,0.0,119,43,4,1
69159969,pv|pv|pv|pv|pv,0.0,1,43,10,1
69172388,pv|pv|pv|pv|pv,105.0,1,2,6,0
69174349,pv|pv|pv|pv|pv,0.0,93,14,21,0
69192727,pv|pv|pv|pv|pv,195.0,0,2,6,0
69195802,pv|pv|pv|pv|pv,0.0,8,57,14,1
69240582,cart|pv|pv|pv|pv,1080.0,0,3,2,0
69242953,pv|pv|pv|pv|pv,0.0,55,0,0,0
69246472,pv|pv|pv|pv|buy,0.0,0,67,12,1
69251001,pv|pv|pv|pv|pv,0.0,29,31,7,1
69255232,pv|buy|buy|pv|buy,0.0,0,29,27,0
69285521,pv|pv|cart|pv|pv,135.0,0,10,6,0
69289834,pv|pv|pv|pv|pv,0.0,1,14,5,0
69303906,pv|pv|pv|pv|pv,15.0,0,7,5,1
69308679,pv|pv|pv|pv|pv,0.0,0,6,1,1
69309041,cart|pv|pv|pv|pv,1425.0,3,9,3,0
69334364,pv|pv|pv|pv|pv,420.0,0,3,3,0
69347492,pv|pv|pv|pv|pv,60.0,2,0,1,0
69383475,pv|pv|pv|pv|pv,315.0,0,19,8,1
69384332,pv|pv|pv|pv|cart,0.0,0,6,2,0
69389641,pv|pv|pv|pv|pv,705.0,0,79,5,1
69396418,pv|pv|pv|pv|pv,30.0,1,4,6,1
69410546,pv|pv|cart|pv|pv,15.0,4,53,3,0
69412823,pv|pv|pv|pv|pv,45.0,3,0,2,0
69428014,pv|pv|pv|pv|pv,15.0,3,34,0,0
69439796,pv|buy|pv|pv|pv,1020.0,0,25,5,1
69447934,pv|pv|pv|pv|pv,0.0,0,39,3,1
69452078,pv|cart|pv|pv|pv,0.0,26,43,22,1
69459679,pv|pv|pv|pv|pv,0.0,0,56,10,1
69462679,buy|cart|cart|buy|cart,0.0,0,16,9,1
69486826,pv|pv|pv|pv|pv,285.0,2,2,3,1
69505718,pv|pv|pv|pv|pv,0.0,45,20,7,1
69510643,pv|pv|pv|pv|pv,0.0,0,1,0,0
69521301,pv|pv|pv|pv|pv,225.0,100,11,21,1
69562165,pv|pv|pv|pv|pv,450.0,0,31,11,1
69579136,pv|pv|pv|pv|pv,0.0,0,111,19,1
69599332,pv|pv|pv|pv|pv,0.0,29,29,5,1
69613205,pv|pv|pv|pv|pv,75.0,1,33,12,1
69620201,pv|pv|pv|pv|pv,90.0,0,11,1,0
69626316,pv|pv|pv|pv|pv,0.0,29,18,13,0
69631141,pv|cart|pv|pv|pv,135.0,0,32,4,0
69640457,pv|pv|pv|pv|pv,90.0,1,36,6,1
69654504,cart|pv|pv|pv|pv,0.0,1,20,11,1
69663083,pv|pv|pv|pv|pv,0.0,0,0,1,0
69678635,pv|pv|pv|pv|pv,15.0,36,6,14,1
69687230,pv|pv|pv|pv|pv,0.0,76,32,20,1
69696698,pv|pv|pv|pv|pv,15.0,40,53,15,1
69697214,pv|pv|pv|pv|pv,0.0,0,63,14,1
69731330,pv|pv|pv|pv|pv,0.0,0,15,12,1
69766999,pv|pv|pv|pv|pv,0.0,0,0,3,0
69781008,pv|pv|pv|fav|pv,0.0,12,4,0,1
69798791,pv|pv|pv|pv|pv,1485.0,10,1,6,0
69807585,pv|pv|pv|pv|pv,60.0,3,8,0,0
69819243,pv|pv|pv|pv|pv,405.0,28,0,6,1
69840571,pv|pv|pv|pv|pv,15.0,1,0,0,0
69859994,pv|pv|pv|pv|pv,0.0,0,5,0,0
69869187,pv|pv|pv|pv|pv,0.0,0,39,6,1
69877349,pv|pv|pv|pv|pv,0.0,2,9,0,0
69953834,pv|pv|pv|pv|pv,0.0,19,46,16,1
70012916,pv|pv|pv|pv|pv,0.0,0,76,11,1
70015965,pv|pv|pv|pv|pv,435.0,40,1,1,0
70046644,pv|pv|pv|pv|pv,0.0,4,11,2,0
70070588,pv|pv|pv|pv|pv,0.0,0,7,8,1
70116015,pv|pv|pv|pv|pv,0.0,13,3,8,0
70118357,pv|pv|pv|pv|pv,60.0,0,0,3,0
70138205,pv|pv|pv|pv|pv,0.0,0,12,4,0
70157276,pv|pv|pv|pv|pv,45.0,4,23,61,1
70161728,pv|pv|pv|pv|cart,0.0,1,45,4,0
70168568,pv|pv|pv|pv|pv,0.0,2,0,0,0
70207005,pv|pv|pv|pv|pv,135.0,0,0,8,0
70212546,cart|pv|pv|pv|pv,0.0,2,142,45,1
70222678,pv|fav|pv|pv|pv,0.0,5,0,10,0
70233601,pv|pv|pv|pv|fav,0.0,32,9,2,0
70237977,pv|pv|pv|pv|pv,0.0,0,0,0,0
70240139,pv|pv|pv|pv|pv,0.0,6,111,13,1
70241210,pv|pv|pv|pv|pv,0.0,72,15,16,1
70260190,pv|pv|pv|pv|pv,735.0,3,39,1,0
70277195,pv|pv|pv|pv|pv,0.0,0,3,6,0
70284542,pv|buy|fav|pv|pv,0.0,0,3,2,0
70351826,pv|pv|pv|pv|pv,0.0,0,4,3,1
70352132,pv|pv|pv|pv|pv,0.0,0,7,2,1
70370583,pv|pv|pv|pv|pv,0.0,4,0,4,0
70380387,pv|pv|pv|pv|pv,15.0,41,16,7,1
70397129,pv|pv|pv|pv|pv,15.0,0,57,8,1
70403519,pv|cart|pv|pv|buy,0.0,0,11,5,1
70424320,pv|pv|pv|pv|pv,165.0,5,11,3,0
70441355,pv|pv|pv|pv|pv,0.0,2,12,3,1
70486234,pv|pv|pv|pv|pv,390.0,0,21,31,1
70503301,pv|pv|pv|pv|cart,0.0,42,43,25,1
70515959,pv|pv|pv|pv|pv,0.0,1,1,0,0
70517996,pv|pv|pv|pv|pv,0.0,48,37,14,0
70542620,pv|pv|pv|pv|pv,0.0,5,5,6,0
70542990,pv|pv|pv|pv|pv,1125.0,0,0,0,0
70573626,pv|pv|pv|pv|pv,240.0,2,2,3,0
70606713,pv|pv|pv|pv|pv,15.0,4,0,1,0
70617695,pv|pv|pv|pv|pv,75.0,0,5,7,0
70656441,pv|pv|fav|pv|pv,0.0,12,5,1,0
70664874,pv|pv|pv|pv|pv,0.0,2,21,3,0
70664970,pv|pv|fav|pv|pv,225.0,5,2,1,0
70689524,pv|pv|pv|pv|pv,615.0,0,4,4,0
70727085,pv|pv|pv|pv|pv,555.0,1,3,1,0
70730514,pv|pv|pv|pv|pv,345.0,2,81,7,0
70745586,pv|pv|pv|pv|pv,0.0,0,5,6,0
70753307,pv|pv|pv|pv|pv,0.0,0,0,0,0
70776553,pv|pv|pv|pv|pv,210.0,2,28,3,1
70807729,pv|pv|pv|pv|pv,1455.0,30,7,1,1
70813454,pv|pv|pv|pv|pv,0.0,7,4,2,0
70815622,pv|pv|pv|pv|pv,0.0,0,32,1,1
70817939,pv|pv|cart|pv|pv,0.0,1,15,2,1
70822231,pv|pv|pv|pv|pv,0.0,0,1,1,0
70828129,pv|pv|pv|pv|pv,0.0,17,5,4,0
70851841,pv|pv|pv|pv|pv,0.0,3,0,7,0
70873173,pv|pv|pv|pv|pv,1590.0,24,0,0,0
70876649,pv|pv|pv|pv|pv,0.0,42,51,17,1
70889190,pv|pv|fav|pv|pv,0.0,70,63,10,1
70891589,pv|pv|pv|pv|pv,0.0,24,80,14,1
70898242,pv|pv|pv|pv|pv,15.0,0,0,5,0
70905680,pv|pv|pv|pv|pv,15.0,0,1,4,0
70913065,pv|pv|pv|pv|pv,0.0,188,39,18,1
70919971,pv|pv|pv|pv|pv,0.0,0,0,2,0
70931681,pv|pv|pv|pv|pv,0.0,2,3,0,1
70960824,cart|pv|pv|pv|pv,195.0,2,20,8,1
70971999,pv|pv|pv|pv|pv,150.0,3,1,3,0
70972602,pv|pv|pv|pv|pv,45.0,0,65,14,1
70972620,pv|pv|pv|pv|pv,0.0,0,7,0,0
70978759,pv|pv|pv|pv|pv,360.0,34,67,36,1
71018291,pv|pv|pv|pv|pv,0.0,1,12,10,1
71035154,pv|pv|pv|pv|pv,0.0,11,15,19,1
71048860,pv|pv|pv|pv|pv,15.0,3,0,4,0
71051585,pv|fav|pv|pv|pv,15.0,41,4,4,1
71054049,pv|pv|pv|pv|pv,750.0,0,10,1,0
71090471,pv|pv|pv|pv|pv,0.0,0,7,0,0
71090781,pv|buy|pv|pv|pv,0.0,1,12,9,1
71105413,pv|pv|pv|pv|pv,540.0,9,0,15,0
71126415,pv|pv|pv|pv|pv,0.0,81,162,15,1
71142425,pv|pv|pv|pv|pv,0.0,86,31,13,1
71146691,pv|pv|pv|pv|pv,600.0,85,0,1,1
71149953,pv|pv|pv|pv|pv,15.0,2,105,23,1
71164203,pv|pv|pv|pv|pv,510.0,0,16,3,1
71179084,pv|pv|pv|pv|pv,30.0,7,1,2,1
71201867,pv|pv|pv|pv|pv,15.0,2,96,16,1
71208218,pv|pv|pv|pv|pv,0.0,26,1,5,0
71210938,pv|pv|pv|pv|pv,45.0,0,0,0,0
71211432,buy|pv|pv|pv|pv,0.0,0,7,4,1
71223370,pv|pv|pv|pv|pv,0.0,0,31,17,1
71234312,pv|pv|pv|pv|pv,0.0,15,32,11,1
71237773,pv|pv|pv|pv|pv,0.0,1,0,2,0
71238931,pv|pv|pv|pv|pv,0.0,655,0,0,0
71251121,pv|pv|pv|pv|pv,15.0,111,67,35,1
71258991,pv|fav|pv|pv|pv,0.0,35,17,4,1
71290254,pv|pv|pv|pv|fav,0.0,96,8,17,1
71333586,pv|pv|pv|pv|pv,0.0,3,0,2,0
71348773,pv|pv|pv|pv|pv,0.0,0,3,0,0
71361569,pv|pv|pv|pv|pv,15.0,19,73,9,1
71369964,pv|pv|pv|pv|pv,1140.0,1,11,2,1
71376321,pv|pv|cart|pv|pv,765.0,1,22,10,1
71386658,pv|pv|pv|pv|pv,30.0,2,18,6,0
71406451,pv|pv|pv|pv|pv,210.0,91,117,24,1
71417684,pv|pv|pv|pv|pv,240.0,34,0,4,1
71419120,pv|pv|pv|pv|pv,0.0,0,6,3,1
71422331,cart|pv|pv|pv|pv,0.0,1,13,13,0
71437297,pv|pv|pv|pv|pv,360.0,6,6,8,1
71446393,pv|cart|pv|pv|pv,0.0,0,125,6,1
71452131,pv|pv|pv|pv|pv,0.0,3,12,3,1
71514585,pv|pv|pv|pv|pv,0.0,1,99,7,1
71582654,pv|pv|pv|pv|pv,30.0,26,3,14,0
71601515,pv|pv|pv|pv|pv,0.0,63,13,7,1
71611159,pv|pv|pv|pv|pv,0.0,30,8,11,1
71631705,pv|pv|pv|pv|pv,390.0,0,23,8,0
71636940,pv|pv|pv|pv|pv,30.0,4,2,5,0
71671024,pv|pv|pv|pv|pv,0.0,9,84,10,1
71678956,pv|pv|pv|pv|pv,45.0,1,8,3,0
71696748,pv|pv|pv|pv|pv,165.0,5,0,1,0
71702944,pv|pv|pv|buy|pv,0.0,29,223,27,1
71712016,pv|pv|pv|pv|pv,150.0,0,21,8,1
71714329,pv|pv|pv|pv|pv,0.0,3,214,67,1
71721640,pv|fav|pv|pv|pv,0.0,27,20,9,1
71734567,pv|pv|pv|pv|pv,465.0,3,17,10,1
71778458,pv|pv|pv|pv|pv,120.0,1,21,5,0
71796341,pv|pv|pv|pv|pv,330.0,1,9,10,0
71883073,pv|pv|pv|pv|pv,0.0,0,21,71,0
71888387,pv|pv|pv|pv|pv,0.0,1,57,22,1
71908437,pv|pv|pv|pv|pv,420.0,9,4,4,0
71929773,pv|pv|pv|pv|pv,0.0,1,51,34,1
71941709,pv|pv|pv|pv|pv,15.0,0,31,8,1
71964200,pv|pv|pv|pv|pv,0.0,0,6,0,0
71969934,pv|pv|pv|pv|pv,0.0,25,32,13,0
71985206,pv|pv|pv|pv|pv,345.0,7,22,5,1
72016943,pv|pv|pv|pv|pv,0.0,17,1,0,1
72018675,pv|pv|pv|pv|pv,0.0,12,0,0,0
72023066,pv|pv|pv|pv|pv,2190.0,1,10,2,0
72062153,pv|pv|pv|pv|pv,0.0,1,5,2,0
72076185,pv|pv|pv|pv|cart,75.0,0,2,1,1
72120347,pv|pv|pv|pv|pv,195.0,1,12,7,0
72129303,pv|pv|pv|pv|pv,0.0,2,1,1,0
72132223,pv|pv|pv|pv|pv,0.0,1,4,2,0
72148706,pv|pv|pv|pv|pv,0.0,42,76,23,1
72166476,pv|pv|pv|pv|pv,2430.0,0,0,0,0
72167112,pv|pv|pv|pv|pv,0.0,12,53,34,1
72181751,pv|pv|pv|pv|cart,0.0,0,3,4,0
72184942,pv|pv|pv|pv|pv,0.0,57,5,5,1
72214388,pv|pv|pv|pv|pv,0.0,12,3,3,0
72234327,pv|pv|pv|pv|pv,0.0,0,2,1,0
72241985,pv|pv|pv|pv|pv,360.0,0,1,1,0
72251098,pv|pv|pv|pv|pv,795.0,0,14,10,1
72253831,pv|pv|pv|pv|pv,15.0,0,2,0,0
72256073,pv|pv|pv|pv|pv,0.0,1,2,2,0
72288359,pv|pv|pv|pv|pv,0.0,2,129,27,1
72295163,pv|pv|pv|pv|pv,0.0,81,24,6,0
72306639,pv|pv|pv|pv|pv,0.0,0,73,39,1
72335968,pv|pv|pv|pv|pv,90.0,7,0,2,1
72358271,pv|pv|pv|pv|pv,210.0,55,20,24,1
72371406,pv|pv|pv|pv|pv,0.0,0,6,7,0
72375246,pv|pv|pv|pv|pv,105.0,0,12,5,0
72375683,pv|pv|pv|pv|pv,0.0,6,5,0,0
72384905,pv|pv|pv|pv|pv,0.0,1,42,13,0
72391099,pv|pv|pv|pv|pv,0.0,9,2,11,0
72391765,pv|pv|pv|fav|pv,0.0,36,6,14,1
72419143,pv|fav|pv|pv|pv,45.0,198,46,4,0
72436782,pv|pv|pv|pv|pv,0.0,1,89,11,0
72442904,pv|pv|pv|pv|pv,105.0,0,53,7,1
72480854,pv|pv|pv|pv|pv,165.0,0,0,0,0
72510586,pv|pv|pv|pv|pv,165.0,0,0,0,0
72512616,cart|pv|pv|pv|pv,0.0,0,9,5,1
72515822,pv|pv|pv|pv|pv,180.0,0,3,6,0
72526488,pv|pv|pv|pv|pv,0.0,0,4,3,0
72527976,pv,0.0,0,0,0,0
72543852,pv|pv|pv|pv|pv,0.0,0,4,1,0
72552037,pv|pv|pv|pv|pv,0.0,0,13,14,0
72591312,fav|pv|pv|pv|pv,0.0,9,0,3,0
72605828,pv|pv|fav|pv|pv,0.0,62,4,7,1
72607632,pv|pv|pv|pv|pv,0.0,13,0,2,0
72611369,pv|pv|pv|pv|pv,150.0,6,10,5,0
72632718,pv|pv|pv|pv|pv,0.0,108,1,4,0
72633796,pv|pv|pv|pv|pv,15.0,0,54,14,1
72638271,pv|pv|pv|pv|pv,60.0,35,34,12,0
72651215,pv|pv|pv|pv|pv,0.0,23,86,31,1
72656044,pv|pv|pv|pv|pv,15.0,3,0,4,0
72659380,pv|pv|pv|pv|buy,15.0,0,0,2,0
72703245,fav|pv|pv|pv|fav,0.0,94,68,14,1
72736504,pv|pv|pv|pv|pv,15.0,0,1,0,0
72749623,pv|pv|pv|pv|pv,0.0,17,8,19,0
72753099,pv|pv|pv|pv|pv,0.0,1,0,0,0
72753801,pv|pv|pv|pv|pv,0.0,1,9,1,0
72767439,pv|pv|pv|pv|pv,0.0,3,0,2,0
72775671,pv|pv|pv|pv|pv,0.0,3,18,8,1
72777949,pv|pv|pv|pv|pv,0.0,2,4,6,0
72782938,pv|pv|pv|pv|pv,0.0,1,2,0,0
72789014,pv|pv|pv|pv|pv,0.0,0,0,4,0
72791026,pv|pv|pv|pv|pv,345.0,0,20,12,0
72802864,pv|pv|pv|pv|pv,480.0,21,15,3,1
72813283,pv|pv|pv|pv|pv,0.0,8,1,6,1
72820368,pv|fav|pv|pv|cart,0.0,23,81,9,1
72834081,pv|pv|pv|pv|pv,0.0,11,37,7,1
72875200,pv|pv|pv|pv|pv,0.0,2,4,1,0
72884077,pv|pv|pv|pv|pv,4215.0,13,1,15,1
72890914,pv|pv|pv|pv|pv,0.0,0,4,1,0
72928045,fav|pv|pv|pv|pv,0.0,24,2,6,0
72990071,pv|pv|pv|pv|pv,0.0,26,27,13,1
73024133,pv|pv|pv|pv|pv,0.0,1,63,9,1
73031965,pv|pv|pv|pv|pv,0.0,0,1,1,0
73034210,pv|pv|pv|pv|pv,0.0,58,0,8,1
73042603,pv|pv|pv|pv|pv,0.0,9,18,11,1
73049202,pv|pv|pv|pv|pv,0.0,3,14,13,1
73050317,pv|pv|pv|pv|pv,15.0,0,0,5,0
73065478,pv|pv|pv|pv|pv,0.0,2,70,16,1
73066957,pv|pv|pv|pv|pv,405.0,0,5,0,0
73071844,pv|pv|pv|pv|pv,30.0,26,3,2,1
73104510,pv|pv|cart|pv|pv,15.0,0,4,1,0
73110586,buy|pv|pv|pv|pv,15.0,1,4,4,0
73125482,pv|pv|pv|pv|pv,0.0,6,9,4,0
73135493,pv|pv|pv|pv|pv,0.0,15,16,15,1
73136013,pv|pv|pv|pv|pv,0.0,1,3,0,0
73136730,pv|pv|pv|pv|pv,0.0,0,8,0,0
73136910,pv|pv|pv|pv|pv,0.0,26,30,37,1
73138544,pv|pv|pv|pv|pv,0.0,8,98,7,0
73183735,pv|pv|pv|pv|pv,0.0,0,1,1,1
73196588,pv|pv|pv|pv|pv,0.0,0,0,0,0
73197087,pv|pv|cart|pv|pv,315.0,1,7,0,1
73202533,buy|pv|pv|pv|pv,0.0,0,2,16,0
73218701,pv|pv|pv|pv|pv,0.0,0,98,23,1
73232978,pv|pv|pv|pv|pv,405.0,1,117,4,1
73234758,pv|pv|pv|pv|pv,0.0,4,18,0,1
73241517,pv|pv|pv|pv|pv,0.0,0,15,7,1
73245647,pv|pv|pv|pv|pv,1515.0,1,18,3,0
73275893,pv|pv|pv|pv|pv,0.0,0,10,2,1
73278658,pv|pv|pv|pv|pv,0.0,4,12,9,1
73288489,pv|pv|pv|pv|pv,0.0,3,6,5,0
73303243,pv|pv|pv|pv|pv,1665.0,10,6,8,1
73349802,pv|pv|pv|pv|pv,30.0,78,2,7,1
73407945,pv|pv|pv|pv|pv,0.0,1,24,25,1
73414621,pv|pv|pv|pv|pv,150.0,0,1,2,0
73416552,pv|pv|pv|pv|pv,1035.0,3,2,2,0
73422588,pv|pv|pv|pv|pv,0.0,0,1,3,0
73424303,pv|pv|pv|pv|pv,0.0,0,114,16,1
73428459,pv|pv|pv|pv|pv,0.0,0,0,7,0
73455580,pv|pv|pv|pv|pv,0.0,43,35,22,0
73462715,pv|pv|pv|pv|pv,0.0,71,47,31,1
73491319,pv|cart|pv|pv|pv,0.0,2,60,4,0
73491371,pv|pv|pv|pv|pv,0.0,0,2,1,1
73494272,pv|pv|pv|pv|pv,0.0,5,0,0,0
73525659,pv|pv|pv|pv|pv,15.0,4,4,7,0
73525853,pv|pv|pv|pv|pv,0.0,1,26,6,0
73527596,buy|pv|pv|pv|pv,0.0,0,0,3,0
73547790,pv|pv|pv|pv|pv,15.0,0,0,1,0
73574022,pv|pv|pv|pv|pv,0.0,13,59,8,1
73577977,pv|pv|pv|pv|pv,0.0,0,0,3,0
73617910,pv|pv|pv|pv|pv,0.0,0,4,1,0
73626973,pv|pv|pv|pv|pv,1455.0,13,1,0,0
73632654,pv|pv|pv|pv|pv,0.0,2,123,6,1
73663591,pv|pv|pv|pv|pv,600.0,0,0,3,0
73676533,pv|pv|pv|pv|pv,270.0,1,6,5,1
73729603,pv|pv|pv|pv|pv,750.0,1,24,0,0
73730336,pv|pv|pv|pv|pv,0.0,5,52,18,0
73746330,pv|pv|pv|pv|pv,0.0,0,18,11,1
73753883,buy|pv|pv|pv|pv,75.0,0,4,0,1
73758282,pv|pv|pv|pv|pv,0.0,1,14,13,1
73778775,pv|pv|pv|pv|pv,0.0,0,0,0,0
73798342,pv|pv|pv|pv|pv,0.0,153,6,9,0
73809667,pv|pv|pv|pv|pv,300.0,0,1,1,0
73851874,buy|pv|pv|pv|pv,45.0,0,11,9,1
73854016,buy|pv|pv|pv|pv,15.0,0,15,11,0
73855909,pv|pv|pv|pv|pv,0.0,1,4,5,0
73859889,pv|pv|pv|cart|pv,60.0,13,12,20,1
73864921,pv|pv|pv|pv|pv,45.0,1,7,3,0
73870155,pv|pv|pv|pv|pv,0.0,102,11,0,0
73881418,buy|pv|buy|pv|cart,0.0,2,20,10,1
73884777,pv|pv|pv|pv|pv,330.0,0,1,4,0
73918597,pv|pv|pv|pv|pv,15.0,21,153,22,1
73940945,pv|pv|pv|pv|pv,3615.0,0,0,0,0
73966521,cart|pv|pv|cart|pv,45.0,0,18,5,0
74012467,pv|cart|pv|pv|pv,0.0,52,26,10,1
74028981,pv|pv|pv|pv|pv,0.0,0,36,11,1
74049444,pv|pv|pv|pv|pv,0.0,41,25,4,0
74056865,pv|pv|pv|buy|pv,135.0,36,10,14,1
74056904,pv|pv|pv|buy|pv,0.0,0,9,7,1
74067634,pv|pv|pv|pv|pv,0.0,10,73,22,1
74077719,pv|pv|pv|pv|pv,0.0,9,16,12,1
74080846,pv|pv|pv|pv|pv,0.0,14,6,1,1
74086245,pv|pv|pv|pv|cart,90.0,0,19,5,0
74086991,pv|pv|pv|pv|pv,0.0,74,99,21,1
74136138,pv|pv|pv|pv|pv,300.0,0,12,3,1
74140634,pv|pv|pv|pv|pv,0.0,2,12,7,0
74142122,pv|pv|fav|pv|pv,1680.0,1,5,0,1
74148418,pv|pv|pv|pv|pv,0.0,1,6,4,0
74155886,pv|pv|pv|pv|pv,0.0,0,1,2,0
74163297,pv|pv|pv|pv|pv,0.0,146,31,37,1
74192645,pv|pv|pv|pv|pv,0.0,0,33,2,1
74193816,pv|pv|pv|pv|pv,0.0,17,10,6,1
74218761,pv|pv|pv|cart|pv,0.0,0,11,1,1
74224190,pv|pv|pv|pv|pv,180.0,0,24,3,0
74226240,pv|pv|pv|pv|pv,0.0,49,0,7,0
74228493,pv|cart|pv|pv|pv,0.0,0,2,0,0
74232355,pv|pv|pv|pv|pv,0.0,99,15,5,1
74242982,pv|pv|pv|pv|pv,0.0,3,2,4,0
74248390,pv|pv|pv|pv|pv,0.0,0,0,1,0
74266044,pv|pv|pv|pv|pv,2475.0,0,1,6,0
74269202,pv|fav|pv|pv|pv,0.0,12,9,3,1
74270354,pv|pv|pv|pv|pv,0.0,9,0,5,0
74285031,pv|pv|cart|pv|pv,0.0,12,85,25,1
74288102,pv|pv|pv|pv|pv,90.0,0,0,0,0
74312496,pv|pv|pv|pv|pv,210.0,38,7,18,1
74314315,pv|pv|pv|pv|pv,0.0,110,79,34,1
74335212,pv|pv|pv|pv|pv,60.0,1,4,1,0
74335554,pv|pv|pv|pv|pv,0.0,1,14,0,0
74339956,pv|pv|pv|pv|pv,45.0,66,44,11,1
74343579,pv|pv|pv|pv|pv,495.0,0,0,0,0
74373659,pv|pv|pv|pv|pv,0.0,2,24,4,1
74405788,pv|pv|pv|pv|pv,0.0,0,21,2,0
74418729,pv|cart|pv|pv|pv,0.0,2,80,16,1
74436775,pv|cart|cart|pv|pv,0.0,0,19,1,0
74452601,pv|pv|pv|pv|pv,0.0,0,0,0,0
74492481,pv|pv|pv|pv|pv,0.0,2,8,6,0
74507077,pv|pv|pv|pv|pv,165.0,1,3,4,0
74534491,pv|pv|pv|pv|pv,0.0,7,22,15,1
74552997,pv|pv|pv|pv|pv,0.0,58,54,12,0
74554840,pv|buy|buy|pv|pv,1215.0,3,16,7,1
74561683,pv|pv|pv|pv|pv,0.0,0,6,4,0
74572285,pv|pv|pv|pv|pv,1410.0,0,5,5,0
74577535,pv|pv|pv|buy|pv,0.0,19,37,7,1
74578437,pv|pv|pv|pv|pv,0.0,0,41,11,1
74593955,pv|pv|pv|pv|pv,0.0,19,50,18,1
74624581,pv|pv|pv|pv|pv,0.0,0,0,4,0
74629216,pv|pv|pv|pv|pv,75.0,0,1,9,0
74645093,pv|pv|pv|pv|pv,0.0,24,70,11,1
74648625,pv|pv|pv|pv|pv,0.0,0,3,6,0
74656762,pv|pv|pv|pv|pv,0.0,0,14,6,0
74666201,pv|cart|pv|cart|pv,0.0,0,2,0,0
74675979,pv|pv|pv|cart|pv,0.0,0,1,0,0
74694804,pv|pv|pv|pv|cart,0.0,43,87,5,1
74717191,pv|pv|pv|pv|pv,495.0,1,1,0,0
74750292,pv|pv|pv|pv|pv,0.0,49,150,14,1
74752035,pv|pv|pv|pv|pv,0.0,90,2,4,1
74775553,pv|pv|pv|pv|buy,210.0,0,9,6,0
74775623,pv|pv|pv|pv|pv,0.0,1,57,4,0
74777654,pv|pv|pv|fav|pv,45.0,1,0,0,0
74781533,pv|pv|pv|pv|pv,2715.0,1,0,2,0
74786519,pv|pv|pv|pv|pv,690.0,0,0,0,0
74820346,pv|pv|pv|pv|pv,30.0,1,11,2,0
74856244,pv|buy|pv|pv|pv,45.0,30,17,16,1
74873040,pv|pv|pv|pv|pv,1170.0,0,60,4,0
74875775,pv|pv|pv|pv|pv,0.0,0,10,0,0
74889564,pv|pv|pv|pv|buy,1440.0,0,0,1,0
74890051,pv|pv|pv|pv|pv,0.0,0,1,1,0
74920230,pv|pv|pv|pv|pv,0.0,0,0,3,0
74920552,pv|pv|buy|pv|pv,120.0,0,20,24,1
74921795,pv|pv|pv|pv|pv,345.0,0,6,2,0
74923526,pv|pv|pv|pv|pv,0.0,0,0,5,0
74926183,pv|pv|pv|pv|pv,0.0,1,1,0,0
74927354,pv|pv|pv|pv|pv,0.0,19,1,0,0
74947645,pv|pv|pv|pv|pv,0.0,0,20,0,0
74952849,pv|pv|pv|buy|pv,1470.0,357,6,6,1
74970676,pv|pv|pv|pv|pv,0.0,8,52,6,0
75022392,pv|pv|pv|pv|pv,0.0,0,21,9,1
75026568,pv|pv|pv|pv|pv,0.0,49,6,1,1
75032548,pv|pv|pv|pv|pv,15.0,2,18,21,1
75051872,pv|pv|pv|buy|pv,15.0,5,0,7,0
75057559,pv|pv|pv|pv|pv,30.0,4,2,3,0
75070176,pv|pv|pv|pv|pv,0.0,0,13,3,0
75100167,pv|pv|pv|fav|pv,0.0,146,0,7,0
75131016,pv|pv|pv|pv|pv,0.0,1,17,3,0
75149023,pv|pv|pv|pv|pv,45.0,2,26,11,1
75160982,pv|pv|pv|pv|pv,105.0,0,5,5,1
75162717,pv|pv|pv|pv|pv,345.0,1,15,11,1
75167088,pv|pv|pv|pv|pv,0.0,0,1,4,0
75170299,pv|pv|pv|pv|pv,0.0,0,0,0,0
75180624,pv|pv|pv|pv|pv,0.0,1,1,1,0
75184801,pv|fav|pv|pv|pv,15.0,0,0,1,0
75187413,pv|pv|pv|pv|pv,0.0,1,34,6,1
75195687,pv|pv|pv|pv|pv,0.0,0,0,1,0
75209170,pv|pv|pv|pv|pv,0.0,5,4,5,0
75225256,pv|pv|pv|pv|pv,0.0,0,144,6,1
75225777,pv|pv|pv|pv|pv,0.0,0,1,0,0
75251738,pv|pv|pv|pv|pv,0.0,0,330,17,1
75287920,pv|pv|pv|pv|pv,0.0,1,40,7,0
75288002,pv|pv|pv|pv|pv,0.0,16,10,4,1
75292590,pv|pv|pv|pv|pv,0.0,268,5,8,1
75301293,pv|pv|cart|pv|pv,0.0,74,33,8,1
75301433,pv|pv|pv|pv|pv,0.0,3,17,10,0
75321622,pv|pv|pv|cart|pv,0.0,3,150,14,1
75321867,pv|pv|pv|pv|fav,0.0,191,4,14,0
75326382,pv|pv|pv|pv|pv,15.0,0,38,7,1
75332266,pv|pv|pv|pv|pv,1410.0,0,4,4,1
75350465,pv|pv|pv|pv|pv,0.0,4,0,0,0
75370152,pv|pv|pv|pv|pv,0.0,4,0,0,0
75371091,pv|pv|pv|pv|pv,0.0,0,18,9,1
75377193,pv|pv|pv|pv|buy,75.0,31,9,9,1
75393724,pv|pv|pv|pv|pv,1380.0,2,0,4,0
75394275,pv|pv|pv|pv|buy,0.0,0,8,2,0
75404041,pv|pv|pv|pv|pv,15.0,10,3,1,0
75419895,pv|pv|pv|pv|pv,75.0,0,4,0,0
75428179,pv|pv|pv|pv|pv,0.0,0,0,0,0
75439923,pv|pv|pv|pv|pv,0.0,1,17,1,1
75441631,pv|pv|pv|pv|pv,0.0,0,6,7,1
75500533,pv|pv|pv|pv|pv,0.0,4,135,47,1
75510785,pv|pv|pv|pv|pv,0.0,0,75,5,0
75533954,pv|pv|pv|pv|pv,0.0,17,1,12,0
75547524,pv|pv|pv|pv|pv,0.0,4,11,13,1
75548296,pv|pv|pv|pv|pv,15.0,3,0,3,1
75586844,pv|pv|pv|pv|pv,585.0,0,2,3,1
75623420,pv|pv|pv|pv|pv,0.0,0,0,0,0
75631135,pv|pv|pv|pv|pv,0.0,0,4,1,0
75632937,pv|pv|pv|fav|pv,0.0,12,4,11,1
75665818,fav|pv|pv|pv|pv,105.0,31,1,0,1
75699486,pv|pv|pv|pv|pv,2340.0,0,0,0,0
75702827,pv|pv|fav|pv|pv,0.0,19,4,9,1
75712090,pv|pv|pv|pv|pv,0.0,0,1,2,0
75722191,pv|pv|pv|pv|pv,0.0,13,8,4,0
75749135,pv|pv|pv|pv|pv,0.0,0,53,6,1
75819271,cart|pv|pv|pv|pv,0.0,0,116,9,1
75821100,pv|pv|pv|pv|pv,0.0,45,131,15,0
75844368,pv|pv|pv|pv|pv,165.0,2,0,0,0
75845612,pv|pv|pv|pv|pv,15.0,0,14,5,0
75874204,pv|pv|pv|pv|pv,390.0,34,0,2,1
75878438,pv|pv|pv|pv|pv,0.0,7,1,0,0
75881126,pv|pv|pv|pv|pv,60.0,0,7,4,0
75888387,pv|pv|pv|fav|pv,0.0,71,7,15,1
75892415,pv|pv|pv|pv|pv,1965.0,0,0,0,0
75904905,pv|buy|pv|pv|pv,0.0,8,26,8,0
75916920,pv|pv|pv|cart|pv,0.0,91,50,12,1
75927204,pv|buy|pv|pv|pv,15.0,1,1,4,0
75945861,pv|pv|pv|pv|pv,360.0,1,2,10,0
75971112,pv|pv|pv|pv|cart,75.0,2,1,1,0
75976369,pv|pv|pv|pv|pv,0.0,0,12,2,1
75978611,pv|pv|pv|pv|pv,0.0,3,14,3,0
75981766,pv|pv|pv|pv|pv,15.0,4,24,6,1
75986489,pv|pv|pv|pv|pv,0.0,2,11,5,1
76003936,pv|pv|pv|pv|pv,0.0,0,56,16,0
76014275,pv|pv|pv|pv|pv,0.0,0,7,11,0
76038007,pv|pv|pv|pv|pv,0.0,2,3,0,0
76049101,pv|pv|pv|buy|pv,0.0,0,9,5,1
76054159,pv|pv|pv|pv|pv,0.0,0,0,1,0
76055683,pv|pv|pv|pv|pv,0.0,0,0,3,0
76057733,pv|pv|pv|pv|pv,0.0,1,0,0,0
76073975,pv|pv|pv|pv|pv,15.0,54,34,19,1
76080602,pv|pv|pv|pv|pv,0.0,0,0,0,0
76085459,cart|pv|cart|cart|pv,0.0,1,20,1,0
76090844,pv|pv|pv|pv|cart,0.0,0,59,5,0
76121487,pv|pv|pv|pv|pv,90.0,0,12,12,0
76143991,cart|pv|fav|pv|fav,0.0,55,95,23,1
76146995,pv|pv|pv|pv|pv,0.0,0,9,6,0
76181117,pv|pv|pv|pv|pv,0.0,0,7,2,0
76202623,pv|cart|pv|pv|pv,405.0,4,6,0,1
76204767,pv|pv|pv|pv|pv,0.0,2,8,1,0
76212088,pv|pv|pv|pv|pv,0.0,5,0,5,0
76228001,pv|pv|pv|pv|pv,0.0,2,26,5,1
76252012,pv|pv|pv|pv|pv,0.0,31,10,9,1
76253363,pv|pv|fav|pv|pv,0.0,304,0,0,0
76253881,pv|pv|pv|pv|pv,0.0,2,48,7,1
76269329,pv|pv|pv|pv|pv,90.0,1,11,2,0
76271403,pv|pv|pv|pv|pv,0.0,57,22,9,1
76292653,pv|pv|pv|pv|pv,0.0,53,45,9,1
76297222,pv|pv|pv|pv|pv,690.0,0,0,0,0
76314785,pv|pv|pv|pv|pv,0.0,168,5,19,1
76352172,pv|pv|pv|pv|pv,15.0,1,48,18,1
76359356,pv|pv|pv|pv|pv,0.0,0,0,2,0
76388923,pv|pv|pv|pv|pv,15.0,0,0,0,0
76398803,pv|pv|pv|pv|cart,0.0,2,27,9,1
76520076,pv|pv|pv|pv|pv,0.0,3,0,2,1
76550636,pv|pv|pv|pv|pv,0.0,0,3,1,1
76558003,pv|pv|pv|pv|pv,1035.0,0,14,2,0
76568368,pv|pv|pv|pv|pv,0.0,2,68,16,0
76599103,pv|pv|pv|pv|pv,30.0,0,22,11,1
76602764,pv|pv|pv|pv|pv,0.0,0,0,0,0
76604277,pv|pv|pv|pv|pv,0.0,0,23,17,1
76606093,pv|pv|pv|pv|pv,0.0,29,1,12,0
76608645,pv|pv|pv|pv|buy,0.0,2,0,3,0
76626935,pv|pv|pv|pv|pv,0.0,0,6,5,0
76627657,pv|pv|pv|pv|pv,0.0,0,6,3,0
76639598,pv|pv|pv|pv|pv,0.0,0,25,1,0
76658341,pv|pv|pv|pv|pv,0.0,0,62,5,1
76679100,pv|pv|pv|pv|pv,7185.0,0,0,0,0
76689348,pv|pv|pv|pv|pv,30.0,0,2,1,0
76707547,pv|pv|pv|pv|pv,15.0,20,44,11,1
76722375,pv|pv|pv|pv|pv,360.0,0,0,2,0
76732078,pv|pv|pv|pv|pv,240.0,4,139,14,1
76740501,pv|pv|pv|pv|pv,0.0,15,2,7,0
76755997,pv|pv|pv|pv|pv,0.0,5,0,7,0
76758868,pv|pv|pv|pv|pv,1830.0,0,0,1,0
76777269,cart|pv|pv|pv|pv,285.0,0,12,5,0
76780582,pv|pv|pv|pv|pv,0.0,13,0,0,0
76784040,pv|pv|pv|pv|pv,705.0,3,4,4,0
76786143,pv|pv|buy|pv|pv,0.0,25,16,9,1
76845781,pv|pv|pv|pv|pv,210.0,3,39,6,0
76865333,pv|pv|pv|pv|pv,1800.0,2,1,6,0
76879190,pv|pv|buy|pv|cart,0.0,23,18,13,1
76885686,pv|pv|buy|pv|pv,405.0,1,24,1,0
76887456,pv|pv|pv|pv|pv,90.0,39,1,2,0
76896505,pv|pv|pv|pv|pv,135.0,35,0,1,0
76910457,pv|pv|pv|pv|pv,840.0,0,23,10,1
76917566,pv|pv|pv|pv|pv,705.0,1,2,1,0
76930958,pv|pv|pv|pv|pv,0.0,0,92,9,1
76937095,pv|pv|pv|pv|pv,45.0,21,7,26,1
76939979,pv|pv|pv|pv|pv,1320.0,7,0,1,0
76940638,pv|pv|pv|pv|pv,0.0,0,1,0,0
76955385,pv|pv|pv|pv|pv,0.0,0,3,2,1
76955668,pv|pv|pv|pv|pv,0.0,0,3,1,1
76985951,pv|pv|pv|pv|pv,615.0,0,5,5,1
76995126,fav|pv|pv|pv|pv,135.0,44,50,9,0
76995710,pv|pv|pv|pv|pv,0.0,0,2,2,1
77020029,pv|pv|pv|pv|pv,315.0,0,1,0,0
77020117,pv|pv|pv|pv|pv,0.0,0,8,9,0
77031104,pv|pv|pv|pv|pv,0.0,0,11,1,0
77032998,pv|pv|pv|pv|pv,375.0,0,21,13,0
77044248,pv|pv|pv|pv|pv,0.0,1,2,3,0
77055357,pv|pv|pv|fav|pv,0.0,290,0,3,0
77055538,pv|pv|pv|pv|pv,195.0,3,50,27,1
77067135,cart|pv|pv|pv|pv,15.0,0,2,1,0
77072530,pv|pv|pv|pv|pv,0.0,1,7,3,0
77084854,pv|pv|buy|pv|pv,1140.0,0,0,1,0
77119566,pv|fav|pv|pv|pv,0.0,65,3,10,0
77119953,pv|pv|pv|pv|pv,60.0,4,6,3,0
77121207,pv|pv|pv|pv|pv,0.0,0,2,0,0
77128465,pv|pv|pv|pv|pv,0.0,0,11,9,1
77128530,pv|pv|pv|pv|pv,15.0,0,2,2,0
77130692,pv|pv|pv|pv|cart,0.0,4,3,4,1
77134757,pv|pv|pv|pv|pv,285.0,0,15,2,0
77139316,pv|pv|pv|pv|fav,0.0,213,30,27,1
77142272,pv|pv|pv|pv|pv,300.0,5,43,7,1
77150532,pv|pv|pv|pv|pv,0.0,1,115,42,1
77163935,pv|pv|pv|pv|pv,150.0,93,13,7,0
77204533,pv|pv|pv|pv|pv,0.0,0,0,0,0
77212709,pv|pv|pv|pv|pv,255.0,0,2,2,0
77237799,pv|pv|pv|pv|pv,120.0,12,1,6,0
77252588,cart|pv|pv|pv|pv,30.0,0,27,14,0
77254417,pv|pv|pv|pv|pv,0.0,1,2,0,0
77258315,buy|pv|pv|pv|pv,0.0,40,11,3,0
77260277,pv|pv|pv|pv|pv,0.0,0,1,5,1
77275752,pv|pv|buy|pv|pv,945.0,14,1,7,0
77294719,pv|pv|pv|pv|pv,0.0,0,2,0,0
77306409,pv|pv|pv|pv|pv,0.0,19,213,42,1
77310910,pv|pv|pv|pv|pv,75.0,1,0,2,0
77320837,pv|pv|pv|pv|pv,0.0,3,73,16,1
77324134,pv|pv|pv|pv|pv,0.0,1,51,27,1
77339861,pv|pv|pv|pv|pv,0.0,30,879,60,1
77362976,pv|pv|pv|pv|pv,975.0,0,25,6,0
77374787,fav|pv|pv|pv|pv,0.0,630,41,60,1
77392405,pv|fav|pv|pv|pv,255.0,1,0,0,0
77403305,pv|pv|pv|pv|pv,0.0,1,24,7,1
77432011,pv|pv|pv|pv|pv,0.0,0,33,8,1
77443046,pv|pv|pv|pv|pv,0.0,177,20,48,1
77455082,pv|pv|pv|pv|pv,30.0,21,6,6,0
77455354,pv|pv|pv|pv|pv,15.0,0,21,19,0
77496714,pv|pv|pv|pv|pv,0.0,0,25,20,0
77500052,pv|pv|pv|pv|pv,300.0,4,0,8,0
77503143,pv|pv|pv|pv|pv,0.0,0,5,4,0
77514819,pv|pv|pv|pv|pv,0.0,1,15,9,0
77522552,pv|pv|pv|pv|pv,0.0,22,31,12,1
77524894,pv|pv|pv|pv|pv,0.0,47,23,8,1
77528409,pv|pv|pv|pv|pv,0.0,1,39,6,1
77528436,pv|fav|pv|pv|pv,0.0,49,25,1,0
77561428,pv|pv|cart|pv|pv,0.0,0,6,2,0
77563495,pv|pv|pv|pv|pv,15.0,0,0,2,0
77587823,pv|pv|pv|pv|pv,0.0,59,5,0,0
77591948,pv|pv|pv|buy|pv,15.0,0,0,5,0
77630573,pv|pv|pv|pv|pv,0.0,0,45,1,0
77661755,pv|pv|buy|pv|pv,0.0,40,9,10,1
77683512,pv|pv|pv|pv|pv,0.0,59,14,10,1
77743407,pv|pv|pv|cart|pv,0.0,0,54,8,1
77757645,pv|pv|pv|pv|pv,0.0,0,0,2,0
77787471,pv|pv|pv|pv|pv,2445.0,0,1,1,0
77797798,pv|pv|pv|pv|pv,0.0,0,5,7,0
77801990,pv|pv|pv|pv|pv,0.0,10,1,11,0
77802678,pv|buy|pv|pv|pv,555.0,4,15,7,1
77813021,pv|pv|pv|pv|pv,0.0,13,2,9,1
77815658,pv|pv|pv|pv|pv,15.0,0,1,1,0
77822835,pv|pv|pv|pv|pv,1605.0,4,1,0,0
77840706,pv|pv|pv|pv|pv,0.0,0,1,3,0
77844326,pv|pv|pv|pv|pv,0.0,0,4,0,0
77845023,pv|pv|pv|pv|pv,660.0,3,2,1,0
77868658,fav|pv|pv|pv|pv,0.0,219,20,16,1
77881862,pv|pv|pv|pv|pv,0.0,13,62,16,1
77886379,pv|pv|pv|pv|pv,0.0,0,1,0,0
77904805,pv|pv|pv|pv|pv,0.0,2,0,0,0
77938710,pv|pv|pv|pv|pv,165.0,2,0,0,0
77945945,pv|pv|pv|pv|pv,105.0,16,1,7,0
77957775,pv|pv|pv|pv|pv,0.0,0,3,10,1
77963009,pv|pv|pv|pv|pv,0.0,1,0,1,0
77965060,pv|pv|pv|pv|pv,0.0,0,117,9,1
78044909,pv|pv|pv|pv|pv,0.0,93,21,16,1
78045043,pv|pv|pv|pv|pv,15.0,0,2,8,0
78068981,pv|pv|pv|pv|pv,0.0,23,29,5,1
78074373,pv|pv|pv|fav|pv,0.0,123,21,5,1
78111998,pv|pv|pv|pv|pv,0.0,1,1,2,0
78127630,pv|pv|pv|pv|pv,0.0,0,5,3,0
78129838,pv|pv|pv|pv|pv,210.0,35,1,7,1
78202306,pv|pv|pv|pv|pv,705.0,0,4,6,1
78206223,pv|pv|pv|pv|pv,540.0,14,1,3,0
78221884,pv|pv|pv|pv|pv,525.0,0,0,0,0
78226298,pv|pv|buy|pv|pv,0.0,4,0,3,0
78235318,pv|pv|pv|pv|pv,15.0,0,6,5,0
78264855,pv|pv|pv|pv|pv,750.0,0,0,1,0
78309060,pv|pv|pv|pv|pv,120.0,8,1,2,1
78314284,pv|pv|pv|pv|pv,120.0,1,18,8,1
78324634,pv|pv|pv|pv|pv,0.0,3,100,25,1
78329358,pv|pv|pv|pv|pv,0.0,237,120,18,1
78331026,pv|pv|pv|pv|pv,60.0,96,43,30,1
78354040,pv|pv|pv|pv|pv,0.0,8,6,3,0
78354424,pv|pv|pv|pv|pv,0.0,0,4,1,0
78357080,pv|pv|pv|pv|pv,0.0,4,2,1,1
78391784,pv|buy|pv|pv|buy,0.0,16,15,16,1
78397392,pv|pv|pv|pv|pv,0.0,0,0,0,0
78445846,pv|pv|pv|pv|pv,0.0,6,22,9,0
78462766,fav|pv|buy|pv|pv,0.0,37,4,16,1
78467491,pv|pv|pv|pv|pv,75.0,101,23,6,1
78477282,pv|pv|pv|pv|pv,0.0,99,57,12,1
78480196,pv|pv|pv|pv|pv,0.0,1,36,20,1
78522957,pv|pv|cart|pv|pv,0.0,13,11,4,0
78526913,pv|pv|pv|pv|pv,15.0,0,0,0,0
78529474,pv|pv|pv|pv|pv,0.0,0,3,0,0
78537035,pv|pv|pv|pv|pv,75.0,1,10,6,0
78566320,pv|pv|pv|pv|pv,240.0,16,0,5,0
78571658,pv|pv|pv|pv|pv,0.0,9,161,26,1
78574430,buy|pv|pv|pv|pv,0.0,2,18,14,0
78587720,pv|pv|pv|pv|pv,15.0,0,10,2,0
78595880,pv|pv|pv|pv|pv,0.0,102,17,9,1
78639114,pv|pv|pv|pv|pv,0.0,2,3,5,0
78668192,pv|pv|pv|pv|pv,330.0,1,17,5,1
78692954,pv|pv|pv|pv|pv,390.0,0,30,15,1
78704357,pv|pv|pv|pv|pv,0.0,97,18,2,0
78722474,pv|pv|pv|fav|pv,0.0,30,10,7,1
78760932,pv|pv|pv|pv|pv,0.0,7,8,8,1
78779010,fav|cart|pv|pv|pv,0.0,16,19,1,1
78794958,pv|pv|pv|pv|pv,0.0,6,30,6,1
78804173,pv|pv|pv|buy|pv,150.0,0,1,4,0
78808413,pv|pv|pv|pv|pv,0.0,6,8,0,0
78860938,pv|pv|pv|pv|pv,0.0,2,5,0,0
78877674,pv|pv|pv|pv|pv,0.0,3,0,1,0
78888823,pv|pv|pv|pv|pv,15.0,60,48,21,1
78889829,pv|pv|pv|pv|pv,15.0,0,56,18,1
78890087,pv|pv|pv|pv|pv,0.0,6,4,9,1
78898649,pv|pv|pv|pv|pv,0.0,23,12,3,1
78947364,pv|pv|pv|pv|pv,0.0,5,0,2,0
78992546,pv|pv|pv|pv|pv,180.0,83,49,9,1
79032446,buy|pv|pv|pv|pv,0.0,1,21,5,1
79057120,pv|pv|pv|pv|pv,0.0,1,63,32,1
79062073,pv|pv|pv|pv|pv,90.0,133,101,25,1
79074116,fav|pv|pv|pv|pv,0.0,38,2,10,0
79076274,pv|pv|pv|pv|pv,15.0,5,2,3,0
79107813,pv|fav|fav|pv|pv,0.0,36,3,13,0
79112468,fav|fav|pv|pv|pv,75.0,177,18,1,0
79134636,pv|cart|pv|pv|pv,0.0,161,141,2,1
79151138,pv|pv|pv|buy|pv,0.0,0,0,5,0
79161711,pv|pv|pv|pv|pv,885.0,1,14,7,1
79181598,cart|pv|fav|pv|pv,0.0,2,1,1,0
79233582,pv|pv|pv|pv|pv,0.0,0,0,2,0
79237680,pv|pv|pv|pv|pv,75.0,0,5,0,1
79243315,pv|pv|pv|pv|pv,0.0,0,24,8,0
79243483,pv|cart|pv|pv|pv,0.0,5,24,13,1
79244251,pv|pv|pv|pv|pv,0.0,1,8,0,0
79253885,pv|pv|pv|pv|pv,0.0,1,198,59,1
79266183,pv|pv|pv|pv|pv,0.0,11,15,13,1
79268479,pv|pv|pv|pv|pv,0.0,0,1,0,0
79269988,pv|pv|pv|pv|pv,345.0,32,65,38,1
79302874,cart|buy|pv|pv|pv,1755.0,0,3,2,1
79314283,pv|pv|pv|pv|pv,0.0,0,8,3,1
79359253,pv|pv|cart|pv|pv,0.0,1,16,6,0
79362621,pv|pv|pv|pv|pv,375.0,0,4,2,0
79383980,buy|pv|pv|pv|pv,0.0,0,5,14,0
79384326,pv|pv|pv|pv|pv,0.0,2,0,3,0
79403111,pv|pv|pv|pv|pv,0.0,1,39,25,1
79432796,pv|pv|cart|pv|pv,525.0,0,9,1,0
79450083,pv|pv|pv|pv|pv,0.0,0,0,0,0
79463651,pv|pv|pv|pv|fav,0.0,38,13,1,0
79472459,pv|pv|pv|pv|pv,15.0,41,0,15,1
79492036,pv|pv|pv|pv|pv,0.0,2,5,19,1
79505279,pv|pv|pv|pv|pv,0.0,4,11,6,0
79519527,pv|pv|pv|pv|pv,165.0,40,4,4,0
79557421,pv|pv|pv|pv|pv,0.0,0,2,2,0
79558429,pv|pv|pv|pv|pv,60.0,2,30,4,1
79587494,pv|pv|pv|pv|pv,0.0,283,66,22,1
79603001,pv|pv|pv|pv|pv,15.0,25,37,8,1
79603335,pv|pv|pv|pv|pv,0.0,17,3,6,0
79614874,pv|pv|pv|cart|pv,2130.0,0,2,0,1
79617414,pv|pv|pv|pv|pv,0.0,0,0,2,0
79678094,pv|pv|pv|pv|pv,0.0,11,16,15,1
79681819,pv|buy|pv|pv|fav,0.0,5,0,4,0
79690063,pv|pv|pv|pv|pv,0.0,0,16,13,0
79702699,pv|pv|pv|pv|pv,0.0,50,0,1,0
79763295,pv|pv|pv|pv|pv,780.0,1,80,8,1
79787742,pv|cart|pv|pv|pv,30.0,1,72,25,1
79788089,pv|pv|pv|pv|pv,60.0,15,20,13,1
79807237,pv|pv|pv|pv|pv,0.0,1,0,2,0
79807626,pv|pv|pv|pv|pv,0.0,141,308,22,1
79824809,pv|pv|pv|pv|pv,15.0,23,89,5,1
79844578,pv|pv|pv|pv|pv,1155.0,17,15,5,0
79876720,pv|pv|pv|pv|pv,0.0,2,0,3,0
79913494,pv|pv|pv|pv|pv,1110.0,0,3,1,0
79927411,pv|pv|pv|pv|pv,0.0,22,21,5,1
79942814,pv|pv|pv|pv|pv,5835.0,0,0,0,0
79947662,pv|pv|pv|pv|pv,345.0,6,2,10,0
79973073,pv|pv|pv|pv|pv,45.0,61,2,21,0
79990361,pv|pv|pv|pv|pv,15.0,16,1,4,0
80031113,pv|pv|pv|pv|pv,0.0,2,0,2,0
80052488,pv|pv|pv|pv|pv,0.0,8,102,17,1
80057325,pv|pv|pv|pv|pv,0.0,1,31,14,1
80057429,pv|pv|pv|pv|pv,30.0,2,9,12,1
80081386,pv|pv|pv|pv|pv,270.0,4,15,5,1
80089562,buy|buy|buy|buy|cart,0.0,11,51,20,1
80109645,pv|pv|pv|pv|pv,0.0,3,15,5,0
80112220,pv|pv|pv|pv|pv,15.0,83,44,8,1
80115072,pv|pv|pv|pv|pv,360.0,29,1,4,0
80115965,pv|pv|pv|pv|pv,0.0,4,0,0,0
80125653,pv|pv|pv|pv|pv,0.0,74,6,8,0
80187043,pv|pv|pv|pv|pv,330.0,0,0,2,0
80214639,pv|pv|pv|pv|pv,255.0,2,8,5,0
80216957,pv|pv|pv|pv|cart,0.0,1,47,3,0
80254452,pv|pv|pv|pv|pv,0.0,17,7,11,0
80263315,pv|pv|pv|pv|pv,60.0,3,102,9,1
80264762,pv|pv|pv|pv|pv,0.0,29,47,13,1
80274951,pv|pv|pv|pv|pv,0.0,1,0,9,0
80281644,pv|pv|pv|pv|pv,0.0,2,1,0,0
80283819,pv|pv|pv|pv|pv,30.0,245,32,23,1
80291753,pv|pv|pv|pv|pv,0.0,0,2,3,0
80308823,pv|pv|pv|pv|pv,780.0,0,1,2,0
80331565,pv|pv|pv|pv|pv,0.0,0,10,1,0
80332039,pv|pv|pv|pv|pv,0.0,1,47,17,1
80345747,pv|pv|pv|pv|pv,30.0,1,19,1,0
80378029,pv|pv|pv|pv|pv,0.0,41,9,17,1
80384982,pv|pv|pv|pv|pv,0.0,0,8,8,0
80390220,pv|pv|pv|pv|pv,0.0,19,9,10,0
80415557,pv|pv|pv|pv|pv,0.0,30,50,9,1
80421496,pv|pv|pv|pv|pv,0.0,0,0,11,0
80422373,pv|pv|pv|pv|pv,0.0,6,2,6,0
80443167,pv|pv|pv|pv|pv,0.0,0,7,1,0
80458696,pv|pv|pv|pv|pv,0.0,3,32,18,0
80481728,pv|pv|pv|pv|pv,0.0,14,119,2,1
80481913,pv|pv|pv|pv|pv,15.0,3,77,11,1
80487881,pv|pv|pv|pv|pv,0.0,0,12,5,1
80490154,pv|pv|pv|pv|pv,0.0,0,1,2,0
80519771,buy|pv|pv|pv|cart,0.0,0,5,1,0
80528162,pv|pv|pv|pv|pv,0.0,32,1,4,0
80548885,pv|pv|pv|pv|pv,0.0,1,19,6,0
80552424,pv|pv|pv|pv|pv,225.0,118,32,7,0
80563035,pv|pv|pv|pv|pv,0.0,0,29,5,0
80583776,pv|pv|pv|pv|pv,0.0,13,0,2,0
80638202,pv|pv|pv|pv|pv,300.0,0,4,2,0
80648292,pv|pv|pv|pv|pv,0.0,1,16,6,1
80673818,pv|pv|pv|pv|pv,0.0,6,38,6,1
80680284,cart|pv|pv|pv|pv,15.0,0,9,2,1
80699349,fav|pv|fav|pv|pv,0.0,44,2,16,1
80703687,pv|pv|pv|pv|pv,15.0,0,16,7,1
80775941,pv|cart|pv|pv|pv,15.0,71,121,4,0
80781148,pv|pv|pv|pv|pv,0.0,0,0,0,0
80795824,pv|pv|pv|pv|pv,0.0,0,0,2,0
80798241,pv|pv|pv|pv|pv,1110.0,1,0,0,0
80803649,pv|pv|pv|pv|pv,0.0,0,11,6,1
80808868,pv|pv|pv|pv|pv,0.0,0,3,0,0
80838825,pv|pv|pv|pv|pv,105.0,22,0,9,0
80894940,pv|pv|pv|pv|pv,0.0,1,1,2,0
80945120,pv|pv|pv|pv|pv,0.0,0,39,7,1
80954170,pv|pv|pv|pv|fav,0.0,43,46,17,0
80955364,pv|pv|pv|pv|pv,0.0,10,1,1,0
80960440,pv|pv|pv|pv|pv,435.0,0,10,1,1
80977557,pv|pv|pv|pv|pv,0.0,2,18,9,0
81037956,pv|pv|pv|pv|pv,0.0,7,17,4,0
81046312,pv|pv|pv|fav|pv,0.0,188,21,10,1
81049962,pv|pv|pv|pv|pv,0.0,0,0,0,0
81076699,pv|pv|pv|pv|pv,0.0,66,88,10,1
81084835,pv|pv|pv|pv|pv,30.0,36,6,3,1
81143356,pv|pv|pv|pv|pv,0.0,0,13,6,1
81144389,pv|pv|pv|pv|pv,360.0,9,1,3,0
81157363,pv|pv|pv|cart|cart,0.0,1,35,9,0
81165817,pv|pv|pv|pv|pv,855.0,0,0,0,0
81182608,pv|fav|pv|pv|pv,0.0,93,61,18,1
81196267,pv|pv|pv|pv|pv,0.0,5,0,2,0
81220081,pv|pv|pv|pv|pv,0.0,0,0,1,0
81245680,pv|pv|pv|pv|pv,30.0,70,45,4,1
81281336,pv|pv|pv|pv|pv,0.0,0,1,2,0
81281654,pv|pv|pv|pv|pv,0.0,0,9,1,1
81295365,pv|pv|pv|pv|pv,225.0,36,7,3,0
81312893,pv|pv|cart|buy|pv,30.0,3,6,5,1
81322348,pv|pv|pv|pv|pv,0.0,95,26,9,1
81328294,pv|pv|pv|pv|cart,0.0,0,25,3,0
81341272,pv|pv|pv|pv|pv,0.0,0,5,3,0
81368266,pv|pv|pv|buy|pv,15.0,0,3,4,0
81406411,pv|pv|pv|pv|pv,0.0,0,0,1,0
81419674,pv|pv|pv|pv|pv,0.0,3,4,5,0
81424893,pv|pv|pv|pv|pv,0.0,2,15,11,1
81444684,pv|pv|pv|cart|pv,30.0,32,31,64,1
81470571,pv|pv|pv|pv|pv,90.0,1,1,6,0
81471953,pv|cart|cart|pv|pv,0.0,47,23,11,1
81479152,pv|pv|pv|pv|pv,180.0,3,5,4,1
81497537,pv|pv|pv|pv|pv,0.0,0,36,15,1
81500257,pv|pv|pv|pv|pv,105.0,104,20,19,1
81503200,pv|pv|pv|pv|pv,0.0,16,0,0,0
81506172,pv|pv|pv|pv|pv,0.0,2,50,0,0
81541985,pv|pv|pv|pv|pv,0.0,4,5,8,1
81542356,pv|pv|pv|pv|pv,2175.0,0,0,3,0
81542604,pv|pv|pv|pv|pv,750.0,9,10,4,0
81550710,pv|pv|pv|pv|pv,15.0,10,38,7,0
81567660,pv|pv|pv|pv|pv,0.0,0,4,7,1
81576763,pv|pv|pv|pv|pv,1410.0,0,0,2,0
81584249,pv|pv|pv|pv|pv,0.0,64,9,9,0
81586383,pv|pv|pv|pv|pv,0.0,91,16,5,1
81595167,pv|pv|pv|pv|pv,0.0,42,2,6,0
81607879,pv|pv|pv|pv|pv,0.0,0,6,2,0
81608134,pv|pv|pv|pv|pv,15.0,2,111,39,1
81611585,pv|pv|pv|pv|pv,0.0,44,87,16,1
81612967,pv|pv|pv|pv|pv,0.0,8,130,7,1
81613966,pv|pv|pv|pv|pv,15.0,2,38,6,1
81633439,pv|pv|pv|pv|pv,0.0,32,55,22,1
81635499,pv|pv|pv|pv|pv,0.0,26,54,15,1
81647004,pv|pv|cart|fav|pv,0.0,5,2,1,0
81654342,pv|pv|pv|pv|pv,0.0,13,6,6,0
81666196,pv|pv|pv|pv|pv,0.0,0,1,7,0
81705986,pv|pv|pv|pv|pv,0.0,2,0,1,0
81729056,pv|pv|pv|pv|pv,0.0,1,16,21,0
81732161,pv|pv|pv|pv|cart,525.0,2,42,10,1
81748621,pv|pv|pv|pv|pv,0.0,0,0,0,0
81756097,pv|pv|pv|pv|pv,165.0,0,12,13,0
81769563,pv|pv|pv|pv|pv,75.0,38,1,7,1
81814142,pv|buy|pv|pv|pv,540.0,4,5,11,1
81840544,pv|pv|pv|pv|pv,0.0,2,69,9,1
81855599,pv|pv|pv|pv|pv,15.0,0,3,0,1
81874936,pv|pv|pv|pv|pv,0.0,0,0,3,0
81878304,pv|pv|pv|pv|pv,0.0,0,34,17,0
81901472,pv|pv|pv|pv|pv,300.0,58,19,32,1
81904568,pv|pv|pv|pv|pv,0.0,2,68,15,1
81919787,pv|pv|pv|pv|pv,15.0,0,19,0,0
81923955,pv|pv|pv|pv|pv,15.0,16,0,3,0
81925863,pv|pv|buy|pv|pv,0.0,1,13,15,0
81933823,pv|pv|pv|pv|pv,375.0,0,2,2,0
81958592,pv|pv|pv|pv|pv,60.0,0,9,11,1
81960712,pv|pv|pv|pv|pv,0.0,2,24,10,1
81964332,pv|pv|pv|pv|pv,0.0,104,36,8,0
81964751,pv|pv|pv|pv|pv,435.0,0,3,0,0
81995769,pv|pv|pv|pv|pv,0.0,23,2,0,0
82008226,pv|pv|pv|pv|pv,0.0,24,22,16,1
82026505,pv|pv|pv|pv|pv,0.0,0,15,10,0
82048591,pv|pv|pv|pv|pv,0.0,6,1,3,0
82056066,pv|pv|pv|pv|pv,45.0,7,17,7,1
82061064,pv|pv|pv|pv|pv,2805.0,0,0,0,0
82061100,pv|pv|pv|pv|pv,480.0,0,17,7,1
82076649,pv|cart|cart|pv|pv,0.0,0,35,8,1
82095778,cart|pv|pv|pv|pv,0.0,0,5,4,0
82109537,pv|pv|pv|pv|pv,0.0,1,0,0,0
82144399,pv|pv|pv|pv|pv,2130.0,3,4,5,0
82169054,pv|pv|cart|buy|buy,15.0,0,29,26,1
82187286,pv|pv|pv|pv|pv,0.0,1,0,1,0
82209738,pv|pv|pv|cart|pv,0.0,20,100,5,0
82226346,pv|pv|pv|pv|pv,300.0,1,5,2,0
82245480,pv|pv|pv|pv|pv,0.0,1,102,13,1
82247926,pv|pv|pv|pv|pv,0.0,2,0,1,0
82252219,pv,0.0,0,0,0,0
82252304,pv|pv|pv|pv|pv,0.0,0,12,1,1
82259162,pv|pv|pv|pv|fav,0.0,344,112,29,1
82263291,pv|pv|pv|pv|pv,225.0,0,7,4,0
82271547,pv|pv|pv|pv|pv,0.0,17,7,5,1
82295636,pv|pv|pv|pv|pv,0.0,0,146,11,0
82298309,pv|pv|pv|pv|pv,0.0,0,0,0,0
82299002,pv|pv|pv|pv|pv,30.0,1,7,0,0
82302996,pv|pv|pv|pv|pv,15.0,6,67,24,1
82320644,pv|pv|pv|pv|pv,0.0,50,3,20,0
82326585,pv|pv|pv|pv|pv,15.0,14,12,3,0
82329199,pv|pv|pv|pv|pv,30.0,0,3,10,1
82335494,pv|pv|pv|pv|pv,0.0,19,1,4,0
82362614,pv|pv|pv|pv|pv,0.0,0,24,8,1
82384961,pv|pv|pv|pv|fav,0.0,176,25,10,1
82389748,pv|pv|pv|pv|pv,0.0,0,2,3,0
82414453,pv|pv|pv|pv|pv,0.0,0,16,9,1
82426549,pv|pv|pv|pv|pv,15.0,0,0,0,0
82435724,pv|pv|pv|pv|pv,1395.0,1,42,6,0
82438723,pv|pv|cart|buy|pv,0.0,5,126,28,1
82448685,pv|pv|pv|pv|pv,150.0,24,35,31,1
82449509,pv|pv|pv|pv|buy,15.0,0,5,6,1
82465279,pv|pv|pv|pv|pv,5580.0,0,0,0,0
82471776,pv|pv|pv|pv|pv,0.0,1,14,0,0
82473850,pv|pv|pv|cart|pv,0.0,0,29,6,1
82479585,pv|pv|pv|pv|pv,0.0,2,1,4,0
82483139,pv|pv|pv|pv|pv,0.0,1,9,5,0
82524017,pv|pv|pv|pv|pv,0.0,0,0,0,0
82532353,pv|pv|pv|pv|pv,0.0,3,1,10,0
82539272,pv|pv|pv|pv|pv,0.0,0,0,0,0
82572658,pv|pv|pv|pv|pv,15.0,46,50,15,1
82575380,pv|pv|pv|pv|pv,0.0,98,88,12,1
82595325,pv|pv|pv|pv|pv,0.0,0,0,0,0
82604847,pv|pv|fav|pv|pv,0.0,6,3,1,0
82628240,pv|pv|pv|pv|pv,120.0,7,9,14,1
82643414,pv|pv|pv|pv|pv,0.0,0,9,4,0
82649107,pv|pv|pv|pv|pv,0.0,50,47,9,1
82660191,pv|pv|pv|pv|pv,390.0,1,11,0,0
82687808,pv|pv|pv|pv|pv,330.0,1,15,6,0
82698552,pv|buy|pv|pv|buy,0.0,0,4,3,0
82705001,pv|pv|pv|pv|pv,0.0,212,19,6,0
82734120,pv|pv|pv|pv|pv,30.0,0,2,4,0
82738660,pv|pv|pv|pv|pv,1140.0,18,23,7,1
82738686,pv|pv|pv|pv|pv,375.0,41,5,5,1
82740589,pv|pv|pv|pv|pv,1170.0,3,11,9,1
82756067,pv|pv|pv|buy|cart,15.0,0,23,11,1
82775878,fav|pv|pv|pv|pv,0.0,1,14,3,1
82779553,pv|pv|pv|pv|pv,15.0,0,2,5,0
82833924,pv|pv|pv|pv|pv,0.0,0,8,8,0
82838416,pv|pv|pv|pv|pv,0.0,8,22,10,1
82853795,pv|pv|pv|pv|pv,0.0,74,2,8,1
82857884,pv|cart|pv|pv|pv,0.0,1,31,9,1
82860631,pv|pv|pv|pv|pv,0.0,26,15,6,1
82889783,pv|pv|pv|pv|pv,3765.0,0,2,1,1
82892371,pv|pv|pv|pv|pv,0.0,1,40,11,1
82902886,pv|pv|pv|pv|pv,0.0,0,52,3,1
82905542,pv|pv|pv|pv|pv,0.0,68,359,61,1
82914173,pv|pv|pv|pv|pv,105.0,3,135,16,1
82924944,pv|pv|pv|pv|pv,0.0,0,0,2,0
82926069,pv|pv|pv|pv|buy,0.0,0,47,34,1
82926163,pv|pv|pv|pv|pv,0.0,129,22,12,0
82936710,pv|pv|pv|pv|pv,0.0,0,13,8,1
82945911,pv|pv|fav|pv|pv,0.0,42,37,1,0
82950102,pv|pv|pv|pv|pv,3495.0,0,0,0,0
82960193,pv|pv|pv|pv|pv,0.0,38,39,8,1
82962775,pv|pv|pv|pv|pv,60.0,1,11,7,0
82996925,pv|cart|pv|cart|pv,0.0,0,43,38,1
83000130,pv|pv|pv|pv|pv,90.0,0,0,4,0
83052065,pv|pv|pv|pv|pv,0.0,54,1,2,0
83055904,pv|pv|pv|pv|pv,0.0,0,2,1,0
83058850,pv|pv|pv|pv|pv,255.0,3,17,7,1
83062037,pv|pv|pv|pv|pv,0.0,0,96,28,1
83073587,pv|pv|pv|pv|pv,0.0,1,236,23,1
83080518,pv|pv|pv|pv|pv,0.0,16,2,0,0
83082415,pv|cart|pv|pv|pv,0.0,0,1,0,0
83108816,pv|pv|pv|pv|pv,0.0,0,14,4,1
83158116,pv|pv|pv|pv|pv,180.0,8,38,2,0
83173056,pv|pv|pv|pv|pv,75.0,4,0,0,0
83262957,pv|pv|pv|pv|pv,90.0,139,14,14,1
83269367,pv|pv|pv|pv|pv,0.0,1,0,0,0
83275852,pv|pv|pv|pv|pv,195.0,2,136,34,1
83279248,pv|pv|pv|pv|pv,120.0,6,2,9,0
83307780,pv|pv|pv|pv|pv,30.0,0,73,5,1
83313393,pv|pv|pv|pv|pv,1155.0,6,1,2,0
83328872,pv|pv|pv|pv|pv,0.0,0,19,6,1
83334493,pv|pv|pv|pv|pv,0.0,7,6,9,1
83345819,pv|pv|pv|buy|pv,75.0,0,35,18,1
83346211,pv|pv|pv|pv|pv,0.0,2,113,32,1
83369179,pv|pv|pv|pv|pv,105.0,0,16,6,0
83389532,pv|pv|pv|pv|pv,0.0,0,0,4,0
83423107,pv|pv|buy|pv|pv,345.0,8,126,13,1
83424956,pv|pv|pv|pv|pv,15.0,5,23,20,1
83425764,pv|pv|pv|pv|pv,0.0,12,12,1,1
83437514,pv|pv|pv|pv|pv,0.0,0,2,2,0
83449637,pv|pv|pv|pv|pv,375.0,0,8,0,0
83469580,pv|pv|pv|pv|pv,360.0,0,0,1,0
83490019,pv|pv|pv|pv|pv,60.0,0,3,2,0
83521932,pv|pv|pv|pv|pv,15.0,0,6,9,0
83531230,pv|pv|pv|pv|pv,0.0,0,15,1,1
83539694,pv|pv|pv|pv|pv,1125.0,0,0,2,0
83543222,pv|pv|pv|pv|pv,630.0,1,2,2,0
83546635,pv|pv|pv|pv|pv,0.0,5,150,34,1
83570876,pv|pv|pv|pv|pv,0.0,77,3,16,0
83583566,pv|pv|pv|pv|pv,1650.0,0,0,0,0
83584379,cart|pv|pv|pv|cart,15.0,2,26,13,1
83599484,pv|pv|pv|pv|buy,15.0,4,1,5,1
83600056,pv|pv|pv|pv|pv,0.0,40,16,18,0
83607024,pv|pv|pv|pv|pv,0.0,0,18,6,1
83618059,pv|pv|pv|pv|pv,0.0,13,30,11,1
83619345,pv|pv|pv|pv|pv,0.0,1,7,0,1
83661052,pv|pv|pv|pv|pv,0.0,0,0,0,0
83666727,pv|pv|pv|pv|pv,345.0,0,0,2,0
83679249,pv|pv|pv|pv|pv,0.0,0,23,15,1
83681730,pv|pv|pv|pv|pv,165.0,1,15,10,1
83687317,pv|pv|pv|pv|pv,0.0,49,2,8,0
83688949,pv|pv|pv|pv|pv,0.0,21,139,20,1
83699036,pv|pv|pv|pv|pv,0.0,1,10,6,1
83735095,pv|pv|pv|pv|pv,330.0,1,37,15,1
83738555,pv|pv|pv|pv|pv,0.0,0,5,5,0
83753093,pv|pv|pv|pv|pv,135.0,0,0,4,0
83764719,pv|pv|pv|pv|pv,0.0,221,9,14,1
83768059,buy|pv|pv|pv|pv,705.0,2,10,5,0
83768290,pv|pv|pv|pv|pv,0.0,0,0,0,0
83781429,pv|pv|pv|pv|pv,0.0,1,10,2,0
83797489,pv|buy|pv|pv|pv,0.0,0,21,3,1
83802493,pv|pv|pv|pv|pv,0.0,75,44,15,1
83804673,pv|pv|pv|pv|pv,0.0,0,0,0,0
83811107,fav|pv|pv|pv|pv,0.0,1,0,2,0
83813302,pv|pv|pv|pv|pv,0.0,212,63,14,0
83823786,pv|pv|pv|pv|pv,0.0,0,10,4,0
83832211,pv|pv|pv|pv|pv,0.0,0,22,8,0
83836148,pv|pv|pv|pv|pv,0.0,0,1,0,0
83847851,pv|pv|pv|pv|pv,0.0,1,0,0,0
83851924,pv|pv|pv|pv|pv,0.0,409,121,26,1
83919959,pv|pv|pv|pv|pv,0.0,0,0,1,0
83925215,pv|pv|pv|pv|pv,600.0,2,28,11,1
83928316,pv|pv|pv|pv|pv,345.0,2,5,5,1
83929585,pv|pv|pv|buy|pv,0.0,0,2,11,1
83934219,pv|pv|fav|pv|pv,0.0,27,8,2,0
83954147,pv|pv|pv|pv|pv,0.0,1,211,46,1
83960181,pv|pv|pv|pv|pv,0.0,22,65,11,1
83974192,pv|pv|pv|pv|pv,0.0,2,59,11,1
83975368,pv|pv|cart|pv|pv,660.0,1,3,1,0
83976569,pv|pv|pv|pv|pv,0.0,0,0,0,0
83976914,pv|pv|pv|pv|pv,0.0,2,142,24,1
83977527,pv|buy|pv|pv|pv,120.0,6,0,4,0
83978856,pv|pv|pv|pv|pv,0.0,0,11,0,0
83988501,pv|pv|pv|pv|pv,165.0,21,6,2,1
83988987,pv|pv|pv|pv|pv,75.0,1,6,11,1
84009856,pv|pv|pv|pv|pv,15.0,11,2,5,0
84019407,pv|pv|pv|pv|pv,0.0,1,7,14,1
84037292,pv|cart|pv|pv|fav,0.0,1,4,0,0
84057565,pv|pv|pv|pv|pv,15.0,1,4,2,1
84059253,pv|pv|pv|pv|pv,135.0,0,4,0,0
84072731,pv|pv|pv|pv|pv,0.0,1,5,1,0
84080163,pv|pv|pv|pv|pv,0.0,1,82,11,1
84121281,pv|pv|pv|pv|pv,120.0,22,79,2,1
84167844,pv|pv|pv|pv|pv,120.0,0,30,4,0
84208789,pv|buy|pv|pv|pv,0.0,2,9,4,1
84230181,pv|pv|pv|pv|pv,510.0,50,1,6,1
84247610,pv|pv|pv|pv|pv,0.0,26,15,22,1
84263296,pv|pv|pv|pv|pv,0.0,2,0,8,0
84267303,pv|pv|pv|pv|pv,525.0,0,1,7,0
84281661,pv|pv|pv|pv|pv,0.0,2,0,2,0
84281743,pv|pv|pv|pv|pv,0.0,18,7,0,0
84289150,pv|pv|pv|pv|pv,45.0,8,22,7,1
84307337,pv|pv|pv|pv|pv,0.0,2,22,17,0
84308150,fav|pv|pv|pv|pv,30.0,102,12,0,0
84328573,pv|pv|pv|pv|pv,360.0,0,4,5,0
84340253,pv|pv|cart|pv|pv,405.0,2,62,0,0
84374385,pv|pv|pv|pv|pv,0.0,0,5,5,0
84406897,pv|pv|pv|pv|pv,90.0,14,0,0,0
84414222,pv|pv|pv|pv|pv,0.0,0,84,16,1
84423663,pv|pv|pv|pv|pv,0.0,21,3,9,1
84439492,pv|pv|pv|pv|pv,1530.0,0,2,3,0
84441355,pv|pv|pv|pv|pv,0.0,1,19,6,0
84445336,pv|buy|pv|pv|pv,0.0,0,29,18,0
84465830,pv|pv|pv|pv|pv,0.0,31,1,6,0
84465849,pv|pv|pv|pv|pv,15.0,198,225,17,1
84469189,pv|pv|pv|pv|pv,0.0,1,0,2,0
84469236,pv|pv|pv|pv|pv,285.0,14,57,25,1
84480844,pv|pv|pv|pv|pv,0.0,0,1,3,0
84492068,pv|pv|pv|pv|pv,15.0,3,93,11,1
84517694,pv|pv|pv|pv|pv,0.0,1,60,12,1
84556930,pv|pv|pv|pv|pv,0.0,0,158,30,1
84560829,pv|pv|pv|pv|pv,0.0,35,107,4,1
84560900,pv|pv|pv|pv|pv,0.0,0,0,0,0
84566857,pv|pv|pv|pv|pv,0.0,139,59,14,1
84568949,pv|pv|pv|pv|pv,30.0,0,1,2,0
84601374,pv|pv|pv|pv|pv,660.0,12,2,0,0
84614339,pv|pv|pv|buy|pv,0.0,2,0,2,0
84638310,pv|pv|pv|pv|pv,0.0,5,7,5,1
84640132,pv|pv|pv|pv|pv,90.0,0,43,13,1
84645009,pv|pv|pv|pv|pv,15.0,0,6,3,0
84676338,pv|pv|pv|pv|pv,0.0,0,31,9,1
84698728,pv|pv|pv|pv|pv,0.0,68,208,4,1
84744429,pv|pv|pv|pv|pv,90.0,0,1,1,0
84756365,pv|pv|pv|pv|pv,0.0,12,5,3,0
84766191,pv|pv|pv|pv|pv,0.0,1,11,4,1
84786775,pv|pv|pv|pv|pv,165.0,0,0,0,0
84809260,pv|pv|pv|pv|pv,15.0,0,5,0,0
84826816,pv|pv|pv|pv|cart,15.0,1,23,6,0
84865876,pv|pv|pv|pv|pv,0.0,34,2,4,1
84873122,pv|pv|pv|fav|pv,15.0,16,4,4,0
84875269,pv|pv|pv|pv|cart,0.0,5,2,1,0
84892889,pv|pv|pv|pv|pv,90.0,20,3,10,1
84894979,pv|pv|pv|buy|cart,75.0,4,38,6,1
84902483,pv|pv|pv|pv|pv,0.0,0,9,11,1
84914445,pv|pv|pv|pv|pv,0.0,0,30,15,1
84916776,pv|cart|cart|pv|pv,0.0,6,20,27,1
84949737,pv|pv|pv|pv|pv,0.0,186,37,41,1
84956161,buy|pv|pv|pv|pv,15.0,14,2,6,0
84957645,pv|pv|pv|pv|pv,7920.0,0,0,0,0
84993562,pv|pv|pv|pv|pv,2385.0,1,7,5,0
85004126,pv|pv|pv|pv|pv,0.0,2,6,5,0
85008352,pv|pv|pv|pv|pv,0.0,1,33,7,1
85016828,pv|pv|pv|pv|pv,0.0,0,6,1,0
85025555,pv|pv|pv|pv|pv,0.0,0,0,0,0
85031011,pv|pv|pv|pv|pv,0.0,0,39,4,1
85048948,buy|cart|cart|buy|cart,15.0,1,3,3,1
85051568,pv|pv|pv|pv|pv,225.0,0,0,1,0
85051939,pv|pv|pv|pv|pv,0.0,2,19,4,0
85052259,pv|pv|pv|pv|pv,0.0,12,39,14,1
85053285,pv|pv|pv|pv|pv,120.0,3,20,15,1
85053429,pv|pv|buy|pv|pv,60.0,1,14,11,1
85057275,pv|pv|pv|pv|pv,60.0,6,19,16,1
85061519,pv|pv|pv|cart|pv,0.0,0,36,0,1
85063376,pv|pv|pv|pv|pv,180.0,24,23,15,1
85063972,pv|pv|pv|pv|pv,0.0,1,39,3,1
85064035,pv|pv|pv|pv|pv,0.0,0,0,2,0
85071667,pv|pv|pv|pv|pv,15.0,1,29,8,1
85081309,pv|pv|cart|pv|pv,0.0,23,238,29,1
85100350,fav|pv|pv|pv|fav,0.0,52,5,1,0
85101585,pv|pv|pv|pv|pv,15.0,0,13,1,0
85110777,pv|pv|pv|pv|pv,0.0,7,7,11,1
85116533,pv|pv|pv|pv|pv,0.0,0,0,0,0
85120673,pv|pv|pv|pv|pv,180.0,104,89,5,1
85129672,pv|pv|fav|fav|pv,810.0,2,4,0,0
85160711,pv|pv|pv|pv|pv,210.0,0,22,3,1
85164456,pv|pv|pv|pv|pv,15.0,220,0,1,1
85169785,pv|pv|pv|pv|pv,0.0,25,4,4,0
85178050,pv|pv|pv|pv|cart,0.0,48,13,2,0
85188992,pv|pv|pv|pv|pv,330.0,44,24,6,1
85193905,pv|pv|pv|pv|pv,30.0,6,76,9,1
85203528,pv|pv|pv|pv|pv,1110.0,8,0,0,0
85217109,pv|pv|pv|pv|pv,150.0,0,0,0,0
85236155,pv|pv|pv|pv|pv,0.0,1,38,5,0
85271128,pv|pv|pv|pv|pv,0.0,13,41,13,0
85295844,pv|pv|pv|pv|pv,0.0,0,3,4,1
85296442,pv|pv|pv|pv|pv,0.0,1,33,17,0
85308332,pv|pv|cart|pv|pv,0.0,0,286,31,1
85310681,pv|pv|pv|pv|pv,0.0,7,8,13,1
85336332,pv|pv|cart|pv|pv,0.0,10,335,69,1
85354272,pv|pv|pv|pv|pv,690.0,0,0,0,0
85356127,pv|pv|pv|pv|pv,0.0,0,5,0,0
85372457,pv|pv|pv|pv|pv,0.0,0,81,35,1
85438708,pv|pv|pv|pv|pv,15.0,10,23,4,1
85447850,pv|pv|pv|pv|pv,0.0,244,31,19,1
85497599,pv|pv|pv|pv|pv,0.0,0,20,7,0
85506238,pv|pv|pv|pv|pv,0.0,3,16,2,1
85506999,pv|pv|pv|pv|pv,0.0,3,9,3,0
85515812,pv|pv|cart|buy|cart,90.0,0,37,8,1
85532545,pv|pv|pv|pv|pv,0.0,42,3,5,0
85550335,pv|pv|pv|pv|pv,0.0,11,10,2,0
85558599,pv|pv|pv|pv|pv,0.0,0,102,6,0
85559921,pv|pv|pv|pv|pv,0.0,0,1,2,0
85566132,pv|pv|pv|pv|pv,0.0,358,0,2,0
85578027,pv|fav|fav|pv|pv,0.0,113,2,15,1
85604732,pv|pv|pv|pv|pv,0.0,0,0,2,0
85614421,pv|pv|fav|pv|pv,1845.0,4,0,0,0
85617134,pv|pv|pv|pv|buy,60.0,5,5,4,1
85633095,pv|pv|pv|cart|pv,0.0,0,189,21,1
85642720,pv|pv|pv|pv|pv,0.0,1,3,2,1
85646603,pv|pv|pv|pv|pv,0.0,1,7,3,0
85652357,pv|pv|pv|pv|pv,0.0,0,0,0,0
85660451,pv|pv|pv|pv|pv,0.0,3,100,9,1
85684824,cart|pv|pv|pv|pv,0.0,0,25,10,1
85724451,pv|pv|cart|pv|pv,15.0,0,7,3,0
85745014,pv|fav|pv|pv|pv,15.0,16,1,1,0
85775119,pv|fav|pv|fav|pv,0.0,10,0,3,1
85788191,pv|pv|pv|pv|pv,885.0,0,4,0,0
85804228,cart|pv|pv|pv|pv,180.0,1,7,0,0
85822276,pv|pv|pv|pv|pv,0.0,8,165,34,1
85837173,pv|pv|pv|pv|pv,4260.0,0,1,1,0
85862488,pv|pv|pv|pv|pv,75.0,6,16,53,1
85867746,pv|pv|pv|pv|pv,0.0,13,20,7,1
85877113,pv|pv|pv|pv|pv,6390.0,0,1,1,0
85894552,pv|pv|pv|pv|pv,15.0,0,0,1,0
85897722,cart|pv|pv|pv|pv,0.0,0,1,0,0
85910982,pv|pv|pv|pv|pv,375.0,1,2,8,1
85922732,pv|pv|pv|pv|pv,0.0,0,54,19,1
85939471,pv|pv|pv|pv|pv,0.0,16,6,7,1
85943972,pv|cart|pv|buy|cart,675.0,0,12,11,1
85947802,pv|pv|pv|pv|pv,1155.0,0,0,0,0
85953088,pv|pv|pv|pv|pv,210.0,1,2,0,0
85994287,pv|pv|pv|pv|pv,15.0,3,71,8,1
86010915,cart|pv|pv|pv|pv,0.0,1,11,4,1
86011804,pv|cart|pv|pv|pv,0.0,8,143,8,1
86012881,pv|pv|pv|buy|buy,30.0,0,12,2,1
86015882,pv|pv|pv|pv|pv,210.0,1,1,0,0
86017186,pv|pv|cart|pv|pv,45.0,2,237,41,1
86034641,pv|pv|pv|pv|buy,465.0,7,4,6,0
86038768,pv|pv|pv|pv|pv,0.0,81,6,17,1
86062140,pv|pv|pv|pv|pv,0.0,0,2,2,0
86075690,pv|pv|pv|pv|pv,15.0,11,0,5,0
86103367,pv|pv|pv|pv|pv,0.0,0,0,0,0
86107124,pv|pv|pv|pv|pv,465.0,7,11,11,1
86173615,pv|pv|pv|pv|pv,0.0,0,4,4,1
86180555,pv|pv|pv|pv|pv,0.0,0,0,0,0
86239261,pv|pv|pv|pv|pv,0.0,11,146,35,1
86273519,pv|pv|pv|pv|pv,0.0,131,11,8,1
86282836,pv|pv|pv|pv|pv,945.0,5,2,2,0
86287331,pv|pv|pv|pv|pv,0.0,8,1,8,0
86299044,buy|pv|pv|pv|pv,0.0,2,2,10,0
86323571,pv|pv|pv|pv|pv,0.0,0,6,3,1
86328155,pv|pv|pv|pv|pv,1530.0,2,0,0,0
86340424,pv|pv|pv|pv|pv,0.0,0,2,1,0
86369786,pv|cart|pv|pv|pv,255.0,3,29,9,1
86388311,pv|pv|pv|pv|pv,0.0,0,54,7,1
86419063,pv|pv|pv|pv|cart,0.0,0,2,0,0
86435238,pv|pv|pv|pv|pv,0.0,38,9,3,1
86442990,pv|pv|pv|pv|pv,0.0,16,24,20,1
86443243,pv|pv|pv|pv|pv,0.0,0,6,0,0
86458054,pv|pv|pv,810.0,0,0,0,0
86505281,pv|pv|pv|pv|pv,0.0,2,0,1,0
86523709,pv|pv|pv|pv|pv,135.0,4,10,5,1
86530795,pv|fav|pv|pv|pv,0.0,85,30,7,1
86531384,pv|pv|pv|pv|pv,0.0,0,8,4,1
86563510,buy|pv|buy|pv|buy,0.0,1,33,14,1
86568201,pv|fav|pv|pv|pv,0.0,53,7,6,1
86581662,pv|pv|pv|pv|pv,0.0,0,14,6,1
86614500,pv|pv|pv|pv|pv,0.0,80,67,26,1
86616463,pv|pv|pv|pv|pv,75.0,15,3,8,0
86641829,pv|pv|pv|buy|pv,0.0,0,0,1,0
86658749,pv|pv|pv|pv|pv,0.0,10,8,9,1
86670881,pv|pv|pv|pv|pv,15.0,0,1,0,0
86673531,pv|pv|pv|pv|pv,15.0,0,20,2,0
86674738,pv|pv|pv|pv|pv,0.0,0,2,8,0
86696356,pv|pv|pv|pv|pv,0.0,0,8,2,0
86711898,pv|pv|pv|pv|pv,195.0,0,38,6,1
86717393,pv|pv|pv|pv|pv,0.0,2,3,1,1
86723144,pv|pv|pv|pv|pv,0.0,0,51,16,1
86723232,pv|pv|pv|cart|buy,15.0,348,124,26,1
86728681,pv|pv|pv|pv|pv,0.0,17,2,0,0
86730643,pv|pv|pv|pv|pv,75.0,0,2,4,1
86736998,pv|pv|pv|pv|pv,60.0,4,1,3,0
86748372,pv|pv|pv|pv|pv,0.0,71,18,18,1
86756157,pv|pv|pv|pv|pv,60.0,44,0,10,0
86770260,pv|pv|pv|pv|pv,0.0,116,9,8,1
86785531,pv|pv|pv|pv|pv,0.0,71,74,6,0
86800877,pv|pv|pv|pv|pv,1470.0,1,3,1,0
86804290,pv|pv|pv|pv|pv,195.0,0,152,32,1
86817915,pv|pv|pv|pv|pv,855.0,0,25,3,0
86823123,pv|pv|pv|pv|pv,0.0,0,4,9,0
86839210,buy|pv|pv|cart|pv,0.0,0,36,1,1
86845872,pv|pv|pv|pv|pv,0.0,1,0,1,0
86863108,pv|pv|pv|pv|pv,2175.0,95,2,0,0
86870442,pv|pv|pv|pv|pv,345.0,0,2,3,1
86900115,pv|pv|pv|pv|pv,0.0,1,14,9,0
86901628,pv|pv|pv|pv|pv,0.0,1,56,4,0
86929922,pv|pv|pv|pv|cart,0.0,0,1,0,0
86985041,pv|fav|pv|pv|pv,0.0,3,4,1,0
87018990,pv|pv|pv|pv|pv,360.0,17,0,7,0
87026738,pv|cart|pv|pv|pv,0.0,1,100,10,1
87056353,pv|pv|pv|pv|pv,45.0,0,15,5,1
87077725,pv|pv|pv|pv|pv,120.0,0,0,2,0
87086124,pv|pv|pv|cart|pv,90.0,34,47,3,0
87098913,fav|pv|pv|pv|pv,0.0,128,43,16,1
87104389,pv|pv|pv|pv|pv,0.0,4,69,5,1
87119704,pv|pv|pv|pv|pv,0.0,37,103,12,1
87146362,buy|pv|pv|pv|pv,705.0,0,1,2,0
87153634,pv|pv|pv|pv|pv,285.0,5,0,2,0
87165474,pv|pv|pv|pv|buy,0.0,101,95,31,1
87182757,pv|pv|pv|pv|pv,0.0,1,24,2,0
87224584,pv|pv|pv|pv|pv,0.0,0,1,1,0
87229516,pv|pv|pv|pv|pv,0.0,1,81,14,1
87234675,pv|pv|pv|pv|pv,195.0,2,5,6,0
87269189,pv|pv|pv|pv|pv,345.0,0,16,8,0
87298447,pv|buy|pv|pv|pv,0.0,0,47,11,1
87326986,pv|pv|pv|pv|pv,0.0,2,19,5,0
87338001,pv|pv|pv|pv|pv,0.0,89,0,1,0
87348753,pv|pv|pv|pv|pv,0.0,0,0,0,0
87351617,pv|pv|pv|pv|pv,120.0,9,0,2,0
87351790,pv|pv|pv|pv|pv,0.0,71,0,0,0
87365875,pv|pv|pv|pv|pv,0.0,22,9,5,0
87385056,pv|pv|pv|pv|pv,15.0,0,1,1,0
87397369,pv|pv|pv|buy|cart,0.0,0,0,2,0
87401754,pv|pv|pv|pv|pv,0.0,9,0,1,0
87409081,pv|pv|pv|pv|pv,0.0,7,0,1,0
87413989,pv|pv|pv|pv|pv,0.0,38,113,42,1
87442587,pv|pv|pv|pv|pv,0.0,2,28,9,1
87448522,pv|pv|pv|pv|pv,0.0,0,48,4,0
87466107,pv|pv|pv|pv|pv,75.0,9,42,22,1
87467371,pv|pv|pv|pv|pv,2400.0,0,2,0,0
87475354,pv|pv|pv|pv|pv,30.0,4,56,9,1
87503748,pv|pv|pv|pv|pv,735.0,8,1,2,0
87509181,pv|pv|pv|pv|cart,75.0,5,1,2,0
87525318,pv|pv|pv|pv|pv,0.0,0,0,0,0
87526438,pv|pv|pv|pv|buy,45.0,0,19,10,0
87538023,pv|pv|pv|pv|pv,0.0,3,33,4,0
87542208,pv|pv|pv|pv|pv,30.0,43,48,2,1
87579407,pv|pv|pv|pv|pv,0.0,19,6,11,0
87594845,pv|pv|pv|pv|pv,150.0,6,1,5,0
87603845,pv|pv|pv|pv|pv,0.0,9,114,26,0
87610115,pv|pv|pv|pv|pv,15.0,7,4,8,1
87616807,pv|pv|pv|pv|pv,0.0,5,32,16,0
87634750,pv|pv|pv|pv|pv,0.0,0,4,12,0
87642673,pv|pv|pv|pv|pv,0.0,3,27,18,1
87648643,pv|pv|pv|pv|pv,0.0,7,64,16,1
87658501,pv|pv|pv|pv|pv,0.0,127,14,11,1
87674314,pv|pv|pv|pv|pv,0.0,5,5,2,0
87677681,pv|pv|pv|pv|cart,135.0,3,8,0,0
87684947,pv|pv|pv|pv|pv,0.0,0,12,3,0
87732841,pv|pv|pv|pv|pv,345.0,5,2,1,0
87751423,pv|pv|pv|pv|pv,0.0,0,6,1,0
87799778,pv|pv|pv|pv|pv,315.0,16,1,2,1
87804477,pv|pv|pv|pv|pv,0.0,0,2,2,0
87810699,pv|pv|pv|pv|pv,750.0,0,0,0,0
87820307,pv|pv|pv|pv|pv,510.0,5,44,16,1
87836751,pv|pv|pv|pv|pv,0.0,1,0,0,0
87861593,pv|pv|pv|pv|pv,0.0,1,12,1,0
87868887,pv|pv|pv|cart|pv,0.0,1,1,7,0
87876065,pv|pv|pv|pv|pv,0.0,2,23,2,0
87895521,pv|pv|cart|pv|pv,105.0,0,181,20,1
87901815,pv|pv|pv|pv|pv,0.0,29,1,2,0
87902771,pv|pv|pv|pv|pv,45.0,4,0,3,0
87942719,pv|pv|pv|pv|pv,0.0,3,174,27,1
87944152,pv|pv|pv|pv|pv,0.0,24,195,22,1
87948577,pv|pv|pv|pv|pv,645.0,1,30,11,1
87960257,pv|pv|pv|pv|pv,270.0,8,14,7,0
87980818,pv|cart|pv|pv|pv,300.0,0,8,2,0
87983348,pv|pv|pv|pv|pv,0.0,1,319,60,1
87990594,pv|pv|pv|fav|pv,690.0,15,16,3,0
87998227,pv|pv|pv|pv|pv,0.0,138,20,20,1
88005937,pv|pv|pv|pv|pv,0.0,0,0,1,0
88007634,pv|pv|pv|pv|pv,0.0,0,3,11,1
88009446,pv|pv|pv|pv|pv,0.0,0,24,1,1
88055926,pv|pv|pv|pv|pv,60.0,0,21,1,1
88076016,pv|pv|pv|pv|pv,0.0,1,18,2,0
88079688,pv|pv|pv|pv|pv,0.0,35,94,40,1
88090767,pv|pv|pv|pv|pv,0.0,2,75,24,1
88099922,pv|pv|pv|pv|pv,0.0,0,0,4,0
88105291,pv|pv|pv|pv|pv,30.0,0,0,1,0
88110636,pv|pv|pv|pv|pv,0.0,153,4,13,0
88111941,pv|pv|pv|pv|pv,0.0,2,17,8,0
88120786,pv|pv|pv|pv|pv,0.0,134,144,15,1
88122205,pv|pv|fav|pv|pv,0.0,12,4,4,0
88143584,pv|pv|pv|pv|pv,0.0,3,26,4,0
88150994,fav|pv|pv|pv|buy,0.0,61,55,13,1
88159912,pv|pv|pv|pv|pv,0.0,0,55,2,0
88196998,pv|pv|pv|pv|pv,1215.0,3,2,4,0
88209434,pv|pv|pv|pv|pv,0.0,4,28,3,1
88211444,pv|pv|pv|pv|pv,0.0,0,19,8,1
88214207,pv|pv|pv|pv|pv,0.0,0,1,0,0
88239724,pv|pv|pv|pv|pv,2490.0,1,2,0,0
88246742,pv|pv|pv|pv|pv,150.0,0,6,2,1
88271974,pv|pv|pv|pv|pv,0.0,0,31,9,0
88276305,pv|pv|pv|pv|pv,0.0,0,2,5,0
88290400,pv|pv|pv|buy|pv,0.0,44,41,31,1
88330035,pv|pv|pv|pv|pv,30.0,0,0,0,0
88336278,pv|pv|pv|pv|pv,0.0,3,30,16,1
88340891,fav|pv|pv|pv|pv,0.0,63,31,10,1
88364207,pv|pv|pv|pv|pv,1665.0,15,0,0,0
88374425,pv|pv|pv|pv|pv,525.0,2,0,5,0
88405349,pv|pv|pv|pv|pv,0.0,0,10,2,0
88447964,fav|pv|pv|pv|pv,0.0,67,2,14,0
88470992,pv|pv|pv|pv|pv,0.0,0,72,7,1
88493429,pv|pv|pv|pv|pv,0.0,27,3,2,1
88496472,pv|pv|pv|pv|pv,60.0,58,201,27,1
88503688,pv|pv|pv|pv|pv,0.0,31,211,67,1
88504838,pv|pv|pv|pv|pv,990.0,2,156,0,0
88513390,pv|pv|pv|pv|pv,15.0,36,73,11,1
88526460,pv|pv|pv|pv|pv,0.0,0,7,6,0
88548564,pv|pv|pv|pv|pv,1305.0,42,0,4,0
88568494,pv|pv|pv|pv|pv,180.0,8,12,4,0
88574383,pv|pv|pv|pv|cart,15.0,0,0,0,0
88603547,pv|pv|pv|pv|pv,30.0,7,0,1,0
88614983,pv|pv|pv|pv|pv,0.0,5,2,4,0
88623283,pv|pv|pv|pv|pv,0.0,11,9,12,0
88637394,pv|pv|pv|pv|pv,0.0,0,18,4,0
88643555,pv|pv|pv|pv|pv,60.0,22,31,5,1
88660059,pv|pv|pv|pv|pv,0.0,0,0,0,0
88666055,pv|pv|pv|pv|pv,0.0,20,1,3,0
88679022,fav|pv|pv|pv|pv,0.0,3,0,0,0
88691490,pv|pv|buy|pv|pv,0.0,47,52,38,1
88707443,pv|pv|pv|cart|pv,0.0,0,12,3,0
88715260,pv|pv|pv|pv|pv,0.0,20,24,13,1
88735921,pv|pv|pv|pv|pv,0.0,0,38,11,0
88749982,pv|pv|pv|pv|pv,0.0,0,7,2,1
88753779,pv|pv|pv|pv|pv,0.0,2,1,1,0
88811781,pv|pv|pv|pv|pv,165.0,0,0,0,0
88815441,pv|pv|fav|pv|pv,0.0,205,62,29,1
88826481,pv|pv|pv|pv|pv,0.0,1,12,2,0
88845531,pv|pv|pv|pv|pv,15.0,0,0,0,0
88855760,pv|pv|pv|pv|pv,0.0,1,7,0,0
88865653,pv|pv|pv|pv|pv,60.0,28,13,6,0
88884665,pv|pv|pv|pv|pv,0.0,1,4,7,1
88901750,pv|pv|pv|pv|pv,0.0,71,22,3,1
88916048,pv|pv|pv|pv|pv,0.0,49,42,11,1
88922674,pv|pv|buy|pv|pv,0.0,0,1,3,0
88927446,pv|pv|pv|pv|pv,210.0,0,23,10,0
88945335,pv|cart|pv|pv|pv,0.0,15,41,14,1
88950524,pv|pv|pv|pv|pv,15.0,5,43,20,1
88953531,pv|pv|pv|pv|pv,0.0,8,0,4,0
88967877,pv|pv|pv|pv|pv,960.0,0,25,10,0
88972430,pv|pv|pv|pv|pv,0.0,1,44,2,1
89004886,pv|pv|pv|pv|pv,1350.0,0,1,5,0
89006471,pv|pv|pv|pv|pv,0.0,10,0,2,0
89063931,pv|pv|pv|pv|pv,1830.0,0,4,0,0
89083541,pv|pv|pv|pv|pv,450.0,0,213,4,1
89104233,pv|pv|pv|pv|pv,0.0,0,2,1,0
89105765,pv|pv|buy|pv|pv,0.0,2,14,3,0
89118490,pv|pv|pv|pv|pv,0.0,0,14,5,1
89153511,pv|pv|pv|pv|pv,0.0,12,12,10,0
89160493,pv|pv|buy|pv|pv,0.0,0,23,5,0
89183161,pv|cart|pv|pv|pv,0.0,41,13,7,0
89193034,pv|pv|pv|pv|pv,0.0,2,1,1,0
89210176,pv|pv|pv|pv|pv,870.0,2,4,3,0
89249164,pv|pv|pv|pv|pv,15.0,154,44,18,1
89256212,pv|pv|pv|pv|pv,105.0,20,9,4,0
89258714,pv|pv|pv|pv|pv,0.0,12,86,45,1
89261071,pv|pv|pv|buy|pv,3615.0,0,0,3,0
89302742,pv|pv|pv|pv|pv,0.0,0,34,3,1
89320958,pv|pv|pv|pv|pv,0.0,0,1,3,0
89327430,pv|pv|pv|pv|pv,0.0,7,125,12,1
89341994,pv|pv|cart|pv|pv,0.0,0,17,0,0
89346491,pv|cart|pv|pv|pv,165.0,0,42,9,1
89349895,pv|pv|cart|pv|pv,15.0,0,2,2,0
89353720,pv|pv|cart|pv|pv,0.0,0,5,1,0
89358432,pv|pv|pv|cart|pv,0.0,0,12,6,0
89380977,pv|pv|pv|pv|pv,0.0,2,44,2,0
89384841,pv|pv|pv|pv|pv,0.0,22,13,10,0
89391097,pv|pv|pv|pv|pv,0.0,0,0,0,0
89403474,pv|pv|pv|pv|pv,0.0,0,0,0,0
89417510,pv|pv|pv|pv|pv,0.0,2,82,9,1
89426847,pv|pv|pv|pv|pv,0.0,14,138,43,1
89428650,pv|pv|pv|pv|pv,0.0,147,124,6,1
89430548,pv|pv|pv|pv|pv,1950.0,0,0,0,0
89492416,pv|pv,540.0,0,0,0,0
89495629,pv|pv|pv|pv|pv,0.0,9,0,2,0
89538622,pv|pv|pv|pv|pv,0.0,3,2,2,1
89543332,pv|pv|pv|pv|pv,0.0,6,5,0,0
89545247,pv|pv|buy|pv|pv,0.0,0,1,2,0
89583416,pv|pv|pv|pv|pv,0.0,1,8,9,1
89610223,pv|pv|pv|pv|pv,1485.0,11,18,13,1
89618850,pv|pv|pv|pv|pv,330.0,17,15,11,1
89627693,pv|pv|pv|pv|pv,585.0,0,0,0,0
89644945,pv|pv|pv|pv|pv,0.0,173,7,5,1
89646454,pv|pv|pv|pv|pv,105.0,0,0,1,0
89647768,pv|pv|buy|pv|pv,0.0,0,81,6,0
89692927,pv|pv|pv|pv|pv,0.0,9,35,2,0
89710336,buy|pv|pv|pv|pv,135.0,0,126,14,0
89726077,pv|pv|pv|pv|pv,0.0,3,1,1,0
89727305,pv|pv|pv|pv|pv,0.0,0,5,4,0
89736791,pv|pv|pv|pv|pv,0.0,40,28,5,1
89737857,pv|pv|pv|pv|pv,0.0,1,13,7,0
89748192,cart|cart|pv|pv|pv,15.0,0,72,12,0
89813223,pv|pv|pv|pv|pv,15.0,0,0,0,0
89817349,pv|pv|pv|pv|pv,0.0,0,11,6,0
89819548,pv|pv|pv|pv|pv,0.0,0,5,1,0
89825616,pv|pv|pv|pv|pv,15.0,0,77,10,1
89831149,pv|pv|buy|pv|pv,0.0,43,2,4,0
89837777,pv|pv|pv|pv|pv,0.0,0,10,0,0
89854830,pv|pv|pv|pv|pv,60.0,0,14,6,0
89866622,pv|pv|pv|pv|pv,0.0,0,0,1,0
89868154,pv|pv|pv|pv|pv,0.0,3,0,2,0
89886681,buy|pv|pv|pv|pv,0.0,32,156,28,1
89888891,pv|pv|pv|pv|pv,0.0,1,10,3,1
89899419,pv|pv|pv|pv|pv,0.0,1,0,1,0
89901261,pv|pv|pv|pv|pv,60.0,4,98,22,1
89917648,pv|pv|pv|pv|pv,0.0,0,6,4,0
89918216,pv|pv|pv|pv|pv,0.0,10,30,19,1
89918724,pv|pv|pv|pv|pv,0.0,10,6,3,1
89931597,pv|pv|pv|pv|pv,15.0,12,0,0,0
89931825,pv|pv|pv|pv|pv,60.0,67,140,41,1
89946731,pv|pv|pv|pv|pv,0.0,0,0,0,0
89953122,pv|pv|pv|pv|pv,0.0,26,0,3,0
89953582,pv|pv|pv|pv|pv,0.0,2,1,2,0
89959759,pv|pv|pv|pv|pv,315.0,0,1,1,0
89962630,pv|pv|pv|pv|pv,15.0,6,86,19,1
89991765,pv|pv|pv|buy|pv,0.0,24,0,5,1
90009214,pv|pv|pv|pv|pv,0.0,10,5,6,0
90019648,pv|pv|pv|pv|pv,180.0,0,8,11,1
90024783,pv|pv|pv|pv|pv,450.0,0,0,3,0
90030565,pv|pv|pv|pv|pv,0.0,0,18,0,0
90033831,pv|pv|pv|pv|pv,255.0,27,13,7,1
90035027,cart|pv|pv|pv|pv,15.0,26,294,48,1
90047532,pv|cart|pv|pv|pv,225.0,1,61,5,1
90065698,pv|pv|pv|pv|pv,255.0,1,8,4,0
90078744,pv|pv|pv|pv|pv,300.0,1,20,8,1
90134900,pv|pv|pv|pv|pv,0.0,1,39,13,1
90144052,pv|pv|pv|pv|pv,0.0,2,2,1,0
90168642,pv|pv|pv|pv|pv,0.0,1,0,0,0
90180023,pv|pv|pv|pv|pv,0.0,47,1,2,1
90194475,pv|pv|pv|pv|pv,0.0,8,154,13,1
90219738,pv|pv|pv|pv|pv,300.0,2,1,1,0
90233877,pv|pv|pv|pv|pv,15.0,94,33,7,1
90241071,pv|pv|pv|pv|pv,210.0,2,30,9,1
90251602,pv|pv|pv|pv|pv,15.0,37,8,4,0
90262162,pv|pv|pv|pv|pv,0.0,22,13,5,0
90291184,pv|pv|pv|pv|pv,0.0,0,8,2,0
90294602,pv|pv|pv|pv|pv,0.0,0,0,0,0
90326641,pv|buy|pv|pv|pv,15.0,0,10,7,1
90331505,pv|fav|pv|pv|pv,135.0,117,44,12,1
90333804,pv|pv|pv|pv|pv,0.0,11,3,1,0
90378059,pv|pv|pv|pv|pv,0.0,2,14,3,0
90414084,pv|pv|pv|pv|pv,0.0,16,31,3,0
90433252,pv|pv|pv|pv|pv,0.0,0,9,7,0
90433859,pv|pv|pv|pv|pv,0.0,44,0,2,0
90442425,pv|pv|pv|pv|pv,360.0,20,51,8,1
90465249,pv|pv|pv|pv|pv,0.0,0,1,6,0
90474934,pv|pv|pv|pv|cart,1605.0,1,1,1,0
90479167,pv|pv|pv|pv|pv,240.0,12,0,19,0
90500697,pv|pv|pv|pv|pv,0.0,0,2,4,1
90532631,pv|pv|pv|pv|pv,1095.0,0,0,1,0
90539396,pv|pv|pv|pv|pv,375.0,0,1,2,0
90561434,pv|pv|pv|pv|pv,0.0,44,16,4,1
90568957,pv|pv|pv|pv|pv,0.0,0,2,2,0
90633993,pv|pv|pv|pv|pv,0.0,0,1,15,0
90642791,fav|pv|pv|pv|pv,0.0,39,8,9,1
90652803,pv|pv|pv|pv|pv,2685.0,0,5,0,0
90684505,pv|pv|pv|pv|pv,240.0,0,12,6,0
90689083,pv|pv|pv|pv|pv,0.0,77,6,12,0
90690816,pv|pv|pv|pv|pv,0.0,41,99,11,0
90707560,pv|pv|pv|pv|pv,0.0,0,210,2,1
90710232,pv|pv|pv|pv|pv,315.0,79,0,2,0
90720609,pv|pv|pv|pv|pv,0.0,36,350,25,1
90721251,pv|pv|pv|pv|pv,15.0,3,40,2,1
90782194,pv|pv|pv|pv|pv,225.0,0,5,2,0
90792846,pv|pv|pv|pv|pv,0.0,256,0,0,0
90798792,pv|pv|pv|pv|pv,0.0,0,10,2,0
90805328,pv|pv|pv|pv|pv,0.0,0,0,1,0
90823156,pv|pv|pv|pv|pv,135.0,0,6,4,0
90853436,pv|pv|pv|pv|pv,0.0,53,57,13,1
90892502,pv|pv|pv|pv|pv,0.0,31,4,7,1
90916467,pv|pv|pv|pv|pv,30.0,0,15,7,0
90924422,pv|pv|pv|pv|pv,0.0,12,182,26,1
90934700,pv|pv|pv|pv|pv,45.0,0,29,5,0
90937322,pv|pv|pv|pv|pv,0.0,0,2,1,0
90943326,pv|pv|pv|pv|pv,1800.0,0,2,2,0
90958308,pv|pv|pv|pv|pv,15.0,21,22,11,1
90980691,pv|pv|buy|pv|pv,0.0,1,12,7,0
90984412,pv|pv|pv|pv|pv,45.0,3,0,1,0
90996726,buy|pv|pv|pv|pv,465.0,4,20,19,0
91010344,pv|pv|pv|pv|cart,0.0,7,55,10,1
91056578,pv|pv|pv|pv|pv,0.0,0,19,0,0
91057103,pv|pv|pv|pv|pv,15.0,0,17,3,0
91078774,pv|fav|pv|pv|fav,195.0,5,0,0,0
91081942,fav|pv|pv|pv|pv,0.0,230,11,12,0
91087067,pv|pv|pv|pv|pv,0.0,19,11,19,1
91090440,pv|pv|pv|pv|pv,645.0,1,20,6,0
91109694,pv|pv|pv|pv|pv,0.0,4,4,3,0
91123846,pv|pv|pv|pv|pv,0.0,0,52,3,1
91162737,pv|pv|pv|pv|pv,0.0,3,24,5,0
91183078,pv|pv|pv|pv|pv,105.0,0,4,0,1
91190765,fav|pv|fav|pv|pv,0.0,16,0,16,0
91201929,pv|pv|pv|pv|pv,255.0,3,36,4,0
91214457,pv|pv|pv|pv|pv,15.0,16,0,4,0
91222505,pv|cart|cart|pv|pv,0.0,152,126,18,1
91235467,pv|pv|pv|pv|pv,0.0,0,7,4,1
91239449,pv|pv|pv|pv|pv,0.0,70,30,19,1
91256329,pv|pv|pv|pv|pv,90.0,1,31,1,1
91272450,pv|pv|pv|pv|pv,15.0,0,19,9,1
91284462,pv|pv|pv|pv|pv,0.0,0,0,0,0
91301440,pv|pv|pv|pv|pv,0.0,5,139,25,1
91339068,pv|pv|pv|pv|pv,0.0,24,77,12,0
91342405,pv|pv|pv|pv|pv,1050.0,3,0,5,0
91351115,pv|pv|pv|pv|pv,60.0,5,104,12,1
91373045,pv|pv|pv|pv|pv,75.0,1,187,44,1
91373242,pv|pv|pv|pv|pv,0.0,1,0,1,0
91375354,pv|pv|pv|pv|pv,0.0,0,0,0,0
91380448,pv|pv|pv|pv|pv,0.0,0,25,0,0
91388957,cart|pv|cart|pv|pv,15.0,0,4,2,0
91424888,pv|pv|pv|pv|cart,0.0,0,42,17,1
91451574,pv|pv|pv|pv|pv,0.0,0,3,10,0
91489979,pv|pv|pv|pv|pv,0.0,0,1,0,0
91495022,pv|pv|pv|pv|pv,900.0,0,0,0,0
91496013,pv|pv|pv|pv|pv,0.0,102,1,9,1
91500491,pv|pv|pv|cart|pv,300.0,2,8,0,0
91504246,buy|pv|pv|pv|pv,90.0,0,36,14,1
91508901,pv|pv|pv|pv|pv,0.0,14,41,27,1
91519514,pv|pv|pv|pv|pv,720.0,0,14,4,1
91530370,pv|pv|pv|pv|pv,0.0,7,11,5,0
91540968,pv|pv|pv|pv|pv,75.0,54,10,9,1
91552951,pv|pv|pv|pv|pv,15.0,0,9,4,0
91557809,pv|pv|pv|pv|pv,0.0,232,0,5,0
91595746,pv|pv|pv|pv|pv,0.0,10,4,1,0
91617828,pv|pv|pv|pv|pv,15.0,2,40,10,1
91623653,pv|pv|pv|pv|pv,15.0,1,20,11,1
91632938,pv|pv|pv|pv|pv,0.0,0,3,7,0
91638650,buy|pv|pv|pv|pv,360.0,0,8,3,0
91673229,pv|pv|pv|pv|pv,0.0,1,0,0,0
91675566,pv|pv|pv|pv|pv,0.0,3,35,13,1
91687665,pv|pv|pv|pv|pv,585.0,0,4,5,0
91704713,pv|pv|pv|pv|pv,15.0,2,12,16,1
91712885,pv|pv|pv|pv|pv,345.0,20,39,8,1
91713527,pv|pv|pv|pv|pv,0.0,31,4,7,1
91719173,pv|pv|pv|pv|pv,120.0,3,24,14,0
91729153,pv|pv|pv|pv|pv,0.0,1,57,4,0
91730194,pv|pv|pv|pv|pv,255.0,0,16,6,1
91731364,pv|pv|pv|pv|pv,0.0,114,24,25,1
91750843,pv|pv|pv|pv|pv,825.0,1,1,1,0
91817248,pv|pv|pv|pv|pv,0.0,0,7,5,0
91823027,pv|pv|pv|pv|pv,75.0,6,32,31,1
91824018,pv|pv|pv|pv|pv,30.0,6,10,9,1
91829241,pv|pv|pv|pv|pv,0.0,0,1,9,0
91833401,pv|pv|pv|pv|pv,840.0,0,0,0,0
91836183,pv|pv|pv|pv|pv,0.0,1,47,4,1
91877964,pv|pv|pv|pv|pv,0.0,73,14,8,0
91910769,pv|pv|pv|pv|pv,0.0,10,14,2,1
91933622,pv|pv|pv|pv|pv,285.0,0,4,0,0
91950158,pv|pv|buy|pv|pv,105.0,1,0,3,0
91950454,pv|pv|pv|pv|pv,360.0,1,16,6,0
91979514,pv|pv|pv|pv|pv,285.0,1,12,9,1
91991062,pv|pv|pv|pv|pv,0.0,0,5,3,0
92002669,pv|pv|pv|pv|pv,0.0,0,0,0,0
92004075,pv|pv|pv|pv|pv,0.0,1,0,2,0
92010623,pv|pv|pv|pv|pv,0.0,2,2,6,0
92018191,pv|pv|pv|pv|pv,0.0,0,5,1,1
92020173,pv|pv|pv|pv|pv,15.0,7,5,6,0
92020710,pv|pv|pv|pv|pv,45.0,3,15,11,1
92028970,pv|pv|pv|pv|pv,15.0,0,0,2,0
92062782,pv|pv|pv|pv|pv,270.0,0,0,0,0
92067434,buy|pv|pv|pv|buy,0.0,3,0,3,0
92096438,pv|pv|pv|cart|pv,0.0,0,30,6,0
92098413,pv|pv|pv|pv|pv,0.0,1,23,12,0
92129979,pv|pv|pv|pv|buy,0.0,0,44,18,1
92130636,pv|pv|pv|pv|pv,0.0,17,0,1,1
92139213,pv|pv|pv|pv|buy,2970.0,10,0,4,0
92147065,fav|fav|fav|pv|pv,0.0,7,0,0,1
92147618,pv|pv|pv|pv|pv,0.0,0,57,16,1
92156910,pv|pv|cart|pv|pv,540.0,0,73,10,1
92174499,pv|pv|pv|pv|pv,0.0,1,31,1,0
92220826,pv|pv|pv|pv|pv,0.0,2,1,0,0
92221962,pv|pv|pv|pv|pv,15.0,0,0,0,0
92241160,pv|pv|pv|pv|pv,0.0,1,59,10,1
92243806,pv|pv|pv|pv|pv,15.0,13,26,10,0
92251217,pv|pv|pv|pv|pv,15.0,4,28,13,1
92271824,pv|pv|pv|pv|pv,30.0,2,40,10,1
92280073,pv|pv|pv|pv|pv,15.0,11,10,7,1
92317179,pv|pv|pv|pv|pv,60.0,0,13,1,1
92318081,pv|pv|pv|pv|pv,0.0,15,2,5,0
92332710,pv|pv|pv|pv|pv,0.0,3,2,6,1
92341465,pv|pv|pv|pv|pv,0.0,64,3,5,1
92348123,pv|pv|pv|pv|pv,0.0,6,10,7,1
92362479,pv|pv|pv|pv|pv,0.0,0,0,0,0
92386613,pv|pv|pv|pv|pv,765.0,0,4,6,1
92395241,pv|pv|pv|pv|pv,735.0,4,0,0,0
92397827,pv|pv|pv|cart|pv,1590.0,0,12,4,1
92401471,pv|pv|pv|pv|pv,15.0,0,1,1,0
92402983,fav|pv|pv|pv|pv,0.0,51,0,0,0
92454730,pv|pv|cart|cart|pv,0.0,0,124,9,0
92502609,pv|pv|pv|pv|pv,1425.0,39,8,6,0
92545351,pv|pv|pv|pv|pv,0.0,0,0,0,0
92548514,pv|pv|pv|pv|pv,120.0,0,53,18,1
92550603,pv|pv|pv|pv|pv,0.0,59,3,0,1
92583255,pv|pv|pv|pv|pv,0.0,13,2,9,1
92600747,pv|pv|pv|pv|pv,0.0,14,26,6,1
92614762,pv|pv|pv|pv|buy,0.0,0,3,7,0
92628131,pv|pv|pv|pv|pv,0.0,1,6,4,0
92645331,pv|pv|pv|pv|pv,0.0,14,16,6,1
92651729,pv|pv|pv|pv|pv,0.0,2,11,0,0
92658315,pv|fav|pv|pv|pv,0.0,4,7,2,0
92658788,pv|pv|pv|fav|pv,0.0,1,5,1,0
92663754,pv|pv|pv|pv|pv,0.0,18,38,4,0
92681347,pv|pv|pv|pv|pv,15.0,0,63,2,1
92698575,pv|pv|cart|pv|pv,0.0,2,3,3,0
92706593,pv|pv|pv|pv|pv,0.0,314,160,29,1
92718956,pv|pv|pv|pv|pv,0.0,0,0,3,0
92726270,pv|pv|pv|pv|pv,60.0,0,1,1,1
92746744,pv|pv|pv|pv|pv,0.0,0,19,16,1
92747771,pv|pv|pv|pv|pv,0.0,0,6,2,0
92749595,pv|pv|pv|pv|pv,0.0,0,0,0,0
92767100,pv|buy|pv|pv|pv,1110.0,0,2,4,0
92780565,pv|pv|pv|pv|pv,60.0,4,7,14,0
92792849,pv|pv|pv|pv|pv,0.0,13,8,8,1
92795144,pv|pv|pv|pv|pv,15.0,6,6,7,1
92796025,pv|pv|pv|pv|pv,0.0,32,6,7,1
92812860,pv|pv|pv|pv|pv,0.0,1,25,9,1
92822194,pv|pv|pv|pv|pv,0.0,2,2,2,0
92843559,pv|pv|pv|pv|pv,0.0,1,1,3,0
92848895,pv|pv|pv|pv|pv,0.0,2,35,9,0
92871619,pv|buy|pv|pv|pv,0.0,0,1,2,1
92892459,pv|pv|pv|pv|buy,120.0,86,26,15,1
92928708,pv|pv|pv|pv|pv,0.0,12,320,30,1
92949931,cart|cart|cart|pv|pv,0.0,4,44,14,1
92954093,pv|pv|pv|fav|pv,0.0,181,15,2,1
92973030,pv|pv|pv|pv|pv,0.0,7,16,4,1
92976389,pv|pv|pv|pv|pv,0.0,0,0,11,0
92984080,pv|fav|pv|pv|pv,0.0,25,3,8,1
92999201,pv|pv|pv|pv|pv,0.0,18,0,1,0
93007379,pv|pv|pv|pv|pv,0.0,1,0,0,0
93021294,pv|pv|pv|pv|pv,0.0,0,38,3,0
93025063,pv|pv|buy|pv|pv,0.0,3,0,2,0
93050081,pv|pv|cart|pv|pv,15.0,0,65,3,1
93059253,pv|pv|pv|pv|pv,630.0,0,10,0,0
93080101,pv|pv|pv|pv|pv,0.0,0,117,34,1
93088083,pv|pv|pv|pv|pv,15.0,1,28,10,1
93111704,pv|pv|pv|pv|pv,0.0,1,20,0,0
93127487,pv|pv|pv|buy|pv,15.0,0,3,11,0
93133160,pv|pv|pv|pv|pv,0.0,0,0,5,0
93159609,pv|pv|pv|pv|pv,0.0,19,21,12,1
93207382,pv|pv|pv|pv|pv,0.0,0,31,5,0
93221058,pv|pv|pv|pv|pv,0.0,22,8,5,1
93223961,pv|pv|pv|pv|pv,0.0,50,5,4,1
93232203,pv|pv|pv|pv|pv,0.0,11,37,11,1
93232888,pv|pv|pv|pv|pv,0.0,90,23,8,0
93234575,pv|pv|pv|pv|pv,0.0,0,0,2,0
93246537,pv|pv|pv|pv|pv,315.0,1,78,15,1
93262868,pv|pv|buy|pv|pv,60.0,17,2,9,1
93281824,pv|pv|pv|pv|pv,15.0,0,62,29,0
93284287,pv|pv|pv|pv|pv,0.0,0,35,29,1
93289334,pv|pv|pv|buy|pv,15.0,0,12,4,0
93311801,pv|pv|cart|pv|pv,0.0,0,97,23,1
93314915,pv|pv|buy|pv|pv,75.0,0,2,3,1
93340122,pv|pv|pv|pv|pv,630.0,0,1,4,0
93349361,pv|pv|pv|pv|pv,0.0,8,3,6,0
93357727,pv|pv|pv|pv|pv,0.0,6,6,1,0
93383888,pv|pv|pv|cart|pv,0.0,0,47,5,1
93389385,pv|pv|pv|pv|fav,60.0,153,46,0,0
93417326,pv|pv|pv|pv|pv,135.0,0,7,2,0
93422967,pv|cart|cart|pv|buy,15.0,3,2,1,1
93428377,pv|pv|pv|pv|pv,0.0,3,16,6,0
93441452,pv|pv|pv|pv|pv,0.0,0,31,1,0
93444311,pv|pv|pv|pv|pv,15.0,0,1,4,0
93456477,pv|pv|pv|pv|pv,0.0,0,33,7,0
93461805,pv|pv|pv|pv|pv,0.0,0,0,1,0
93463168,pv|pv|pv|pv|pv,0.0,2,3,2,1
93471096,pv|pv|pv|pv|pv,0.0,0,1,4,0
93477570,pv|pv|pv|pv|pv,495.0,0,0,1,0
93479181,pv|pv|pv|pv|pv,0.0,35,24,14,1
93492827,pv|pv|pv|pv|pv,0.0,0,0,0,0
93509038,pv|pv|pv|pv|pv,0.0,27,5,8,0
93600553,cart|pv|pv|pv|pv,90.0,0,17,11,0
93639504,pv|pv|pv|pv|pv,90.0,0,22,15,0
93670699,cart|pv|pv|pv|pv,0.0,0,21,4,1
93675262,pv|pv|pv|pv|pv,0.0,81,83,102,1
93687523,pv|pv|pv|pv|pv,15.0,185,7,7,0
93702639,pv|pv|pv|pv|pv,0.0,8,7,8,0
93704320,pv|pv|pv|pv|pv,0.0,16,2,28,1
93745270,pv|pv|pv|pv|pv,0.0,0,0,2,0
93755017,pv|pv|pv|pv|pv,0.0,0,1,1,0
93774837,pv|pv|pv|pv|buy,0.0,0,32,5,1
93784494,pv|pv|pv|pv|pv,975.0,16,20,7,1
93786359,pv|pv|pv|pv|pv,15.0,0,5,0,0
93791092,cart|pv|pv|pv|pv,0.0,0,55,36,0
93791234,pv|pv|pv|pv|pv,0.0,2,47,12,1
93795297,pv|pv|pv|pv|pv,0.0,34,118,13,0
93809784,pv|pv|pv|pv|pv,0.0,5,0,0,0
93812622,pv|pv|pv|pv|pv,360.0,0,0,2,0
93834577,pv|pv|pv|pv|pv,45.0,3,13,9,1
93842000,pv|pv|pv|pv|pv,0.0,38,21,18,1
93850991,pv|pv|pv|pv|pv,0.0,0,60,34,1
93860264,pv|fav|pv|pv|pv,0.0,26,8,15,1
93867217,cart|pv|pv|buy|pv,45.0,2,4,2,1
93888171,pv|pv|pv|pv|pv,0.0,0,7,0,0
93890776,pv|pv|pv|pv|pv,1230.0,1,12,7,1
93893366,pv|pv|pv|pv|pv,15.0,0,12,4,1
93897008,pv|pv|pv|pv|pv,0.0,27,52,25,1
93940120,pv|pv|pv|pv|pv,90.0,0,3,4,0
93945524,pv|pv|pv|pv|pv,0.0,0,1,7,0
93946162,pv|pv|pv|pv|pv,0.0,2,4,1,0
93967494,pv|pv|pv|pv|pv,0.0,1,5,5,0
93970634,pv|pv|pv|pv|pv,0.0,2,48,22,0
93998185,pv|pv|pv|pv|pv,0.0,1,2,2,0
94003310,pv|pv|pv|cart|pv,15.0,0,24,0,0
94003742,pv|pv|pv|pv|pv,15.0,2,6,7,0
94044468,pv|pv|pv|pv|pv,0.0,3,33,6,1
94047716,pv|pv|pv|pv|pv,180.0,1,1,2,0
94057453,pv|pv|pv|pv|pv,0.0,0,0,0,0
94059439,pv|pv|pv|pv|pv,0.0,0,0,2,0
94084258,pv|buy|pv|pv|pv,0.0,0,20,13,1
94096435,pv|pv|pv|pv|pv,0.0,12,6,7,0
94106376,pv|pv|pv|pv|pv,195.0,0,3,0,0
94126018,pv|pv|pv|pv|pv,405.0,0,2,3,0
94139294,pv|pv|pv|pv|pv,0.0,0,0,10,0
94140496,pv|pv|pv|pv|pv,15.0,4,0,1,0
94148058,pv|pv|fav|pv|pv,0.0,1,11,12,1
94209509,pv|pv|pv|pv|pv,0.0,75,0,1,0
94224118,pv|pv|pv|pv|pv,150.0,7,1,10,1
94241607,pv|pv|pv|pv|pv,0.0,2,1,4,0
94257737,pv|pv|pv|pv|pv,0.0,0,34,5,1
94267358,pv|pv|pv|pv|pv,0.0,0,11,9,1
94273242,pv|pv|pv|pv|pv,0.0,0,12,2,0
94287521,pv|pv|pv|pv|pv,0.0,92,54,2,1
94290427,pv|pv|pv|pv|pv,1485.0,0,0,1,0
94308406,pv|pv|pv|pv|pv,0.0,39,45,13,1
94329829,pv|pv|pv|pv|pv,0.0,2,45,21,1
94334641,pv|pv|pv|pv|pv,210.0,0,32,22,1
94335711,pv|pv|pv|pv|pv,330.0,7,2,1,0
94380011,pv|pv|pv|pv|buy,0.0,0,40,11,0
94421413,pv|pv|pv|pv|pv,480.0,0,10,1,0
94428036,pv|pv|pv|pv|pv,0.0,0,58,26,1
94432660,pv|pv|pv|cart|cart,0.0,0,65,7,1
94479833,pv|pv|pv|pv|pv,255.0,0,3,7,0
94480146,pv|pv|pv|pv|pv,45.0,13,26,15,0
94489517,pv|cart|pv|cart|pv,0.0,1,17,3,0
94514932,pv|pv|pv|pv|pv,0.0,25,134,14,1
94542574,pv|pv|fav|pv|pv,0.0,14,0,0,0
94580090,pv|pv|pv|pv|pv,315.0,0,79,16,1
94616165,pv|pv|pv|pv|pv,0.0,5,23,0,0
94616722,pv|pv|pv|pv|pv,0.0,27,12,4,1
94637132,pv|pv|pv|pv|pv,0.0,48,4,11,1
94645713,pv|pv|buy|cart|pv,0.0,2,144,24,1
94654581,pv|pv|pv|pv|pv,0.0,2,40,10,1
94696104,buy|pv|pv|pv|pv,120.0,0,4,6,0
94710567,pv|pv|pv|pv|pv,30.0,0,33,14,1
94723090,pv|pv|pv|pv|pv,0.0,0,28,8,0
94755503,pv|pv|pv|pv|pv,300.0,2,6,2,0
94761124,pv|pv|pv|pv|pv,15.0,0,0,0,0
94767766,pv|pv|pv|pv|pv,0.0,0,0,0,0
94781428,pv|pv|pv|pv|pv,165.0,36,2,0,0
94795739,pv|pv|pv|pv|pv,30.0,8,12,1,1
94827522,pv|pv|pv|pv|pv,405.0,0,0,5,0
94828459,pv|pv|pv|pv|pv,210.0,0,1,2,0
94832743,pv|pv|pv|pv|pv,0.0,0,1,1,0
94864441,pv|pv|pv|pv|pv,15.0,1,6,4,0
94874137,pv|pv|pv|pv|pv,0.0,0,0,5,0
94883791,pv|pv|pv|pv|pv,15.0,4,2,0,0
94883880,pv|pv|pv|pv|pv,0.0,34,10,15,1
94917798,pv|pv|pv|pv|pv,0.0,27,54,11,1
94943213,pv|pv|pv|pv|pv,480.0,0,82,12,1
94991675,pv|pv|pv|pv|pv,15.0,1,0,1,0
94992306,pv|pv|pv|pv|pv,45.0,57,2,0,0
95002467,pv|pv|pv|pv|pv,0.0,60,0,5,0
95011439,pv|pv|pv|pv|pv,0.0,0,16,3,0
95014110,pv|pv|pv|pv|pv,0.0,0,0,2,0
95039926,pv|pv|pv|pv|pv,0.0,0,4,3,0
95055106,pv|pv|pv|pv|pv,1065.0,1,10,3,0
95055358,pv|pv|pv|pv|pv,0.0,0,4,1,0
95057565,pv|pv|pv|pv|pv,15.0,0,3,2,0
95064712,pv|cart|pv|pv|buy,0.0,75,26,14,1
95067968,pv|pv|pv|pv|pv,1200.0,1,5,3,0
95069106,pv|pv|pv|pv|pv,540.0,0,0,3,0
95088933,pv|pv|pv|pv|pv,0.0,0,76,2,0
95112222,pv|pv|pv|pv|pv,0.0,1,25,5,1
95118455,pv|pv|pv|cart|pv,135.0,37,194,11,1
95126179,pv|pv|pv|pv|pv,0.0,48,11,0,0
95161544,pv|pv|buy|pv|buy,30.0,0,43,38,1
95194818,pv|cart|pv|buy|pv,0.0,0,38,9,1
95198382,pv|pv|pv|fav|pv,0.0,12,5,3,0
95204063,pv|pv|pv|pv|pv,135.0,0,10,0,0
95221400,pv|pv|pv|pv|pv,0.0,3,40,13,1
95237027,pv|pv|fav|pv|pv,0.0,11,125,17,0
95237482,pv|pv|pv|pv|pv,0.0,0,1,5,0
95244708,pv|pv|pv|pv|pv,0.0,84,22,6,0
95247029,pv|pv|pv|pv|pv,0.0,0,2,2,1
95253222,pv|pv|pv|pv|pv,0.0,1,94,42,1
95254205,pv|pv|pv|pv|pv,60.0,49,54,36,1
95269877,pv|pv|pv|pv|pv,0.0,6,9,5,1
95272651,pv|pv|pv|pv|pv,0.0,0,4,1,0
95278276,pv|pv|pv|pv|pv,0.0,0,0,1,0
95290487,pv|pv|pv|pv|pv,0.0,0,21,12,0
95293046,pv|cart|pv|pv|pv,570.0,0,3,2,0
95301715,pv|pv|pv|pv|pv,0.0,154,34,3,0
95302160,pv|pv|pv|pv|pv,180.0,2,15,1,0
95302244,pv|pv|fav|pv|pv,0.0,7,0,0,0
95339766,pv|pv|pv|pv|pv,0.0,77,26,9,1
95348615,cart|buy|pv|pv|pv,45.0,34,27,15,1
95350481,pv|pv|pv|pv|pv,0.0,0,19,4,0
95359183,pv|pv|pv|pv|pv,1710.0,0,0,4,0
95386873,pv|pv|pv|pv|pv,0.0,9,7,2,1
95395131,pv|pv|pv|pv|pv,15.0,184,38,0,0
95399425,pv|pv|fav|pv|pv,0.0,1,0,0,0
95407138,pv|pv|pv|pv|pv,0.0,1,16,10,1
95448497,pv|pv|pv|pv|pv,660.0,0,8,7,1
95471305,pv|fav|pv|pv|pv,0.0,63,104,24,1
95518676,pv|pv|pv|pv|pv,795.0,27,5,2,0
95520482,pv|pv|pv|pv|pv,0.0,53,19,2,0
95528086,pv|pv|pv|pv|pv,0.0,36,15,7,1
95530909,pv|pv|pv|pv|pv,180.0,0,1,6,0
95533953,pv|pv|pv|pv|pv,135.0,0,0,1,0
95535997,pv|pv|pv|pv|pv,165.0,11,17,0,1
95544540,pv|pv|pv|pv|pv,0.0,1,0,2,0
95548781,pv|buy|pv|pv|pv,270.0,0,4,6,1
95565960,pv|pv|pv|pv|pv,0.0,1,12,2,0
95607230,pv|pv|pv|pv|pv,0.0,0,0,0,0
95607772,pv|pv|pv|pv|pv,0.0,0,2,8,0
95645602,pv|pv|pv|pv|pv,0.0,18,20,4,1
95647655,pv|pv|pv|pv|pv,0.0,2,0,2,0
95665574,pv|pv|pv|pv|pv,0.0,0,6,0,0
95687290,pv|pv|pv|pv|pv,0.0,1,22,5,1
95706559,pv|pv|pv|pv|pv,3000.0,0,4,3,0
95720451,pv|pv|pv|pv|pv,0.0,10,6,6,0
95721550,pv|pv|pv|pv|pv,0.0,7,16,9,0
95725967,pv|pv|pv|pv|pv,0.0,0,18,2,1
95755909,pv|pv|pv|pv|pv,75.0,28,26,3,0
95839581,pv|pv|pv|pv|pv,0.0,43,35,7,1
95847735,pv|pv|pv|pv|pv,345.0,1,5,4,0
95869367,pv|pv|pv|pv|pv,15.0,22,25,6,1
95885873,pv|pv|pv|pv|pv,45.0,49,80,12,1
95898771,pv|pv|pv|pv|pv,0.0,78,54,18,1
95907635,pv|buy|pv|pv|pv,15.0,0,51,7,0
95937118,pv|pv|pv|pv|pv,1545.0,1,0,1,0
95948031,buy|pv|pv|pv|pv,60.0,0,6,12,1
95989506,pv|pv|pv|pv|pv,360.0,4,0,2,0
95992025,pv|pv|pv|pv|pv,15.0,1,0,1,0
95996140,pv|pv|pv|pv|pv,0.0,1,16,0,0
96042414,pv|pv|pv|pv|pv,495.0,0,68,0,0
96042606,pv|pv|pv|pv|pv,15.0,66,6,8,1
96050373,pv|pv|pv|pv|pv,15.0,0,103,15,1
96052795,pv|pv|pv|pv|pv,0.0,0,0,5,0
96074973,pv|pv|pv|pv|pv,705.0,3,3,5,0
96074992,pv|pv|pv|pv|pv,3330.0,0,2,0,0
96079462,pv|pv|pv|pv|pv,360.0,6,4,0,0
96089433,pv|buy|pv|pv|pv,0.0,4,22,9,1
96135412,pv|pv|buy|pv|fav,360.0,6,0,3,1
96156613,pv|pv|pv|pv|pv,360.0,0,0,0,0
96168102,pv|pv|pv|pv|pv,315.0,0,3,2,0
96168958,pv|pv|pv|pv|pv,0.0,0,2,7,0
96169296,pv|pv|pv|pv|pv,0.0,6,10,4,1
96171399,pv|pv|pv|pv|pv,60.0,8,3,6,0
96183219,pv|pv|pv|pv|pv,795.0,0,20,5,0
96184377,pv|pv|pv|pv|pv,0.0,2,0,0,0
96187787,pv|pv|pv|pv|pv,30.0,18,23,6,1
96219418,pv|pv|pv|pv|pv,135.0,149,37,22,0
96229323,pv|pv|pv|pv|pv,0.0,49,20,0,0
96234838,pv|pv|pv|pv|pv,0.0,26,5,11,1
96238328,pv|pv|pv|buy|pv,30.0,14,0,5,0
96242076,pv|pv|pv|pv|pv,375.0,0,6,3,0
96254870,pv|pv|pv|pv|pv,0.0,1,35,10,1
96293030,pv|pv|pv|pv|pv,1500.0,0,0,0,0
96307825,pv|pv|pv|pv|pv,45.0,23,0,0,0
96310581,cart|pv|pv|pv|pv,0.0,0,22,15,1
96317471,buy|pv|pv|pv|pv,0.0,2,210,34,1
96332918,pv|pv|pv|pv|pv,630.0,0,7,2,0
96337789,pv|pv|pv|pv|pv,0.0,13,6,1,0
96343297,pv|pv|pv|pv|pv,0.0,4,30,3,0
96352312,pv|pv|pv|pv|pv,0.0,0,136,25,1
96356617,pv|pv|pv|pv|pv,0.0,11,44,4,1
96384170,pv|pv|pv|pv|pv,0.0,0,1,11,0
96389962,pv|pv|pv|pv|pv,0.0,0,57,6,1
96408898,pv|pv|pv|pv|pv,30.0,0,0,0,0
96412786,pv|pv|pv|pv|pv,0.0,87,5,16,0
96454863,pv|pv|pv|pv|pv,420.0,1,21,5,1
96454874,pv|pv|pv|pv|pv,0.0,0,3,1,1
96495511,pv|pv|pv|fav|pv,0.0,2,35,2,0
96497399,pv|pv|pv|pv|pv,0.0,30,10,14,1
96504901,pv|pv|pv|pv|pv,0.0,1,141,12,1
96507797,pv|pv|pv|pv|pv,15.0,1,5,4,0
96509906,pv|buy|pv|pv|pv,0.0,8,100,35,1
96524285,pv|cart|pv|pv|pv,60.0,0,1,1,0
96524948,pv|pv|pv|pv|pv,60.0,3,0,17,0
96545886,pv|pv|pv|pv|pv,0.0,0,23,0,0
96571906,pv|pv|pv|pv|pv,0.0,0,8,3,0
96581322,pv|pv|pv|pv|pv,0.0,3,2,8,0
96583102,pv|pv|pv|pv|pv,0.0,80,126,52,1
96590134,pv|pv|pv|pv|pv,2835.0,0,0,0,0
96610296,pv|pv|pv|pv|buy,0.0,0,17,10,0
96631076,pv|pv|pv|pv|pv,0.0,0,1,3,0
96636051,pv|pv|pv|pv|pv,0.0,0,22,5,0
96639792,pv|fav|pv|pv|pv,0.0,2,9,5,0
96646002,pv|pv|pv|pv|pv,0.0,58,0,7,1
96720314,cart|pv|pv|pv|pv,0.0,14,132,4,1
96723364,pv|pv|pv|pv|pv,195.0,1,17,9,0
96771520,pv|pv|pv|pv|pv,0.0,5,2,1,0
96778762,pv|pv|pv|pv|pv,0.0,60,4,6,0
96786739,pv|pv|pv|pv|pv,0.0,34,0,4,1
96789054,pv|pv|pv|pv|pv,0.0,25,34,15,1
96789058,pv|pv|pv|pv|pv,0.0,28,10,5,0
96790667,pv|pv|pv|pv|pv,0.0,0,0,0,0
96818946,pv|pv|pv|pv|pv,240.0,7,1,2,0
96822596,pv|pv|pv|pv|buy,0.0,0,17,25,1
96838576,pv|pv|pv|pv|pv,15.0,27,3,0,0
96843841,pv|pv|pv|pv|pv,0.0,22,10,12,0
96859287,pv|pv|pv|pv|pv,0.0,16,0,18,0
96865786,pv|pv|pv|pv|pv,0.0,42,16,5,1
96872131,pv|pv|pv|pv|pv,15.0,2,15,11,1
96872650,pv|pv|pv|pv|pv,330.0,3,0,1,0
96889712,pv|pv|pv|pv|pv,0.0,0,40,9,1
96892229,pv|pv|pv|pv|pv,0.0,35,3,2,0
96892957,pv|pv|pv|pv|pv,1035.0,5,0,2,0
96894415,pv|pv|pv|pv|pv,480.0,22,1,6,1
96900675,pv|pv|pv|pv|pv,0.0,0,0,2,0
96936392,pv|pv|pv|pv|pv,0.0,0,22,6,1
96962284,pv|pv|pv|pv|pv,0.0,0,1,1,0
96985981,pv|pv|pv|pv|pv,0.0,0,3,1,0
97019627,pv|cart|pv|pv|pv,0.0,2,60,7,0
97045271,pv|pv|pv|pv|pv,120.0,0,1,15,0
97067484,pv|pv|pv|pv|pv,60.0,47,5,8,1
97073377,pv|pv|pv|pv|pv,390.0,831,15,0,0
97089469,pv|pv|pv|pv|pv,0.0,0,34,7,0
97092878,pv|pv|pv|pv|pv,45.0,153,0,9,0
97097323,pv|pv|pv|pv|pv,0.0,1,0,0,0
97122756,cart|pv|pv|pv|pv,0.0,52,85,34,1
97126088,pv|pv|pv|pv|pv,0.0,1,85,10,1
97130073,pv|pv|pv|pv|pv,600.0,76,39,22,1
97132998,pv|pv|pv|pv|pv,0.0,0,0,0,0
97146302,pv|pv|pv|pv|pv,1020.0,0,1,1,0
97154652,pv|pv|pv|pv|pv,675.0,0,0,2,0
97156558,pv|pv|pv|pv|pv,15.0,1,17,9,1
97162031,pv|pv|pv|pv|pv,0.0,1,14,3,1
97169173,pv|pv|pv|pv|pv,0.0,25,2,6,1
97173907,pv|pv|pv|pv|pv,45.0,0,0,3,0
97175671,pv|pv|cart|pv|pv,0.0,17,216,20,1
97176571,pv|pv|pv|pv|pv,0.0,0,9,4,0
97181356,pv|pv|pv|pv|pv,0.0,2,168,42,1
97217634,pv|pv|pv|pv|pv,15.0,12,11,8,1
97221179,pv|pv|pv|fav|pv,0.0,137,70,16,1
97226125,fav|pv|cart|pv|pv,0.0,17,9,0,0
97232555,pv|pv|pv|pv|pv,0.0,20,2,3,0
97248042,pv|pv|pv|pv|cart,1815.0,2,25,8,1
97255009,pv|pv|pv|pv|pv,15.0,84,62,7,1
97265174,pv|pv|pv|pv|pv,0.0,0,1,0,0
97272650,pv|pv|pv|pv|pv,0.0,0,3,0,0
97291358,pv|pv|pv|pv|pv,15.0,2,42,5,1
97293816,pv|pv|pv|pv|pv,0.0,150,6,27,1
97297923,pv|pv|pv|pv|pv,0.0,0,14,0,0
97318772,pv|pv|pv|pv|pv,0.0,0,5,5,1
97327115,pv|pv|pv|pv|pv,0.0,0,42,9,1
97331850,fav|pv|pv|pv|pv,0.0,11,18,19,1
97335118,pv|pv|buy|pv|pv,720.0,1,0,2,0
97354034,pv|pv|pv|pv|pv,300.0,0,75,57,1
97357434,pv|pv|pv|pv|pv,45.0,41,93,9,1
97358177,pv|pv|pv|pv|pv,0.0,6,1,2,0
97369087,pv|pv|pv|pv|pv,0.0,11,58,7,1
97384092,pv|pv|pv|pv|pv,465.0,0,26,8,0
97389266,pv|pv|pv|pv|pv,0.0,0,135,26,1
97390150,pv|pv|pv|pv|pv,0.0,26,63,16,1
97409607,pv|pv|pv|pv|pv,0.0,0,2,3,0
97425189,pv|pv|pv|pv|pv,90.0,26,60,16,1
97426338,pv|pv|pv|pv|pv,90.0,0,17,13,0
97427779,pv|pv|pv|pv|cart,0.0,23,68,9,1
97428494,pv|pv|pv|pv|pv,285.0,1,34,17,1
97436550,pv|pv|pv|pv|pv,0.0,4,4,9,0
97451733,pv|pv|pv|pv|pv,0.0,0,0,0,0
97457481,pv|pv|pv|pv|pv,15.0,2,44,8,1
97464808,pv|pv|pv|pv|pv,0.0,281,108,11,1
97479577,pv|pv|pv|pv|pv,0.0,6,1,4,0
97485804,pv|pv|pv|pv|pv,0.0,0,30,12,0
97512117,pv|pv|pv|pv|pv,0.0,3,10,2,0
97553714,pv|pv|pv|pv|pv,0.0,0,7,9,0
97589149,pv|pv|pv|pv|pv,0.0,1,2,22,0
97595347,pv|pv|pv|pv|pv,0.0,76,13,8,1
97595922,pv|pv|pv|pv|pv,0.0,12,2,3,0
97600962,pv|pv|pv|pv|pv,0.0,6,0,3,0
97615128,pv|pv|pv|pv|pv,0.0,1,2,6,0
97661157,cart|pv|pv|pv|pv,0.0,0,8,9,0
97666716,pv|pv|pv|pv|pv,0.0,25,23,10,1
97675473,pv|pv|pv|pv|buy,105.0,0,3,1,0
97693604,pv|pv|pv|pv|pv,0.0,0,18,0,0
97701698,pv|pv|pv|pv|pv,0.0,3,1,4,1
97726136,pv|pv|pv|pv|pv,270.0,5,3,6,0
97729365,pv|pv|pv|pv|pv,705.0,0,35,5,0
97730927,pv|pv|pv|pv|pv,30.0,15,214,20,1
97733928,pv|pv|pv|pv|pv,90.0,4,9,4,0
97763004,pv|pv|pv|pv|cart,15.0,0,25,0,0
97778243,pv|pv|pv|pv|pv,0.0,0,6,3,0
97795315,pv|pv|pv|pv|pv,0.0,0,170,17,1
97821126,pv|pv|pv|pv|pv,4365.0,0,0,1,0
97824991,pv|pv|pv|pv|pv,90.0,35,13,23,1
97832135,pv|pv|pv|pv|pv,15.0,2,19,26,1
97834299,pv|pv|cart|pv|pv,0.0,0,4,10,0
97838802,pv|pv|pv|pv|pv,0.0,117,15,1,0
97839610,pv|pv|pv|pv|pv,705.0,0,3,0,1
97843947,pv|pv|pv|pv|pv,0.0,5,52,18,1
97855966,buy|pv|pv|pv|pv,0.0,47,38,4,1
97874651,pv|pv|pv|pv|pv,0.0,2,9,8,0
97876581,pv|pv|pv|pv|pv,135.0,8,4,6,0
97891315,pv|pv|pv|pv|pv,240.0,0,8,14,1
97917139,pv|pv|pv|pv|pv,4665.0,0,2,1,0
97933481,pv|pv|pv|pv|pv,60.0,0,61,18,1
97941668,pv|pv|pv|pv|pv,795.0,0,1,0,0
97944240,pv|pv|pv|pv|pv,0.0,0,14,2,1
97951451,pv|pv|pv|pv|pv,0.0,1,119,11,1
97963484,pv|pv|pv|pv|pv,0.0,1,37,12,0
97972413,pv|pv|pv|pv|pv,0.0,1,0,9,0
97974838,pv|pv|pv|pv|pv,0.0,2,26,19,1
97981875,pv|pv|fav|pv|fav,60.0,17,16,1,1
98043049,pv|pv|pv|pv|pv,150.0,1,64,8,1
98047837,pv|pv|pv|pv|pv,60.0,13,18,3,1
98084033,pv|pv|pv|pv|pv,0.0,53,24,20,1
98088091,pv|pv|pv|pv|pv,0.0,0,0,0,0
98104964,buy|pv|pv|pv|pv,135.0,0,3,3,1
98106690,pv|pv|pv|pv|pv,255.0,0,3,3,0
98133460,pv|pv|pv|pv|pv,0.0,19,32,11,1
98145908,pv|pv|pv|pv|pv,0.0,0,1,1,0
98154677,pv|pv|pv|pv|pv,0.0,0,1,3,0
98171033,pv|pv|pv|pv|pv,0.0,11,2,1,0
98174744,pv|pv|pv|pv|pv,0.0,0,0,0,0
98179152,pv|pv|pv|pv|pv,0.0,0,98,17,1
98199141,pv|buy|pv|cart|pv,105.0,1,0,0,0
98218672,pv|pv|fav|pv|pv,0.0,42,0,3,0
98224094,pv|pv|buy|pv|pv,1410.0,0,12,7,0
98238017,pv|pv|pv|pv|pv,15.0,22,22,7,0
98245656,pv|pv|pv|pv|pv,0.0,8,22,18,1
98259829,pv|pv|pv|pv|pv,675.0,0,10,6,0
98260769,pv|pv|pv|pv|pv,30.0,0,0,0,0
98261528,pv|pv|pv|pv|pv,0.0,1,20,2,0
98264814,pv|pv|pv|pv|pv,345.0,0,0,1,0
98303971,pv|pv|pv|pv|pv,1935.0,0,0,1,0
98308778,pv|pv|pv|pv|pv,0.0,0,42,8,1
98338449,pv|pv|pv|pv|pv,1800.0,0,7,4,1
98360962,pv|pv|pv|pv|pv,0.0,0,2,0,0
98367095,pv|pv|pv|pv|pv,0.0,2,40,15,1
98390011,pv|pv|pv|pv|pv,0.0,1,4,5,0
98392652,pv|pv|pv|pv|pv,0.0,113,7,4,0
98430692,pv|pv|pv|pv|pv,0.0,0,0,1,0
98435498,pv|pv|pv|cart|pv,15.0,2,79,26,1
98440358,pv|pv|pv|pv|pv,0.0,9,2,1,1
98466620,pv|pv|pv|pv|pv,0.0,5,48,17,1
98492728,pv|pv|pv|pv|pv,0.0,1,21,3,1
98506532,pv|pv|pv|pv|pv,0.0,0,12,1,0
98507442,pv|pv|pv|pv|pv,0.0,2,17,2,0
98507853,pv|pv|buy|pv|pv,0.0,0,1,8,0
98513516,pv|buy|buy|pv|buy,0.0,21,37,23,1
98531147,pv|pv|pv|pv|pv,0.0,17,26,6,1
98555860,pv|pv|pv|pv|pv,0.0,7,30,5,1
98567826,pv|pv|pv|pv|pv,0.0,0,23,0,1
98578505,pv|pv|pv|pv|pv,0.0,22,2,2,1
98583943,pv|pv|pv|pv|pv,165.0,224,26,5,1
98590273,pv|pv|pv|pv|pv,4545.0,7,0,0,0
98607707,pv|pv|pv|pv|pv,135.0,11,5,15,1
98609754,pv|pv|pv|pv|pv,345.0,0,32,9,1
98621566,pv|pv|pv|pv|pv,0.0,1,0,1,0
98662432,pv|pv|pv|pv|pv,1230.0,0,0,1,0
98664722,pv|pv|pv|pv|pv,0.0,1,11,2,0
98669047,pv|pv|pv|pv|pv,15.0,6,7,7,1
98712364,pv|pv|pv|pv|pv,0.0,0,5,3,0
98720463,pv|cart|pv|pv|pv,240.0,0,7,5,0
98736034,pv|pv|pv|pv|pv,0.0,9,5,6,1
98750356,pv|pv|pv|pv|pv,255.0,50,12,11,0
98756772,pv|pv|pv|pv|pv,270.0,3,5,12,0
98795231,pv|pv|pv|pv|pv,0.0,4,90,25,1
98796708,pv|pv|pv|pv|pv,0.0,0,13,1,0
98798352,pv|cart|cart|pv|pv,0.0,13,64,4,1
98809181,pv|pv|pv|pv|pv,0.0,26,10,11,0
98810118,pv|pv|pv|pv|pv,0.0,0,13,12,1
98827905,pv|pv|pv|pv|pv,0.0,4,4,7,1
98832840,pv|pv|pv|pv|pv,0.0,0,27,0,0
98867354,pv|pv|pv|fav|pv,0.0,1,6,3,1
98890086,pv|pv|pv|pv|pv,0.0,2,3,2,0
98892553,pv|pv|pv|pv|cart,0.0,2,1,1,0
98894859,pv|pv|pv|pv|pv,0.0,13,5,5,0
98908158,pv|pv|pv|pv|pv,0.0,42,0,9,0
98920553,pv|fav|pv|pv|pv,0.0,53,7,12,0
98922726,pv|fav|pv|pv|pv,0.0,5,0,6,0
98931599,cart|pv|pv|pv|pv,0.0,0,31,4,0
98935781,pv|fav|pv|pv|pv,0.0,1,1,0,1
98942227,pv|pv|pv|pv|pv,0.0,1,4,0,0
98952869,pv|pv|pv|pv|pv,15.0,1,60,6,0
98954277,pv|pv|pv|pv|pv,0.0,1,22,7,1
98980048,pv|pv|pv|pv|pv,0.0,24,2,15,0
98989087,pv|pv|pv|pv|pv,0.0,3,2,1,0
99018543,pv|pv|pv|pv|pv,0.0,3,16,15,0
99027668,pv|pv|pv|pv|pv,0.0,2,4,3,0
99048955,pv|pv|pv|pv|pv,135.0,5,7,10,0
99052668,pv|pv|pv|pv|pv,0.0,1,0,9,0
99059817,pv|pv|pv|pv|pv,30.0,0,64,6,1
99103824,pv|pv|pv|pv|pv,30.0,36,40,9,1
99117769,pv|pv|pv|pv|pv,15.0,1,6,4,0
99124479,pv|pv|pv|pv|pv,0.0,0,24,11,0
99144500,pv|pv|pv|pv|pv,0.0,14,0,0,0
99172303,pv|pv|pv|pv|pv,0.0,15,4,7,0
99199943,fav|pv|pv|pv|pv,0.0,48,7,16,1
99220005,pv|pv|pv|pv|pv,0.0,5,1,1,0
99221649,pv|pv|pv|pv|pv,0.0,2,0,0,0
99222509,pv|pv|pv|pv|pv,585.0,0,2,2,0
99228290,pv|pv|pv|pv|pv,0.0,0,37,8,1
99241118,pv|pv|pv|pv|pv,0.0,14,10,1,0
99248296,pv|fav|pv|pv|pv,300.0,39,77,19,1
99272840,pv|pv|pv|pv|pv,870.0,4,11,2,0
99273913,pv|pv|pv|pv|pv,840.0,11,0,1,0
99286584,pv|pv|pv|pv|pv,15.0,2,6,7,1
99288945,pv|pv|pv|pv|pv,0.0,0,6,3,1
99327806,pv|pv|pv|pv|pv,0.0,1,1,2,0
99346682,pv|pv|pv|pv|pv,0.0,30,34,27,1
99364125,pv|pv|pv|pv|pv,0.0,1,2,0,0
99383284,pv|pv|pv|pv|pv,0.0,1,8,1,0
99393465,pv|pv|pv|pv|pv,0.0,1,111,17,1
99403228,pv|pv|pv|pv|pv,15.0,0,12,6,0
99404305,pv|pv|pv|pv|pv,15.0,1,1,2,0
99418963,pv|pv|pv|pv|pv,0.0,0,5,7,0
99425436,pv|pv|pv|pv|pv,0.0,0,13,4,1
99430158,pv|pv|pv|pv|pv,0.0,0,4,1,0
99433181,pv|pv|pv|pv|pv,15.0,72,35,21,1
99458106,pv|pv|pv|pv|pv,0.0,0,0,0,0
99467186,pv|pv|pv|pv|pv,0.0,1,1,2,1
99480990,pv|pv|pv|pv|pv,0.0,9,262,35,1
99503510,pv|pv|pv|pv|pv,0.0,1,8,9,0
99512654,pv|pv|cart|pv|pv,0.0,0,17,3,1
99517258,cart|pv|pv|pv|cart,0.0,0,11,4,0
99529968,pv|pv|pv|pv|pv,30.0,414,12,11,1
99543620,pv|pv|pv|pv|pv,0.0,6,30,15,1
99628321,pv|pv|pv|pv|pv,90.0,0,5,3,0
99641114,pv|pv|pv|pv|pv,0.0,0,1,1,0
99651145,pv|pv|pv|pv|pv,0.0,0,16,3,0
99662624,pv|pv|pv|pv|pv,165.0,20,13,9,1
99674599,pv|pv|pv|pv|pv,0.0,23,99,31,1
99694664,pv|pv|pv|pv|pv,0.0,0,1,6,0
99705619,pv|pv|pv|pv|pv,0.0,4,0,0,0
99721088,pv|pv|pv|pv|pv,105.0,3,45,1,0
99730920,pv|pv|pv|pv|pv,0.0,13,50,3,1
99731071,pv|pv|pv|pv|pv,0.0,1,0,0,0
99735273,pv|pv|pv|pv|pv,0.0,0,0,4,0
99750042,pv|pv|pv|pv|pv,0.0,45,9,14,1
99775965,pv|pv|pv|pv|pv,15.0,109,1,1,1
99781075,pv|pv|pv|pv|pv,0.0,0,20,1,0
99784621,fav|pv|pv|pv|pv,75.0,13,2,14,0
99785045,pv|cart|pv|pv|pv,135.0,3,8,7,0
99789170,pv|pv|pv|pv|pv,0.0,0,2,1,0
99791909,pv|pv|pv|pv|pv,0.0,1,7,10,0
99792011,pv|pv|pv|pv|pv,0.0,2,1,9,0
99795650,pv|pv|pv|pv|pv,15.0,37,38,39,0
99796192,pv|pv|pv|pv|pv,0.0,2,64,7,1
99796276,pv|pv|pv|pv|pv,0.0,4,35,24,1
99851929,pv|pv|pv|pv|pv,0.0,1,3,2,1
99856680,pv|pv|pv|pv|pv,0.0,69,0,3,0
99877834,pv|pv|pv|pv|pv,0.0,0,3,8,1
99891846,cart|pv|pv|pv|buy,15.0,1,9,6,0
99900937,pv|pv|pv|pv|pv,360.0,0,46,20,1
99926967,pv|pv|pv|pv|pv,270.0,54,2,9,1
99960313,pv|pv|pv|pv|pv,0.0,6,11,6,1
99963140,pv|pv|pv|pv|pv,15.0,0,9,11,0
99968428,pv|pv|pv|pv|pv,330.0,0,53,15,1
99989881,pv|pv|pv|pv|pv,0.0,8,1,12,0
100001878,pv|pv|pv|cart|cart,0.0,0,149,24,1
100011562,pv|pv|pv|pv|pv,15.0,2,5,3,0
100012968,pv|pv|pv|pv|pv,45.0,0,2,11,0
100014060,pv|pv|pv|pv|pv,0.0,2,35,16,1
100024529,pv|pv|pv|pv|pv,120.0,0,60,17,1
100027681,pv|pv|pv|pv|pv,0.0,14,20,20,1
100035725,pv|pv|pv|pv|pv,0.0,0,13,2,0
100039408,pv|pv|pv|pv|pv,390.0,0,1,1,0
100042340,pv|pv|pv|pv|pv,0.0,0,14,3,0
100067745,pv|pv|pv|pv|pv,90.0,4,18,8,1
100078685,pv|pv|pv|pv|cart,0.0,0,52,14,1
100086267,pv|pv|pv|pv|pv,0.0,3,102,30,1
100090063,pv|pv|pv|pv|pv,15.0,1,0,4,0
100097997,pv|pv|pv|pv|pv,0.0,0,43,8,0
100109755,pv|pv|pv|pv|pv,0.0,24,5,15,1
100111500,pv|pv|pv|pv|pv,15.0,0,6,1,1
100112744,pv|pv|pv|pv|pv,0.0,15,6,6,0
100121842,pv|pv|pv|pv|pv,0.0,1,12,7,1
100127501,pv|pv|pv,0.0,0,0,0,0
100128093,pv|pv|pv|pv|pv,375.0,0,0,7,0
100154665,pv|pv|pv|pv|pv,0.0,0,1,1,0
100159569,pv|pv|pv|pv|pv,0.0,2,37,14,1
100185291,pv|buy|pv|pv|pv,0.0,129,2,9,0
100192152,cart|cart|pv|pv|pv,0.0,1,32,5,1
100211157,pv|pv|pv|pv|pv,0.0,21,1,3,0
100230080,pv|pv|pv|pv|pv,300.0,2,1,2,1
100231383,pv|pv|pv|pv|pv,0.0,3,29,5,0
100234220,pv|pv|pv|pv|pv,120.0,1,10,5,0
100267644,pv|pv|pv|pv|pv,0.0,0,41,10,1
100273837,pv|pv|pv|pv|pv,0.0,2,4,8,1
100279459,pv|pv|fav|pv|pv,75.0,87,30,22,1
100288957,pv|pv|pv|pv|pv,0.0,90,54,24,1
100310156,pv|pv|pv|pv|pv,0.0,0,4,1,0
100326985,pv|pv|pv|pv|pv,0.0,6,92,7,0
100341858,pv|pv|pv|pv|pv,645.0,0,1,0,0
100354400,pv|pv|pv|pv|pv,120.0,0,0,0,0
100366139,buy|buy|cart|buy|cart,0.0,0,46,9,1
100385360,pv|pv|pv|cart|buy,15.0,4,2,4,1
100397503,pv|pv|pv|pv|pv,0.0,3,99,31,1
100415080,pv|pv|pv|pv|pv,285.0,1,34,11,1
100459462,pv|pv|pv|pv|pv,705.0,4,1,4,0
100462790,pv|pv|pv|pv|pv,0.0,11,12,0,1
100497308,pv|pv|pv|cart|pv,0.0,1,12,6,1
100509623,pv|pv|pv|pv|pv,0.0,0,88,19,1
100517846,pv|pv|pv|pv|pv,1140.0,0,1,1,0
100522480,pv|pv|pv|pv|pv,15.0,0,0,1,0
100530696,pv|pv|pv|pv|pv,120.0,0,17,1,1
100559064,pv|pv|pv|pv|pv,225.0,2,3,6,1
100570607,pv|pv|pv|pv|pv,510.0,0,0,7,0
100605176,pv|pv|pv|pv|buy,840.0,1,6,6,1
100617828,pv|pv|pv|pv|pv,0.0,71,19,22,1
100625191,pv|pv|pv|cart|pv,0.0,25,9,5,1
100628422,pv|pv|pv|pv|pv,0.0,0,0,2,0
100632766,pv|pv|pv|pv|pv,165.0,57,3,7,0
100633536,pv|pv|pv|pv|pv,0.0,20,2,1,1
100637858,pv|pv|pv|pv|fav,0.0,99,38,24,1
100644641,pv|fav|pv|pv|pv,405.0,12,2,11,0
100650188,pv|pv|pv|pv|pv,30.0,1,16,3,0
100674178,pv|pv|pv|cart|pv,270.0,0,5,4,0
100684618,pv|pv|pv|pv|pv,0.0,7,15,24,0
100690180,pv|pv|pv|pv|pv,600.0,21,10,0,0
100692079,pv|pv|pv|pv|pv,0.0,2,0,0,0
100701928,pv|pv|pv|pv|pv,0.0,1,48,4,0
100737108,cart|pv|pv|pv|cart,120.0,2,38,6,1
100742887,pv|pv|pv|cart|buy,0.0,29,45,22,1
100745953,pv|pv|pv|pv|pv,0.0,0,0,1,0
100753537,pv|pv|pv|pv|pv,0.0,2,7,8,0
100757305,pv|pv|pv|pv|pv,0.0,12,3,3,1
100772562,pv|pv|pv|pv|pv,0.0,10,4,7,0
100816273,buy|cart|pv|pv|cart,0.0,6,313,84,1
100817523,pv|pv|pv|pv|pv,0.0,26,12,6,1
100833741,pv|pv|pv|pv|pv,0.0,2,2,1,0
100839116,pv|pv|pv|pv|pv,0.0,0,0,0,0
100853561,pv|cart|pv|pv|buy,0.0,0,154,14,1
100854241,pv|pv|pv|cart|pv,0.0,1,6,5,0
100862503,pv|pv|pv|pv|pv,0.0,1,4,13,1
100870297,pv|pv|pv|pv|cart,0.0,0,25,16,1
100871846,pv|pv|pv|pv|pv,0.0,24,85,19,1
100874047,pv|pv|pv|pv|pv,105.0,2,7,9,1
100875707,pv|pv|pv|pv|pv,0.0,1,87,7,0
100876687,pv|pv|pv|pv|pv,150.0,58,3,7,0
100896290,pv|pv|pv|pv|pv,705.0,0,1,13,0
100915219,pv|pv|pv|pv|fav,0.0,1,0,1,0
100917596,pv|pv|pv|pv|pv,165.0,0,94,18,1
100917601,pv|pv|pv|pv|pv,165.0,0,4,2,0
100929958,pv|pv|pv|pv|pv,0.0,173,88,24,1
100946724,pv|pv|pv|pv|pv,0.0,2,0,0,0
100955055,pv|pv|pv|pv|pv,0.0,0,7,0,0
100968525,pv|pv|pv|pv|pv,90.0,0,48,9,1
101010836,pv|pv|pv|pv|pv,0.0,0,4,3,0
101016413,pv|pv|pv|pv|pv,0.0,0,2,3,0
101034576,pv|pv|pv|pv|pv,0.0,0,0,0,0
101050024,pv|pv|pv|pv|pv,555.0,4,4,10,0
101061002,pv|pv|pv|pv|pv,0.0,62,37,35,1
101120745,pv|pv|cart|pv|pv,0.0,306,25,7,0
101122114,pv|pv|pv|pv|pv,15.0,25,17,5,1
101145301,pv|pv|pv|pv|cart,0.0,0,10,0,0
101150402,pv|pv|pv|pv|pv,0.0,75,25,11,1
101190507,pv|pv|pv|pv|pv,45.0,1,61,11,1
101236357,pv|pv|pv|pv|pv,1905.0,0,0,0,0
101250285,pv|pv|fav|pv|pv,0.0,30,38,13,1
101256206,buy|cart|buy|buy|buy,0.0,3,143,25,1
101256818,pv|pv|pv|pv|pv,0.0,122,59,16,1
101257188,pv|pv|pv|pv|pv,0.0,34,12,10,1
101260672,pv|pv|pv|pv|pv,285.0,0,3,2,0
101287551,pv|pv|pv|pv|pv,0.0,50,26,5,1
101304117,pv|pv|cart|pv|pv,180.0,9,46,18,1
101305944,pv|pv|pv|pv|pv,30.0,38,1,9,1
101310254,pv|pv|pv|pv|pv,870.0,0,11,2,0
101359759,pv|pv|pv|pv|pv,0.0,0,4,0,0
101361390,pv|pv|pv|pv|pv,0.0,29,0,6,0
101385972,pv|pv|pv|pv|pv,15.0,1,9,0,0
101388354,pv|pv|pv|pv|pv,0.0,0,7,0,0
101392927,pv|pv|pv|pv|pv,60.0,1,14,1,0
101403291,pv|pv|pv|pv|pv,0.0,3,6,6,1
101406137,pv|pv|pv|pv|pv,0.0,0,12,5,0
101429765,pv|pv|pv|pv|pv,30.0,0,30,0,0
101435898,pv|pv|pv|pv|pv,0.0,342,10,10,0
101437780,pv|pv|pv|pv|pv,0.0,2,15,7,1
101449182,pv|pv|pv|pv|pv,360.0,0,13,3,0
101456770,pv|pv|pv|pv|pv,0.0,9,37,15,1
101461439,pv|pv|pv|pv|pv,0.0,0,76,33,1
101466976,pv|pv|pv|pv|pv,0.0,17,60,18,1
101503683,pv|pv|pv|pv|pv,0.0,1,0,2,0
101504942,pv|pv|pv|pv|pv,0.0,0,9,3,0
101508404,pv|pv|pv|pv|pv,0.0,76,118,8,1
101511260,pv|pv|pv|pv|pv,900.0,0,2,19,0
101532356,pv|pv|pv|pv|pv,0.0,89,9,18,1
101534361,pv|pv|pv|pv|pv,0.0,40,10,12,0
101538639,pv|pv|pv|pv|pv,0.0,12,3,2,0
101560598,pv|pv|pv|pv|pv,0.0,1,21,10,0
101570549,pv|pv|pv|pv|pv,0.0,78,32,4,0
101601722,pv|pv|pv|pv|buy,255.0,16,16,12,1
101615370,pv|pv|pv|pv|pv,0.0,0,4,0,1
101626587,pv|pv|pv|pv|pv,15.0,0,0,0,0
101664376,pv|pv|cart|pv|pv,0.0,10,86,28,1
101682609,cart|pv|pv|pv|pv,0.0,11,17,9,1
101685919,pv|pv|pv|pv|pv,330.0,1,2,4,1
101689479,pv|pv|pv|pv|pv,0.0,3,19,8,0
101698393,pv|pv|pv|pv|pv,0.0,0,140,9,1
101708064,pv|pv|pv|pv|pv,15.0,1,36,11,1
101719830,pv|pv|pv|pv|pv,0.0,0,3,1,0
101734993,pv|pv|pv|pv|pv,165.0,0,93,13,0
101748138,pv|pv|pv|pv|pv,0.0,0,296,22,1
101777748,pv|pv|fav|pv|pv,225.0,14,5,2,0
101778477,pv|pv|pv|pv|pv,0.0,6,18,8,1
101781721,pv|pv|pv|pv|pv,315.0,1,7,3,1
101791582,pv|fav|pv|pv|fav,0.0,104,0,0,0
101798575,pv|pv|pv|pv|pv,0.0,0,0,1,0
101828235,pv|pv|pv|pv|pv,15.0,2,62,15,1
101828853,pv|pv|pv|pv|pv,0.0,0,27,3,0
101833065,pv|pv|pv|pv|pv,0.0,0,0,1,0
101854346,pv|pv|buy|pv|pv,0.0,0,7,7,0
101857968,pv|pv|pv|pv|pv,0.0,11,7,11,1
101884100,pv|pv|pv|pv|pv,120.0,0,3,0,0
101898979,pv|pv|pv|cart|pv,0.0,0,45,7,1
101899044,pv|pv|pv|pv|pv,0.0,0,17,9,1
101903161,pv|pv|pv|pv|pv,15.0,91,26,13,1
101910216,pv|pv|pv|pv|pv,0.0,16,6,4,1
101970196,pv|pv|pv|buy|pv,270.0,1,5,1,0
102011432,pv|pv|pv|pv|pv,165.0,26,45,9,0
102014015,pv|pv|pv|cart|pv,0.0,0,29,32,1
102028300,pv|pv|pv|pv|pv,195.0,80,1,14,0
102033461,buy|pv|pv|pv|pv,0.0,22,79,24,1
102033644,pv|pv|buy|pv|pv,0.0,0,0,5,0
102036262,pv|pv|pv|pv|pv,0.0,0,15,1,1
102036949,pv|pv|pv|pv|pv,2205.0,0,0,0,0
102042828,pv|pv|pv|pv|pv,0.0,1,69,31,1
102049484,pv|pv|pv|pv|pv,0.0,0,5,3,0
102050588,pv|cart|pv|pv|pv,0.0,0,23,4,1
102057111,pv|pv|pv|pv|pv,135.0,6,4,14,1
102064914,pv|pv|pv|pv|pv,0.0,32,89,35,1
102079739,pv|buy|pv|pv|pv,15.0,0,130,19,0
102113778,pv|pv|pv|pv|pv,825.0,0,0,0,0
102139569,pv|pv|pv|pv|pv,195.0,0,5,10,0
102157365,pv|cart|pv|pv|pv,0.0,2,5,3,0
102167269,pv|pv|pv|pv|pv,0.0,2,67,2,1
102168278,pv|cart|pv|pv|pv,0.0,0,10,2,1
102178411,pv|pv|pv|pv|pv,345.0,2,0,5,0
102243707,pv|pv|pv|pv|pv,0.0,0,0,0,0
102244291,pv|pv|pv|pv|pv,0.0,17,28,12,0
102281568,pv|pv|pv|pv|pv,0.0,146,150,4,0
102303177,pv|pv|pv|pv|pv,105.0,0,82,4,0
102339954,pv|pv|pv|pv|pv,0.0,0,9,1,0
102350790,pv|pv|pv|pv|pv,0.0,136,33,17,1
102366872,pv|pv|pv|pv|pv,0.0,0,14,11,1
102404735,pv|pv|pv|pv|pv,120.0,13,2,2,1
102414182,pv|pv|pv|pv|pv,3540.0,0,0,0,0
102417042,pv|pv|pv|pv|pv,0.0,5,17,7,1
102418389,pv|pv|pv|pv|pv,0.0,66,15,8,1
102429532,pv|pv|pv|pv|pv,0.0,14,8,1,0
102434210,pv|pv|pv|pv|pv,0.0,11,1,1,0
102442034,pv|pv|pv|pv|pv,120.0,0,1,2,0
102456563,pv|pv|pv|pv|pv,105.0,14,1,2,0
102477155,pv|pv|pv|pv|pv,0.0,63,6,9,1
102499292,pv|pv|pv|pv|pv,975.0,2,13,1,1
102550958,pv|pv|pv|pv|pv,0.0,1,13,6,1
102557821,pv|pv|pv|pv|pv,0.0,1,10,2,0
102608728,pv|pv|pv|pv|pv,0.0,0,4,0,0
102629009,pv|pv|pv|pv|pv,30.0,4,68,16,1
102649446,pv|pv|pv|pv|pv,0.0,1,3,0,0
102663288,pv|pv|pv|pv|pv,0.0,22,202,23,1
102689410,fav|pv|pv|fav|pv,0.0,76,9,8,1
102690418,pv|pv|pv|pv|pv,0.0,0,2,0,1
102712222,pv|pv|pv|pv|pv,0.0,0,57,28,1
102727427,pv|pv|pv|pv|cart,0.0,30,19,15,1
102758797,pv|pv|pv|pv|pv,0.0,1,63,5,1
102767670,pv|pv|pv|pv|buy,30.0,0,2,1,0
102814676,pv|pv|pv|pv|pv,390.0,1,0,2,0
102825286,pv|pv|pv|pv|pv,0.0,107,163,80,1
102825414,pv|pv|pv|pv|pv,0.0,0,0,2,0
102827853,pv|pv|pv|pv|pv,0.0,2,141,18,1
102833698,buy|pv|pv|pv|pv,1440.0,0,0,3,0
102868553,pv|pv|pv|pv|pv,0.0,0,0,0,0
102881474,pv|pv|pv|pv|pv,270.0,0,1,1,0
102897084,pv|pv|pv|pv|pv,1005.0,0,4,1,1
102923008,pv|pv|pv|pv|pv,45.0,103,0,0,0
102927615,pv|pv|pv|pv|pv,30.0,0,12,1,1
102929664,pv|pv|pv|pv|pv,0.0,0,3,1,1
102930156,pv|pv|pv|pv|pv,0.0,6,93,17,1
102943049,cart|pv|pv|pv|pv,15.0,0,0,0,0
102946950,pv|pv|pv|pv|pv,15.0,6,34,3,1
102974755,buy|pv|pv|pv|pv,0.0,5,91,22,1
102996286,pv|pv|pv|pv|pv,0.0,119,2,17,1
102999986,pv|pv|pv|pv|pv,0.0,0,18,12,1
103036341,pv|pv|pv|pv|pv,0.0,0,4,0,0
103038630,pv|pv|pv|pv|pv,15.0,1,0,5,0
103039905,pv|pv|pv|pv|pv,1890.0,1,1,9,1
103065950,pv|pv|pv|pv|pv,0.0,12,0,4,0
103089749,pv|pv|pv|pv|pv,345.0,1,3,0,0
103090935,pv|pv|pv|pv|pv,0.0,24,9,13,0
103094356,pv|pv|pv|pv|pv,1320.0,0,1,0,0
103100649,buy|pv|pv|pv|pv,645.0,0,0,0,0
103133076,pv|pv|cart|pv|pv,0.0,1,80,14,1
103134579,pv|pv|pv|pv|pv,555.0,0,63,14,1
103141994,pv|pv|pv|pv|pv,0.0,0,14,8,0
103149203,pv|pv|pv|pv|pv,0.0,2,50,13,1
103174200,pv|pv|pv|pv|pv,195.0,0,1,2,0
103195078,pv|pv|pv|pv|pv,195.0,1,0,1,0
103254376,pv|pv|pv|pv|pv,0.0,3,12,6,0
103267275,pv|pv|pv|pv|pv,0.0,8,0,0,0
103274179,pv|pv|pv|pv|pv,15.0,45,23,9,1
103275202,pv|pv|pv|pv|pv,120.0,72,0,4,0
103291357,pv|pv|pv|pv|pv,0.0,0,22,0,0
103318450,pv|pv|pv|pv|pv,0.0,5,3,6,0
103325972,pv|pv|pv|pv|pv,15.0,0,29,10,0
103331903,pv|pv|pv|pv|pv,60.0,1,17,7,1
103332966,pv|pv|pv|pv|pv,0.0,0,5,4,0
103336492,pv|pv|pv|pv|pv,0.0,0,19,9,0
103370538,pv|pv|pv|pv|pv,60.0,12,21,7,1
103377341,pv|pv|pv|pv|pv,0.0,0,10,3,1
103412418,pv|pv|pv|pv|pv,0.0,69,12,10,0
103421620,pv|pv|fav|fav|fav,0.0,8,4,4,0
103439105,pv|pv|pv|pv|pv,0.0,146,84,10,1
103447009,pv|pv|pv|pv|pv,975.0,1,15,11,1
103472750,buy|pv|pv|pv|pv,15.0,2,236,14,0
103486499,pv|cart|pv|pv|pv,0.0,0,47,8,1
103489606,pv|pv|pv|pv|pv,0.0,2,37,7,0
103498808,cart|pv|pv|pv|pv,1080.0,1,28,12,1
103499403,pv|pv|pv|pv|pv,0.0,29,13,13,1
103504610,pv|pv|pv|pv|pv,0.0,123,44,8,0
103523811,pv|pv|pv|pv|pv,60.0,4,11,3,1
103548522,pv|pv|pv|pv|buy,15.0,11,11,7,0
103582986,pv|pv|cart|pv|pv,0.0,0,98,7,1
103585097,pv|pv|pv|pv|pv,0.0,4,18,6,1
103592049,pv|pv|pv|pv|pv,0.0,0,3,1,0
103595250,pv|pv|pv|pv|pv,0.0,3,25,8,1
103600156,pv|pv|pv|pv|pv,0.0,0,28,14,1
103606020,pv|pv|pv|pv|pv,360.0,1,28,14,1
103606138,pv|pv|pv|pv|pv,0.0,4,2,1,0
103610059,pv|pv|pv|pv|pv,0.0,2,111,20,1
103633934,pv|pv|pv|pv|pv,0.0,60,3,24,0
103636959,pv|pv|pv|pv|pv,1215.0,0,3,1,0
103653287,pv|pv|pv|pv|pv,210.0,0,0,1,0
103664180,pv|pv|pv|pv|pv,0.0,0,2,3,0
103673316,pv|pv|pv|pv|pv,15.0,72,4,8,1
103696022,cart|buy|pv|pv|pv,0.0,8,5,1,1
103704577,pv|pv|pv|pv|pv,0.0,0,33,5,1
103728744,pv|pv|pv|pv|pv,0.0,50,35,7,1
103750164,pv|cart|pv|pv|pv,0.0,0,46,9,1
103767458,pv|pv|pv|pv|pv,0.0,260,87,29,1
103781365,pv|pv|pv|pv|pv,0.0,3,222,9,1
103802946,pv|pv|pv|pv|pv,15.0,24,2,3,1
103812524,fav|pv|pv|pv|pv,90.0,1,97,17,1
103842377,pv|pv|pv|pv|pv,0.0,35,27,5,0
103856044,pv|pv|pv|pv|pv,0.0,0,1,2,0
103871858,pv|pv|pv|pv|pv,0.0,5,8,18,1
103891828,pv|pv|pv|pv|pv,0.0,0,92,17,1
103898055,pv|pv|pv|pv|pv,45.0,0,0,10,0
103929468,pv|pv|pv|pv|pv,630.0,0,0,2,0
103936681,pv|pv|pv|pv|pv,0.0,21,4,1,1
103947735,pv|pv|pv|pv|pv,0.0,0,21,7,1
103962421,pv|pv|pv|pv|pv,0.0,17,96,39,1
103963543,pv|pv|pv|pv|pv,690.0,0,4,6,0
103969154,pv|pv|cart|pv|pv,0.0,1,29,9,1
103980016,pv|pv|pv|pv|pv,0.0,29,3,10,0
103982848,pv|fav|pv|fav|pv,0.0,181,1,0,0
104003037,pv|pv|pv|pv|pv,0.0,34,25,8,1
104007279,pv|pv|pv|pv|pv,0.0,9,3,8,0
104014368,pv|pv|pv|pv|pv,135.0,0,12,5,1
104016986,pv|pv|pv|pv|pv,0.0,0,3,4,0
104084848,pv|pv|pv|pv|pv,0.0,28,30,40,1
104091023,pv|pv|pv|pv|pv,0.0,65,8,11,1
104103891,pv|pv|pv|pv|pv,0.0,0,0,0,0
104117045,pv|pv|pv|pv|pv,15.0,2,1,3,0
104135842,pv|pv|pv|pv|pv,0.0,25,49,23,1
104139699,pv|pv|pv|pv|pv,60.0,17,51,14,1
104143619,pv|pv|cart|pv|pv,0.0,3,49,6,0
104164603,pv|pv|pv|pv|pv,0.0,32,21,15,1
104174972,pv|pv|pv|pv|cart,30.0,2,7,4,0
104191148,pv|pv|pv|pv|pv,0.0,16,3,6,1
104200605,pv|pv|pv|fav|pv,0.0,5,3,6,1
104221274,pv|pv|pv|pv|pv,15.0,41,8,9,1
104226556,pv|pv|pv|pv|pv,0.0,0,0,2,0
104229897,pv|pv|pv|pv|pv,0.0,0,0,0,0
104250260,pv|pv|pv|pv|pv,270.0,1,54,3,0
104267191,pv|pv|pv|pv|pv,0.0,0,1,0,0
104298835,pv|pv|pv|pv|pv,0.0,1,15,9,1
104321764,pv|pv|pv|pv|pv,0.0,0,7,2,0
104342607,pv|pv|pv|pv|pv,0.0,1,15,2,1
104356019,pv|pv|pv|pv|pv,0.0,0,5,3,0
104394218,pv|pv|pv|pv|pv,45.0,0,2,1,0
104411157,pv|pv|pv|pv|pv,0.0,0,1,2,0
104427635,pv|pv|pv|pv|pv,0.0,0,0,0,0
104456945,pv|pv|pv|pv|pv,0.0,2,2,0,0
104468262,pv|pv|pv|pv|pv,1155.0,1,3,3,1
104479798,pv|pv|pv|pv|pv,180.0,1,2,9,0
104533434,pv|pv|pv|pv|pv,0.0,0,11,3,1
104541497,pv|pv|pv|pv|pv,0.0,6,17,11,1
104551817,pv|pv|pv|pv|pv,0.0,1,10,5,1
104569658,pv|fav|pv|pv|pv,0.0,209,3,24,1
104587852,pv|pv|pv|pv|pv,0.0,77,18,7,0
104597620,pv|pv|pv|pv|pv,285.0,0,55,25,1
104611414,pv|pv|pv|buy|cart,0.0,1,7,3,1
104613070,pv|pv|pv|pv|pv,165.0,12,16,7,0
104635996,pv|pv|fav|pv|pv,330.0,49,17,8,1
104639948,pv|pv|pv|pv|pv,1440.0,0,3,1,0
104641941,pv|pv|pv|pv|pv,30.0,1,29,6,1
104664128,pv|pv|pv|pv|pv,480.0,21,4,3,0
104683710,pv|fav|pv|pv|pv,0.0,61,8,11,1
104688634,pv|pv|pv|pv|pv,0.0,11,5,2,0
104728454,pv|pv|pv|pv|pv,4620.0,0,0,1,0
104732482,pv|pv|cart|pv|pv,0.0,24,70,16,1
104735935,pv|pv|pv|pv|pv,0.0,47,148,15,1
104775475,pv|pv|pv|pv|pv,0.0,8,28,7,0
104777513,pv|pv|pv|pv|pv,0.0,0,66,36,1
104790588,pv|pv|pv|pv|pv,0.0,0,9,4,0
104792616,pv|pv|cart|cart|fav,15.0,53,37,5,1
104794506,pv|pv|pv|pv|pv,0.0,0,0,1,0
104797997,fav|pv|pv|pv|pv,0.0,42,15,3,1
104800287,pv|pv|pv|pv|pv,0.0,1,0,6,0
104804964,pv|pv|pv|pv|pv,0.0,0,20,3,1
104811265,pv|pv|pv|buy|pv,15.0,6,2,9,0
104815377,pv|pv|pv|pv|pv,0.0,21,2,2,0
104816721,pv|pv|pv|pv|pv,0.0,6,33,10,1
104842277,pv|pv|pv|pv|pv,0.0,0,40,2,1
104849552,pv|pv|pv|pv|pv,0.0,1,45,6,0
104859881,pv|pv|pv|pv|pv,0.0,4,0,1,0
104884471,pv|pv|pv|pv|pv,1365.0,3,16,8,1
104937626,pv|cart|pv|pv|pv,0.0,5,52,3,1
104939761,pv|pv|pv|pv|pv,0.0,6,0,3,0
104976623,pv|pv|pv|pv|pv,0.0,0,0,0,0
104994810,pv|pv|pv|pv|pv,0.0,0,47,26,1
104996018,pv|pv|pv|pv|pv,690.0,0,0,0,0
104997704,cart|pv|pv|pv|pv,0.0,0,7,2,1
105006722,pv|pv|pv|pv|pv,15.0,0,0,3,0
105019487,pv|cart|buy|pv|pv,0.0,0,14,12,1
105026849,pv|pv|pv|pv|pv,0.0,1,65,32,1
105038469,fav|pv|pv|pv|pv,0.0,19,2,5,1
105069110,fav|pv|pv|pv|pv,0.0,97,13,10,1
105089571,pv|pv|pv|pv|pv,0.0,26,10,7,1
105105740,pv|pv|pv|pv|pv,0.0,8,45,9,1
105181025,pv|pv|pv|pv|pv,0.0,23,0,0,0
105190158,pv|pv|pv|pv|pv,15.0,0,57,9,1
105256165,pv|pv|pv|pv|pv,0.0,1,4,6,1
105271091,pv|pv|pv|pv|buy,30.0,2,6,12,0
105278727,pv|pv|pv|pv|pv,0.0,30,11,8,0
105288851,pv|pv|pv|pv|pv,135.0,11,31,18,1
105309216,pv|pv|pv|pv|pv,0.0,12,17,5,1
105310641,pv|pv|cart|pv|pv,0.0,0,35,8,1
105313845,pv|pv|pv|pv|pv,30.0,0,94,27,1
105346865,pv|pv|pv|pv|buy,60.0,49,1,37,0
105397406,cart|pv|pv|pv|pv,0.0,52,138,3,1
105417760,pv|pv|pv|pv|pv,255.0,1,15,3,0
105419801,pv|pv|pv|fav|fav,15.0,108,6,13,0
105424913,pv|pv|pv|pv|pv,0.0,1,6,2,1
105425480,pv|pv|pv|pv|pv,15.0,56,22,3,1
105454547,buy|pv|pv|pv|pv,225.0,1,34,18,1
105460457,pv|pv|pv|pv|pv,75.0,127,0,11,0
105485068,pv|pv|pv|pv|pv,15.0,1,117,14,1
105548494,pv|pv|pv|pv|pv,195.0,0,12,6,0
105556357,pv|pv|pv|pv|pv,300.0,29,0,3,1
105591337,pv|pv|buy|pv|pv,0.0,2,2,8,0
105591402,pv|pv|pv|pv|pv,0.0,0,28,6,1
105601174,pv|pv|pv|pv|pv,0.0,0,3,2,0
105603256,pv|pv|pv|pv|pv,30.0,0,6,2,1
105616401,pv|pv|pv|pv|pv,0.0,128,138,28,1
105617429,pv|pv|pv|pv|pv,15.0,2,6,13,1
105627255,buy|pv|pv|pv|pv,720.0,0,1,1,0
105630599,pv|pv|pv|pv|pv,30.0,0,0,1,0
105632814,pv|pv|pv|pv|pv,0.0,0,10,2,1
105632849,pv|pv|pv|pv|pv,0.0,1,7,4,0
105638508,pv|pv|buy|buy|pv,135.0,5,22,9,0
105684766,pv|pv|pv|pv|pv,15.0,2,17,5,0
105696350,pv|pv|pv|pv|pv,0.0,3,0,0,0
105724574,pv|pv|pv|pv|pv,3075.0,0,0,0,0
105732108,cart|pv|pv|pv|pv,0.0,0,30,8,1
105744471,pv|pv|pv|pv|pv,0.0,2,155,28,1
105766349,pv|pv|pv|pv|pv,0.0,0,0,5,0
105767363,pv|pv|pv|pv|pv,0.0,0,3,2,0
105770829,pv|pv|pv|pv|pv,15.0,0,0,2,0
105788199,pv|fav|pv|pv|pv,0.0,18,20,5,0
105805037,pv|pv|pv|pv|pv,30.0,3,57,4,0
105825066,pv|pv|pv|pv|pv,0.0,0,0,3,0
105825623,pv|pv|pv|pv|pv,2520.0,0,1,1,0
105835220,pv|pv|pv|pv|pv,0.0,0,9,5,1
105836892,pv|pv|pv|pv|pv,15.0,10,19,2,0
105837655,pv|pv|pv|pv|pv,0.0,2,21,13,1
105863986,pv|pv|pv|pv|pv,0.0,0,77,13,1
105870926,pv|pv|pv|pv|pv,0.0,0,0,2,0
105871343,pv|pv|pv|pv|pv,45.0,29,27,10,1
105875466,pv|pv|pv|pv|pv,0.0,62,28,5,0
105887770,pv|pv|cart|pv|pv,0.0,6,100,25,1
105913380,pv|pv|pv|pv|pv,0.0,0,0,2,0
105919960,pv|pv|pv|pv|pv,0.0,1,123,9,1
105923210,pv|pv|pv|pv|pv,0.0,0,0,0,0
105969268,pv|pv|pv|pv|pv,0.0,0,10,2,0
106021995,pv|pv|pv|pv|pv,0.0,0,5,4,1
106025785,pv|pv|pv|pv|pv,0.0,2,20,3,1
106029601,pv|pv|pv|pv|pv,105.0,2,1,2,0
106053650,pv|pv|pv|pv|pv,0.0,0,26,4,1
106058919,pv|cart|pv|pv|pv,0.0,2,20,4,1
106083110,fav|pv|pv|pv|pv,0.0,1,13,6,0
106090167,fav|pv|pv|pv|fav,0.0,119,79,13,1
106108402,pv|pv|pv|pv|pv,15.0,10,2,3,0
106109243,fav|pv|pv|pv|pv,120.0,26,1,4,0
106145444,pv|pv|pv|pv|pv,0.0,0,45,4,1
106175697,pv|pv|pv|pv|pv,0.0,9,1,5,1
106198386,pv|pv|pv|pv|pv,180.0,0,11,3,0
106230218,pv|pv|pv|pv|pv,0.0,7,0,5,1
106281403,pv|pv|pv|pv|pv,75.0,3,5,4,0
106286487,pv|pv|pv|pv|pv,0.0,0,6,5,0
106291812,pv|pv|pv|fav|pv,0.0,1,0,1,0
106292982,pv|pv|pv|pv|pv,570.0,38,3,0,0
106295017,pv|pv|pv|pv|pv,0.0,37,0,0,0
106300508,pv|pv|pv|pv|pv,0.0,1,109,0,0
106316627,pv|pv|pv|pv|pv,0.0,3,0,0,0
106320112,pv|pv|pv|pv|cart,0.0,40,67,22,1
106335674,pv|pv|pv|pv|pv,0.0,1,8,19,0
106341626,pv|pv|pv|pv|pv,0.0,0,30,6,1
106342906,pv|pv|pv|buy|pv,0.0,15,202,27,1
106349878,pv|pv|pv|pv|pv,375.0,0,0,3,0
106383829,pv|pv|pv|pv|pv,0.0,0,1,3,0
106397319,pv|pv|pv|pv|pv,0.0,21,18,5,1
106416249,pv|pv|pv|pv|pv,75.0,12,163,27,1
106422256,pv|pv|pv|pv|pv,0.0,36,30,8,1
106452871,pv|pv|pv|pv|pv,315.0,3,6,5,1
106457937,pv|pv|pv|pv|pv,1170.0,1,38,2,1
106469828,pv|pv|pv|pv|pv,585.0,3,80,13,1
106498387,pv|pv|pv|pv|pv,0.0,1,323,29,1
106547164,pv|pv|pv|pv|pv,0.0,3,1,4,0
106551398,pv|pv|pv|pv|pv,0.0,0,9,3,1
106557109,pv|pv|pv|pv|pv,0.0,0,42,7,0
106573767,pv|pv|pv|pv|pv,0.0,0,7,2,1
106586433,pv|pv|pv|pv|pv,0.0,0,0,5,0
106605165,pv|pv|pv|pv|pv,1005.0,0,19,0,0
106627467,pv|pv|pv|pv|pv,15.0,2,35,5,1
106634442,pv|pv|pv|pv|pv,0.0,35,8,18,1
106640087,pv|pv|pv|pv|pv,15.0,2,8,2,0
106645011,pv|pv|pv|pv|pv,0.0,23,30,12,0
106672791,pv|pv|pv|pv|pv,0.0,0,11,7,0
106679589,pv|pv|pv|pv|pv,0.0,1,9,7,0
106726676,pv|pv|pv|pv|pv,0.0,4,0,0,0
106747333,pv|pv|pv|pv|pv,0.0,0,14,4,0
106753864,pv|pv|pv|pv|cart,0.0,0,8,2,1
106783624,pv|pv|pv|pv|pv,0.0,11,160,27,1
106786729,pv|pv|pv|pv|pv,375.0,0,2,0,0
106815559,pv|pv|pv|pv|pv,0.0,0,166,12,1
106821106,pv|pv|pv|pv|pv,825.0,0,2,1,0
106834015,pv|pv|pv|pv|pv,0.0,15,3,3,0
106863941,pv|pv|pv|pv|pv,0.0,103,9,3,0
106873777,pv|pv|pv|pv|pv,0.0,1,7,3,1
106896403,pv|pv|pv|pv|pv,0.0,44,8,6,0
106926411,pv|pv|pv|pv|pv,120.0,0,73,18,1
106937011,pv|pv|pv|pv|pv,0.0,1,88,20,1
106946112,pv|pv|pv|pv|pv,0.0,0,0,0,0
106976106,pv|pv|pv|pv|pv,0.0,4,1,7,0
106998000,pv|pv|pv|pv|pv,0.0,1,1,1,0
107034437,pv|pv|pv|pv|pv,0.0,36,20,29,1
107047436,pv|pv|pv|pv|cart,0.0,10,122,8,1
107066825,pv|pv|pv|pv|pv,1050.0,1,1,1,0
107102683,pv|pv|pv|pv|pv,0.0,1,12,3,1
107109917,pv|pv|pv|pv|pv,0.0,10,0,5,1
107113176,cart|pv|pv|pv|pv,0.0,2,33,13,1
107130996,pv|pv|pv|pv|pv,2505.0,0,0,0,0
107174628,pv|pv|pv|pv|pv,0.0,20,0,0,0
107201114,pv|pv|pv|pv|pv,0.0,1,0,0,0
107209058,cart|cart|cart|pv|cart,0.0,91,505,36,1
107223716,pv|pv|pv|pv|pv,0.0,2,55,6,1
107269703,pv|pv|pv|pv|pv,1425.0,10,0,0,0
107272478,pv|buy|pv|pv|pv,1485.0,0,6,1,0
107287661,pv|pv|pv|pv|pv,30.0,10,35,9,1
107296130,pv|pv|pv|pv|pv,0.0,0,0,0,0
107301929,pv|pv|pv|pv|pv,15.0,30,20,14,1
107315106,pv|pv|pv|pv|pv,0.0,0,1,1,0
107318300,pv|pv|pv|pv|pv,0.0,0,1,1,0
107322212,pv|pv|pv|pv|pv,0.0,0,6,1,1
107323711,pv|pv|pv|pv|pv,0.0,7,44,2,0
107324439,pv|pv|pv|pv|fav,0.0,8,6,5,1
107351947,pv|pv|pv|pv|pv,0.0,18,21,6,1
107376041,pv|pv|pv|pv|pv,0.0,1,11,0,0
107376559,pv|pv|pv|pv|pv,0.0,0,77,15,1
107377446,pv|pv|pv|pv|pv,0.0,6,177,17,1
107389711,pv|pv|pv|pv|pv,0.0,1,1,1,0
107391538,pv|pv|pv|pv|pv,15.0,0,9,0,0
107413843,pv|pv|pv|pv|pv,0.0,6,2,8,0
107416583,pv|pv|pv|pv|pv,15.0,0,14,5,1
107452984,pv|pv|pv|pv|pv,0.0,14,38,6,1
107453308,pv|pv|pv|pv|pv,0.0,0,14,3,0
107471039,pv|pv|pv|pv|pv,0.0,32,1,4,0
107471288,pv|pv|pv|pv|pv,0.0,0,0,0,0
107475844,pv|pv|pv|pv|pv,0.0,0,18,1,1
107487112,pv|pv|pv|pv|pv,90.0,0,19,36,0
107552130,pv|pv|pv|pv|pv,0.0,0,26,4,0
107583783,pv|pv|pv|pv|pv,30.0,4,17,15,1
107604892,pv|pv|cart|pv|pv,0.0,1,15,2,1
107621692,pv|pv|pv|pv|fav,345.0,15,33,9,0
107628666,pv|pv|pv|pv|pv,510.0,0,57,17,1
107653308,pv|pv|pv|pv|pv,0.0,7,10,6,0
107680357,pv|pv|pv|pv|pv,0.0,2,20,8,0
107683230,pv|pv|pv|pv|pv,135.0,93,8,7,1
107720462,pv|pv|buy|pv|buy,2175.0,0,0,2,0
107726623,pv|pv|pv|pv|pv,0.0,5,106,18,1
107754808,pv|pv|pv|pv|pv,435.0,3,0,0,0
107756063,pv|pv|pv|pv|pv,0.0,0,1,6,0
107765078,pv|pv|pv|pv|cart,30.0,1,88,17,1
107765105,pv|pv|cart|pv|pv,0.0,0,9,7,0
107787981,pv|pv|buy|pv|pv,3300.0,7,0,1,0
107815602,pv|pv|pv|pv|pv,255.0,0,0,0,0
107824319,pv|pv|pv|pv|pv,0.0,0,2,7,0
107830601,pv|pv|pv|pv|pv,255.0,0,3,3,0
107857272,pv|pv|pv|pv|pv,75.0,8,24,8,0
107859322,pv|pv|pv|pv|pv,45.0,0,21,10,1
107868172,pv|pv|pv|pv|pv,0.0,21,98,11,1
107874169,pv|pv|pv|pv|pv,345.0,28,110,48,1
107882320,pv|pv|pv|pv|cart,0.0,44,57,21,1
107936760,pv|pv|pv|pv|pv,0.0,4,5,8,0
107949449,pv|pv|pv|pv|pv,0.0,0,0,0,0
107952284,pv|pv|pv|pv|pv,0.0,4,58,16,1
107954360,pv|pv|pv|pv|pv,0.0,19,17,9,1
107997857,pv|pv|pv|pv|pv,405.0,0,17,4,1
108039936,pv|pv|pv|pv|pv,0.0,1,53,6,1
108043652,pv|pv|pv|pv|buy,45.0,1,10,1,0
108049747,pv|pv|pv|pv|pv,240.0,3,1,6,0
108051466,pv|pv|pv|pv|pv,225.0,0,5,18,0
108054413,pv|pv|pv|pv|pv,1755.0,0,0,0,0
108070698,pv|pv|pv|pv|pv,0.0,17,69,17,1
108078428,pv|pv|pv|pv|pv,30.0,1,3,0,0
108087298,pv|pv|pv|pv|pv,315.0,31,21,9,0
108100952,pv|pv|pv|pv|pv,0.0,3,0,4,0
108129951,pv|pv|pv|pv|pv,270.0,3,48,3,0
108149624,pv|pv|pv|pv|pv,0.0,38,19,6,1
108154737,pv|pv|pv|pv|pv,0.0,0,44,12,1
108168148,pv|pv|pv|pv|pv,0.0,11,14,10,1
108179658,pv|pv|pv|pv|cart,15.0,0,13,7,0
108212684,pv|pv|pv|pv|pv,0.0,164,48,21,1
108260948,pv|pv|pv|pv|pv,0.0,1,16,10,0
108266017,pv|pv|pv|cart|cart,0.0,8,119,30,1
108287275,pv|pv|pv|pv|pv,90.0,0,13,5,1
108290167,pv|pv|pv|pv|pv,0.0,1,4,0,0
108317810,pv|pv|pv|pv|pv,0.0,0,83,3,0
108331566,pv|pv|pv|pv|buy,345.0,0,2,2,0
108355591,pv|pv|pv|pv|pv,0.0,2,5,3,0
108369002,pv|pv|pv|pv|pv,0.0,41,13,11,0
108371838,pv|pv|pv|pv|pv,435.0,0,6,6,0
108378461,pv|pv|pv|pv|pv,0.0,1,2,3,0
108382766,pv|pv|pv|pv|pv,30.0,0,4,0,0
108404535,pv|pv|pv|pv|pv,0.0,45,11,19,0
108427185,pv|pv|pv|pv|pv,780.0,0,31,6,1
108472858,pv|pv|pv|pv|pv,0.0,0,17,4,0
108473071,pv|pv|pv|pv|pv,60.0,25,5,10,1
108481171,pv|pv|pv|pv|pv,525.0,0,10,3,1
108506795,pv|pv|pv|pv|pv,15.0,0,0,0,0
108511715,buy|pv|pv|pv|pv,870.0,0,0,0,0
108527493,pv|pv|pv|pv|pv,30.0,0,2,4,0
108535249,pv|pv|pv|pv|pv,0.0,1,41,3,0
108546559,pv|cart|pv|buy|pv,15.0,0,26,10,1
108551465,pv|pv|pv|pv|pv,0.0,0,4,9,1
108583520,pv|pv|pv|pv|pv,15.0,4,3,4,1
108611069,pv|pv|pv|pv|pv,0.0,0,0,0,0
108673661,pv|pv|pv|pv|pv,0.0,0,36,7,1
108704609,pv|pv|pv|pv|pv,0.0,12,1,4,0
108712668,pv|pv|fav|pv|pv,165.0,47,12,2,0
108728269,cart|pv|cart|pv|pv,15.0,9,5,7,0
108748058,pv|pv|pv|pv|pv,15.0,0,96,16,1
108750800,pv|pv|pv|pv|pv,330.0,0,11,6,0
108755598,pv|pv|cart|pv|pv,0.0,2,108,13,1
108770715,pv|pv|pv|pv|pv,0.0,4,20,3,1
108784707,pv|pv|pv|pv|pv,0.0,0,0,0,0
108786121,pv|pv|pv|pv|pv,0.0,0,9,6,1
108789051,pv|pv|pv|pv|pv,240.0,45,15,12,1
108797805,cart|pv|pv|pv|pv,0.0,0,13,6,0
108810522,pv|pv|pv|pv|pv,15.0,1,8,23,1
108829095,pv|pv|pv|cart|cart,0.0,22,142,32,1
108846913,pv|pv|pv|cart|pv,0.0,0,78,0,0
108870608,pv|pv|pv|cart|pv,0.0,24,48,4,1
108871998,pv|pv|pv|pv|pv,675.0,0,0,3,0
108879821,cart|pv|pv|pv|pv,75.0,36,48,18,1
108890194,pv|pv|pv|pv|pv,15.0,6,3,3,0
108903035,pv|pv|pv|pv|pv,15.0,1,1,0,0
108903107,pv|pv|pv|pv|pv,0.0,0,25,11,0
108912700,pv|pv|pv|pv|pv,0.0,0,16,16,1
108919322,pv|buy|pv|pv|pv,0.0,1,13,9,0
108945253,pv|pv|pv|pv|pv,0.0,71,17,3,0
108952067,pv|pv|pv|pv|pv,0.0,3,12,5,0
108957791,pv|pv|pv|pv|pv,0.0,2,0,3,0
108969823,pv|pv|pv|pv|pv,15.0,0,1,2,0
108983810,pv|pv|pv|pv|pv,0.0,3,5,1,0
108995680,pv|pv|pv|pv|pv,120.0,2,10,6,1
109003876,pv|pv|pv|pv|pv,315.0,1,39,5,1
109005178,pv|pv|pv|pv|pv,0.0,118,71,43,1
109012414,pv|pv|pv|pv|fav,4290.0,48,1,7,0
109016093,pv|pv|pv|pv|pv,0.0,0,3,1,0
109048285,pv|fav|fav|pv|pv,0.0,47,90,14,1
109056742,pv|pv|pv|pv|pv,0.0,32,7,9,0
109059873,pv|pv|pv|pv|pv,0.0,7,18,20,1
109084676,pv|pv|pv|buy|buy,15.0,31,65,21,1
109097995,pv|buy|pv|pv|pv,0.0,0,99,16,1
109099701,pv|pv|pv|pv|pv,195.0,4,7,1,0
109127316,pv|pv|cart|cart|pv,0.0,0,52,14,1
109128473,pv|pv|pv|pv|pv,75.0,4,3,11,0
109129708,pv|pv|pv|pv|pv,0.0,1,8,8,0
109155337,pv|pv|pv|fav|pv,0.0,146,29,12,1
109179391,pv|pv|pv|pv|pv,0.0,0,23,6,1
109193357,pv|pv|pv|pv|pv,0.0,1,1,4,0
109197587,pv|pv|pv|pv|pv,0.0,0,0,3,0
109202768,pv|pv|pv|pv|pv,180.0,0,5,0,0
109211848,cart|cart|pv|pv|pv,30.0,1,4,0,0
109226434,pv|pv|pv|pv|pv,0.0,77,23,8,0
109255415,pv|pv|pv|pv|pv,1140.0,0,2,0,0
109257851,pv|pv|pv|pv|pv,0.0,1,13,4,1
109258006,pv|pv|pv|pv|pv,0.0,28,64,11,1
109278492,pv|pv|pv|pv|cart,30.0,0,14,0,0
109280382,pv|pv|pv|pv|pv,0.0,118,22,27,1
109327598,pv|pv|pv|pv|pv,930.0,29,5,0,0
109331295,pv|pv|pv|pv|pv,0.0,0,3,1,0
109382445,pv|pv|pv|pv|pv,1410.0,0,0,2,0
109390378,pv|pv|pv|pv|pv,570.0,3,7,1,0
109400391,cart|cart|buy|cart|pv,45.0,0,27,14,1
109410073,pv|pv|pv|pv|buy,0.0,0,2,4,1
109421576,pv|pv|pv|pv|pv,0.0,0,3,1,0
109476189,pv|pv|pv|pv|pv,0.0,0,0,0,0
109476383,pv|pv|pv|pv|pv,630.0,1,16,0,0
109493411,pv|pv|pv|pv|pv,0.0,48,3,0,1
109522308,pv|pv|cart|pv|pv,135.0,9,12,5,1
109522508,pv|pv|pv|pv|pv,0.0,0,13,9,0
109529376,pv|pv|pv|pv|pv,15.0,1,10,2,0
109533593,pv|pv|pv|buy|cart,0.0,0,23,13,0
109548579,pv|pv|pv|pv|pv,0.0,93,16,22,1
109553291,pv|pv|pv|pv|pv,0.0,1,0,6,0
109560964,pv|pv|pv|pv|pv,15.0,16,10,21,1
109562333,pv|pv|pv|pv|pv,390.0,0,4,9,0
109568364,pv|pv|pv|pv|pv,0.0,1,53,2,0
109597580,pv|pv|pv|pv|pv,0.0,3,43,0,1
109597718,pv|pv|pv|pv|pv,0.0,0,9,0,0
109613455,pv|pv|pv|pv|pv,15.0,0,206,30,1
109623749,pv|pv|pv|pv|pv,0.0,0,17,5,0
109639486,pv|pv|pv|pv|pv,0.0,3,9,7,1
109647745,pv|pv|pv|pv|pv,0.0,53,41,18,1
109657854,pv|pv|pv|pv|pv,90.0,0,0,2,0
109662797,pv|pv|pv|pv|cart,0.0,1,55,4,1
109678791,pv|pv|pv|pv|pv,0.0,0,0,3,0
109687773,pv|pv|fav|fav|pv,0.0,197,24,12,1
109689227,pv|pv|pv|pv|pv,0.0,8,13,9,1
109689683,pv|pv|pv|pv|pv,0.0,1,34,36,1
109698871,cart|pv|pv|pv|pv,60.0,54,29,6,1
109705911,pv|pv|pv|pv|pv,30.0,0,40,5,1
109711418,pv|cart|pv|pv|pv,0.0,39,67,7,1
109714912,pv|fav|pv|pv|pv,0.0,46,1,4,1
109716139,pv|pv|pv|pv|pv,0.0,15,0,5,0
109732215,pv|pv|pv|pv|pv,0.0,0,22,9,1
109772113,pv|pv|pv|pv|pv,645.0,8,0,5,0
109793878,pv|pv|pv|pv|pv,180.0,61,0,11,0
109809829,pv|pv|pv|pv|pv,0.0,11,0,0,0
109820331,pv|pv|pv|pv|pv,420.0,1,3,2,1
109823995,pv|pv|pv|pv|pv,15.0,9,8,4,0
109856177,pv|pv|pv|pv|cart,0.0,2,35,6,1
109856189,pv|pv|pv|pv|pv,0.0,12,2,1,1
109859583,pv|pv|pv|pv|pv,0.0,18,15,10,1
109870419,pv|pv|pv|pv|pv,15.0,0,0,1,0
109891166,pv|pv|pv|pv|pv,15.0,0,0,6,0
109893417,pv|pv|pv|pv|pv,0.0,1,250,25,1
109911889,pv|pv|pv|pv|pv,0.0,0,14,12,1
109919014,pv|pv|pv|pv|pv,0.0,0,6,0,0
109921488,pv|pv|cart|pv|pv,0.0,0,47,3,1
109927373,pv|pv|pv|cart|pv,0.0,0,49,17,1
109928088,pv|pv|pv|pv|pv,0.0,0,223,29,1
109938282,pv|pv|pv|pv|pv,0.0,0,16,36,1
109939909,pv|pv|pv|pv|pv,0.0,1,103,22,1
109944963,pv|pv|pv|pv|pv,1320.0,0,5,0,0
109978933,pv|pv|pv|fav|pv,0.0,12,61,24,1
110007607,pv|buy|cart|cart|pv,0.0,117,61,40,1
110017091,pv|pv|pv|fav|pv,0.0,13,2,12,1
110033398,pv|pv|fav|pv|pv,0.0,36,120,46,1
110037242,pv|pv|pv|pv|pv,15.0,77,74,38,1
110043519,pv|pv|pv|pv|pv,60.0,1,28,8,0
110047109,pv|pv|pv|pv|pv,0.0,0,0,0,0
110058496,pv|pv|pv|pv|pv,0.0,53,6,3,0
110058610,pv|pv|pv|pv|buy,750.0,0,4,10,0
110061776,buy|pv|pv|pv|pv,0.0,0,7,3,0
110074552,pv|pv|pv|pv|pv,225.0,0,6,4,0
110106082,pv|pv|pv|pv|pv,0.0,1,56,5,0
110122107,pv|pv|pv|pv|pv,435.0,1,5,6,0
110128323,pv|pv|pv|pv|pv,225.0,15,2,2,1
110137127,buy|buy|buy|buy|pv,0.0,0,17,2,1
110154099,pv|pv|pv|pv|pv,0.0,0,2,1,0
110157491,pv|pv|pv|pv|pv,0.0,0,0,0,0
110162881,pv|pv|pv|pv|pv,2760.0,0,0,0,0
110201893,pv|pv|pv|pv|pv,0.0,0,30,8,1
110205306,pv|pv|pv|pv|pv,15.0,57,7,9,0
110208146,pv|pv|pv|pv|pv,15.0,0,24,9,1
110229753,pv|pv|pv|pv|pv,0.0,0,3,3,0
110253038,pv|pv|pv|pv|pv,0.0,1,11,5,0
110258310,pv|pv|pv|pv|pv,1035.0,1,10,9,0
110262333,pv|pv|pv|pv|pv,0.0,3,32,8,1
110276286,pv|pv|pv|pv|pv,240.0,0,8,7,0
110278377,pv|pv|pv|pv|pv,60.0,2,64,4,1
110285639,pv|pv|pv|pv|pv,2970.0,0,0,2,0
110297620,pv|pv|pv|pv|pv,0.0,5,21,12,1
110297710,pv|pv|pv|pv|cart,15.0,0,7,0,0
110299025,pv|pv|pv|pv|pv,420.0,0,0,0,0
110309128,pv|pv|pv|pv|pv,135.0,1,5,0,0
110313549,pv|pv|pv|pv|pv,750.0,1,15,1,0
110327133,pv|pv|pv|pv|cart,150.0,39,11,9,1
110370435,pv|pv|pv|pv|pv,0.0,0,1,2,0
110374516,pv|pv|pv|pv|pv,45.0,161,20,3,1
110378808,pv|pv|pv|pv|pv,0.0,1,5,3,0
110418606,pv|buy|pv|pv|pv,0.0,0,0,2,0
110423160,pv|pv|pv|pv|pv,465.0,0,1,5,0
110430105,pv|pv|pv|pv|pv,0.0,2,0,1,0
110434555,pv|pv|pv|pv|pv,75.0,1,0,1,0
110437894,pv|pv|pv|pv|pv,0.0,0,1,0,0
110450175,pv|pv|pv|pv|pv,0.0,10,4,3,0
110483148,pv|pv|pv|pv|pv,30.0,2,17,16,1
110496316,pv|pv|pv|pv|pv,0.0,1,9,0,0
110497780,pv|pv|pv|pv|pv,0.0,1,0,0,0
110509780,pv|pv|pv|pv|pv,0.0,3,122,0,0
110522016,pv|pv|pv|pv|pv,0.0,3,2,2,0
110528286,pv|pv|pv|pv|fav,0.0,7,1,0,0
110528594,pv|pv|pv|pv|pv,0.0,3,18,2,1
110532180,pv|pv|pv|pv|pv,0.0,0,1,1,0
110561108,pv|pv|pv|pv|pv,0.0,1,22,5,0
110599932,pv|pv|pv|pv|pv,0.0,4,3,0,0
110601488,pv|pv|pv|pv|pv,0.0,11,1,3,0
110603493,pv|cart|pv|pv|pv,15.0,0,20,11,0
110609527,cart|pv|pv|pv|pv,0.0,0,1,4,0
110612304,pv|pv|pv|pv|pv,0.0,2,7,10,0
110615671,pv|pv|pv|pv|pv,0.0,1,39,10,1
110659116,pv|pv|pv|pv|buy,0.0,3,7,8,0
110664771,pv|pv|pv|pv|pv,120.0,27,15,33,0
110666558,pv|pv|pv|pv|pv,0.0,0,2,5,0
110672924,pv|cart|pv|pv|pv,0.0,0,1,0,0
110690572,pv|pv|pv|pv|pv,0.0,62,12,9,1
110697285,pv|pv|pv|pv|pv,1740.0,0,0,1,0
110710438,pv|pv|pv|pv|pv,0.0,0,3,0,0
110731834,pv|pv|pv|pv|pv,165.0,0,0,2,0
110734521,pv|pv|pv|pv|pv,0.0,66,3,1,1
110754991,pv|pv|pv|pv|pv,0.0,0,8,0,0
110762953,pv|cart|pv|pv|pv,0.0,5,30,4,1
110828957,pv|pv|pv|pv|pv,45.0,3,2,1,1
110844468,pv|pv|pv|pv|pv,105.0,47,13,15,1
110849747,pv|pv|pv|pv|pv,0.0,69,0,9,0
110873850,pv|pv|pv|pv|pv,0.0,0,11,8,1
110883373,cart|pv|cart|pv|pv,0.0,123,270,43,1
110893699,pv|pv|pv|pv|pv,0.0,0,7,3,1
110948075,pv|pv|pv|pv|pv,0.0,25,5,5,1
110954163,pv|pv|pv|pv|pv,0.0,57,0,28,1
110973740,pv|pv|pv|pv|pv,15.0,1,15,6,1
110976685,pv|cart|pv|pv|pv,0.0,9,540,58,1
110989739,pv|pv|pv|pv|pv,0.0,84,98,41,1
111035639,pv|pv|pv|pv|pv,15.0,0,21,7,0
111035741,pv|pv|pv|pv|pv,270.0,1,3,2,0
111041160,pv|pv|pv|buy|buy,180.0,0,0,8,0
111041306,pv|pv|pv|pv|pv,0.0,0,3,4,0
111058819,pv|pv|fav|pv|pv,0.0,49,18,8,1
111073682,pv|pv|pv|pv|pv,0.0,10,80,3,0
111091971,pv|pv|pv|pv|fav,0.0,5,0,0,0
111124413,fav|pv|pv|pv|pv,0.0,40,4,5,0
111144279,pv|pv|pv|pv|pv,0.0,0,33,6,1
111167137,pv|pv|pv|pv|pv,0.0,11,7,7,1
111173414,pv|pv|pv|pv|pv,0.0,1,44,13,0
111181181,pv|pv|pv|pv|pv,0.0,0,18,1,1
111195634,pv|pv|pv|pv|pv,15.0,2,17,6,0
111213707,pv|pv|pv|pv|pv,0.0,106,0,9,0
111232777,pv|fav|pv|pv|buy,90.0,9,6,3,0
111236021,pv|pv|fav|pv|pv,375.0,1,0,1,0
111238404,buy|pv|pv|pv|pv,0.0,0,54,4,0
111240351,buy|pv|pv|pv|pv,15.0,0,2,9,1
111244765,pv|pv|pv|pv|pv,615.0,0,3,0,0
111246826,pv|pv|pv|pv|pv,375.0,0,3,10,1
111253705,pv|pv|pv|pv|pv,0.0,0,17,0,0
111276571,pv|pv|pv|pv|pv,0.0,2,82,10,1
111311037,pv|pv|pv|pv|pv,210.0,0,13,11,1
111322415,pv|pv|pv|pv|pv,0.0,10,3,1,0
111325865,pv|pv|pv|pv|pv,0.0,38,41,7,1
111343807,pv|pv|pv|pv|pv,165.0,0,0,0,0
111363768,pv|pv|pv|pv|pv,735.0,0,13,2,0
111415929,cart|pv|pv|pv|pv,0.0,16,26,4,1
111459626,pv|pv|pv|pv|pv,0.0,0,46,11,0
111474212,pv|pv|pv|pv|pv,0.0,0,15,19,1
111481622,pv|pv|pv|pv|pv,0.0,0,7,4,1
111486314,pv|pv|pv|pv|pv,0.0,0,0,0,0
111486485,pv|pv|pv|pv|pv,0.0,3,4,5,0
111492650,pv|pv|pv|pv|pv,90.0,1,3,1,0
111497529,pv|pv|pv|pv|pv,120.0,3,7,4,0
111509835,pv|pv|pv|pv|pv,405.0,0,1,3,0
111518720,pv|pv|pv|pv|pv,0.0,12,33,6,0
111527414,pv|pv|pv|pv|pv,0.0,6,0,2,1
111595300,pv|pv|pv|pv|pv,0.0,81,98,15,1
111598255,pv|pv|pv|pv|pv,0.0,2,6,9,1
111612020,pv|pv|pv|pv|pv,855.0,5,1,2,0
111616816,pv|pv|pv|pv|pv,0.0,11,0,6,0
111665868,pv|pv|cart|pv|pv,30.0,3,23,19,0
111691361,pv|pv|pv|pv|pv,1365.0,4,1,8,0
111695487,buy|pv|cart|pv|pv,0.0,0,28,8,1
111714241,pv|pv|pv|pv|pv,1800.0,0,8,3,0
111752966,pv|pv|pv|pv|pv,0.0,16,6,6,0
111768420,pv|pv|pv|pv|pv,0.0,1,84,3,1
111786935,pv|pv|pv|pv|pv,0.0,3,83,25,1
111800667,buy|pv|pv|pv|pv,120.0,16,11,8,1
111820958,pv|pv|fav|buy|pv,0.0,42,38,6,1
111823061,pv|pv|pv|pv|pv,0.0,0,28,5,0
111835944,pv|pv|pv|pv|pv,0.0,0,0,3,0
111842678,pv|pv|pv|buy|pv,0.0,11,2,8,1
111850848,pv|cart|pv|pv|pv,0.0,2,32,2,0
111866209,pv|pv|pv|pv|pv,1665.0,0,0,0,0
111886693,pv|pv|pv|pv|pv,1785.0,0,0,0,0
111894319,pv|pv|pv|pv|pv,0.0,1,27,13,1
111901362,pv|pv|pv|pv|pv,30.0,31,17,12,1
111909694,pv|pv|pv|pv|pv,0.0,0,59,6,1
111922941,pv|pv|pv|pv|pv,0.0,0,12,7,0
111926750,pv|pv|pv|pv|pv,15.0,1,114,6,1
111943165,pv|pv|pv|pv|pv,0.0,76,5,14,1
111947361,pv|pv|pv|pv|buy,15.0,0,2,4,0
111957230,pv|pv|pv|pv|pv,0.0,3,31,10,1
111961699,pv|pv|pv|pv|pv,0.0,3,62,18,0
111974132,pv|pv|pv|pv|buy,0.0,0,12,2,1
112000366,pv|pv|pv|pv|pv,0.0,0,25,0,1
112009033,pv|pv|pv|pv|pv,75.0,28,4,5,1
112037904,pv|pv|pv|pv|pv,0.0,1,48,14,1
112040827,pv|cart|pv|pv|pv,0.0,0,3,3,0
112044266,pv|pv|pv|pv|pv,0.0,0,107,28,1
112063876,cart|pv|pv|pv|pv,15.0,1,21,5,1
112125475,pv|pv|pv|pv|pv,0.0,206,13,8,1
112128042,pv|pv|pv|pv|pv,0.0,0,13,4,0
112131404,pv|pv|pv|pv|pv,0.0,0,17,5,1
112133723,pv|pv|pv|pv|pv,0.0,2,41,8,1
112142417,pv|pv|pv|pv|pv,15.0,164,312,27,1
112148241,pv|pv|pv|pv|pv,1500.0,0,12,7,0
112171699,pv|pv|pv|pv|pv,45.0,27,95,33,1
112186714,pv|pv|pv|pv|pv,0.0,0,3,14,1
112198319,pv|pv|pv|pv|pv,0.0,0,255,31,1
112217162,pv|pv|pv|cart|buy,195.0,0,5,0,1
112230173,pv|pv|pv|pv|pv,225.0,0,10,4,1
112284483,pv|pv|pv|pv|pv,15.0,7,11,7,1
112296733,pv|pv|pv|pv|pv,0.0,1,31,0,0
112303688,pv|pv|pv|pv|pv,0.0,0,0,1,0
112317649,pv|pv|pv|pv|pv,0.0,78,34,17,1
112322814,pv|pv|pv|pv|pv,0.0,7,21,27,1
112329101,pv|pv|pv|pv|pv,0.0,4,2,2,0
112342350,pv|pv|pv|pv|pv,0.0,132,26,19,1
112345599,pv|pv|buy|buy|buy,15.0,0,1,2,0
112382240,pv|pv|pv|pv|pv,45.0,113,36,18,1
112401993,pv|pv|pv|pv|pv,0.0,1,6,8,1
112417191,pv|pv|pv|pv|pv,345.0,1,5,1,1
112424443,pv|pv|pv|pv|pv,0.0,0,16,4,1
112470845,pv|pv|pv|pv|pv,0.0,159,1,13,1
112479773,pv|pv|pv|pv|pv,3240.0,1,7,6,0
112485959,pv|pv|fav|pv|pv,0.0,6,0,0,0
112487640,pv|pv|pv|pv|pv,1065.0,29,2,2,0
112499569,pv|pv|pv|pv|pv,0.0,38,0,6,0
112503956,pv|pv|pv|pv|pv,360.0,3,51,17,0
112504072,pv|pv|pv|pv|pv,0.0,1,0,9,0
112539954,pv|pv|pv|cart|pv,0.0,1,34,18,1
112542930,pv|pv|pv|pv|pv,15.0,1,0,0,0
112549071,pv|pv|pv|pv|pv,0.0,6,53,2,0
112550524,pv|pv|pv|pv|pv,270.0,0,5,1,0
112561774,pv|pv|pv|pv|buy,120.0,0,13,8,0
112570004,pv|pv|pv|pv|pv,75.0,135,54,40,1
112589064,pv|pv|pv|pv|pv,0.0,1,4,2,0
112628188,pv|pv|pv|pv|pv,15.0,0,0,0,0
112632735,pv|cart|pv|pv|pv,0.0,1,18,5,1
112642306,pv|pv|pv|pv|pv,0.0,9,0,1,0
112649389,pv|pv|pv|pv|pv,0.0,0,2,3,0
112673625,pv|pv|pv|pv|pv,0.0,0,59,0,0
112676402,pv|pv|pv|pv|pv,0.0,0,0,1,0
112684530,pv|fav|pv|pv|pv,15.0,2,0,2,0
112706018,pv|pv|pv|pv|buy,0.0,0,124,21,1
112707614,pv|pv|pv|pv|pv,0.0,23,3,19,1
112711623,pv|pv|pv|pv|pv,0.0,114,1,21,0
112747648,pv|pv|pv|pv|pv,120.0,33,152,22,1
112747800,pv|pv|pv|pv|pv,0.0,0,17,8,0
112747871,pv|pv|pv|pv|pv,4380.0,0,0,1,0
112771759,pv|pv|cart|pv|pv,165.0,1,9,3,1
112806422,pv|pv|pv|pv|pv,0.0,0,10,4,1
112819908,pv|pv|pv|pv|pv,0.0,0,16,1,0
112843988,pv|pv|pv|pv|pv,15.0,0,5,2,0
112846816,pv|pv|pv|pv|pv,0.0,1,14,4,1
112891397,pv|pv|pv|pv|pv,0.0,0,70,17,1
112900189,pv|pv|cart|pv|pv,630.0,0,18,7,1
112907277,pv|pv|pv|pv|cart,0.0,2,3,0,0
112913274,pv|pv|pv|pv|pv,0.0,0,0,0,0
112915307,pv|pv,0.0,0,0,0,0
112917606,pv|pv|pv|pv|pv,0.0,0,3,1,0
112938311,pv|pv|pv|pv|pv,0.0,31,5,5,1
112941292,pv|pv|pv|pv|pv,210.0,28,5,6,0
112944080,pv|pv|pv|pv|pv,0.0,0,0,0,0
112955522,pv|pv|pv|pv|pv,675.0,1,4,1,0
112956623,pv|pv|pv|pv|pv,0.0,0,0,3,0
112971020,pv|pv|pv|pv|pv,0.0,0,0,0,0
112976136,pv|pv|pv|pv|pv,0.0,27,177,13,0
113010441,pv|pv|pv|pv|pv,0.0,9,16,0,0
113025576,buy|pv|pv|pv|pv,0.0,1,0,1,0
113043990,pv|pv|pv|pv|pv,0.0,0,0,2,0
113050567,pv|pv|pv|pv|pv,15.0,2,17,6,1
113056510,pv|pv|pv|pv|pv,240.0,9,0,1,0
113078957,pv|pv|pv|pv|pv,0.0,4,116,53,1
113104667,pv|pv|pv|pv|pv,0.0,102,6,7,1
113114470,pv|pv|fav|pv|fav,0.0,83,96,14,1
113127968,pv|pv|pv|pv|pv,105.0,0,13,6,1
113134393,pv|pv|pv|pv|pv,0.0,0,5,5,1
113135549,pv|pv|pv|pv|pv,75.0,0,1,4,0
113163428,pv|pv|pv|pv|pv,270.0,0,0,0,0
113214758,pv|pv|pv|pv|pv,2190.0,0,3,0,0
113230398,pv|pv|pv|pv|pv,1290.0,0,89,7,1
113248155,pv|pv|pv|pv|cart,0.0,0,33,2,1
113250631,pv|pv|pv|pv|pv,0.0,35,1,9,1
113278851,pv|pv|pv|pv|pv,150.0,16,1,6,0
113283932,pv|pv|pv|pv|pv,300.0,0,0,0,0
113285889,pv|pv|pv|pv|pv,0.0,0,40,1,0
113305568,pv|pv|pv|pv|pv,0.0,0,34,10,1
113309982,pv|pv|pv|pv|pv,0.0,3,17,1,0
113319009,pv|pv|pv|pv|pv,0.0,1,0,0,0
113323725,pv|pv|pv|pv|pv,15.0,1,21,11,1
113333255,pv|pv|pv|pv|pv,0.0,9,1,0,0
113367173,pv|pv|pv|pv|pv,435.0,0,4,3,0
113370250,pv|pv|pv|pv|pv,0.0,3,5,5,0
113395983,pv|pv|pv|pv|pv,0.0,0,0,2,0
113396592,pv|pv|pv|pv|pv,0.0,44,30,15,1
113397432,pv|pv|pv|pv|pv,0.0,0,0,0,0
113398892,pv|pv|pv|pv|pv,405.0,6,37,3,1
113404246,pv|pv|pv|pv|pv,0.0,0,7,4,0
113410981,pv|pv|pv|pv|pv,0.0,4,0,4,0
113418436,pv|pv|pv|pv|pv,0.0,7,8,6,0
113421475,pv|pv|fav|pv|pv,15.0,6,0,2,0
113431690,pv|pv|pv|pv|pv,15.0,5,165,47,1
113445602,pv|pv|pv|pv|pv,60.0,15,0,1,0
113461928,pv|pv|pv|pv|pv,1485.0,0,0,2,0
113469201,buy|pv|pv|pv|pv,630.0,1,9,1,1
113469489,pv|pv|pv|pv|pv,165.0,0,14,0,0
113484173,pv|pv|pv|pv|pv,0.0,0,3,9,0
113512295,pv|pv|pv|pv|fav,0.0,1,1,1,0
113516306,pv|pv|pv|pv|pv,180.0,0,44,26,1
113537369,pv|pv|pv|pv|pv,0.0,17,16,14,1
113551763,pv|pv|pv|pv|pv,105.0,0,4,0,0
113552018,pv|pv|pv|pv|pv,0.0,65,9,23,1
113594399,pv|pv|pv|pv|pv,0.0,1,15,11,1
113611355,pv|pv|pv|pv|pv,0.0,1,1,5,0
113619626,pv|pv|pv|pv|pv,30.0,0,8,20,1
113659431,pv|pv|pv|pv|pv,0.0,0,0,2,0
113674227,pv|pv|pv|pv|pv,330.0,13,7,2,0
113692463,pv|pv|pv|pv|pv,15.0,53,10,1,0
113693068,pv|pv|pv|pv|pv,15.0,47,44,11,0
113698622,pv|pv|pv|pv|pv,0.0,2,8,3,0
113702719,pv|pv|pv|pv|pv,0.0,0,1,2,0
113718238,pv|pv|pv|pv|pv,0.0,0,0,1,0
113774016,pv|pv|pv|cart|pv,30.0,1,9,1,0
113801131,pv|pv|pv|pv|pv,0.0,0,0,0,0
113830171,pv|pv|pv|pv|pv,0.0,0,89,28,1
113847593,pv|pv|pv|pv|pv,0.0,42,52,25,1
113848288,pv|pv|pv|pv|pv,0.0,0,3,0,1
113875234,pv|pv|pv|pv|pv,15.0,15,5,5,1
113888835,pv|pv|pv|pv|pv,165.0,1,6,3,0
113888901,pv|pv|pv|pv|pv,0.0,0,0,0,0
113905943,pv|pv|pv|pv|pv,0.0,21,1,1,0
113920718,pv|pv|pv|buy|pv,2025.0,0,0,1,0
113922474,pv|pv|pv|pv|pv,0.0,0,0,0,0
113957268,pv|pv|cart|pv|fav,0.0,24,5,0,0
113962885,pv|pv|pv|pv|pv,45.0,0,2,8,0
113972956,pv|pv|pv|pv|pv,0.0,42,26,7,0
113990647,pv|pv|pv|pv|pv,0.0,110,0,2,0
114002389,pv|buy|pv|pv|pv,45.0,1,23,14,0
114008857,pv|pv|pv|pv|pv,0.0,11,2,8,0
114027385,pv|pv|pv|pv|fav,0.0,1,0,0,0
114052885,pv|pv|pv|pv|pv,0.0,0,16,11,1
114054067,pv|pv|pv|pv|pv,75.0,1,28,17,0
114083355,pv|pv|pv|pv|pv,150.0,85,72,18,1
114101799,pv|pv|pv|pv|pv,60.0,2,3,9,0
114115113,pv|pv|pv|pv|pv,75.0,0,11,8,1
114115623,pv|buy|pv|pv|pv,690.0,4,16,10,1
114121871,pv|pv|pv|pv|pv,30.0,34,22,18,0
114147715,pv|pv|pv|pv|pv,0.0,0,1,2,0
114147733,pv|pv|pv|pv|pv,0.0,29,54,24,1
114157234,pv|pv|pv|pv|pv,45.0,0,23,6,1
114203064,pv|pv|pv|pv|pv,0.0,0,2,0,0
114211505,pv|pv|pv|pv|pv,30.0,4,44,10,1
114233479,pv|pv|pv|pv|pv,0.0,28,0,3,0
114249224,pv|cart|pv|pv|pv,0.0,2,33,15,1
114253675,pv|pv|pv|pv|pv,0.0,0,36,16,1
114256023,pv|pv|pv|pv|pv,0.0,0,29,1,1
114287271,pv|pv|pv|pv|pv,150.0,1,10,7,0
114290242,pv|pv|pv|pv|pv,105.0,2,30,9,1
114305854,pv|pv|pv|pv|pv,0.0,66,1,5,0
114307712,pv|pv|pv|pv|pv,135.0,1,15,4,1
114341373,pv|pv|pv|pv|pv,0.0,186,23,0,0
114351223,pv|pv|pv|pv|pv,0.0,0,0,0,0
114352631,pv|pv|pv|pv|pv,0.0,60,1,3,1
114354173,pv|pv|pv|pv|pv,570.0,0,1,4,0
114368942,pv|fav|pv|pv|pv,0.0,7,0,0,0
114377254,pv|pv|pv|pv|pv,0.0,2,37,18,1
114390324,pv|pv|pv|pv|pv,735.0,5,17,6,1
114413180,pv|pv|pv|pv|pv,165.0,41,28,12,1
114419322,pv|pv|pv|pv|pv,225.0,1,0,0,0
114465851,pv|pv|pv|pv|pv,0.0,1,0,1,0
114493153,pv|pv|pv|pv|pv,90.0,13,1,0,0
114494540,pv|pv|pv|pv|pv,0.0,0,0,3,0
114497121,pv|pv|pv|pv|pv,360.0,2,3,9,0
114505674,pv|pv|pv|pv|pv,15.0,2,79,9,1
114515435,pv|pv|fav|fav|pv,0.0,173,0,0,0
114517173,pv|pv|pv|pv|fav,15.0,5,12,2,1
114529391,pv|pv|pv|pv|pv,15.0,43,4,8,0
114596559,pv|pv|pv|pv|pv,0.0,33,35,4,0
114598114,pv|pv|pv|pv|pv,0.0,0,7,1,0
114633181,pv|pv|pv|pv|pv,15.0,0,8,6,1
114650712,pv|cart|pv|pv|pv,0.0,28,8,0,0
114653102,pv|pv|cart|cart|pv,150.0,4,49,1,0
114664281,pv|pv|pv|pv|pv,0.0,0,18,1,0
114681302,pv|pv|pv|pv|pv,0.0,1,0,1,0
114717793,pv|pv|pv|pv|pv,0.0,0,23,2,0
114722645,pv|pv|pv|pv|pv,345.0,1,1,2,0
114726208,pv|pv|pv|pv|pv,0.0,3,92,19,1
114734197,pv|pv|pv|pv|pv,30.0,54,0,3,0
114737900,pv|pv|pv|pv|pv,0.0,111,84,18,1
114745929,pv|pv|pv|pv|buy,0.0,3,1,7,0
114771809,pv|pv|fav|pv|pv,675.0,10,6,1,0
114773562,pv|pv|pv|pv|pv,0.0,1,16,7,1
114779189,pv|pv|pv|fav|pv,360.0,13,1,3,0
114785776,pv|pv|pv|pv|pv,0.0,0,0,0,0
114790451,pv|pv|pv|pv|pv,15.0,17,2,2,1
114802994,cart|pv|buy|pv|pv,15.0,3,50,21,1
114810344,pv|pv|pv|pv|pv,0.0,1,14,2,0
114844461,pv|pv|pv|pv|pv,150.0,0,38,3,0
114845984,pv|pv|pv|pv|pv,0.0,51,25,18,1
114851398,pv|pv|pv|cart|pv,0.0,0,27,11,1
114861591,pv|pv|pv|pv|pv,1050.0,0,1,1,0
114896102,pv|pv|pv|pv|pv,330.0,33,2,1,0
114923282,pv|pv|pv|pv|cart,0.0,0,11,0,0
114926003,pv|pv|pv|pv|pv,0.0,3,9,8,1
114930910,pv|pv|pv|pv|pv,165.0,5,8,5,1
114931013,pv|pv|pv|pv|pv,15.0,50,18,15,1
114934780,pv|pv|pv|pv|pv,0.0,0,0,0,0
114946034,pv|pv|pv|pv|pv,0.0,0,5,14,0
114955187,pv|pv|pv|pv|pv,0.0,15,6,8,1
114968456,pv|pv|pv|pv|pv,0.0,7,27,5,0
114971408,pv|pv|pv|pv|pv,0.0,1,15,17,1
114995751,pv|pv|pv|pv|pv,0.0,88,5,8,0
115001382,pv|pv|pv|pv|pv,120.0,4,8,5,0
115003339,pv|pv|pv|pv|pv,0.0,13,0,1,0
115003511,pv|pv|pv|pv|pv,0.0,7,0,1,1
115078779,pv|pv|pv|pv|pv,390.0,79,18,10,1
115100960,cart|pv|pv|pv|pv,0.0,0,9,0,1
115121430,pv|pv|pv|pv|pv,0.0,63,19,5,1
115129419,pv|pv|pv|pv|pv,0.0,2,9,7,1
115153145,pv|pv|pv|pv|pv,0.0,0,37,12,1
115159934,pv|pv|pv|pv|pv,0.0,41,91,11,1
115164360,pv|pv|pv|pv|pv,60.0,0,5,0,0
115218563,pv|pv|pv|pv|pv,0.0,6,26,5,0
115226000,pv|pv|pv|pv|pv,15.0,8,4,6,0
115239516,pv|pv|pv|pv|pv,0.0,2,0,2,0
115244645,pv|pv|pv|pv|pv,0.0,0,32,9,0
115260391,pv|pv|pv|pv|pv,0.0,0,0,0,0
115275150,pv|pv|pv|pv|pv,0.0,16,16,19,1
115299510,pv|pv|pv|pv|pv,0.0,0,15,3,1
115304753,pv|pv|pv|pv|pv,0.0,3,6,0,1
115338197,pv|pv|pv|pv|pv,255.0,2,18,8,0
115338753,pv|pv|pv|pv|fav,0.0,41,35,9,1
115340399,pv|pv|pv|pv|pv,0.0,1,0,0,0
115343862,pv|pv|pv|pv|pv,0.0,136,16,7,1
115362427,cart|pv|pv|pv|pv,15.0,1,6,0,0
115368454,fav|pv|pv|pv|pv,0.0,1,41,11,1
115374204,pv|pv|pv|pv|pv,0.0,3,54,14,1
115374248,pv|pv|pv|pv|pv,0.0,1,37,3,0
115374435,pv|pv|pv|pv|pv,1575.0,0,0,0,0
115378138,pv|pv|pv|pv|pv,0.0,31,18,13,1
115385050,pv|pv|pv|pv|pv,0.0,42,14,20,1
115393096,pv|pv|pv|pv|pv,15.0,2,3,6,1
115403230,pv|pv|pv|pv|pv,420.0,0,5,0,0
115452492,pv|buy|pv|pv|pv,0.0,4,36,9,1
115457118,pv|fav|pv|pv|pv,0.0,8,7,1,0
115462596,pv|pv|pv|pv|pv,0.0,0,6,2,0
115499141,pv|pv|pv|pv|pv,0.0,0,0,0,0
115520739,pv|pv|pv|pv|pv,0.0,0,1,3,1
115540691,pv|pv|pv|pv|pv,0.0,3,82,19,1
115557934,pv|buy|pv|pv|pv,0.0,82,91,21,1
115562846,pv|pv|pv|pv|fav,0.0,78,0,0,0
115581614,pv|pv|fav|pv,3420.0,1,0,0,0
115590327,pv|pv|pv|pv|pv,0.0,1,20,4,1
115614893,pv|pv|pv|pv|pv,0.0,4,10,15,1
115617376,pv|pv|pv|pv|pv,0.0,0,1,0,0
115621707,pv|pv|pv|pv|buy,30.0,24,9,6,1
115623839,pv|pv|pv|pv|pv,0.0,5,3,10,0
115628589,pv|fav|pv|pv|pv,525.0,1,3,5,1
115634728,pv|pv|pv|pv|pv,75.0,0,21,1,0
115636067,pv|pv|pv|pv|pv,30.0,0,14,17,0
115651143,pv|pv|pv|pv|pv,0.0,0,0,0,0
115670233,pv|pv|pv|pv|pv,255.0,1,2,5,0
115678613,pv|pv|pv|pv|pv,15.0,3,1,0,0
115702436,pv|pv|pv|pv|pv,0.0,0,1,0,1
115754252,pv|pv|pv|pv|pv,0.0,1,14,2,0
115754404,pv|pv|pv|pv|pv,0.0,1,1,1,0
115757977,pv|pv|pv|pv|pv,0.0,1,34,29,1
115783585,pv|pv|pv|pv|pv,0.0,14,1,3,0
115792807,pv|pv|pv|pv|pv,2115.0,0,18,0,0
115802990,pv|pv|fav|pv|pv,0.0,22,1,0,0
115809291,buy|pv|pv|pv|pv,0.0,0,6,3,0
115834991,pv|pv|pv|pv|pv,0.0,31,16,8,1
115847256,pv|pv|pv|pv|pv,0.0,8,72,25,1
115867129,pv|pv|pv|pv|pv,450.0,2,11,4,1
115876596,pv|pv|pv|pv|pv,0.0,3,1,4,0
115899915,pv|pv|pv|pv|pv,15.0,9,11,21,1
115912928,pv|pv|pv|fav|fav,0.0,75,5,12,0
115923281,pv|cart|pv|pv|pv,0.0,0,17,6,0
115949891,pv|pv|pv|pv|pv,975.0,1,5,4,0
116014140,pv|pv|pv|pv|pv,0.0,0,49,6,1
116049086,pv|pv|pv|pv|pv,0.0,112,245,21,1
116059925,pv|pv|pv|pv|pv,15.0,24,16,23,1
116071825,pv|pv|pv|pv|pv,60.0,0,5,10,0
116101597,pv|pv|pv|pv|pv,495.0,146,10,26,1
116113058,fav|pv|pv|pv|pv,0.0,19,0,8,1
116114060,pv|pv|pv|pv|pv,300.0,9,13,3,0
116123751,pv|pv|pv|pv|pv,0.0,2,0,1,1
116142598,pv|pv|pv|pv|pv,375.0,10,7,5,0
116162717,pv|buy|fav|pv|pv,0.0,0,1,1,0
116166066,pv|pv|pv|pv|pv,0.0,19,7,7,0
116187349,pv|pv|pv|pv|pv,645.0,0,1,0,0
116202034,pv|pv|pv|pv|pv,630.0,3,2,1,0
116217587,pv|pv|pv|pv|pv,0.0,0,14,0,0
116217792,pv|pv|pv|pv|pv,15.0,37,6,9,1
116218729,pv|pv|pv|pv|pv,0.0,8,0,3,0
116223148,pv|pv|pv|pv|pv,0.0,8,9,7,1
116230289,pv|pv|pv|pv|pv,0.0,1,1,6,0
116232438,pv|pv|pv|cart|pv,0.0,2,265,28,1
116251035,pv|pv|pv|pv|pv,15.0,0,0,0,0
116252021,pv|pv|pv|pv|pv,0.0,0,8,8,0
116259421,pv|pv|pv|pv|pv,0.0,10,16,1,0
116264632,pv|cart|pv|pv|pv,15.0,7,79,10,1
116277143,pv|pv|pv|pv|pv,0.0,3,9,1,1
116288141,pv|pv|pv|pv|pv,150.0,10,7,7,1
116307746,pv|pv|pv|pv|pv,0.0,3,19,16,1
116324656,pv|pv|pv|pv|pv,165.0,145,183,25,1
116329106,pv|cart|pv|pv|pv,30.0,0,72,48,1
116331874,pv|pv|pv|pv|pv,0.0,1,22,8,0
116349225,pv|pv|pv|pv|pv,15.0,6,94,10,0
116355229,pv|cart|pv|pv|pv,210.0,1,67,16,1
116369265,pv|pv|pv|pv|pv,0.0,0,2,4,0
116383415,pv|pv|pv|pv|pv,0.0,1,0,4,0
116384466,pv|pv|pv|pv|pv,0.0,30,3,3,0
116399303,pv|pv|pv|buy|pv,30.0,6,6,5,1
116409191,pv|pv|pv|pv|pv,0.0,5,14,7,1
116421782,pv|pv|pv|pv|pv,750.0,38,4,7,0
116434661,pv|pv|pv|pv|pv,0.0,0,1,1,0
116435616,pv|pv|pv|pv|pv,0.0,47,13,7,0
116439419,fav|pv|pv|pv|pv,270.0,1,1,1,0
116457916,pv|pv|pv|pv|pv,3675.0,0,0,0,0
116473435,pv|pv|fav|pv|pv,45.0,35,24,13,1
116476393,pv|pv|pv|cart|buy,0.0,0,8,6,1
116481997,pv|pv|pv|pv|pv,0.0,32,34,24,1
116489495,pv|pv|pv|pv|pv,180.0,2,1,5,0
116509312,pv|pv|pv|pv|pv,0.0,72,8,3,1
116511286,pv|pv|pv|pv|pv,0.0,0,3,0,0
116520218,pv|pv|pv|pv|pv,0.0,1,32,12,1
116527079,pv|pv|pv|pv|pv,90.0,15,32,11,1
116554148,cart|pv|pv|pv|pv,0.0,3,32,3,1
116566595,pv|pv|pv|pv|pv,720.0,0,0,0,0
116566844,pv|pv|pv|pv|pv,0.0,10,8,8,0
116567678,pv|pv|pv|pv|pv,15.0,0,30,27,1
116601750,pv|pv|pv|pv|pv,0.0,6,33,13,0
116601793,pv|pv|pv|pv|pv,0.0,0,19,4,1
116625593,pv|pv|pv|pv|pv,0.0,0,2,1,0
116660455,pv|fav|pv|pv|pv,720.0,9,0,8,0
116678892,pv|pv|pv|pv|pv,555.0,12,0,3,0
116695180,pv|pv|pv|pv|pv,285.0,3,0,0,0
116718712,pv|pv|pv|pv|pv,0.0,1,54,2,1
116718992,pv|pv|pv|pv|pv,0.0,0,74,6,1
116720981,pv|pv|pv|pv|pv,0.0,1,112,32,1
116723232,pv|pv|pv|pv|pv,180.0,0,11,0,0
116730636,pv|pv|pv|pv|pv,0.0,37,18,18,1
116731919,pv|pv|pv|pv|pv,0.0,0,4,7,0
116746068,pv|pv|pv|pv|pv,0.0,0,0,3,0
116746209,pv|pv|pv|pv|fav,420.0,90,36,13,1
116751277,pv|pv|pv|pv|pv,0.0,0,6,1,0
116752723,pv|pv|pv|pv|pv,0.0,1,22,10,1
116760272,pv|pv|pv|pv|pv,180.0,0,0,1,0
116763688,pv|pv|pv|pv|pv,15.0,0,19,10,1
116772653,pv|pv|pv|pv|pv,105.0,0,29,5,1
116778753,cart|pv|pv|pv|pv,180.0,0,0,1,0
116799988,pv|pv|pv|pv|pv,0.0,0,6,0,0
116836049,pv|pv|pv|pv|pv,15.0,4,10,13,1
116849663,pv|pv|pv|pv|pv,15.0,0,16,1,0
116851361,pv|pv|pv|pv|pv,15.0,57,7,4,1
116852827,pv|pv|pv|pv|pv,1170.0,13,48,13,1
116867259,pv|pv|pv|pv|pv,0.0,12,326,21,1
116878499,pv|pv|pv|pv|pv,15.0,0,6,4,0
116888859,pv|pv|pv|pv|pv,15.0,1,12,3,0
116896377,pv|pv|pv|pv|pv,0.0,5,0,5,0
116918377,pv|pv|pv|pv|pv,15.0,5,22,8,1
116931309,pv|pv|fav|pv|pv,0.0,20,4,9,0
116936170,pv|pv|pv|pv|pv,45.0,0,7,15,0
116936810,pv|pv|pv|pv|pv,0.0,54,6,2,1
117003325,pv|pv|pv|pv|pv,510.0,11,76,11,1
117006290,pv|pv|pv|pv|pv,0.0,99,52,31,1
117026591,pv|pv|pv|pv|pv,0.0,0,100,17,1
117044327,pv|pv|pv|pv|pv,30.0,48,21,7,0
117044710,pv|pv|pv|pv|pv,0.0,4,34,14,1
117063879,pv|pv|pv|pv|pv,0.0,0,8,0,0
117111233,pv|pv|pv|pv|pv,1035.0,0,6,0,0
117112100,pv|pv|pv|pv|pv,0.0,0,0,0,0
117155106,pv|pv|pv|pv|pv,0.0,1,20,1,0
117184380,pv|pv|pv|pv|fav,0.0,75,14,5,0
117196810,pv|pv|pv|pv|pv,645.0,0,1,2,0
117221482,pv|cart|cart|cart|cart,45.0,165,4,0,0
117222178,pv|pv|pv|pv|pv,180.0,0,1,14,0
117226243,pv|pv|pv|pv|pv,0.0,5,0,0,0
117228712,cart|pv|pv|pv|pv,0.0,2,6,5,0
117257401,pv|pv|pv|pv|pv,0.0,6,6,2,0
117260033,pv|pv|pv|pv|pv,930.0,1,16,4,0
117262198,pv|pv|cart|pv|pv,0.0,0,10,1,0
117269642,pv|cart|pv|pv|pv,0.0,1,25,10,0
117274933,pv|pv|pv|pv|pv,0.0,68,44,10,1
117287549,pv|pv|pv|pv|pv,150.0,220,0,2,0
117293466,pv|pv|pv|pv|pv,0.0,0,20,29,1
117300067,pv|pv|pv|pv|pv,255.0,0,4,0,0
117301497,pv|pv|pv|pv|pv,0.0,144,34,16,0
117327134,pv|buy|pv|pv|pv,0.0,157,44,42,1
117336781,pv|pv|pv|pv|pv,630.0,0,4,2,1
117347969,pv|pv|pv|pv|pv,30.0,1,54,12,1
117373774,pv|pv|pv|pv|pv,675.0,16,18,9,1
117396268,pv|pv|pv|pv|pv,465.0,33,35,16,1
117418421,pv|pv|pv|pv|pv,30.0,2,68,12,1
117419378,pv|pv|pv|pv|pv,0.0,0,57,2,0
117484104,pv|pv|pv|pv|pv,1725.0,0,5,0,0
117489231,pv|pv|buy|pv|pv,9270.0,0,0,1,0
117502210,pv|pv|pv|pv|pv,0.0,0,9,0,0
117517120,pv|pv|pv|pv|pv,0.0,0,1,0,0
117521652,pv|pv|pv|pv|pv,885.0,7,1,4,0
117523208,pv|pv|pv|pv|pv,1215.0,21,2,5,0
117544930,pv|pv|pv|pv|pv,0.0,61,56,14,0
117547978,fav|fav|fav|fav|fav,30.0,13,10,17,1
117551753,pv|pv|pv|pv|pv,0.0,0,2,0,0
117554302,pv|cart|pv|pv|pv,0.0,15,6,3,0
117597296,pv|pv|cart|buy|pv,0.0,4,52,15,1
117606829,pv|pv|pv|pv|pv,195.0,0,10,12,1
117643320,pv|pv|pv|pv|pv,0.0,6,13,2,1
117659143,pv|pv|pv|pv|pv,0.0,6,88,32,1
117659423,pv|pv|pv|pv|pv,0.0,0,0,10,0
117674807,pv|pv|pv|pv|pv,0.0,0,39,9,1
117681959,pv|pv|pv|pv|pv,0.0,9,21,8,1
117684032,pv|pv|fav|pv|fav,150.0,23,5,12,1
117694161,pv|pv|pv|pv|pv,0.0,0,7,10,1
117718025,cart|cart|pv|pv|pv,0.0,20,492,27,1
117743125,pv|pv|pv|pv|pv,0.0,0,0,0,0
117765542,pv|pv|pv|pv|pv,0.0,2,20,6,1
117779747,pv|pv|pv|pv|pv,0.0,20,2,4,0
117785317,pv|pv|pv|pv|pv,0.0,16,1,2,1
117801453,pv|pv|pv|pv|pv,0.0,122,19,15,1
117829483,cart|pv|pv|pv|pv,0.0,0,40,18,1
117835170,pv|pv|pv|pv|pv,105.0,1,1,0,0
117847636,pv|pv|pv|pv|pv,1335.0,0,0,0,0
117849060,pv|pv|pv|pv|pv,345.0,0,8,0,0
117863267,pv|pv|pv|pv|pv,15.0,3,49,4,1
117873394,fav|pv|pv|pv|pv,45.0,13,6,2,0
117888464,pv|pv|cart|pv|pv,0.0,2,34,3,0
117902605,pv|pv|pv|pv|pv,0.0,3,109,19,1
117903708,pv|pv|pv|pv|pv,30.0,9,8,25,1
117929882,pv|pv|pv|pv|pv,45.0,21,56,21,1
117932070,cart|cart|cart|cart|cart,0.0,1,7,0,0
117954942,pv|pv|pv|pv|pv,150.0,0,13,3,1
117956367,pv|pv|pv|pv|pv,0.0,0,30,16,0
117957849,pv|pv|buy|pv|pv,150.0,0,14,11,0
117961451,pv|pv|pv|pv|pv,0.0,170,21,16,1
117961527,pv|pv|pv|buy|pv,0.0,1,2,5,0
117968156,pv|pv|pv|pv|pv,0.0,12,52,32,1
117970006,pv|pv|pv|pv|pv,0.0,1,2,7,0
117970569,pv|pv|pv|pv|pv,0.0,0,21,3,0
117973406,pv|pv|pv|pv|pv,15.0,0,13,6,1
117977942,pv|pv|pv|pv|pv,0.0,23,12,7,1
117978928,pv|pv|pv|pv|pv,1830.0,0,1,0,0
117992339,pv|pv|pv|pv|pv,0.0,0,19,11,1
118051332,pv|pv|pv|pv|pv,315.0,4,11,3,1
118051628,pv|pv|pv|pv|pv,120.0,1,55,24,1
118056074,pv|buy|pv|pv|pv,1230.0,0,16,3,0
118056913,cart|pv|pv|pv|pv,0.0,104,61,19,1
118057214,pv|pv|pv|pv|pv,660.0,1,6,3,0
118061360,pv|pv|pv|pv|pv,0.0,1,111,32,1
118065338,pv|pv|pv|pv|pv,0.0,7,7,5,0
118077093,fav|pv|pv|pv|pv,0.0,81,27,3,0
118095983,pv|pv|pv|pv|pv,0.0,10,37,9,0
118108228,pv|pv|pv|pv|pv,0.0,14,4,1,0
118149559,pv|pv|pv|pv|pv,0.0,0,0,0,0
118152898,pv|pv|pv|pv|pv,0.0,2,37,16,1
118155586,pv|pv|pv|pv|pv,0.0,1,67,6,1
118159372,pv|pv|pv|pv|pv,0.0,0,0,0,0
118168018,pv|pv|pv|pv|pv,0.0,7,3,10,0
118193939,pv|pv|pv|pv|pv,15.0,1,6,7,1
118194231,pv|pv|pv|pv|buy,0.0,0,28,32,1
118208713,fav|pv|pv|pv|pv,0.0,20,0,1,0
118213394,pv|pv|pv|pv|pv,0.0,1,9,9,0
118228924,pv|pv|pv|pv|pv,780.0,0,20,9,0
118282748,pv|pv|pv|pv|pv,0.0,57,14,16,1
118289685,pv|pv|pv|pv|pv,0.0,0,0,0,0
118309715,pv|pv|pv|pv|pv,0.0,5,10,0,1
118310551,pv|pv|pv|pv|pv,0.0,16,24,3,0
118330286,pv|pv|pv|pv|pv,0.0,80,74,18,0
118356281,pv|pv|pv|pv|buy,15.0,2,89,23,1
118372628,pv|pv|pv|buy|fav,0.0,0,0,1,0
118402025,pv|pv|pv|pv|pv,0.0,0,2,7,0
118425520,pv|pv|pv|pv|pv,375.0,3,82,21,1
118427343,pv|pv|pv|pv|pv,2175.0,0,4,1,0
118433993,pv|pv|pv|pv|pv,0.0,68,36,39,1
118460273,pv|pv|pv|pv|pv,0.0,0,4,6,0
118461733,pv|pv|pv|pv|pv,0.0,39,0,2,0
118465665,pv|pv|pv|pv|pv,0.0,1,57,22,1
118476662,pv|pv|pv|pv|pv,0.0,0,0,0,0
118495978,pv|pv|pv|pv|pv,135.0,0,64,12,1
118506832,pv|pv|pv|pv|pv,210.0,18,22,4,1
118516573,pv|pv|pv|pv|pv,15.0,0,10,2,0
118522478,pv|pv|pv|pv|pv,0.0,1,6,3,0
118525064,pv|pv|pv|pv|pv,0.0,2,161,0,0
118536510,pv|pv|pv|pv|pv,15.0,22,9,11,0
118539630,pv|pv|pv|pv|buy,2610.0,0,0,7,0
118545642,pv|pv|cart|pv|pv,0.0,0,62,10,1
118562385,pv|pv|pv|pv|pv,75.0,0,0,2,0
118562608,pv|pv|pv|pv|pv,75.0,191,49,16,1
118582594,pv|pv|pv|pv|pv,0.0,0,6,6,1
118594705,pv|pv|pv|pv|pv,75.0,0,5,1,1
118635428,pv|pv|pv|pv|pv,0.0,28,44,11,1
118639068,pv|pv|pv|pv|pv,285.0,4,0,1,0
118660140,pv|pv|fav|pv|pv,4065.0,0,0,0,0
118661338,pv|pv|pv|pv|pv,0.0,0,1,6,0
118693328,pv|pv|pv|pv|pv,0.0,0,0,2,0
118700439,pv|pv|pv|pv|pv,0.0,1,13,3,0
118710828,pv|cart|buy|pv|pv,0.0,1,20,5,1
118716181,pv|pv|pv|fav|pv,120.0,10,3,11,0
118741945,pv|pv|pv|pv|pv,0.0,0,0,0,0
118745234,pv|pv|pv|pv|pv,90.0,0,0,0,0
118767149,pv|pv|pv|pv|pv,7290.0,0,0,0,0
118770004,pv|pv|pv|pv|pv,0.0,63,24,16,0
118774009,pv|pv|pv|pv|pv,0.0,11,0,0,0
118779051,pv|pv|pv|pv|pv,0.0,3,7,0,0
118781454,cart|pv|pv|pv|pv,0.0,0,30,15,1
118802168,pv|fav|pv|pv|pv,0.0,13,5,9,0
118807074,pv|cart|pv|pv|pv,0.0,77,3,10,1
118814309,pv|pv|pv|pv|pv,0.0,2,20,9,1
118836508,pv|pv|pv|pv|pv,165.0,0,0,0,0
118839375,pv|pv|pv|pv|pv,0.0,2,83,8,1
118888496,pv|pv|pv|pv|pv,180.0,3,0,1,0
118911721,fav|pv|pv|pv|pv,240.0,21,1,10,0
118915419,pv|pv|pv|pv|pv,15.0,0,0,0,0
118960775,cart|pv|pv|pv|pv,750.0,1,15,19,0
118986002,pv|cart|pv|pv|cart,0.0,6,87,9,1
118994463,pv|pv|pv|pv|pv,15.0,0,0,0,0
118996710,pv|pv|pv|pv|pv,1410.0,1,1,5,0
119053698,pv|pv|pv|pv|pv,0.0,33,5,5,0
119084219,pv|pv|pv|pv|pv,0.0,0,55,10,0
119091459,pv|pv|pv|pv|pv,30.0,0,3,2,0
119092054,pv|pv|pv|pv|pv,90.0,0,18,8,1
119112558,pv|pv|pv|pv|pv,0.0,1,11,2,0
119113372,pv|pv|buy|pv|pv,0.0,0,45,18,1
119115304,pv|pv|pv|pv|pv,15.0,5,87,8,0
119121582,pv|pv|pv|pv|pv,0.0,39,8,18,0
119122882,pv|pv|pv|pv|pv,0.0,17,32,23,1
119125010,pv|pv|pv|pv|pv,0.0,0,0,0,0
119133751,pv|pv|pv|pv|pv,0.0,63,2,8,0
119137734,pv|pv|pv|pv|pv,0.0,0,94,7,1
119149297,pv|pv|pv|pv|pv,0.0,138,14,8,1
119157607,pv|pv|pv|pv|pv,0.0,3,10,7,0
119160278,pv|cart|fav|pv|pv,0.0,44,19,7,0
119168750,pv|pv|pv|pv|pv,0.0,0,0,1,0
119191477,pv|pv|pv|pv|pv,0.0,52,0,4,0
119257966,pv|pv|pv|pv|pv,0.0,1,28,5,1
119278510,fav|pv|buy|pv|pv,0.0,143,32,26,1
119318284,pv|pv|pv|pv|pv,0.0,15,7,4,0
119337753,pv|pv|pv|pv|pv,0.0,0,25,3,1
119373765,pv|pv|pv|pv|pv,0.0,0,1,2,0
119377973,pv|pv|pv|pv|pv,15.0,0,52,17,0
119389169,pv|pv|pv|pv|pv,45.0,1,23,4,0
119389676,pv|pv|pv|pv|pv,390.0,25,12,11,1
119401585,pv|pv|pv|pv|pv,45.0,1,57,40,1
119416849,pv|pv|pv|pv|pv,15.0,107,1,8,0
119432472,pv|pv|pv|pv|pv,1080.0,0,10,6,0
119470128,pv|pv|pv|pv|pv,0.0,0,1,3,0
119500931,pv|pv|pv|pv|cart,0.0,2,28,15,0
119510763,pv|pv|buy|pv|pv,0.0,0,0,5,0
119531521,pv|pv|pv|pv|pv,375.0,47,1,0,0
119536261,pv|pv|pv|pv|pv,135.0,2,1,5,0
119590306,pv|pv|pv|pv|pv,0.0,33,13,4,1
119613555,pv|pv|pv|pv|pv,0.0,4,2,2,0
119616442,pv|pv|pv|pv|pv,0.0,0,2,3,0
119622861,pv|pv|pv|pv|pv,0.0,1,1,1,1
119625026,pv|pv|pv|pv|pv,0.0,1,3,6,1
119627646,pv|pv|pv|pv|pv,0.0,6,66,30,1
119638820,pv|pv|pv|pv|pv,1410.0,0,3,0,0
119645898,pv|pv|pv|buy|pv,15.0,140,30,3,0
119652192,pv|pv|pv|pv|pv,0.0,190,96,22,1
119653720,pv|pv|pv|pv|cart,15.0,20,125,41,1
119661272,pv|pv|pv|pv|pv,0.0,0,4,4,0
119675939,pv|pv|pv|pv|pv,0.0,9,91,21,1
119680525,pv|pv|pv|pv|pv,0.0,0,21,6,0
119680979,pv|pv|pv|pv|pv,0.0,0,6,8,0
119681430,pv|pv|pv|pv|pv,0.0,259,51,21,1
119687214,pv|pv|pv|fav|pv,0.0,59,6,4,1
119687381,pv|pv|pv|pv|pv,0.0,0,0,0,0
119725932,pv|pv|pv|pv|pv,0.0,0,2,0,0
119732530,pv|pv|pv|pv|pv,60.0,0,6,5,0
119759842,pv|pv|pv|pv|pv,0.0,0,9,4,0
119765198,pv|pv|pv|pv|pv,0.0,1,6,2,1
119765398,pv|pv|pv|pv|pv,405.0,1,1,3,0
119773138,pv|pv|pv|pv|pv,0.0,5,0,8,0
119783832,pv|buy|pv|pv|pv,0.0,24,0,20,1
119793858,pv|pv|pv|pv|pv,0.0,78,15,4,1
119820357,pv|pv|pv|pv|pv,0.0,0,3,1,1
119836118,pv|pv|pv|pv|pv,1515.0,0,0,1,0
119841558,pv|pv|pv|pv|pv,0.0,1,4,1,1
119865308,pv|pv|pv|pv|pv,0.0,2,1,0,0
119879079,pv|pv|pv|pv|pv,0.0,35,70,19,1
119916622,pv|pv|pv|pv|pv,5670.0,1,2,6,1
119945707,pv|pv|pv|pv|pv,0.0,5,14,10,1
119949716,buy|pv|pv|buy|cart,0.0,0,13,4,0
119957219,pv|pv|pv|pv|pv,0.0,0,6,5,1
119990802,pv|pv|cart|pv|cart,0.0,55,118,17,1
120013837,pv|pv|pv|pv|pv,0.0,0,8,0,0
120038389,pv|pv|pv|pv|pv,0.0,0,10,0,0
120060551,pv|pv|pv|pv|pv,180.0,0,10,0,1
120078898,buy|pv|pv|pv|pv,810.0,0,12,11,1
120088923,pv|pv|pv|pv|pv,0.0,5,12,1,1
120142224,pv|pv|pv|pv|pv,600.0,0,2,6,0
120148968,pv|pv|pv|pv|pv,960.0,31,63,7,1
120154530,pv|pv|pv|pv|pv,135.0,1,14,6,1
120159915,pv|pv|pv|pv|pv,15.0,0,0,2,0
120169983,pv|pv|pv|pv|pv,0.0,0,0,0,0
120179448,pv|pv|pv|pv|pv,0.0,9,7,12,0
120193112,pv|pv|pv|pv|pv,0.0,6,15,0,0
120206620,pv|pv|pv|pv|pv,0.0,5,7,13,1
120212107,pv|pv|pv|pv|pv,0.0,0,7,0,0
120215742,pv|pv|pv|pv|pv,15.0,255,2,5,1
120305341,pv|cart|pv|pv|pv,0.0,0,162,28,1
120313286,pv|pv|pv|pv|pv,255.0,34,183,23,1
120321894,pv|pv|pv|pv|pv,150.0,118,6,8,1
120323515,fav|pv|pv|pv|pv,0.0,43,1,7,1
120329032,pv|pv|pv|pv|pv,0.0,84,39,12,1
120330409,pv|buy|pv|pv|pv,1020.0,2,22,10,0
120337889,pv|pv|pv|buy|buy,135.0,2,46,6,1
120346962,pv|pv|pv|fav|pv,15.0,25,28,17,1
120347417,pv|pv|pv|pv|pv,0.0,1,13,8,1
120371298,pv|pv|pv|pv|pv,0.0,18,1,3,0
120377968,cart|cart|pv|pv|pv,0.0,26,58,8,1
120378933,pv|pv|pv|pv|pv,0.0,18,114,16,1
120392116,pv|pv|pv|pv|pv,0.0,0,0,1,0
120416898,pv|pv|pv|pv|pv,0.0,26,0,9,0
120426603,pv|pv|pv|pv|pv,0.0,0,11,0,0
120433755,pv|pv|pv|pv|pv,90.0,161,48,13,1
120443445,pv|pv|pv|pv|pv,0.0,0,35,2,1
120447169,pv|pv|pv|pv|pv,0.0,0,9,4,0
120450577,pv|pv|pv|pv|pv,0.0,41,18,4,1
120455996,pv|pv|pv|pv|pv,270.0,10,19,3,0
120457819,pv|pv|pv|pv|pv,0.0,26,168,7,1
120512456,pv|pv|pv|pv|pv,0.0,16,0,0,0
120513537,pv|pv|pv|pv|pv,0.0,0,9,4,0
120520313,pv|pv|pv|pv|pv,3750.0,0,8,0,0
120530344,pv|pv|pv|pv|pv,0.0,35,2,2,0
120560904,pv|pv|pv|pv|pv,45.0,3,34,15,0
120594014,pv|pv|pv|pv|pv,0.0,59,45,18,1
120594609,pv|pv|buy|pv|pv,0.0,0,46,4,1
120609448,pv|pv|pv|pv|pv,0.0,0,10,2,1
120613535,pv|pv|pv|pv|pv,5085.0,1,0,0,0
120622797,pv|pv|pv|pv|pv,4320.0,0,0,0,0
120622810,pv|pv|pv|pv|pv,30.0,0,167,17,1
120644916,pv|pv|pv|pv|pv,0.0,0,0,0,0
120651840,pv|pv|pv|pv|pv,195.0,1,6,4,0
120662972,pv|pv|pv|pv|pv,0.0,2,40,9,0
120668928,pv|pv|pv|pv|pv,0.0,0,33,15,1
120682885,pv|cart|pv|pv|pv,0.0,1,6,6,0
120685346,pv|pv|pv|pv|pv,60.0,1,14,11,1
120698813,pv|pv|pv|pv|pv,90.0,1,22,7,1
120698986,pv|pv|pv|pv|pv,0.0,9,0,0,0
120717576,pv|pv|pv|pv|pv,2610.0,0,1,2,0
120777483,pv|pv|pv|pv|pv,1215.0,2,0,1,0
120812517,pv|pv|pv|pv|pv,1260.0,34,67,20,1
120818681,pv|pv|pv|pv|pv,0.0,6,1,2,0
120839939,pv|pv|pv|pv|pv,0.0,2,47,0,0
120841661,pv|pv|pv|pv|pv,60.0,0,2,2,0
120845902,pv|pv|pv|pv|pv,675.0,8,7,6,1
120852545,pv|cart|pv|pv|pv,0.0,47,55,19,1
120925583,pv|pv|pv|pv|cart,0.0,0,1,1,0
120927472,pv|pv|pv|pv|pv,735.0,0,5,0,0
120930204,pv|pv|pv|pv|pv,0.0,1,1,2,0
120938470,pv|pv|pv|pv|pv,15.0,1,1,1,0
120942715,pv|pv|pv|pv|pv,0.0,22,10,5,0
120962802,pv|pv|pv|pv|pv,0.0,47,10,23,1
120964894,pv|buy|pv|pv|pv,405.0,0,3,11,0
120977495,pv|pv|pv|pv|pv,0.0,12,8,11,1
120983136,pv|pv|pv|pv|pv,0.0,2,22,7,1
120986091,pv|pv|pv|pv|pv,0.0,178,31,31,1
120992701,pv|pv|pv|pv|pv,0.0,0,2,11,0
121000384,pv|pv|pv|pv|pv,0.0,15,42,15,1
121000755,pv|pv|pv|pv|pv,0.0,0,28,3,1
121006999,pv|fav|pv|pv|pv,0.0,6,2,13,1
121034306,pv|pv|pv|pv|pv,0.0,0,21,7,0
121036026,pv|pv|pv|pv|pv,75.0,5,0,1,0
121036377,pv|pv|pv|pv|pv,0.0,0,4,2,0
121055099,pv|pv|pv|pv|pv,0.0,3,12,5,1
121058789,pv|pv|pv|pv|cart,15.0,2,5,1,0
121064234,pv|pv|pv|pv|pv,15.0,12,5,2,1
121079854,pv|pv|pv|pv|pv,4080.0,0,0,0,0
121083008,pv|pv|cart|buy|pv,45.0,10,61,15,1
121085565,pv|pv|pv|pv|pv,0.0,0,39,9,1
121148622,pv|pv|pv|pv|pv,0.0,2,33,10,1
121148690,pv|fav|fav|pv|pv,0.0,109,3,10,1
121167820,pv|cart|pv|pv|pv,0.0,0,9,1,1
121185603,pv|pv|pv|pv|pv,0.0,2,8,7,0
121215883,pv|pv|pv|pv|pv,0.0,27,4,0,0
121240369,pv|pv|pv|pv|pv,705.0,10,11,9,1
121255158,pv|pv|pv|pv|pv,0.0,18,119,20,1
121262971,pv|pv|pv|pv|cart,15.0,0,6,0,0
121273095,buy|pv|pv|pv|pv,0.0,17,2,7,0
121306092,pv|pv|pv|pv|pv,0.0,129,270,30,1
121314594,cart|pv|pv|pv|pv,0.0,0,7,4,0
121325088,pv|pv|pv|pv|pv,0.0,16,1,0,0
121327008,pv|pv|pv|pv|pv,30.0,8,5,3,0
121339632,pv|pv|pv|pv|pv,0.0,1,8,8,1
121339853,pv|pv|pv|pv|pv,330.0,0,25,13,1
121357428,pv|pv|fav|pv|pv,0.0,13,10,8,0
121368242,pv|pv|pv|pv|pv,0.0,6,0,0,0
121395815,pv|pv|pv|pv|pv,600.0,0,0,1,0
121428573,pv|pv|pv|pv|pv,0.0,0,5,7,0
121456686,pv|pv|pv|pv|pv,0.0,1,17,9,1
121469302,pv|pv|pv|pv|pv,135.0,4,0,0,0
121474035,pv|pv|pv|pv|pv,0.0,0,0,0,0
121498660,pv|pv|pv|pv|pv,1320.0,0,5,2,0
121501586,pv|pv|pv|pv|pv,0.0,1,15,5,1
121528560,pv|pv|pv|pv|pv,0.0,51,38,16,1
121539441,pv|pv|pv|pv|pv,0.0,2,9,12,1
121550598,pv|pv|pv|pv|pv,0.0,0,5,5,0
121593952,pv|pv|pv|pv|pv,30.0,4,28,10,0
121632160,pv|pv|pv|pv|pv,0.0,41,3,11,0
121637419,pv|pv|cart|pv|pv,615.0,10,32,7,1
121639491,pv|pv|pv|pv|pv,0.0,0,25,2,0
121648342,pv|pv|pv|pv|pv,135.0,0,2,3,0
121675454,pv|pv|pv|pv|pv,0.0,0,0,0,0
121680466,pv|pv|pv|pv|pv,0.0,0,38,7,1
121687827,pv|pv|pv|pv|pv,0.0,0,0,5,0
121693940,pv|pv|pv|pv|pv,0.0,0,8,4,0
121704401,pv|pv|pv|pv|pv,0.0,0,0,1,0
121711639,pv|pv|pv|pv|pv,1485.0,0,4,6,0
121736351,pv|pv|pv|pv|pv,0.0,1,0,1,0
121752508,fav|pv|pv|pv|pv,0.0,83,0,0,0
121756245,pv|pv|pv|pv|pv,135.0,51,13,11,1
121773253,pv|pv|pv|pv|pv,0.0,1,22,13,0
121777817,pv|pv|pv|pv|pv,0.0,1,98,3,0
121782132,pv|pv|pv|pv|pv,0.0,47,0,15,0
121797288,pv|pv|pv|pv|pv,0.0,0,4,1,1
121814113,buy|pv|pv|pv|pv,0.0,18,37,5,1
121823128,pv|pv|pv|pv|cart,0.0,93,53,13,1
121886720,pv|pv|pv|pv|pv,0.0,0,0,0,0
121914104,pv|pv|pv|pv|pv,135.0,0,0,0,0
121933909,pv|pv|pv|pv|pv,0.0,0,0,1,0
121939330,pv|pv|pv|pv|pv,0.0,2,150,20,0
121948387,buy|pv|pv|pv|pv,0.0,0,12,15,1
121952115,pv|pv|pv|pv|pv,0.0,2,4,4,0
121970896,pv|pv|pv|pv|pv,0.0,16,0,1,0
121979409,pv|pv|pv|pv|pv,15.0,10,2,14,1
121984122,pv|pv|fav|pv|pv,255.0,24,11,6,1
121985878,pv|pv|pv|pv|pv,0.0,50,3,4,0
121986222,fav|pv|pv|pv|pv,0.0,8,6,8,1
122003638,pv|pv|pv|pv|pv,0.0,32,35,29,1
122021278,pv|pv|pv|pv|pv,0.0,19,0,2,0
122030046,pv|pv|pv|pv|pv,0.0,13,1,4,0
122036580,pv|pv|pv|pv|pv,60.0,1,31,8,1
122079464,pv|pv|pv|pv|fav,0.0,20,11,1,1
122081386,pv|pv|pv|pv|pv,75.0,1,24,6,0
122102339,pv|pv|pv|pv|pv,0.0,86,104,33,1
122127516,buy|cart|pv|buy|fav,0.0,5,2,2,1
122129011,pv|pv|pv|pv|cart,0.0,49,6,3,1
122129618,pv|pv|pv|pv|pv,0.0,7,6,9,0
122129755,pv|pv|pv|pv|pv,0.0,0,15,5,0
122136651,pv|pv|pv|pv|pv,405.0,79,2,5,0
122141696,pv|pv|pv|pv|pv,0.0,1,38,0,0
122150914,pv|pv|pv|pv|pv,0.0,146,47,9,0
122151307,pv|pv|pv|pv|pv,0.0,6,30,16,1
122169205,pv|pv|pv|pv|pv,15.0,1,3,3,0
122183715,pv|pv|pv|pv|pv,0.0,32,24,16,1
122195291,pv|pv|pv|pv|pv,0.0,3,37,9,0
122231018,pv|fav|pv|pv|pv,0.0,83,1,4,0
122231680,pv|pv|pv|pv|pv,0.0,2,21,5,1
122241072,pv|pv|pv|pv|pv,1050.0,1,10,4,1
122253338,buy|cart|pv|pv|pv,2535.0,0,0,1,0
122259561,pv|pv|pv|pv|pv,1305.0,1,3,1,0
122266056,pv|pv|pv|pv|pv,0.0,15,33,39,1
122269318,pv|pv|pv|pv|pv,0.0,0,42,0,0
122301567,buy|pv|pv|pv|pv,0.0,0,1,2,0
122304524,pv|pv|pv|pv|pv,120.0,0,5,9,0
122325961,pv|pv|pv|pv|pv,0.0,3,0,9,0
122330781,pv|pv|pv|pv|pv,0.0,0,0,0,0
122338823,pv|pv|pv|pv|pv,0.0,5,596,504,1
122372539,pv|pv|pv|pv|pv,0.0,1,6,14,1
122372687,pv|pv|pv|pv|pv,0.0,0,23,5,1
122372873,pv|pv|pv|pv|pv,0.0,0,5,1,0
122378590,pv|pv|pv|pv|pv,0.0,34,37,7,1
122382368,pv|pv|pv|pv|pv,1035.0,0,1,1,0
122383360,pv|pv|pv|pv|pv,0.0,15,2,1,0
122383497,pv|pv|pv|pv|pv,0.0,0,8,5,0
122388121,pv|pv|pv|pv|pv,15.0,3,143,12,1
122421140,pv|pv|pv|pv|pv,0.0,2,232,63,1
122430841,pv|pv|pv|pv|pv,0.0,131,43,11,1
122443173,buy|cart|pv|pv|pv,0.0,12,46,18,0
122447104,pv|pv|pv|pv|pv,0.0,3,71,0,0
122454259,pv|pv|pv|pv|pv,90.0,0,0,1,0
122458300,pv|pv|pv|pv|pv,0.0,0,0,5,0
122459019,pv|pv|pv|cart|buy,75.0,49,1,2,1
122462305,pv|pv|pv|pv|pv,0.0,69,35,26,1
122472982,pv|pv|pv|pv|pv,375.0,0,1,10,0
122474803,pv|pv|pv|pv|pv,0.0,0,12,6,0
122512765,pv|pv|pv|pv|pv,0.0,27,51,18,1
122566052,pv|pv|pv|pv|pv,0.0,0,2,1,0
122579585,pv|pv|pv|pv|pv,375.0,8,3,1,0
122679643,pv|pv|pv|pv|pv,0.0,20,35,27,1
122694692,pv|pv|pv|pv|pv,0.0,22,2,1,0
122721008,pv|pv|pv|pv|pv,0.0,106,40,8,1
122740147,pv|pv|pv|pv|pv,0.0,19,7,8,0
122740449,pv|pv|pv|pv|pv,0.0,0,0,1,0
122742392,pv|pv|pv|pv|pv,135.0,9,28,8,1
122779299,buy|pv|pv|pv|pv,0.0,0,12,10,0
122786384,pv|pv|pv|pv|pv,45.0,8,38,13,1
122803562,pv|pv|pv|pv|pv,0.0,0,11,1,0
122807268,pv|pv|pv|pv|pv,0.0,8,1,1,0
122807356,pv|pv|pv|pv|pv,0.0,0,4,0,0
122818954,pv|pv|pv|pv|pv,0.0,25,3,8,0
122822446,pv|pv|pv|pv|pv,0.0,90,52,24,1
122823587,pv|pv|pv|pv|pv,0.0,100,19,9,1
122834365,pv|pv|pv|pv|pv,360.0,1,0,2,0
122841371,pv|pv|pv|pv|pv,15.0,0,4,0,0
122850858,pv|pv|pv|pv|pv,435.0,0,10,5,1
122867103,pv|pv|pv|pv|pv,0.0,7,219,62,1
122871697,pv|pv|pv|pv|pv,15.0,0,4,1,0
122876959,pv|cart|pv|pv|cart,0.0,1,22,1,0
122885474,pv|pv|pv|pv|pv,0.0,0,19,11,0
122889226,pv|pv|pv|pv|cart,0.0,0,12,3,0
122895588,pv|pv|pv|pv|cart,0.0,0,12,2,0
122913404,pv|pv|pv|pv|pv,0.0,4,0,0,0
122915570,pv|pv|pv|cart|buy,195.0,27,6,6,1
122920831,pv|pv|pv|pv|pv,0.0,0,0,2,0
122921831,pv|pv|pv|pv|pv,15.0,0,0,1,0
122948572,pv|pv|pv|pv|pv,0.0,19,0,6,0
122990070,pv|buy|pv|pv|pv,0.0,1,34,22,1
123006501,pv|pv|pv|pv|pv,0.0,6,0,4,0
123006863,pv|pv|pv|pv|pv,0.0,0,185,31,1
123035338,pv|pv|pv|pv|pv,0.0,1,3,5,1
123036637,pv|pv|pv|pv|pv,90.0,0,10,3,1
123062624,pv|pv|pv|pv|pv,0.0,4,1,4,0
123063109,pv|pv|pv|pv|pv,0.0,1,0,4,0
123066341,pv|pv|pv|pv|pv,0.0,159,1,9,1
123082064,pv|pv|pv|pv|pv,0.0,0,1,1,0
123108236,pv|pv|pv|pv|pv,0.0,6,1,10,0
123118241,pv|pv|pv|pv|fav,0.0,9,3,5,0
123136413,pv|pv|pv|pv|pv,255.0,0,1,0,0
123140704,buy|pv|pv|pv|pv,990.0,0,2,4,0
123157899,pv|pv|pv|pv|fav,0.0,22,9,1,1
123188632,pv|pv|pv|pv|pv,0.0,4,45,20,1
123191883,pv|pv|cart|pv|pv,0.0,12,34,14,0
123216227,pv|pv|pv|pv|pv,0.0,0,0,0,0
123226008,pv|pv|pv|pv|pv,0.0,26,15,3,0
123227202,pv|pv|pv|pv|pv,15.0,11,143,33,1
123228922,pv|pv|pv|pv|pv,240.0,0,0,0,0
123237592,pv|pv|pv|pv|pv,960.0,14,23,2,1
123250328,pv|pv|pv|pv|pv,0.0,127,63,14,1
123257150,pv|pv|pv|pv|pv,225.0,1,17,9,1
123257288,pv|pv|pv|pv|cart,0.0,0,3,2,0
123257526,pv|pv|pv|pv|pv,600.0,7,13,6,1
123307150,pv|pv|pv|pv|pv,0.0,4,0,1,0
123326452,pv|pv|pv|pv|pv,0.0,37,0,0,0
123394263,pv|pv|pv|pv|pv,0.0,0,10,7,1
123395094,pv|pv|pv|pv|pv,0.0,0,59,1,0
123433447,cart|pv|pv|pv|pv,0.0,33,42,9,1
123442458,pv|pv|pv|pv|pv,735.0,10,5,5,0
123446005,pv|pv|pv|pv|pv,0.0,73,72,9,1
123450171,pv|pv|pv|pv|pv,30.0,7,125,26,1
123464110,pv|pv|pv|pv|pv,0.0,5,5,3,1
123542262,buy|cart|buy|pv|pv,690.0,0,11,5,1
123553065,pv|cart|pv|buy|pv,1665.0,2,2,6,1
123562447,pv|pv|pv|pv|pv,60.0,1,73,25,1
123562843,pv|pv|pv|pv|pv,690.0,0,5,2,0
123577855,pv|pv|pv|pv|pv,15.0,0,0,2,0
123588093,pv|buy|pv|pv|pv,45.0,0,0,2,0
123596663,pv|pv|pv|pv|pv,0.0,15,20,22,0
123620434,pv|pv|pv|buy|pv,3765.0,0,2,4,0
123631012,pv|buy|pv|pv|pv,2295.0,0,0,1,0
123679342,pv|pv|pv|pv|pv,495.0,4,2,1,0
123700872,pv|pv|pv|pv|pv,0.0,0,9,20,1
123701491,pv|pv|pv|pv|pv,15.0,1,2,7,0
123710751,pv|pv|cart|pv|pv,0.0,2,3,3,1
123746892,pv|pv|pv|pv|pv,0.0,0,5,0,0
123751545,pv|pv|pv|cart|pv,0.0,0,9,1,1
123790825,pv|pv|pv|pv|pv,0.0,0,0,0,0
123829617,pv|pv|pv|pv|pv,675.0,0,9,3,0
123842164,fav|pv|pv|pv|pv,0.0,116,347,326,1
123848007,pv|pv|pv|pv|pv,60.0,4,106,31,1
123848513,buy|pv|cart|pv|pv,0.0,204,38,32,1
123867870,pv|pv|pv|pv|pv,0.0,9,16,25,1
123869915,pv|pv|pv|pv|pv,345.0,1,2,2,0
123874325,pv|pv|pv|pv|pv,1020.0,0,2,3,0
123879519,pv|pv|fav|pv|pv,0.0,8,0,0,0
123889295,pv|pv|pv|pv|pv,0.0,95,13,14,1
123892536,pv|fav|pv|pv|pv,0.0,13,6,6,0
123899957,pv|pv|pv|pv|pv,0.0,5,0,0,0
123922959,pv|pv|pv|pv|pv,0.0,0,0,0,0
123930346,pv|pv|buy|cart|pv,645.0,0,14,4,1
123952685,pv|pv|pv|pv|pv,0.0,31,52,18,1
123958666,pv|pv|pv|pv|pv,420.0,0,9,6,1
123963959,pv|pv|pv|pv|pv,0.0,0,23,6,0
123969946,pv|pv|pv|pv|pv,1035.0,0,1,0,0
123978537,pv|pv|cart|buy|pv,30.0,0,7,4,1
123989115,pv|pv|buy|pv|pv,0.0,1,2,4,0
123995552,pv|pv|pv|pv|pv,0.0,84,30,6,1
124016530,pv|pv|pv|pv|pv,255.0,1,19,23,1
124052343,fav|pv|pv|fav|pv,0.0,25,0,6,1
124063835,pv|pv|pv|pv|cart,0.0,0,248,13,1
124070707,pv|pv|pv|pv|pv,0.0,0,0,0,0
124073716,pv|fav|pv|pv|pv,30.0,0,2,0,0
124080537,pv|pv|pv|pv|pv,0.0,0,2,2,0
124086011,pv|pv|pv|pv|pv,210.0,16,0,0,0
124093640,pv|pv|pv|pv|pv,30.0,0,3,3,0
124107376,pv|pv|pv|pv|pv,0.0,4,107,8,1
124128236,pv|pv|pv|pv|pv,840.0,0,7,0,0
124142179,pv|pv|pv|pv|pv,0.0,7,9,8,0
124161111,pv|pv|pv|pv|pv,0.0,0,20,23,1
124168749,pv|pv|pv|pv|pv,1110.0,10,0,7,1
124191041,pv|pv|pv|pv|pv,0.0,1,40,16,1
124196795,pv|pv|cart|pv|pv,15.0,0,10,10,1
124198625,pv|pv|pv|pv|pv,4200.0,0,0,3,0
124210329,pv|pv|pv|pv|pv,0.0,35,1,1,0
124217111,pv|pv|pv|pv|pv,0.0,1,4,4,0
124221192,pv|pv|pv|pv|pv,0.0,0,23,20,1
124230409,pv|pv|pv|pv|pv,0.0,0,0,3,0
124259296,pv|cart|pv|pv|pv,0.0,16,182,53,1
124261357,pv|pv|pv|pv|pv,30.0,3,47,5,0
124269975,pv|pv|pv|pv|pv,0.0,5,158,29,1
124291848,pv|pv|pv|pv|pv,0.0,177,129,24,1
124299878,pv|fav|pv|pv|pv,60.0,66,52,25,1
124303059,pv|pv|pv|pv|pv,0.0,11,105,18,1
124323271,pv|cart|cart|pv|pv,0.0,0,59,10,1
124382480,pv|pv|pv|pv|pv,15.0,1,0,3,0
124409414,pv|pv|pv|pv|pv,0.0,7,245,37,1
124506198,pv|pv|pv|pv|pv,0.0,0,0,3,0
124506934,pv|pv|pv|pv|pv,0.0,5,8,6,0
124540806,pv|pv|pv|pv|cart,0.0,0,6,0,1
124546232,pv|pv|fav|pv|pv,30.0,19,2,8,0
124559254,pv|buy|pv|pv|pv,0.0,0,8,15,0
124560028,pv|pv|pv|pv|pv,15.0,1,14,11,1
124561281,pv|pv|pv|pv|pv,0.0,194,16,7,1
124563826,pv|pv|pv|pv|pv,0.0,0,10,5,1
124600027,pv|pv|pv|pv|pv,15.0,9,2,9,1
124614349,fav|pv|pv|pv|pv,15.0,93,10,22,1
124615807,pv|pv|pv|pv|pv,0.0,1,47,13,1
124633651,pv|pv|pv|pv|pv,0.0,42,3,2,0
124640575,pv|pv|pv|pv|pv,0.0,14,4,0,0
124660415,pv|pv|pv|pv|pv,0.0,0,7,1,1
124660776,pv|pv|pv|pv|pv,0.0,2,11,7,0
124674826,pv|pv|pv|pv|pv,0.0,0,0,7,0
124692051,pv|pv|cart|pv|cart,120.0,3,17,2,0
124716557,pv|pv|pv|pv|pv,240.0,1,9,2,0
124719016,pv|pv|pv|pv|pv,0.0,21,20,13,1
124728821,pv|pv|pv|pv|pv,240.0,0,0,1,0
124729533,fav|pv|pv|pv|pv,0.0,9,13,3,1
124743027,pv|pv|pv|pv|pv,30.0,0,1,0,0
124755978,pv|buy|pv|pv|buy,0.0,44,10,6,1
124790821,pv|pv|pv|pv|pv,645.0,36,2,7,1
124793990,pv|pv|pv|pv|pv,0.0,2,0,7,0
124799559,pv|pv|pv|pv|pv,60.0,0,1,7,0
124804034,pv|pv|pv|pv|pv,1335.0,1,56,2,1
124822888,pv|pv|pv|pv|pv,945.0,4,1,1,0
124830295,pv|pv|pv|pv|pv,0.0,0,26,3,0
124832591,pv|pv|pv|pv|fav,450.0,18,16,7,0
124836406,pv|buy|pv|pv|pv,0.0,0,25,7,0
124849024,pv|pv|pv|pv|pv,1350.0,0,1,2,0
124856265,pv|pv|pv|pv|pv,45.0,3,16,9,0
124866567,pv|pv|pv|pv|pv,0.0,3,2,8,0
124875172,pv|pv|pv|pv|pv,15.0,2,36,14,1
124882030,pv|pv|pv|pv|buy,15.0,10,0,3,0
124890974,pv|pv|pv|pv|pv,705.0,0,1,1,0
124912719,pv|pv|pv|buy|pv,0.0,3,0,2,0
124926433,cart|cart|pv|pv|cart,0.0,0,232,14,1
124935727,pv|pv|pv|pv|pv,15.0,0,19,8,1
124941936,pv|pv|pv|pv|pv,105.0,0,1,3,1
124946491,pv|pv|pv|pv|pv,0.0,58,14,6,1
124959202,pv|pv|buy|pv|pv,30.0,1,6,7,1
124962693,pv|pv|pv|cart|cart,15.0,5,40,14,1
124980614,pv|pv|pv|pv|pv,0.0,1,17,0,0
124982206,buy|cart|buy|pv|pv,0.0,20,11,19,1
124992372,pv|pv|pv|pv|pv,0.0,7,217,22,1
125039447,pv|pv|pv|pv|pv,705.0,3,20,6,0
125042644,pv|pv|pv|pv|pv,225.0,36,87,23,1
125048047,cart|pv|pv|pv|cart,15.0,0,7,0,0
125064940,pv|pv|pv|pv|pv,15.0,1,25,4,0
125067299,pv|pv|pv|pv|pv,0.0,19,1,3,0
125070791,pv|pv|pv|pv|pv,0.0,0,12,17,1
125083491,pv|pv|pv|pv|pv,0.0,37,8,5,1
125110045,pv|pv|pv|pv|pv,0.0,0,179,40,1
125135169,pv|pv|pv|pv|pv,0.0,2,116,21,1
125141227,pv|pv|pv|pv|pv,0.0,22,35,1,1
125157200,pv|pv|pv|pv|pv,210.0,13,1,5,0
125186578,pv|pv|pv|pv|pv,2865.0,0,5,2,1
125193088,pv|pv|pv|pv|pv,0.0,17,20,13,0
125220499,fav|pv|pv|pv|pv,495.0,9,13,13,1
125225379,pv|pv|pv|pv|pv,0.0,0,0,0,0
125227357,pv|pv|pv|pv|buy,15.0,2,16,4,1
125253109,pv|pv|pv|pv|pv,0.0,14,4,8,0
125255404,pv|pv|pv|pv|pv,0.0,0,20,13,1
125293142,pv|pv|pv|pv|pv,0.0,2,25,10,0
125301071,pv|pv|pv|pv|pv,0.0,1,0,4,0
125309659,pv|pv|pv|pv|pv,1230.0,0,69,5,1
125313573,pv|pv|pv|pv|pv,0.0,0,0,3,0
125316855,pv|cart|pv|pv|pv,0.0,1,49,13,1
125368789,pv|pv|pv|pv|pv,0.0,42,31,5,1
125409680,pv|buy|pv|pv|pv,0.0,0,0,1,0
125411948,pv|pv|pv|pv|pv,0.0,225,352,23,1
125417828,pv|pv|pv|pv|pv,0.0,4,35,6,0
125441035,cart|pv|pv|cart|pv,0.0,1,31,9,1
125444720,pv|pv|pv|pv|pv,0.0,0,9,3,0
125455488,pv|pv|pv|pv|pv,0.0,16,0,1,0
125459343,pv|pv|pv|pv|pv,0.0,0,0,2,0
125467339,pv|pv|pv|pv|pv,60.0,0,2,1,0
125482009,pv|pv|pv|pv|pv,0.0,1,46,16,0
125493701,pv|pv|pv|pv|pv,15.0,1,3,6,0
125498107,pv|pv|pv|pv|pv,300.0,0,0,1,0
125520300,pv|pv|pv|pv|pv,45.0,0,0,0,0
125547509,pv|pv|pv|pv|pv,450.0,4,24,12,1
125572934,pv|pv|pv|pv|pv,30.0,0,8,3,1
125577545,pv|pv|pv|pv|pv,0.0,0,37,20,0
125601528,pv|pv|pv|pv|pv,0.0,0,0,0,0
125603258,pv|pv|pv|pv|pv,0.0,6,1,0,0
125615177,pv|pv|pv|pv|pv,240.0,0,4,3,0
125617065,pv|pv|pv|pv|pv,0.0,0,13,0,0
125628938,pv|pv|pv|pv|pv,0.0,0,0,0,0
125634150,fav|pv|pv|pv|pv,0.0,20,27,10,1
125651053,cart|pv|pv|pv|pv,0.0,0,90,4,1
125667859,pv|pv|pv|pv|pv,735.0,0,3,5,0
125759978,cart|pv|pv|pv|pv,2355.0,0,2,0,0
125776984,pv|pv|pv|pv|pv,0.0,0,46,25,1
125817021,pv|pv|pv|pv|pv,15.0,1,6,1,0
125820294,pv|pv|pv|pv|pv,5910.0,0,2,0,0
125823342,pv|pv|pv|pv|pv,15.0,310,246,3,0
125871688,pv|pv|fav|pv|pv,0.0,1,180,19,1
125871904,pv|pv|pv|pv|pv,0.0,3,70,29,1
125879991,pv|pv|pv|pv|pv,375.0,1,19,7,1
125889163,pv|pv|pv|pv|pv,15.0,0,2,3,0
125891448,pv|pv|pv|pv|pv,330.0,32,11,9,1
125908359,pv|pv|pv|pv|pv,0.0,28,4,3,0
125912657,pv|pv|pv|pv|pv,0.0,137,134,16,1
125935855,buy|pv|pv|pv|pv,75.0,32,9,5,1
125944918,pv|pv|pv|pv|pv,330.0,0,10,2,0
125988015,pv|pv|pv|pv|pv,540.0,0,28,7,1
125998841,pv|pv|pv|pv|pv,0.0,0,3,1,1
126004091,pv|pv|pv|pv|pv,0.0,32,1,0,1
126010230,pv|pv|pv|pv|pv,75.0,68,12,6,1
126014360,pv|pv|pv|pv|pv,0.0,31,4,10,0
126024699,pv|pv|pv|pv|pv,15.0,31,45,40,1
126025982,pv|pv|pv|pv|pv,0.0,21,9,6,1
126046148,pv|pv|pv|pv|pv,0.0,2,122,48,1
126054635,pv|pv|buy|pv|pv,0.0,0,5,3,0
126070926,pv|pv|pv|pv|pv,15.0,0,43,2,0
126077020,pv|pv|pv|pv|pv,15.0,0,4,6,0
126086100,buy|pv|pv|pv|pv,0.0,0,31,9,1
126094939,pv|pv|pv|pv|pv,0.0,1,7,11,1
126104947,buy|pv|pv|pv|pv,45.0,0,0,6,0
126143015,pv|pv|pv|cart|cart,0.0,80,256,41,1
126157375,pv|pv|pv|pv|pv,0.0,0,3,3,1
126192461,pv|pv|pv|pv|cart,0.0,1,151,33,1
126205267,pv|pv|pv|pv|pv,0.0,0,21,5,0
126205303,fav|pv|pv|pv|pv,0.0,76,11,11,0
126215864,pv|pv|pv|pv|pv,0.0,4,37,5,0
126270267,pv|pv|pv|pv|pv,0.0,9,10,1,0
126317702,pv|cart|buy|pv|pv,0.0,0,21,19,1
126323626,pv|pv|pv|pv|fav,0.0,30,38,4,1
126327630,pv|pv|pv|pv|pv,0.0,0,8,4,1
126328224,pv|pv|pv|pv|pv,0.0,5,0,1,0
126336907,pv|pv|pv|pv|pv,0.0,0,23,3,0
126360137,pv|pv|pv|pv|pv,0.0,0,9,3,0
126381859,pv|pv|pv|pv|pv,0.0,85,7,0,1
126385619,pv|pv|pv|pv|pv,15.0,0,1,1,0
126399162,pv|pv|pv|pv|pv,0.0,566,97,0,0
126403200,pv|cart|pv|pv|pv,285.0,3,4,5,0
126406308,pv|pv|pv|pv|pv,0.0,1,0,3,0
126412579,pv|pv|cart,0.0,0,1,0,0
126456827,pv|pv|pv|pv|pv,435.0,1,2,1,0
126485355,pv|pv|pv|pv|pv,0.0,2,1,2,0
126498373,pv|pv|pv|pv|pv,405.0,1,20,11,0
126498936,pv|pv|pv|pv|pv,435.0,0,8,6,1
126505815,pv|pv|pv|pv,7060.0,0,0,0,0
126544321,pv|fav|pv|pv|pv,645.0,12,34,12,1
126550215,pv|pv|pv|pv|pv,120.0,0,37,8,0
126551577,pv|pv|pv|pv|pv,90.0,0,11,2,0
126551956,pv|pv|pv|pv|pv,0.0,1,45,7,0
126555091,pv|pv|pv|pv|pv,15.0,5,0,1,0
126555406,pv|pv|pv|pv|pv,0.0,3,0,7,0
126557328,pv|pv|pv|pv|pv,1080.0,0,0,0,0
126576453,pv|pv|pv|pv|pv,0.0,0,6,9,1
126576552,pv|pv|pv|pv|pv,1350.0,32,3,11,1
126592405,pv|pv|pv|pv|pv,0.0,1,9,4,0
126596574,pv|pv|pv|pv|pv,15.0,0,0,2,0
126611664,pv|pv|pv|pv|pv,0.0,2,1,2,1
126663180,pv|pv|pv|pv|pv,0.0,0,5,0,0
126665202,pv|pv|pv|pv|pv,0.0,0,5,9,1
126666346,cart|pv|pv|pv|pv,375.0,0,13,1,0
126669454,pv|pv|pv|fav|pv,0.0,38,13,4,1
126683432,pv|pv|pv|pv|pv,0.0,4,0,0,0
126685028,pv|pv|pv|pv|pv,0.0,1,0,1,0
126690366,pv|pv|pv|pv|pv,0.0,13,36,24,1
126707482,pv|pv|pv|pv|fav,0.0,72,14,2,0
126707666,pv|pv|pv|pv|pv,0.0,0,16,16,1
126721630,pv|pv|pv|pv|pv,795.0,0,5,4,1
126735858,pv|cart|pv|pv|pv,15.0,0,7,5,1
126758793,pv|pv|pv|pv|pv,0.0,0,2,1,0
126761012,pv|pv|pv|pv|buy,0.0,4,14,8,0
126768074,pv|pv|pv|pv|pv,675.0,8,3,4,0
126784328,pv|pv|pv|pv|pv,0.0,291,27,12,1
126796809,pv|pv|pv|pv|pv,330.0,0,2,0,0
126808944,pv|pv|pv|pv|pv,0.0,0,3,6,0
126839170,buy|pv|pv|pv|pv,795.0,0,15,11,1
126862652,pv|pv|pv|pv|pv,0.0,26,5,3,1
126883251,pv|pv|pv|pv|pv,30.0,0,17,8,0
126884557,pv|pv|pv|pv|pv,0.0,7,0,0,0
126925524,pv|pv|pv|pv|pv,15.0,2,69,8,1
126940947,pv|pv|pv|pv|pv,0.0,3,1,9,0
126943639,pv|pv|pv|pv|pv,0.0,0,35,9,1
126951542,pv|pv|pv|pv|pv,0.0,0,0,1,0
126966556,pv|pv|pv|pv|pv,60.0,1,0,1,0
126968439,pv|pv|pv|pv|pv,0.0,0,6,0,0
126970629,pv|pv|pv|pv|pv,0.0,0,0,1,0
127020156,pv|pv|pv|pv|pv,510.0,0,4,4,0
127020436,pv|pv|pv|pv|pv,180.0,5,0,0,0
127025814,pv|buy|pv|pv|pv,0.0,73,16,7,0
127035270,cart|pv|pv|pv|pv,570.0,0,0,0,0
127071641,pv|pv|pv|fav|pv,0.0,29,11,12,1
127089112,pv|pv|pv|pv|pv,0.0,6,21,1,0
127097520,pv|pv|pv|pv|pv,0.0,0,0,1,0
127112658,pv|pv|pv|pv|pv,345.0,0,0,4,0
127130413,pv|pv|pv|pv|pv,0.0,8,54,12,0
127131314,pv|pv|pv|pv|pv,0.0,3,13,3,1
127142437,pv|pv|pv|pv|pv,0.0,1,14,2,0
127168253,pv|pv|pv|pv|pv,0.0,1,52,14,1
127219644,pv|pv|pv|pv|pv,0.0,0,22,15,0
127238930,pv|pv|pv|pv|pv,0.0,0,1,0,0
127311111,pv|pv|pv|pv|pv,0.0,1,97,10,0
127311966,pv|pv|pv|pv|pv,0.0,1,21,6,0
127312554,pv|pv|pv|pv|pv,0.0,0,0,0,0
127316852,pv|pv|pv|pv|pv,240.0,0,3,13,0
127336259,pv|pv|pv|pv|pv,30.0,7,6,18,1
127341390,pv|pv|pv|pv|pv,75.0,1,1,5,0
127377977,pv|pv|pv|pv|pv,105.0,47,22,4,1
127385366,pv|pv|pv|pv|pv,0.0,13,0,0,0
127395876,pv|pv|pv|pv|pv,675.0,4,44,11,1
127429787,pv|pv|pv|pv|pv,15.0,3,3,7,0
127437540,pv|pv|pv|pv|pv,0.0,0,0,3,0
127476105,pv|cart|pv|pv|pv,15.0,0,4,2,0
127479589,pv|pv|pv|pv|pv,0.0,1,2,5,0
127521344,pv|pv|pv|pv|pv,390.0,0,22,11,1
127524049,buy|pv|pv|cart|pv,0.0,2,135,54,1
127540574,pv|pv|pv|pv|pv,0.0,3,3,6,1
127552225,pv|pv|pv|pv|pv,0.0,7,1,4,0
127579158,pv|pv|pv|pv|pv,420.0,0,1,8,0
127584816,pv|pv|pv|pv|pv,0.0,1,0,0,0
127596499,pv|pv|pv|pv|pv,345.0,2,19,1,0
127599272,pv|pv|pv|pv|pv,0.0,4,2,2,0
127619887,pv|pv|pv|pv|pv,0.0,508,53,16,1
127641352,pv|pv|pv|pv|pv,0.0,0,6,0,0
127641845,pv|pv|pv|pv|pv,0.0,8,1,4,0
127654834,pv|pv|pv|pv|pv,105.0,2,28,14,1
127660246,pv|pv|buy|pv|pv,0.0,0,9,8,0
127666689,pv|pv|pv|pv|pv,15.0,1,18,5,1
127668936,pv|pv|pv|cart|cart,0.0,61,30,23,1
127691807,pv|pv|pv|pv|pv,0.0,0,19,18,1
127698085,pv|pv|pv|pv|pv,0.0,39,178,28,1
127701396,pv|pv|pv|pv|pv,765.0,3,0,0,0
127712668,pv|pv|pv|pv|pv,135.0,10,5,14,1
127719617,pv|pv|pv|pv|pv,1530.0,1,0,0,0
127760767,pv|pv|pv|pv|pv,0.0,1,5,6,1
127771332,pv|pv|pv|pv|pv,375.0,0,5,7,0
127779869,buy|pv|pv|pv|pv,405.0,0,2,6,0
127795742,pv|pv|pv|pv|pv,0.0,36,6,4,0
127806965,pv|pv|pv|pv|pv,0.0,0,5,3,0
127825359,pv|pv|pv|pv|pv,0.0,2,50,14,1
127896334,pv|pv|pv|cart|pv,15.0,1,44,10,1
127909205,pv|pv|pv|pv|pv,15.0,35,72,1,1
127914444,pv|pv|pv|pv|pv,0.0,0,1,0,0
127917062,pv|pv|pv|pv|pv,0.0,22,1,3,1
127935117,pv|pv|pv|pv|pv,0.0,0,0,3,0
127939985,pv|pv|pv|pv|pv,0.0,22,6,4,1
127946843,pv|pv|pv|pv|pv,0.0,1,1,10,0
127958351,pv|pv|pv|pv|pv,90.0,47,21,23,1
127960676,pv|buy|pv|pv|pv,15.0,0,0,1,0
127973228,pv|pv|pv|pv|pv,0.0,16,21,5,1
128002749,pv|pv|pv|pv|pv,15.0,82,16,3,1
128009906,pv|pv|pv|pv|pv,0.0,24,1,10,0
128039265,pv|pv|pv|pv|pv,0.0,29,25,4,1
128050388,pv|pv|pv|pv|pv,0.0,2,29,13,1
128052603,pv|pv|pv|pv|pv,45.0,0,0,10,0
128055612,pv|cart|cart|buy|cart,0.0,7,381,64,1
128059164,pv|pv|pv|pv|pv,15.0,0,74,6,1
128066004,pv|pv|pv|pv|pv,165.0,53,18,3,0
128081640,pv|pv|pv|pv|pv,255.0,0,15,3,1
128090856,pv|pv|pv|pv|pv,60.0,0,27,12,1
128104640,pv|pv|pv|pv|pv,0.0,0,2,0,0
128108757,pv|pv|pv|pv|pv,0.0,4,5,1,1
128120137,pv|pv|pv|pv|pv,0.0,29,18,13,0
128132115,pv|pv|pv|fav|pv,0.0,2,5,0,0
128135959,pv|pv|pv|pv|pv,285.0,40,69,31,1
128140192,pv|pv|pv|pv|pv,0.0,0,0,4,0
128161862,pv|pv|pv|pv|pv,0.0,3,2,19,1
128172519,pv|fav|pv|pv|pv,0.0,7,41,16,0
128177124,pv|pv|pv|pv|pv,0.0,14,2,2,0
128180595,buy|pv|pv|pv|pv,0.0,2,91,15,1
128197330,pv|pv|pv|pv|pv,1125.0,0,28,1,0
128213972,pv|pv|pv|pv|pv,105.0,87,15,13,1
128217950,pv|pv|pv|pv|pv,0.0,5,18,3,0
128230647,pv|pv|pv|pv|pv,0.0,33,0,2,1
128246403,cart|pv|pv|pv|pv,0.0,2,152,25,1
128265537,pv|pv|pv|pv|pv,0.0,0,0,2,0
128268006,pv|pv|pv|pv|pv,750.0,0,11,5,1
128289511,cart|cart|pv|pv|pv,0.0,7,162,7,1
128323172,pv|pv|pv|pv|pv,0.0,0,0,1,0
128372503,pv|pv|pv|pv|pv,1050.0,0,1,1,1
128394404,pv|pv|pv|pv|pv,255.0,0,0,4,0
128396032,cart|pv|pv|pv|pv,0.0,2,53,21,0
128397777,pv|pv|pv|pv|pv,0.0,26,7,9,1
128452938,pv|pv|pv|pv|pv,0.0,0,19,1,0
128476994,pv|pv|pv|fav|pv,0.0,75,62,43,1
128500027,pv|pv|pv|pv|pv,0.0,35,0,6,0
128514431,pv|pv|pv|pv|pv,0.0,0,25,6,0
128519267,pv|pv|pv|pv|pv,45.0,3,47,35,1
128519725,pv|pv|pv|pv|pv,0.0,13,14,7,0
128521783,pv|cart|pv|pv|pv,0.0,50,200,24,1
128576282,pv|pv|pv|pv|pv,0.0,1,19,5,0
128578278,pv|pv|pv|pv|pv,0.0,20,2,3,0
128589059,pv|pv|pv|pv|pv,0.0,57,11,4,1
128613595,pv|pv|pv|pv|pv,0.0,0,16,1,1
128637327,pv|pv|pv|pv|pv,0.0,31,1,0,1
128671783,pv|pv|pv|pv|pv,0.0,68,16,12,1
128675125,pv|pv|pv|pv|pv,135.0,10,17,10,0
128699245,pv|pv|pv|pv|pv,45.0,21,0,4,0
128719503,pv|pv|pv|pv|pv,0.0,0,5,2,1
128728507,pv|pv|pv|pv|pv,615.0,0,3,1,1
128733919,pv|pv|pv|pv|pv,0.0,0,49,16,1
128814993,pv|pv|pv|pv|pv,30.0,0,0,4,0
128823983,pv|pv|pv|pv|pv,0.0,11,2,3,0
128826910,cart|pv|pv|pv|pv,15.0,0,13,3,1
128838543,pv|pv|pv|pv|pv,165.0,2,9,10,1
128851538,pv|pv|pv|pv|pv,0.0,0,6,5,1
128861920,pv|pv|pv|pv|pv,75.0,12,22,10,1
128865557,pv|cart|pv|pv|pv,75.0,0,5,2,0
128867621,pv|pv|pv|pv|pv,0.0,3,25,9,1
128878698,pv|pv|pv|pv|pv,0.0,55,37,22,1
128900202,pv|pv|pv|pv|pv,15.0,0,0,5,0
128914790,pv|fav|pv|pv|pv,0.0,13,3,7,1
128929741,pv|pv|pv|pv|pv,0.0,2,0,4,0
128941078,pv|pv|pv|pv|pv,0.0,0,0,3,0
128960133,pv|pv|pv|pv|pv,0.0,61,254,55,1
128967101,pv|pv|pv|pv|pv,0.0,0,13,5,0
128969098,pv|pv|pv|pv|pv,0.0,27,84,33,1
128992470,pv|pv|cart|pv|pv,15.0,1,14,0,0
128997569,pv|pv|pv|cart|pv,0.0,0,19,3,0
129011195,pv|pv|pv|pv|pv,0.0,54,3,8,1
129022531,pv|pv|pv|pv|cart,30.0,1,1,4,0
129029482,pv|pv|pv|pv|pv,0.0,3,8,2,0
129039779,pv|pv|pv|pv|pv,0.0,1,1,0,0
129046432,pv|pv|pv|pv|pv,285.0,2,10,2,0
129070018,pv|pv|pv|pv|pv,90.0,5,1,2,0
129072372,pv|pv|cart|pv|pv,60.0,76,31,8,1
129072827,pv|pv|pv|pv|pv,0.0,0,14,10,1
129073019,cart|buy|cart|cart|pv,0.0,0,0,0,0
129076681,pv|pv|pv|pv|pv,0.0,2,1,9,0
129082819,pv|pv|pv|pv|pv,0.0,1,2,1,0
129141421,pv|pv|pv|pv|pv,0.0,1,13,4,0
129157768,pv|buy|cart|buy|buy,30.0,13,2,7,1
129177653,pv|pv|pv|pv|pv,0.0,0,1,0,0
129189293,pv|pv|pv|pv|pv,0.0,1,16,7,0
129191119,fav|pv|pv|pv|fav,0.0,66,4,14,0
129226331,pv|pv|pv|pv|pv,1800.0,42,18,7,1
129235379,pv|pv|pv|pv|pv,105.0,0,6,2,1
129236851,pv|pv|pv|pv|pv,0.0,0,52,0,0
129258298,pv|pv|pv|pv|pv,0.0,0,1,2,0
129265493,pv|pv|pv|cart|pv,15.0,2,22,3,1
129288665,cart|pv|pv|pv|pv,0.0,0,34,2,0
129303952,pv|cart|pv|pv|cart,0.0,0,37,9,1
129308119,pv|pv|pv|pv|pv,675.0,0,6,7,1
129316424,pv|pv|pv|pv|pv,0.0,0,4,2,0
129332364,pv|pv|pv|pv|pv,0.0,0,2,0,0
129333920,pv|fav|pv|pv|pv,0.0,9,0,3,0
129344577,pv|pv|pv|pv|pv,495.0,0,0,1,0
129377104,fav|pv|fav|pv|pv,0.0,202,69,37,1
129489291,cart|pv|pv|pv|pv,0.0,8,129,25,1
129516472,pv|pv|pv|pv|pv,60.0,1,14,7,1
129525953,pv|pv|pv|pv|pv,15.0,0,7,8,1
129527037,pv|pv|pv|pv|pv,15.0,7,4,10,0
129528383,pv|pv|pv|pv|pv,0.0,2,7,6,0
129533061,pv|pv|pv|pv|pv,0.0,0,1,5,0
129535209,pv|pv|pv|pv|pv,0.0,1,4,4,1
129543456,pv|pv|pv|pv|pv,0.0,6,2,7,0
129545728,pv|pv|pv|pv|pv,0.0,0,0,0,0
129558614,pv|pv|pv|pv|pv,0.0,114,106,1,0
129572489,pv|fav|pv|pv|pv,225.0,8,3,1,0
129583911,pv|pv|pv|pv|pv,0.0,5,0,2,0
129589867,pv|pv|pv|pv|pv,0.0,0,0,0,0
129646723,cart|pv|pv|cart|pv,0.0,0,20,0,0
129675564,pv|pv|pv|pv|pv,0.0,0,3,3,0
129676722,pv|pv|pv|pv|pv,75.0,29,3,5,0
129685421,pv|pv|pv|pv|pv,15.0,0,59,44,1
129706841,pv|pv|pv|pv|buy,15.0,0,1,6,1
129731705,pv|pv|pv|pv|pv,0.0,16,93,16,1
129809988,pv|pv|pv|pv|pv,0.0,8,25,2,1
129811530,pv|pv|pv|pv|pv,210.0,15,28,7,1
129814737,pv|pv|pv|pv|pv,1260.0,0,7,4,0
129822096,pv|pv|pv|pv|pv,0.0,7,1,1,0
129843235,pv|pv|pv|pv|fav,0.0,18,0,0,0
129860246,pv|pv|pv|pv|pv,0.0,12,2,5,1
129873757,pv|pv|pv|pv|pv,0.0,2,9,5,0
129878874,pv|pv|pv|pv|pv,30.0,67,9,7,1
129894791,pv|pv|pv|pv|pv,0.0,1,20,11,0
129903163,pv|pv|pv|pv|pv,0.0,11,165,56,1
129915492,pv|pv|pv|pv|pv,0.0,1,4,2,0
129922025,pv|pv|pv|pv|pv,15.0,118,47,17,1
129928146,pv|pv|pv|pv|pv,0.0,23,0,2,0
129984624,pv|pv|pv|pv|pv,75.0,0,1,1,0
129998972,cart|pv|pv|pv|pv,60.0,0,7,3,0
130000301,pv|cart|buy|buy|cart,615.0,0,4,0,0
130011402,pv|pv|pv|pv|pv,0.0,0,15,3,0
130024029,pv|pv|pv|pv|pv,105.0,2,22,4,1
130031214,pv|pv|pv|pv|pv,0.0,0,25,8,1
130040744,pv|pv|pv|pv|pv,180.0,20,13,4,1
130041655,pv|cart|pv|buy|buy,15.0,58,293,26,1
130068403,pv|pv|pv|pv|pv,0.0,12,3,3,0
130070214,pv|pv|pv|pv|pv,15.0,0,7,0,0
130079327,pv|pv|pv|pv|pv,0.0,0,15,7,1
130079335,pv|cart|pv|pv|pv,0.0,0,6,4,0
130082553,pv|pv|pv|pv|pv,0.0,0,1,0,0
130107482,pv|pv|pv|pv|pv,0.0,0,0,0,0
130125431,pv|pv|pv|pv|pv,0.0,3,10,5,0
130132447,pv|pv|pv|pv|pv,0.0,7,71,26,1
130134707,pv|pv|pv|pv|pv,0.0,1,11,8,1
130139823,pv|pv|pv|pv|pv,0.0,0,23,0,0
130201914,pv|pv|pv|pv|pv,0.0,0,1,0,0
130216411,pv|pv|pv|pv|pv,0.0,3,23,8,0
130242045,pv|cart|pv|pv|pv,60.0,0,3,1,0
130260577,pv|pv|pv|cart|pv,135.0,0,10,1,0
130265990,pv|pv|pv|pv|pv,0.0,4,6,1,0
130270245,pv|pv|pv|fav|pv,0.0,542,162,10,1
130283517,pv|pv|pv|pv|pv,0.0,14,0,1,0
130289104,pv|pv|pv|pv|pv,0.0,0,6,5,0
130313708,pv|pv|pv|pv|cart,225.0,0,3,6,0
130314976,pv|pv|pv|pv|pv,0.0,34,7,10,0
130317446,buy|pv|pv|buy|pv,0.0,38,99,17,1
130334651,pv|pv|pv|pv|pv,255.0,1,1,0,0
130346118,pv|pv|pv|pv|pv,0.0,14,18,16,1
130347983,pv|pv|pv|pv|pv,45.0,30,10,4,0
130354103,pv|pv|pv|pv|pv,75.0,0,5,8,1
130368376,pv|pv|pv|pv|pv,0.0,0,1,2,0
130400029,pv|pv|pv|pv|pv,0.0,1,23,13,1
130457432,pv|pv|pv|pv|pv,0.0,10,5,0,0
130461158,pv|pv|pv|fav|pv,0.0,19,7,1,0
130461388,pv|pv|pv|pv|pv,360.0,0,0,2,0
130462468,pv|pv|pv|pv|pv,0.0,0,1,1,0
130497558,buy|pv|pv|pv|pv,0.0,10,69,11,1
130498110,pv|pv|pv|pv|pv,0.0,36,2,5,0
130499060,pv|cart|cart|pv|pv,0.0,5,71,11,1
130528059,pv|pv|pv|pv|pv,0.0,0,0,0,0
130529975,pv|buy|pv|pv|pv,180.0,5,85,16,0
130540064,pv|pv|pv|pv|cart,0.0,217,70,2,0
130540609,pv|pv|pv|pv|pv,150.0,0,0,0,0
130547450,pv|pv|pv|pv|pv,0.0,184,49,16,0
130567891,pv|pv|pv|pv|pv,0.0,2,39,17,0
130572539,cart|pv|pv|pv|pv,0.0,13,10,12,0
130573524,pv|pv|pv|pv|pv,3240.0,0,1,1,0
130576689,pv|pv|pv|pv|pv,0.0,62,40,37,1
130594670,pv|pv|pv|pv|pv,0.0,1,35,7,1
130620874,pv|pv|cart|buy|buy,30.0,14,113,19,1
130625319,pv|pv|pv|pv|cart,0.0,0,2,3,0
130638372,pv|pv|pv|pv|pv,0.0,1,2,8,0
130688344,pv|pv|pv|pv|pv,1275.0,1,0,3,0
130688646,pv|pv|buy|pv|pv,210.0,0,6,4,0
130701117,pv|pv|pv|pv|pv,0.0,4,11,4,0
130739831,pv|pv|pv|pv|pv,0.0,9,11,7,1
130743379,pv|pv|pv|cart|cart,0.0,0,6,1,0
130765659,pv|pv|pv|pv|pv,435.0,0,2,1,1
130766413,pv|pv|pv|pv|pv,15.0,1,5,0,0
130796999,pv|pv|pv|pv|pv,60.0,0,2,0,0
130806899,pv|pv|pv|pv|pv,0.0,2,87,15,0
130820048,pv|pv|pv|pv|pv,0.0,0,9,10,1
130831293,pv|pv|pv|pv|pv,330.0,0,5,7,0
130844739,pv|pv|pv|pv|cart,0.0,1,55,27,0
130862398,pv|pv|pv|pv|pv,1020.0,0,8,4,1
130868549,pv|pv|pv|pv|pv,15.0,0,5,4,0
130876256,pv|buy|pv|cart|pv,0.0,0,1,3,0
130882473,pv|pv|pv|pv|pv,3705.0,0,0,0,0
130890986,pv|pv|pv|pv|pv,30.0,0,0,1,0
130894601,pv|pv|pv|pv|pv,0.0,2,11,6,0
130897289,pv|pv|pv|pv|pv,0.0,2,95,6,1
130946680,pv|pv|pv|pv|pv,30.0,45,11,4,0
130946866,pv|pv|pv|pv|pv,0.0,0,6,0,0
130972559,pv|pv|pv|pv|pv,0.0,17,11,6,0
130987421,pv|pv|pv|cart|pv,0.0,1,32,22,1
130998493,pv|pv|pv|pv|pv,30.0,0,14,5,1
131021395,pv|pv|pv|pv|pv,0.0,7,7,6,0
131035236,pv|pv|pv|pv|pv,0.0,9,18,6,1
131040203,pv|pv|pv|pv|pv,195.0,1,46,6,1
131053983,pv|fav|pv|pv|pv,0.0,2,2,5,0
131096833,pv|pv|pv|pv|fav,0.0,5,0,0,0
131097518,pv|pv|pv|pv|pv,420.0,0,5,12,1
131112654,pv|pv|pv|pv|pv,330.0,26,20,26,1
131153046,pv|pv|pv|buy|pv,1815.0,6,1,2,0
131193444,pv|pv|pv|pv|pv,675.0,0,19,4,0
131201465,pv|pv|cart|pv|pv,0.0,0,52,2,1
131228564,pv|pv|pv|pv|pv,0.0,0,1,1,0
131231135,pv|pv|pv|pv|pv,75.0,0,30,13,1
131240843,pv|pv|pv|pv|pv,30.0,0,9,1,0
131254719,cart|buy|buy|buy|buy,15.0,0,121,15,1
131271151,pv|pv|pv|pv|pv,165.0,3,0,0,0
131275408,pv|pv|pv|pv|pv,0.0,0,115,25,0
131281998,pv|pv|pv|pv|pv,0.0,4,0,4,0
131283302,pv|pv|pv|pv|pv,15.0,86,33,24,1
131283996,pv|pv|pv|pv|pv,450.0,0,8,2,0
131293826,pv|pv|pv|pv|pv,15.0,4,1,5,1
131302242,pv|pv|cart|pv|pv,30.0,0,28,24,1
131303989,pv|pv|pv|pv|pv,45.0,1,14,7,1
131308801,pv|pv|pv|pv|pv,1485.0,0,4,0,0
131310532,pv|pv|pv|pv|pv,0.0,5,7,2,1
131318750,pv|pv|pv|pv|buy,720.0,26,15,6,0
131344898,pv|pv|pv|pv|pv,120.0,23,101,14,1
131347168,pv|pv|pv|pv|pv,105.0,0,2,0,0
131354626,pv|pv|pv|pv|pv,1140.0,0,0,2,0
131359754,pv|pv|pv|cart|pv,0.0,0,12,9,1
131369783,pv|pv|pv|pv|pv,15.0,0,2,0,0
131405782,pv|pv|pv|pv|pv,0.0,5,30,10,1
131424381,pv|pv|pv|pv|pv,15.0,0,11,2,1
131439469,pv|pv|pv|pv|pv,2055.0,0,0,3,0
131449826,pv|pv|pv|pv|pv,0.0,37,27,15,1
131466845,pv|buy|buy|pv|pv,30.0,113,4,15,1
131472598,pv|pv|pv|pv|pv,15.0,255,31,14,1
131494546,fav|fav|pv|pv|fav,0.0,19,10,11,0
131504487,pv|pv|pv|pv|pv,0.0,2,146,23,1
131506912,pv|pv|pv|pv|pv,0.0,14,6,6,0
131514258,pv|pv|pv|pv|pv,135.0,73,17,43,1
131534140,pv|pv|pv|pv|pv,225.0,8,91,4,1
131538712,pv|pv|pv|pv|pv,0.0,0,197,23,1
131554806,pv|pv|pv|pv|pv,0.0,4,1,1,0
131563223,pv|pv|pv|cart|buy,105.0,0,63,15,1
131565054,pv|pv|pv|cart|pv,0.0,1,9,1,0
131566572,pv|pv|pv|pv|pv,360.0,1,16,0,0
131570651,pv|pv|pv|pv|pv,0.0,0,29,5,0
131572425,pv|pv|pv|pv|pv,0.0,0,0,0,0
131573117,pv|pv|pv|pv|pv,0.0,181,171,15,1
131595557,pv|pv|pv|pv|pv,15.0,4,0,0,0
131595891,pv|pv|pv|cart|pv,0.0,0,23,14,0
131596907,pv|pv|pv|pv|pv,30.0,7,19,11,1
131612590,pv|pv|pv|pv|pv,15.0,0,0,8,0
131631344,pv|pv|pv|pv|pv,30.0,0,0,1,0
131637785,pv|pv|pv|pv|pv,75.0,2,68,13,0
131646739,pv|pv|pv|cart|pv,0.0,2,30,8,1
131662415,pv|pv|buy|pv|pv,0.0,7,0,6,0
131666031,pv|pv|pv|pv|pv,0.0,0,8,4,1
131670570,pv|pv|pv|pv|pv,0.0,32,53,10,1
131681471,pv|pv|pv|pv|pv,0.0,1,1,1,0
131682069,pv|pv|pv|pv|pv,675.0,0,0,6,0
131695311,pv|pv|pv|pv|pv,0.0,1,29,3,1
131696808,pv|pv|pv|pv|pv,0.0,0,3,1,0
131701813,pv|pv|pv|pv|pv,0.0,1,19,9,1
131702468,pv|pv|pv|pv|pv,0.0,0,176,14,1
131719920,pv|pv|pv|pv|pv,30.0,8,5,14,1
131743040,pv|pv|pv|pv|pv,600.0,0,0,1,0
131766510,pv|pv|pv|pv|cart,45.0,0,7,4,0
131767978,pv|pv|pv|pv|pv,0.0,12,2,7,0
131785898,pv|pv|cart|cart|cart,0.0,2,186,2,1
131787268,pv|pv|pv|pv|pv,0.0,27,44,16,1
131790847,pv|pv|pv|pv|pv,0.0,53,8,14,0
131826831,pv|pv|pv|pv|pv,0.0,5,0,2,0
131829621,pv|pv|pv|pv|pv,0.0,0,30,17,1
131851410,pv|pv|pv|pv|pv,0.0,1,86,6,1
131881789,pv|pv|pv|pv|pv,0.0,1,11,2,0
131890544,pv|pv|pv|pv|pv,0.0,0,8,6,0
131903746,pv|pv|pv|pv|pv,15.0,0,20,9,0
131917996,pv|pv|pv|pv|pv,0.0,8,29,0,1
131930045,pv|pv|pv|pv|pv,0.0,44,81,21,1
131932310,pv|pv|pv|cart|pv,210.0,0,57,16,1
131959781,pv|pv|fav|pv|pv,0.0,55,51,11,1
131961100,pv|pv|pv|pv|pv,0.0,1,5,6,0
131962004,pv|pv|pv|pv|pv,0.0,6,12,3,0
131965938,pv|pv|pv|pv|pv,75.0,8,3,2,1
131997583,pv|pv|pv|pv|pv,0.0,2,18,3,0
132019582,pv|pv|fav|pv|pv,0.0,11,10,10,1
132039263,pv|pv|pv|pv|pv,510.0,5,0,4,0
132048401,pv|pv|pv|pv|pv,0.0,1,87,31,1
132057506,pv|pv|pv|pv|pv,0.0,23,163,23,1
132058405,pv|pv|pv|pv|pv,0.0,49,16,10,1
132061340,pv|pv|pv|pv|pv,60.0,125,21,13,1
132063494,pv|pv|pv|cart|pv,510.0,7,8,6,0
132125936,buy|buy|pv|buy|buy,0.0,3,58,8,1
132155086,pv|pv|pv|pv|pv,15.0,82,25,2,0
132156365,buy|pv|pv|pv|pv,225.0,1,39,10,1
132203237,buy|buy|buy|cart|buy,0.0,74,189,37,1
132203647,pv|pv|pv|pv|pv,0.0,23,20,6,0
132210450,pv|pv|pv|pv|pv,0.0,27,23,27,1
132223788,pv|pv|pv|pv|pv,0.0,0,12,2,0
132229788,pv|pv|pv|pv|pv,0.0,1,4,9,0
132231447,cart|pv|pv|pv|pv,15.0,1,30,8,1
132233475,pv|pv|pv|pv|pv,915.0,0,18,2,1
132252054,pv|pv|pv|pv|pv,0.0,2,1,2,0
132285491,pv|cart|pv|fav|pv,0.0,21,103,11,1
132297101,pv|pv|pv|pv|pv,0.0,0,15,5,0
132297842,pv|pv|pv|cart|pv,0.0,0,4,3,0
132308943,pv|pv|pv|pv|pv,0.0,22,80,39,1
132321221,pv|pv|pv|cart|pv,255.0,5,11,3,1
132323947,pv|pv|pv|pv|pv,30.0,33,62,14,1
132326665,pv|pv|pv|pv|pv,15.0,3,13,2,0
132347980,pv|pv|pv|pv|pv,300.0,0,12,13,0
132368806,pv|pv|cart|pv|pv,0.0,4,17,5,1
132379480,pv|pv|pv|pv|pv,15.0,2,8,8,1
132397628,pv|pv|pv|pv|pv,345.0,22,4,9,0
132399646,pv|pv|pv|pv|pv,1335.0,0,1,0,0
132420118,pv|pv|pv|pv|pv,60.0,34,151,8,1
132455644,pv|pv|pv|pv|pv,0.0,9,1,4,0
132469710,pv|pv|pv|pv|pv,0.0,27,8,3,1
132509354,pv|pv|pv|pv|pv,0.0,0,23,0,0
132521601,pv|pv|buy|pv|pv,0.0,0,8,4,0
132540273,pv|pv|pv|pv|pv,0.0,0,20,4,0
132564529,pv|pv|pv|pv|pv,0.0,1,63,3,0
132575491,pv|pv|pv|pv|pv,45.0,1,2,0,0
132579775,pv|pv|pv|pv|pv,15.0,1,16,6,1
132590261,pv|pv|pv|cart|pv,180.0,25,6,7,1
132614507,pv|pv|pv|cart|pv,0.0,0,10,9,0
132614903,pv|pv|pv|pv|pv,60.0,0,16,17,0
132617033,pv|pv|pv|pv|pv,180.0,40,73,33,1
132627681,pv|pv|pv|pv|pv,0.0,70,3,2,1
132646666,pv|pv|pv|pv|pv,0.0,62,2,2,1
132653097,pv|pv|pv|pv|pv,0.0,101,32,6,1
132653708,pv|pv|pv|pv|pv,30.0,9,1,8,1
132661158,pv|pv|pv|pv|pv,0.0,0,0,7,0
132672202,pv|pv|pv|pv|pv,570.0,0,0,0,0
132675359,pv|pv|pv|pv|pv,0.0,0,83,5,1
132680679,pv|pv|pv|pv|pv,435.0,0,4,1,0
132688030,pv|fav|pv|pv|pv,0.0,26,0,4,0
132692996,pv|pv|pv|pv|pv,420.0,0,12,4,1
132700623,pv|pv|pv|pv|pv,0.0,2,5,6,0
132711863,pv|pv|pv|pv|pv,0.0,47,0,0,0
132718416,pv|pv|pv|pv|pv,705.0,18,3,8,0
132727149,pv|pv|fav|pv|pv,0.0,0,0,2,0
132729970,pv|pv|pv|pv|pv,0.0,1,41,4,0
132731360,pv|pv|pv|pv|pv,0.0,28,246,26,1
132737494,pv|pv|pv|pv|pv,360.0,0,41,6,1
132747248,pv|fav|pv|pv|pv,0.0,67,1,13,0
132763181,pv|cart|pv|pv|pv,0.0,16,24,6,0
132782427,pv|pv|pv|cart|pv,0.0,0,47,27,0
132800946,pv|pv|pv|pv|pv,0.0,0,2,2,0
132812306,pv|pv|pv|pv|pv,105.0,2,15,5,0
132815324,pv|pv|pv|pv|pv,0.0,0,2,6,0
132884009,pv|pv|pv|pv|pv,150.0,20,2,10,0
132916687,pv|pv|pv|pv|pv,0.0,3,0,4,1
132917171,pv|pv|pv|pv|pv,0.0,0,6,12,0
132928999,pv|pv|pv|pv|pv,0.0,21,17,4,1
132966536,pv|pv|pv|pv|pv,0.0,61,15,7,1
132984948,pv|pv|pv|pv|pv,945.0,0,4,1,1
132991979,pv|pv|pv|pv|pv,0.0,0,24,3,0
133001287,pv|pv|pv|pv|pv,75.0,0,3,0,0
133002039,pv|pv|pv|pv|pv,0.0,9,4,7,0
133003311,pv|pv|pv|pv|pv,0.0,47,17,19,1
133007823,pv|pv|pv|pv|pv,0.0,0,0,2,0
133072400,pv|pv|pv|pv|pv,2085.0,0,0,0,0
133088851,pv|pv|pv|pv|pv,15.0,0,0,0,0
133089485,pv|pv|pv|pv|pv,0.0,6,67,9,0
133113110,pv|pv|pv|pv|pv,0.0,24,2,2,0
133125036,pv|pv|pv|pv|pv,60.0,6,2,6,0
133151533,pv|pv|pv|pv|pv,0.0,0,48,7,1
133152667,pv|pv|pv|pv|pv,0.0,0,88,17,1
133157830,pv|pv|pv|pv|pv,0.0,3,30,11,0
133203992,pv|pv|pv|pv|pv,15.0,37,32,9,1
133240213,pv|pv|pv|pv|pv,0.0,1,171,7,1
133262618,pv|pv|pv|pv|pv,210.0,30,0,8,0
133271218,pv|pv|pv|pv|pv,15.0,3,8,4,1
133296696,pv|pv|pv|pv|pv,30.0,28,14,3,0
133306897,pv|pv|pv|pv|pv,105.0,0,16,7,1
133314380,pv|pv|pv|pv|pv,315.0,1,0,0,0
133378051,pv|pv|pv|fav|pv,0.0,49,26,15,1
133391467,pv|pv|pv|pv|pv,15.0,0,10,8,1
133417766,pv|pv|pv|pv|pv,0.0,0,1,5,0
133425852,pv|pv|pv|pv|pv,15.0,9,219,28,1
133428730,pv|pv|pv|pv|pv,0.0,0,3,1,0
133429407,pv|pv|pv|pv|pv,90.0,0,64,21,1
133480628,pv|pv|pv|pv|pv,180.0,0,9,11,1
133488208,pv|pv|cart|pv|pv,300.0,1,5,2,0
133519239,pv|pv|pv|pv|pv,0.0,0,0,2,0
133528960,pv|pv|pv|cart|pv,180.0,1,22,2,0
133541311,pv|buy|pv|pv|pv,0.0,3,11,17,1
133559789,pv|pv|pv|pv|pv,360.0,14,2,2,1
133581105,pv|pv|pv|pv|cart,0.0,1,25,1,0
133612359,pv|pv|pv|pv,0.0,0,0,0,0
133621051,pv|pv|pv|buy|pv,1035.0,21,14,1,0
133651025,pv|pv|pv|pv|pv,0.0,18,16,11,1
133664832,pv|pv|pv|pv|pv,1740.0,0,0,4,0
133665536,pv|pv|pv|pv|pv,0.0,4,85,14,1
133680584,pv|pv|pv|pv|pv,0.0,4,49,19,1
133701009,cart|pv|pv|pv|pv,0.0,11,15,10,0
133710160,pv|pv|pv|pv|pv,0.0,1,1,5,0
133723007,pv|pv|pv|pv|pv,0.0,18,9,8,1
133723602,pv|pv|pv|pv|pv,75.0,1,8,4,0
133744457,pv|pv|pv|pv|pv,0.0,4,3,5,0
133754248,pv|pv|pv|pv|pv,0.0,0,0,0,0
133755018,pv|pv|pv|pv|pv,15.0,0,1,5,0
133788184,pv|pv|pv|pv|pv,405.0,2,4,16,1
133789905,pv|pv|pv|pv|pv,0.0,0,1,0,0
133809580,pv|pv|pv|pv|pv,1515.0,0,0,0,0
133825480,pv|pv|pv|pv|pv,45.0,18,17,11,1
133838164,pv|pv|pv|pv|pv,375.0,32,11,5,1
133840323,pv|pv|cart|pv|pv,285.0,0,37,4,1
133849127,pv|pv|pv|cart|pv,0.0,0,104,41,1
133856338,pv|pv|pv|pv|pv,870.0,0,2,1,0
133866163,pv|pv|pv|pv|pv,0.0,0,9,2,1
133876177,pv|pv|pv|pv|pv,0.0,0,12,4,1
133888509,pv|pv|pv|pv|pv,0.0,340,14,13,1
133912341,pv|pv|pv|pv|pv,0.0,0,2,0,0
133922654,pv|pv|pv|pv|cart,45.0,1,66,0,0
133933227,pv|pv|pv|pv|pv,0.0,1,4,5,1
133939609,pv|pv|pv|pv|pv,0.0,21,8,3,1
133946364,pv|pv|pv|pv|pv,30.0,0,70,25,1
133968486,pv|pv|pv|pv|pv,150.0,0,0,1,0
133970038,pv|pv|pv|pv|buy,15.0,4,3,5,1
133994360,pv|fav|pv|pv|pv,0.0,32,0,0,0
134010761,pv|pv|pv|fav|pv,0.0,117,2,11,0
134014289,pv|pv|cart|pv|pv,75.0,0,3,4,0
134020041,pv|pv|pv|pv|pv,660.0,0,0,1,0
134032957,pv|pv|pv|pv|pv,15.0,0,0,0,0
134042583,pv|pv|pv|pv|pv,15.0,2,2,3,0
134051339,pv|pv|pv|pv|pv,0.0,16,39,12,0
134058935,buy|buy|buy|pv|pv,465.0,9,3,10,0
134060411,pv|pv|pv|pv|pv,1920.0,0,19,3,0
134072973,pv|pv|pv|pv|pv,420.0,0,53,0,0
134073831,pv|pv|pv|pv|pv,60.0,2,2,1,0
134077305,pv|cart|pv|pv|pv,0.0,0,53,5,1
134097431,pv|pv|pv|pv|pv,0.0,1,29,4,1
134109810,pv|pv|pv|pv|pv,0.0,92,93,31,1
134118557,pv|pv|pv|pv|pv,300.0,52,12,4,1
134120527,pv|pv|pv|pv|pv,15.0,3,2,5,0
134152329,pv|pv|pv|pv|pv,0.0,2,67,4,0
134165117,pv|cart|pv|pv|pv,0.0,0,37,3,0
134166701,pv|cart|buy|buy|cart,15.0,0,1,1,1
134217738,pv|pv|pv|pv|pv,0.0,0,0,3,0
134225812,pv|pv|pv|pv|pv,0.0,66,5,5,1
134232421,pv|pv|pv|pv|pv,0.0,21,8,14,0
134233776,pv|pv|pv|pv|pv,0.0,3,93,12,1
134259827,pv|pv|pv|pv|pv,15.0,18,1,1,1
134279547,pv|pv|pv|pv|pv,300.0,7,0,0,0
134294014,pv|pv|pv|pv|pv,0.0,2,13,3,0
134319759,pv|pv|pv|pv|pv,1065.0,12,22,3,1
134352095,pv|pv|pv|pv|pv,15.0,3,30,6,1
134358011,pv|pv|pv|fav|pv,0.0,119,42,5,1
134369588,pv|pv|pv|pv|pv,0.0,5,11,7,1
134377639,pv|pv|pv|pv|pv,0.0,0,86,20,1
134424507,pv|pv|pv|pv|pv,0.0,1,55,10,1
134431676,pv|pv|pv|pv|pv,0.0,4,5,14,1
134437265,pv|pv|pv|pv|pv,0.0,0,1,5,0
134438519,pv|pv|pv|pv|pv,0.0,26,27,7,1
134462614,pv|pv|pv|pv|pv,0.0,0,0,0,0
134473569,buy|buy|pv|pv|pv,1980.0,0,5,6,0
134473908,pv|pv|pv|pv|pv,15.0,59,51,17,1
134479240,pv|pv|pv|pv|pv,0.0,3,31,7,1
134496896,pv|pv|pv|pv|pv,0.0,0,40,4,0
134499562,pv|pv|pv|pv|pv,0.0,0,6,8,0
134502976,pv|pv|pv|pv|pv,75.0,28,0,1,0
134508917,pv|pv|pv|pv|pv,120.0,2,0,1,0
134512473,pv|pv|pv|cart|pv,0.0,0,48,8,0
134525138,pv|pv|pv|pv|pv,0.0,0,0,0,0
134556226,pv|pv|pv|pv|pv,135.0,1,49,6,1
134580497,pv|pv|pv|pv|pv,0.0,73,29,9,1
134621791,pv|pv|pv|cart|pv,0.0,58,86,28,1
134630812,pv|pv|pv|pv|pv,0.0,4,31,9,1
134636593,pv|pv|pv|pv|pv,0.0,0,58,21,1
134658118,pv|pv|pv|pv|pv,0.0,2,27,16,1
134681866,pv|pv|pv|pv|pv,0.0,5,1,1,0
134793545,pv|pv|pv|pv|pv,1755.0,16,0,2,0
134806923,pv|pv|pv|pv|pv,195.0,1,92,13,1
134866422,pv|pv|pv|pv|pv,0.0,0,7,0,0
134882545,pv|pv|pv|pv|pv,1515.0,0,0,3,0
134904941,pv|pv|pv|pv|pv,0.0,72,110,14,1
134928476,pv|pv|pv|pv|pv,0.0,9,5,5,1
134936620,pv|pv|pv|pv|pv,0.0,0,2,5,0
134948525,pv|pv|pv|pv|pv,75.0,103,1,4,1
134953389,pv|pv|pv|pv|pv,0.0,0,0,0,0
134959857,pv|pv|pv|pv|pv,105.0,0,11,3,0
134977820,pv|pv|pv|pv|pv,0.0,0,1,0,0
134979241,pv|pv|pv|pv|pv,0.0,1,0,1,0
134993021,pv|pv|pv|pv|pv,945.0,0,6,5,0
135007277,pv|pv|cart|pv|pv,0.0,0,2,1,0
135015170,pv|pv|pv|pv|pv,0.0,1,13,10,1
135016636,pv|pv|pv|pv|pv,15.0,14,2,2,1
135020964,pv|pv|pv|cart|pv,15.0,0,7,10,0
135050406,pv|pv|pv|pv|buy,0.0,1,26,7,1
135060562,pv|pv|pv|pv|pv,765.0,0,2,11,1
135068151,pv|pv|pv|pv|pv,105.0,0,22,5,0
135076585,pv|pv|pv|pv|pv,0.0,2,3,0,1
135077497,pv|pv|pv|pv|pv,0.0,0,15,1,0
135080969,pv|pv|pv|pv|pv,90.0,3,57,10,1
135099670,pv|pv|pv|pv|pv,1320.0,0,1,1,0
135100729,pv|cart|pv|pv|pv,0.0,0,1,0,0
135124427,pv|pv|pv|pv|pv,0.0,1,13,2,1
135131647,buy|pv|pv|pv|pv,420.0,0,0,4,0
135144517,pv|pv|pv|pv|pv,30.0,19,50,35,1
135154572,pv|pv|pv|pv|pv,75.0,2,6,1,0
135157689,pv|pv|pv|fav|pv,0.0,118,7,18,1
135159590,pv|pv|pv|pv|pv,165.0,21,2,7,1
135171817,pv|pv|pv|buy|pv,60.0,0,33,15,1
135187545,pv|pv|pv|pv|pv,0.0,80,12,7,1
135196347,pv|pv|pv|fav|pv,0.0,5,4,3,0
135288694,pv|pv|pv|pv|pv,0.0,0,30,14,1
135299374,pv|pv|pv|pv|pv,0.0,0,2,4,0
135312215,pv|pv|pv|pv|pv,9210.0,0,0,0,0
135321413,pv|pv|pv|pv|pv,315.0,1,6,7,0
135345840,pv|pv|pv|pv|pv,90.0,130,17,26,1
135347247,pv|cart|pv|pv|pv,0.0,1,49,21,1
135377046,pv|pv|pv|pv|pv,0.0,0,24,0,1
135387051,pv|pv|pv|pv|pv,0.0,1,0,1,0
135389236,pv|pv|pv|pv|pv,0.0,0,0,2,0
135402088,pv|pv|pv|pv|pv,0.0,2,178,16,1
135408101,pv|pv|pv|pv|pv,0.0,0,0,0,0
135410830,fav|pv|pv|fav|pv,0.0,2,5,3,0
135414688,pv|pv|pv|pv|pv,945.0,0,13,5,0
135419930,pv|pv|pv|pv|pv,0.0,0,0,0,0
135454126,pv|pv|pv|pv|pv,45.0,2,74,15,0
135455673,pv|pv|pv|pv|pv,540.0,21,20,42,1
135481793,pv|pv|pv|pv|pv,105.0,5,0,4,0
135487299,pv|pv|pv|pv|pv,645.0,1,18,12,1
135488940,pv|pv|pv|pv|pv,0.0,43,27,7,0
135517697,pv|pv|buy|pv|pv,735.0,33,2,5,0
135537004,pv|pv|pv|pv|fav,0.0,69,111,9,1
135539714,pv|pv|pv|pv|pv,60.0,1,56,5,1
135556729,cart|pv|pv|cart|pv,0.0,1,6,6,0
135565094,pv|pv|pv|pv|cart,0.0,3,35,1,0
135566570,pv|pv|pv|pv|pv,0.0,1,8,7,0
135571612,pv|pv|cart|pv|buy,15.0,0,2,3,0
135582975,pv|pv|pv|pv|pv,0.0,19,43,12,1
135589495,pv|pv|pv|pv|pv,0.0,5,26,8,1
135639209,pv|pv|pv|pv|pv,0.0,9,92,37,1
135665686,pv|pv|pv|pv|pv,0.0,21,96,30,1
135667654,pv|pv|buy|buy|cart,0.0,2,11,5,1
135680385,pv|pv|pv|pv|pv,1335.0,0,18,0,1
135687750,pv|pv|pv|pv|pv,0.0,0,22,0,1
135721617,pv|pv|pv|pv|pv,0.0,3,2,15,0
135731834,pv|pv|pv|pv|pv,0.0,1,11,6,1
135749481,pv|pv|pv|pv|pv,0.0,0,29,0,0
135756066,pv|pv|pv|pv|pv,0.0,28,1,5,0
135802457,pv|pv|pv|pv|pv,345.0,10,16,7,1
135802732,pv|pv|pv|pv|buy,0.0,3,35,13,1
135803085,pv|pv|pv|cart|pv,0.0,16,153,36,1
135842891,pv|pv|pv|pv|pv,360.0,0,0,0,0
135845099,pv|pv|pv|pv|pv,0.0,0,82,7,1
135846824,pv|pv|pv|pv|pv,0.0,2,7,1,0
135846989,pv|pv|pv|cart|buy,0.0,7,29,2,1
135857964,pv|pv|pv|pv|pv,0.0,2,1,6,0
135858331,pv|pv|pv|pv|pv,0.0,0,46,21,1
135861598,pv|pv|pv|pv|pv,0.0,0,83,22,1
135889836,pv|pv|pv|pv|pv,0.0,49,13,6,0
135895823,pv|pv|pv|pv|pv,45.0,2,30,12,1
135897410,pv|pv|pv|pv|pv,0.0,7,3,1,0
135916314,pv|pv|pv|pv|pv,825.0,0,10,2,0
135927109,pv|pv|pv|pv|pv,0.0,0,8,3,0
135928388,pv|pv|pv|pv|pv,1440.0,0,0,6,0
135934881,pv|pv|pv|cart|pv,0.0,39,2,7,0
135955934,pv|pv|pv|pv|pv,15.0,19,3,5,0
135968605,pv|pv|pv|pv|pv,0.0,1,21,6,0
135981623,pv|pv|pv|pv|cart,0.0,0,71,15,1
136001495,pv|pv|pv|pv|pv,0.0,2,50,8,0
136009227,fav|pv|pv|pv|pv,0.0,72,1,5,1
136018515,pv|pv|pv|pv|pv,1800.0,0,19,1,0
136062420,pv|pv|pv|pv|pv,0.0,35,1,0,0
136085033,pv|pv|pv|pv|pv,0.0,8,6,2,0
136091846,pv|pv|pv|pv|pv,0.0,0,0,3,0
136108072,pv|pv|pv|pv|pv,0.0,0,88,13,1
136197283,pv|pv|pv|pv|pv,0.0,0,6,3,0
136204332,pv|pv|pv|pv|pv,0.0,0,0,0,0
136220191,buy|pv|pv|pv|pv,0.0,7,41,17,1
136227449,pv|pv|pv|pv|pv,90.0,0,52,7,1
136232385,pv|pv|pv|pv|buy,0.0,1,1,1,0
136244610,pv|pv|pv|pv|pv,0.0,4,4,2,1
136249926,pv|pv|pv|pv|pv,0.0,0,1,1,0
136290703,pv|pv|pv|pv|pv,0.0,10,4,0,0
136302349,buy|pv|pv|pv|pv,525.0,0,0,6,0
136327444,pv|pv|pv|pv|pv,270.0,33,13,1,0
136342745,pv|pv|pv|pv|pv,0.0,30,12,14,0
136347831,pv|cart|pv|pv|pv,0.0,4,47,7,1
136374136,pv|pv|pv|pv|pv,0.0,37,22,20,1
136394248,pv|pv|pv|pv|fav,0.0,10,7,20,1
136425962,pv|pv|pv|pv|pv,0.0,1,165,33,1
136470861,pv|pv|pv|pv|pv,30.0,0,30,29,1
136482450,pv|pv|pv|pv|pv,0.0,0,85,36,1
136482907,pv|pv|pv|pv|pv,0.0,9,20,2,0
136487187,fav|pv|pv|pv|pv,0.0,18,15,13,1
136496700,pv|pv|pv|pv|pv,0.0,0,18,6,0
136506198,pv|fav|pv|fav|pv,0.0,80,1,10,0
136507295,pv|pv|pv|pv|pv,15.0,0,0,3,0
136514003,pv|pv|buy|pv|pv,180.0,1,0,5,0
136547699,pv|pv|pv|pv|pv,0.0,92,42,12,0
136571906,pv|pv|pv|pv|pv,15.0,83,52,8,0
136576184,pv|pv|pv|pv|pv,0.0,0,4,3,0
136588388,pv|pv|pv|pv|pv,1395.0,1,0,0,0
136606000,pv|cart|pv|pv|pv,0.0,0,1,0,0
136613109,pv|pv|pv|pv|pv,0.0,0,1,1,0
136616127,pv|pv|pv|pv|pv,0.0,86,1,19,0
136649602,pv|pv|pv|pv|pv,15.0,4,7,5,0
136652360,pv|pv|pv|pv|pv,0.0,1,1,10,0
136668031,pv|pv|pv|pv|buy,1590.0,0,5,6,0
136677136,pv|pv|pv|pv|pv,75.0,0,32,15,0
136677781,pv|pv|pv|pv|pv,3105.0,1,7,1,0
136742304,pv|pv|pv|pv|pv,1125.0,2,0,1,0
136754847,fav|pv|pv|pv|pv,615.0,18,88,18,1
136769457,pv|pv|cart|cart|pv,0.0,75,201,9,1
136788174,pv|pv|pv|pv|pv,0.0,140,20,12,0
136794879,pv|pv|pv|pv|pv,165.0,84,3,9,0
136795659,pv|pv|pv|pv|pv,0.0,1,18,10,0
136797243,pv|pv|pv|pv|pv,75.0,0,18,12,1
136843034,pv|pv|pv|pv|pv,8250.0,0,0,0,0
136870062,pv|pv|pv|pv|pv,0.0,21,0,0,0
136882508,pv|pv|pv|pv|pv,105.0,1,25,8,1
136916020,pv|pv|pv|pv|pv,0.0,0,27,4,0
136952642,pv|fav|pv|pv|pv,660.0,27,0,5,0
136957532,pv|pv|pv|pv|pv,0.0,0,10,4,0
136958026,pv|pv|pv|pv|pv,15.0,0,8,8,1
137007501,pv|pv|pv|pv|pv,960.0,1,1,2,0
137031066,pv|pv|pv|pv|pv,0.0,0,30,4,0
137042532,pv|buy|pv|pv|pv,0.0,2,0,3,0
137044962,pv|fav|pv|pv|pv,0.0,9,0,1,0
137068806,pv|pv|pv|pv|pv,0.0,37,11,3,1
137071488,pv|pv|pv|pv|pv,0.0,0,2,0,0
137089292,pv|pv|buy|pv|pv,330.0,0,1,0,0
137092015,pv|pv|pv|pv|pv,165.0,1,3,2,1
137107726,pv|pv|pv|pv|pv,45.0,0,20,4,1
137110644,pv|pv|pv|fav|pv,0.0,50,7,4,0
137115052,pv|pv|buy|pv|pv,15.0,59,22,15,1
137116717,pv|pv|pv|pv|pv,15.0,0,0,2,0
137120980,pv|pv|pv|pv|pv,195.0,0,25,7,1
137129187,pv|pv|pv|buy|pv,780.0,0,1,4,0
137129651,buy|cart|buy|buy|buy,0.0,0,24,7,1
137132350,pv|pv|pv|pv|pv,0.0,0,3,0,0
137154848,pv|pv|buy|pv|pv,0.0,1,2,6,0
137175187,pv|pv|pv|pv|pv,0.0,194,212,22,1
137182431,pv|pv|pv|pv|pv,0.0,116,2,31,0
137183654,pv|pv|pv|pv|cart,0.0,98,7,5,0
137204928,pv|pv|pv|pv|pv,0.0,47,48,13,1
137213849,pv|pv|pv|pv|pv,15.0,3,67,5,0
137234632,pv|pv|pv|pv|pv,795.0,0,3,4,0
137270307,pv|pv|pv|pv|pv,0.0,1,12,10,0
137280366,pv|pv|pv|pv|pv,15.0,0,37,4,0
137284530,pv|pv|pv|pv|pv,0.0,235,0,5,0
137314781,pv|pv|pv|pv|pv,0.0,13,3,7,1
137328784,pv|pv|pv|pv|pv,0.0,0,3,2,0
137333703,pv|pv|pv|pv|pv,0.0,0,27,4,1
137340803,pv|pv|pv|pv|pv,0.0,4,123,22,1
137344822,pv|pv|pv|pv|pv,975.0,3,5,15,0
137345401,pv|pv|pv|pv|pv,15.0,2,8,9,0
137359772,pv|buy|pv|pv|pv,15.0,2,4,5,1
137362349,pv|pv|pv|pv|pv,0.0,47,16,17,0
137384149,pv|pv|pv|pv|pv,0.0,14,33,2,1
137385958,pv|pv|pv|pv|pv,0.0,1,6,2,0
137413051,pv|pv|cart|pv|pv,0.0,0,7,4,0
137428887,pv|pv|pv|pv|pv,945.0,2,4,4,0
137435556,pv|pv|pv|pv|pv,0.0,1,0,3,0
137443248,pv|pv|pv|pv|pv,0.0,0,4,3,1
137463180,pv|pv|pv|pv|pv,0.0,4,132,2,0
137484826,fav|pv|pv|pv|pv,0.0,220,11,11,1
137513013,pv|pv|pv|pv|cart,0.0,0,18,7,1
137531842,pv|pv|pv|pv|pv,0.0,15,7,17,1
137536017,pv|pv|pv|pv|pv,225.0,0,1,2,0
137538791,pv|pv|pv|pv|pv,0.0,0,7,3,1
137545874,pv|pv|pv|pv|pv,0.0,6,2,1,0
137563818,pv|pv|pv|pv|pv,0.0,0,3,2,0
137585300,pv|pv|pv|pv|pv,0.0,11,0,1,0
137608771,fav|pv|pv|pv|fav,0.0,29,55,5,1
137612644,pv|pv|pv|pv|pv,0.0,3,0,4,0
137625581,pv|pv|pv|pv|pv,240.0,0,1,4,0
137663887,pv|pv|pv|pv|pv,0.0,2,0,1,0
137670106,pv|pv|pv|pv|pv,15.0,2,1,0,0
137675507,pv|pv|pv|buy|buy,15.0,58,44,18,1
137690090,pv|pv|pv|buy|pv,0.0,0,10,3,0
137725903,pv|pv|cart|pv|pv,0.0,2,9,2,0
137760555,pv|pv|pv|pv|pv,1005.0,0,2,6,0
137764831,pv|pv|pv|pv|pv,45.0,0,9,5,0
137765713,pv|pv|pv|buy|pv,3885.0,0,7,2,1
137829350,pv|pv|pv|pv|pv,300.0,37,52,21,1
137850156,pv|pv|pv|buy|pv,150.0,13,235,14,1
137853857,pv|pv|pv|pv|pv,0.0,1,25,14,1
137905112,pv|pv|pv|pv|pv,0.0,31,101,37,1
137944523,pv|pv|pv|buy|pv,0.0,0,10,6,0
137970629,pv|pv|pv|pv|pv,105.0,0,98,28,1
137974537,pv|pv|pv|pv|pv,0.0,41,63,1,1
137982775,pv|pv|pv|pv|pv,645.0,13,1,6,0
137996255,pv|pv|pv|pv|pv,0.0,0,38,3,0
137996912,pv|pv|pv|pv|pv,45.0,0,6,4,1
137998405,pv|pv|pv|pv|pv,0.0,19,28,26,1
138003090,pv|pv|pv|pv|pv,0.0,1,21,4,0
138008005,pv|pv|pv|pv|pv,0.0,0,32,6,1
138008976,pv|pv|pv|pv|pv,135.0,0,28,16,1
138061024,pv|pv|buy|pv|pv,0.0,0,1,4,0
138090536,pv|pv|pv|pv|pv,345.0,0,1,0,0
138100684,pv|pv|pv|pv|pv,30.0,0,222,36,1
138108608,pv|pv|pv|pv|pv,1440.0,4,2,4,1
138118243,pv|pv|pv|pv|pv,15.0,27,22,7,1
138137472,pv|pv|pv|pv|pv,0.0,5,0,2,0
138153893,pv|pv|pv|pv|pv,0.0,1,37,19,1
138161959,pv|pv|pv|pv|pv,0.0,7,4,0,0
138162465,pv|pv|pv|pv|pv,0.0,2,1,1,0
138164167,pv|pv|cart|pv|pv,30.0,0,24,7,0
138184722,pv|pv|pv|pv|pv,15.0,1,0,0,0
138187775,pv|pv|pv|pv|buy,45.0,0,0,6,0
138188210,pv|cart|pv|pv|pv,15.0,0,2,0,0
138214018,pv|buy|cart|pv|pv,285.0,15,10,8,1
138243943,pv|pv|pv|cart|pv,0.0,13,45,13,1
138244218,pv|pv|pv|pv|pv,15.0,0,0,0,0
138245425,pv|pv|pv|pv|pv,2955.0,0,3,3,0
138254559,pv|pv|pv|pv|pv,60.0,0,4,10,0
138265467,pv|pv|pv|pv|pv,0.0,0,1,0,1
138266735,pv|pv|pv|pv|pv,150.0,0,10,18,1
138301582,pv|pv|pv|pv|pv,15.0,25,120,12,1
138315730,pv|pv|pv|pv|pv,0.0,0,11,1,0
138323461,pv|pv|pv|pv|pv,0.0,0,80,12,1
138324819,pv|pv|pv|pv|pv,750.0,0,34,10,0
138337202,pv|pv|pv|pv|pv,0.0,105,19,6,0
138387712,pv|pv|pv|pv|pv,0.0,48,3,4,1
138390959,pv|pv|pv|cart|pv,0.0,26,60,6,1
138399730,pv|pv|pv|pv|pv,0.0,0,13,0,1
138434510,pv|pv|pv|pv|pv,0.0,0,11,5,1
138442756,pv|pv|pv|pv|pv,0.0,0,2,4,0
138452331,pv|pv|pv|pv|pv,0.0,0,0,0,0
138467876,buy|buy|pv|pv|pv,15.0,5,18,10,1
138505346,pv|pv|pv|pv|pv,375.0,0,106,41,1
138524216,pv|pv|pv|pv|pv,60.0,0,96,15,1
138543797,pv|pv|pv|pv|pv,0.0,1,2,1,0
138551234,pv|pv|pv|pv|pv,15.0,3,3,2,1
138554874,pv|pv|pv|pv|pv,0.0,20,12,3,0
138559280,pv|pv|pv|pv|pv,0.0,0,1,2,0
138590345,pv|pv|pv|pv|cart,90.0,0,7,5,1
138590516,pv|pv|pv|pv|pv,0.0,78,1,14,1
138635225,pv|pv|pv|pv|pv,330.0,3,119,10,0
138643458,pv|pv|pv|pv|pv,0.0,80,38,17,1
138654093,pv|pv|pv|pv|pv,0.0,0,0,0,0
138666658,pv|pv|pv|pv|pv,0.0,2,3,2,0
138675523,pv|pv|pv|pv|pv,0.0,0,1,2,0
138675868,pv|pv|pv|pv|cart,15.0,1,13,0,0
138690511,pv|pv|pv|pv|pv,15.0,40,11,7,1
138712753,pv|pv|pv|pv|pv,15.0,40,10,13,1
138713271,buy|pv|pv|pv|pv,780.0,1,2,2,0
138720115,pv|pv|pv|pv|pv,285.0,12,6,8,1
138735272,pv|pv|cart|pv|pv,15.0,3,176,57,1
138737144,pv|pv|cart|pv|pv,0.0,16,228,62,1
138749285,pv|pv|pv|pv|pv,0.0,6,14,3,0
138753048,pv|pv|pv|pv|pv,0.0,31,18,7,1
138765963,pv|pv|pv|pv|pv,0.0,0,5,0,0
138793462,pv|pv|pv|pv|pv,30.0,3,61,12,0
138823535,pv|pv|pv|pv|pv,480.0,1,33,3,1
138843810,pv|pv|pv|pv|pv,0.0,1,172,27,1
138856127,pv|pv|pv|pv|pv,0.0,3,5,7,0
138856687,pv|pv|pv|pv|pv,30.0,0,112,25,1
138862609,pv|pv|pv|pv|pv,15.0,0,0,0,0
138867561,pv|pv|pv|pv|pv,105.0,1,120,2,0
138891580,pv|pv|pv|pv|pv,105.0,38,14,16,0
138949663,pv|pv|pv|pv|pv,0.0,0,5,3,0
138964981,pv|pv|pv|pv|pv,0.0,2,4,1,0
138976435,pv|pv|pv|pv|pv,0.0,1,4,6,0
138977388,pv|pv|pv|pv|pv,15.0,4,104,21,1
138981037,pv|pv|pv|pv|pv,0.0,1,25,8,1
139003263,pv|pv|pv|pv|pv,0.0,47,4,4,1
139014554,pv|pv|pv|pv|pv,15.0,1,6,1,0
139019375,pv|pv|pv|pv|pv,0.0,1,17,16,1
139030112,pv|pv|pv|pv|pv,0.0,4,32,10,0
139059745,pv|pv|pv|pv|pv,15.0,14,24,2,0
139061840,pv|pv|pv|pv|pv,0.0,3,0,0,0
139068649,pv|pv|pv|pv|pv,0.0,6,0,1,0
139090437,pv|buy|pv|pv|pv,0.0,12,4,8,0
139104982,pv|pv|pv|pv|pv,0.0,21,47,22,1
139124962,pv|pv|pv|pv|pv,0.0,0,28,2,0
139145544,pv|pv|cart|pv|pv,0.0,119,55,18,1
139174569,pv|pv|pv|pv|pv,0.0,1,5,1,1
139199517,pv|pv|pv|pv|pv,1005.0,0,0,2,0
139207603,pv|pv|pv|pv|pv,0.0,3,0,0,0
139214877,cart|pv|pv|pv|pv,45.0,0,2,1,0
139220719,pv|pv|pv|pv|pv,0.0,38,8,9,0
139250001,pv|pv|pv|pv|pv,0.0,0,41,10,0
139261152,pv|pv|pv|pv|pv,210.0,1,1,11,0
139262063,pv|pv|pv|pv|pv,0.0,1,38,5,1
139263046,pv|pv|pv|pv|pv,15.0,4,18,7,0
139268036,pv|pv|pv|pv|pv,3450.0,0,0,6,0
139275985,buy|pv|pv|pv|pv,0.0,1,8,4,1
139333186,pv|pv|pv|pv|pv,0.0,24,0,0,0
139401388,pv|pv|pv|pv|pv,30.0,0,0,0,0
139413160,pv|pv|pv|pv|pv,0.0,468,4,8,0
139423598,pv|pv|pv|pv|pv,0.0,1,4,14,1
139435539,pv|pv|pv|pv|pv,0.0,154,370,76,1
139443041,cart|cart|pv|pv|pv,0.0,16,28,3,1
139455432,pv|pv|pv|pv|pv,555.0,1,0,3,0
139458443,pv|pv|pv|pv|pv,0.0,1,6,0,0
139462332,pv|pv|pv|pv|buy,0.0,12,133,29,1
139471492,pv|pv|pv|pv|pv,0.0,1,3,0,0
139473011,pv|pv|pv|pv|pv,690.0,1,0,3,0
139475729,pv|pv|cart|pv|pv,15.0,1,81,24,1
139479952,pv|pv|pv|pv|pv,0.0,1,33,14,1
139493879,pv|pv|pv|pv|pv,0.0,24,9,10,1
139544053,pv|pv|pv|pv|pv,0.0,0,1,2,0
139590290,pv|pv|pv|pv|pv,0.0,6,2,5,0
139592313,pv|pv|pv|pv|pv,0.0,42,8,0,0
139637127,pv|pv|pv|pv|pv,105.0,1,42,13,1
139641075,pv|pv|pv|pv|pv,0.0,4,0,0,0
139654010,pv|pv|pv|pv|pv,0.0,0,2,2,0
139691381,pv|pv|pv|pv|pv,0.0,0,1,0,0
139698902,pv|pv|pv|pv|pv,0.0,0,21,8,1
139707991,pv|pv|pv|pv|pv,1530.0,1,11,5,0
139725346,pv|pv|pv|pv|pv,0.0,127,34,34,1
139750127,pv|pv|pv|pv|pv,0.0,18,2,2,0
139752048,pv|pv|pv|pv|pv,0.0,1,52,14,1
139756567,pv|pv|pv|pv|pv,0.0,39,2,12,0
139774311,pv|pv|pv|pv|pv,0.0,13,3,2,0
139774835,pv|buy|pv|pv|pv,0.0,28,7,8,1
139780128,fav|buy|pv|pv|pv,0.0,3,20,7,1
139792009,pv|pv|pv|pv|pv,735.0,0,0,0,0
139793464,pv|pv|pv|pv|pv,0.0,14,8,2,0
139795059,pv|pv|cart|pv|pv,0.0,1,52,6,1
139808909,pv|pv|cart|cart|cart,15.0,0,24,1,0
139871684,pv|pv|pv|pv|pv,0.0,0,4,1,0
139878247,pv|pv|pv|pv|pv,1365.0,0,0,1,0
139885879,pv|pv|pv|pv|pv,0.0,0,34,5,1
139891563,pv|pv|pv|pv|pv,0.0,0,187,13,1
139892587,pv|pv|fav|pv|pv,15.0,2,0,1,0
139896291,pv|buy|pv|pv|pv,0.0,0,49,16,1
139904361,pv|pv|pv|pv|pv,795.0,1,0,3,0
139944915,pv|pv|pv|pv|pv,330.0,0,0,0,0
139946254,pv|pv|pv|pv|pv,870.0,1,5,2,1
139948662,pv|pv|pv|pv|pv,585.0,0,1,5,0
139954377,pv|pv|pv|pv|pv,0.0,0,0,0,0
139961106,pv|pv|pv|pv|pv,0.0,0,73,0,0
139964980,fav|pv|pv|pv|pv,0.0,0,0,1,0
139986994,pv|pv|pv|pv|pv,0.0,0,7,3,0
139991891,pv|pv|pv|pv|pv,0.0,0,4,7,0
140040145,pv|pv|pv|pv|pv,15.0,0,60,15,1
140070019,pv|pv|pv|pv|pv,15.0,0,0,2,0
140131230,pv|pv|pv|pv|pv,15.0,1,3,3,0
140144743,pv|pv|pv|pv|pv,0.0,0,20,6,1
140145748,pv|pv|pv|pv|pv,615.0,0,7,0,0
140158728,pv|pv|pv|pv|pv,15.0,2,63,26,1
140227692,pv|pv|pv|pv|pv,45.0,1,17,12,0
140230525,pv|pv|pv|pv|pv,0.0,5,11,5,1
140257001,pv|pv|pv|pv|pv,0.0,16,156,21,1
140305505,pv|pv|pv|pv|pv,0.0,77,2,17,1
140332109,pv|pv|pv|pv|pv,0.0,0,1,8,0
140351939,pv|pv|pv|pv|pv,390.0,6,37,18,1
140356732,pv|fav|pv|pv|pv,0.0,57,47,13,1
140372438,pv|pv|pv|cart|pv,0.0,0,5,0,0
140394724,pv|pv|pv|pv|pv,15.0,2,19,0,0
140397235,pv|pv|pv|pv|pv,780.0,2,0,3,0
140409125,pv|pv|pv|pv|pv,0.0,0,56,16,1
140423268,pv|pv|cart|cart|pv,0.0,154,124,39,1
140452690,pv|pv|pv|pv|pv,30.0,223,14,7,0
140469244,pv|pv|pv|pv|pv,0.0,0,5,4,0
140483725,pv|pv|pv|pv|pv,0.0,123,1,12,1
140489209,pv|pv|pv|pv|pv,510.0,0,0,1,0
140502795,pv|pv|pv|buy|pv,0.0,0,18,4,1
140515194,pv|fav|fav|fav|pv,0.0,9,41,11,1
140535667,pv|pv|pv|pv|pv,0.0,137,69,19,1
140546553,pv|pv|pv|pv|pv,0.0,58,0,0,0
140548532,pv|pv|pv|pv|pv,0.0,0,2,0,0
140563378,pv|pv|pv|pv|pv,0.0,2,12,3,0
140606196,pv|pv|pv|pv|pv,0.0,0,13,13,0
140627651,pv|pv|pv|pv|pv,0.0,5,72,0,0
140628062,pv|pv|cart|buy|pv,0.0,0,17,12,1
140643525,pv|pv|pv|pv|pv,0.0,0,5,0,0
140651069,pv|pv|pv|pv|cart,0.0,0,5,1,0
140661231,pv|pv|pv|pv|pv,0.0,16,0,19,0
140662618,pv|pv|pv|pv|pv,0.0,73,84,11,1
140671079,pv|pv|pv|pv|pv,0.0,8,5,2,1
140679789,pv|pv|pv|pv|cart,675.0,0,3,2,0
140723279,pv|pv|pv|pv|pv,0.0,60,50,18,1
140730073,pv|fav|pv|pv|pv,0.0,6,3,7,1
140732064,pv|pv|pv|pv|pv,0.0,35,47,2,1
140734558,pv|pv|pv|pv|pv,0.0,0,2,0,0
140735769,pv|pv|pv|pv|pv,0.0,26,0,3,0
140739491,pv|pv|buy|pv|pv,1065.0,26,6,11,0
140747079,pv|pv|pv|pv|pv,0.0,95,16,16,1
140759237,pv|pv|pv|pv|pv,0.0,6,7,25,1
140770379,pv|cart|pv|pv|pv,0.0,1,27,12,0
140774910,pv|pv|pv|pv|pv,0.0,0,3,5,0
140777465,pv|pv|pv|pv|pv,0.0,4,22,3,0
140780237,pv|pv|pv|pv|pv,0.0,75,151,34,1
140781295,cart|pv|pv|pv|pv,0.0,3,57,15,0
140790174,pv|pv|pv|pv|pv,1335.0,3,0,3,0
140801686,cart|buy|pv|buy|pv,0.0,12,6,2,1
140825250,pv|pv|pv|pv|cart,0.0,1,5,13,0
140827248,pv|pv|pv|pv|pv,0.0,0,13,8,0
140863269,pv|pv|fav|pv|pv,0.0,52,1,4,1
140869856,pv|pv|pv|pv|pv,525.0,19,10,3,1
140906142,pv|pv|pv|pv|pv,0.0,46,4,6,0
140910777,pv|pv|pv|pv|pv,0.0,6,1,11,0
140935086,pv|pv|pv|pv|pv,255.0,0,3,0,0
140944295,pv|pv|pv|pv|pv,45.0,1,23,10,1
140951912,pv|buy|pv|pv|pv,75.0,4,60,28,1
140972534,pv|pv|pv|pv|pv,0.0,5,0,4,1
140990654,pv|pv|pv|pv|pv,0.0,60,40,8,1
141003659,pv|pv|pv|pv|pv,0.0,0,51,18,0
141016162,pv|pv|pv|pv|pv,15.0,0,52,21,1
141083736,pv|pv|pv|pv|cart,0.0,0,5,3,0
141085465,pv|cart|pv|pv|buy,540.0,0,17,8,1
141094962,pv|pv|pv|pv|pv,0.0,8,4,10,0
141116266,pv|pv|pv|pv|pv,0.0,7,3,4,0
141116365,buy|cart|pv|pv|pv,750.0,2,5,6,1
141127578,pv|pv|pv|pv|pv,0.0,1,25,11,1
141142627,pv|pv|pv|pv|pv,0.0,35,10,7,1
141143284,pv|pv|pv|pv|pv,0.0,4,75,8,1
141187200,cart|pv|pv|pv|buy,15.0,3,55,5,0
141226151,pv|pv|pv|pv|pv,0.0,1,16,4,1
141232955,pv|pv|pv|pv|pv,0.0,1,13,1,0
141266970,pv|pv|pv|pv|pv,15.0,0,4,0,0
141284597,pv|pv|pv|pv|pv,0.0,7,0,0,0
141290489,pv|pv|pv|pv|pv,480.0,2,5,22,1
141302835,cart|pv|pv|pv|pv,60.0,3,10,5,0
141323792,pv|pv|pv|pv|buy,30.0,1,21,18,1
141324182,pv|pv|pv|pv|pv,0.0,2,24,6,1
141384260,pv|pv|pv|pv|pv,0.0,0,3,0,0
141388703,pv|pv|pv|pv|pv,15.0,20,0,2,0
141418782,pv|pv|pv|pv|pv,1425.0,3,0,1,0
141439882,pv|buy|pv|pv|pv,0.0,5,1,2,0
141444223,pv|pv|pv|pv|pv,1050.0,83,1,11,0
141453769,pv|pv|pv|pv|pv,0.0,1,3,3,0
141464286,pv|pv|pv|pv|pv,0.0,0,17,1,1
141484663,pv|pv|pv|pv|pv,375.0,1,22,3,1
141504075,pv|pv|pv|pv|pv,30.0,0,6,5,0
141534742,pv|pv|pv|pv|pv,90.0,17,24,22,1
141578499,pv|pv|pv|pv|pv,0.0,3,7,11,0
141582467,cart|pv|pv|pv|pv,30.0,10,48,23,1
141600808,pv|pv|pv|pv|pv,30.0,0,465,53,1
141603737,pv|pv|pv|pv|pv,0.0,0,1,6,1
141604126,pv|pv|pv|pv|pv,60.0,0,7,13,0
141609995,pv|pv|pv|pv|pv,0.0,1,15,1,0
141700273,pv|pv|pv|pv|pv,0.0,3,1,4,0
141717702,pv|pv|buy|pv|pv,360.0,5,3,8,1
141754029,pv|pv|pv|pv|pv,60.0,16,16,22,1
141788152,pv|pv|pv|pv|pv,300.0,76,6,10,1
141792132,pv|pv|pv|pv|pv,8640.0,0,2,0,0
141794752,pv|pv|pv|pv|pv,0.0,105,48,8,1
141823298,pv|pv|pv|pv|pv,60.0,2,6,1,0
141840594,pv|fav|pv|pv|pv,660.0,4,163,3,1
141856245,fav|pv|pv|pv|pv,0.0,98,6,11,0
141870015,pv|pv|pv|pv|pv,2685.0,0,0,2,0
141878326,pv|pv|pv|pv|pv,0.0,17,13,1,0
141891337,pv|pv|pv|pv|pv,0.0,1,61,6,1
141906479,pv|pv|pv|pv|pv,60.0,6,12,17,1
141907831,pv|pv|pv|pv|pv,0.0,64,27,41,1
141927774,pv|pv|pv|pv|pv,0.0,2,23,4,0
141976720,pv|pv|pv|pv|pv,0.0,15,12,12,1
141993120,pv|pv|pv|pv|pv,0.0,38,13,18,0
142036510,fav|pv|pv|pv|pv,30.0,45,2,1,0
142048623,pv|pv|pv|pv|pv,0.0,0,26,9,0
142051625,pv|pv|pv|buy|pv,375.0,19,26,23,1
142060721,pv|cart|pv|pv|pv,165.0,16,1,4,0
142061900,pv|pv|pv|pv|pv,60.0,0,1,3,0
142064691,pv|pv|pv|pv|pv,45.0,8,27,7,1
142073213,pv|pv|pv|cart|cart,15.0,0,45,2,0
142081324,pv|pv|pv|pv|pv,0.0,0,138,11,1
142095821,pv|pv|pv|pv|pv,0.0,26,14,10,1
142120051,pv|pv|pv|pv|pv,0.0,29,85,38,1
142126535,pv|pv|pv|pv|pv,60.0,0,20,7,1
142128942,pv|pv|pv|pv|pv,60.0,20,107,8,1
142128951,pv|pv|pv|pv|pv,60.0,6,2,18,1
142133884,pv|pv|pv|pv|pv,0.0,8,0,0,0
142138619,pv|buy|pv|pv|pv,0.0,0,0,4,0
142144275,pv|pv|pv|pv|pv,45.0,4,48,6,0
142151675,pv|pv|pv|pv|pv,0.0,1,19,10,0
142168798,pv|pv|pv|pv|pv,0.0,116,61,8,1
142171065,pv|pv|pv|pv|pv,1155.0,0,0,0,0
142181816,pv|pv|pv|pv|pv,45.0,2,58,8,0
142204924,pv|pv|pv|pv|pv,0.0,0,10,2,0
142216376,fav|pv|pv|pv|pv,0.0,4,22,8,0
142227202,pv|pv|pv|pv|pv,0.0,0,29,12,1
142244794,pv|pv|pv|pv|pv,0.0,17,17,11,1
142265405,pv|pv|pv|pv|pv,0.0,8,10,12,0
142306250,pv|pv|pv|pv|pv,0.0,1,54,8,1
142306361,pv|pv|pv|buy|pv,0.0,0,22,7,1
142337230,pv|pv|pv|pv|pv,105.0,0,40,3,0
142358910,pv|pv|pv|pv|pv,0.0,2,3,2,0
142368840,pv|pv|pv|pv|pv,15.0,0,18,7,1
142376113,pv|cart|pv|pv|pv,0.0,1,13,0,0
142412247,pv|pv|pv|pv|pv,615.0,0,5,8,0
142430177,pv|pv|pv|pv|pv,15.0,27,14,4,1
142450275,pv|pv|pv|pv|pv,15.0,50,182,28,1
142455899,pv|pv|pv|pv|pv,135.0,30,2,7,0
