user_id,active_days,avg_daily_behavior,last_active_time,behavior_span_days,activity_level
4913,29,60.07,2025-12-18 09:00:00,30.38,Medium
6118,12,9.75,2025-12-18 00:00:00,28.5,Low
7528,15,14.27,2025-12-14 14:00:00,23.04,Low
7591,25,34.36,2025-12-18 16:00:00,29.83,Medium
12645,20,13.4,2025-12-18 21:00:00,30.42,Medium
45368,4,9.0,2025-12-04 14:00:00,14.75,Low
54056,2,19.0,2025-12-07 20:00:00,19.38,Low
63348,14,17.93,2025-12-16 19:00:00,23.42,Low
79824,25,26.52,2025-12-18 19:00:00,30.38,Medium
88930,24,66.83,2025-12-18 20:00:00,30.5,Medium
90472,10,14.8,2025-12-12 21:00:00,24.62,Low
100539,28,38.64,2025-12-18 11:00:00,30.08,Medium
104155,17,23.29,2025-12-16 20:00:00,28.0,Medium
109103,11,39.27,2025-12-12 14:00:00,18.08,Medium
113251,16,23.69,2025-12-07 09:00:00,19.12,Medium
113960,30,66.97,2025-12-18 22:00:00,30.17,High
114088,4,6.25,2025-12-08 19:00:00,19.38,Low
120873,23,69.39,2025-12-18 22:00:00,29.25,Medium
134658,14,18.43,2025-12-18 21:00:00,29.12,Medium
151617,30,65.63,2025-12-18 21:00:00,30.5,High
156608,16,35.25,2025-12-17 01:00:00,26.25,Medium
157097,28,53.64,2025-12-17 17:00:00,29.42,Medium
189833,29,128.28,2025-12-18 19:00:00,30.25,High
190327,25,27.84,2025-12-18 16:00:00,30.0,Medium
191366,18,66.11,2025-12-14 22:00:00,26.5,Medium
213655,17,162.47,2025-12-18 19:00:00,16.79,High
217996,5,14.4,2025-12-18 22:00:00,30.12,Low
227293,27,35.59,2025-12-18 21:00:00,30.12,Medium
230711,22,16.23,2025-12-17 15:00:00,28.71,Medium
239485,19,13.79,2025-12-16 12:00:00,26.58,Medium
247543,26,36.81,2025-12-17 14:00:00,29.33,Medium
250843,31,70.94,2025-12-18 22:00:00,30.33,High
263670,15,40.27,2025-12-18 20:00:00,30.33,Medium
287170,10,6.1,2025-12-17 22:00:00,18.5,Low
305685,12,11.17,2025-12-17 12:00:00,22.71,Low
337191,13,23.23,2025-12-16 22:00:00,27.5,Medium
355287,18,54.83,2025-12-18 16:00:00,16.71,Medium
365699,21,28.81,2025-12-18 19:00:00,29.88,Medium
397142,26,40.88,2025-12-18 19:00:00,30.5,Medium
413178,14,73.14,2025-12-15 21:00:00,25.96,Medium
414388,24,18.83,2025-12-18 10:00:00,26.79,Medium
418175,28,42.32,2025-12-18 22:00:00,30.38,Medium
429994,23,28.78,2025-12-18 20:00:00,29.0,Medium
432337,22,40.77,2025-12-18 20:00:00,29.29,Medium
450683,14,20.71,2025-12-16 05:00:00,23.42,Medium
475826,31,225.94,2025-12-18 23:00:00,30.38,High
483640,16,31.81,2025-12-18 14:00:00,25.04,Medium
493013,10,20.6,2025-12-18 23:00:00,30.29,Low
497764,28,143.36,2025-12-18 22:00:00,30.5,High
501286,25,41.84,2025-12-18 22:00:00,30.92,Medium
511319,20,22.15,2025-12-18 22:00:00,30.62,Medium
521437,18,28.72,2025-12-17 17:00:00,28.96,Medium
565533,28,38.25,2025-12-18 22:00:00,30.38,Medium
567790,10,5.1,2025-12-17 18:00:00,29.0,Low
568881,11,38.0,2025-12-18 11:00:00,28.0,Medium
595598,24,71.33,2025-12-18 01:00:00,29.5,Medium
608951,25,77.08,2025-12-18 22:00:00,30.62,High
611920,30,54.73,2025-12-18 14:00:00,30.21,Medium
632347,30,82.47,2025-12-18 12:00:00,30.5,High
678552,4,3.5,2025-12-04 11:00:00,11.04,Low
704891,29,40.9,2025-12-18 22:00:00,30.38,Medium
722361,1,8.0,2025-12-08 12:00:00,0.0,Low
742065,20,19.0,2025-12-18 22:00:00,29.42,Medium
754205,29,36.55,2025-12-18 23:00:00,29.71,Medium
764564,18,32.11,2025-12-18 17:00:00,29.83,Medium
783072,3,15.67,2025-12-06 13:00:00,16.12,Low
790713,28,48.89,2025-12-18 19:00:00,30.5,Medium
801018,28,42.36,2025-12-18 20:00:00,30.29,Medium
807106,23,62.0,2025-12-18 21:00:00,22.33,Medium
814199,30,87.37,2025-12-18 23:00:00,30.96,High
819192,11,12.73,2025-12-18 16:00:00,26.75,Low
819791,2,13.5,2025-12-15 16:00:00,1.25,Low
828731,21,110.14,2025-12-16 22:00:00,28.12,High
867381,31,186.9,2025-12-18 21:00:00,30.62,High
876192,27,59.07,2025-12-18 23:00:00,30.71,Medium
908290,3,25.0,2025-12-18 12:00:00,5.71,Low
914729,15,22.73,2025-12-17 09:00:00,28.0,Medium
943095,17,13.18,2025-12-18 08:00:00,26.75,Low
985207,25,32.08,2025-12-18 19:00:00,30.33,Medium
991563,31,78.1,2025-12-18 21:00:00,30.46,High
1019952,29,47.34,2025-12-18 22:00:00,30.38,Medium
1022699,24,65.29,2025-12-17 23:00:00,28.54,Medium
1022919,16,41.56,2025-12-18 21:00:00,24.17,Medium
1030408,29,63.31,2025-12-18 09:00:00,30.08,Medium
1034452,7,11.57,2025-12-17 19:00:00,27.83,Low
1041761,30,92.37,2025-12-18 21:00:00,30.5,High
1050684,25,22.28,2025-12-18 07:00:00,26.71,Medium
1053725,31,58.1,2025-12-18 18:00:00,30.0,Medium
1067578,16,19.06,2025-12-18 14:00:00,29.62,Medium
1074982,18,11.17,2025-12-17 16:00:00,29.0,Low
1081595,14,21.43,2025-12-17 01:00:00,28.25,Medium
1091123,31,78.42,2025-12-18 23:00:00,30.67,High
1105998,14,38.14,2025-12-18 10:00:00,29.88,Medium
1112140,21,23.19,2025-12-18 12:00:00,29.79,Medium
1128409,19,31.0,2025-12-18 18:00:00,27.38,Medium
1128799,5,2.0,2025-12-11 17:00:00,21.92,Low
1137672,30,45.27,2025-12-18 20:00:00,30.62,Medium
1156843,28,83.36,2025-12-18 23:00:00,30.58,High
1160607,31,154.84,2025-12-18 23:00:00,30.46,High
1182380,22,26.14,2025-12-18 19:00:00,29.04,Medium
1183504,30,97.9,2025-12-18 19:00:00,29.42,High
1188241,29,35.83,2025-12-18 15:00:00,29.96,Medium
1206079,18,20.22,2025-12-17 23:00:00,29.58,Medium
1211225,12,32.75,2025-12-16 11:00:00,27.46,Medium
1257131,23,42.96,2025-12-16 15:00:00,28.58,Medium
1259845,24,43.83,2025-12-17 15:00:00,29.62,Medium
1272577,18,29.06,2025-12-18 10:00:00,27.96,Medium
1275653,18,17.94,2025-12-16 14:00:00,26.58,Medium
1334962,14,23.71,2025-12-17 15:00:00,24.79,Medium
1335738,20,21.35,2025-12-18 17:00:00,29.88,Medium
1344672,6,10.0,2025-12-18 23:00:00,12.29,Low
1364464,17,15.06,2025-12-18 21:00:00,30.54,Medium
1365073,6,28.17,2025-12-17 13:00:00,28.83,Low
1399592,22,20.82,2025-12-16 16:00:00,28.58,Medium
1409005,31,41.03,2025-12-18 18:00:00,30.12,Medium
1419642,2,1.5,2025-11-25 11:00:00,1.83,Low
1421162,9,18.22,2025-12-16 22:00:00,27.88,Low
1439794,6,42.67,2025-12-13 18:00:00,22.04,Medium
1485361,22,41.95,2025-12-18 19:00:00,30.42,Medium
1486585,15,48.07,2025-12-14 22:00:00,25.54,Medium
1498131,6,16.33,2025-12-14 19:00:00,26.79,Low
1525511,16,21.5,2025-12-17 17:00:00,28.79,Medium
1532868,14,18.57,2025-12-17 19:00:00,28.96,Medium
1533523,6,9.0,2025-12-17 20:00:00,21.33,Low
1533885,23,17.04,2025-12-18 19:00:00,25.25,Medium
1534718,4,6.5,2025-12-11 21:00:00,10.17,Low
1535240,14,19.21,2025-12-15 22:00:00,25.67,Medium
1553407,13,15.38,2025-12-18 07:00:00,26.62,Low
1588051,10,23.0,2025-12-18 18:00:00,29.29,Low
1588502,4,11.25,2025-12-16 21:00:00,14.21,Low
1593616,21,21.86,2025-12-17 15:00:00,29.17,Medium
1604248,11,95.82,2025-12-18 22:00:00,14.08,Medium
1619789,21,22.9,2025-12-17 18:00:00,28.25,Medium
1652366,7,12.86,2025-12-09 01:00:00,20.83,Low
1666891,13,15.92,2025-12-18 21:00:00,30.79,Low
1673252,26,32.23,2025-12-18 15:00:00,30.08,Medium
1704058,21,32.14,2025-12-18 00:00:00,29.54,Medium
1724469,12,24.0,2025-12-15 16:00:00,26.21,Medium
1725399,21,107.86,2025-12-18 22:00:00,29.25,High
1760140,18,22.22,2025-12-16 21:00:00,26.54,Medium
1769128,25,66.16,2025-12-18 20:00:00,30.38,Medium
1799885,24,44.79,2025-12-18 20:00:00,29.54,Medium
1805148,26,57.92,2025-12-17 19:00:00,28.17,Medium
1805740,26,58.23,2025-12-18 21:00:00,30.04,Medium
1806084,29,41.38,2025-12-18 20:00:00,30.33,Medium
1820303,13,4.77,2025-12-18 00:00:00,28.58,Low
1824572,25,39.68,2025-12-18 16:00:00,29.33,Medium
1825186,16,33.12,2025-12-17 16:00:00,25.46,Medium
1834928,31,60.1,2025-12-18 23:00:00,30.46,High
1857066,27,70.7,2025-12-18 23:00:00,30.96,High
1866742,25,71.72,2025-12-18 12:00:00,30.17,Medium
1897583,28,65.36,2025-12-17 11:00:00,28.62,Medium
1926899,29,217.62,2025-12-18 20:00:00,30.83,High
1944583,16,59.06,2025-12-07 19:00:00,18.92,Medium
1963813,13,48.62,2025-12-16 13:00:00,28.0,Medium
1985644,22,38.73,2025-12-18 20:00:00,26.96,Medium
2003464,30,66.77,2025-12-18 06:00:00,29.67,High
2010204,8,26.75,2025-12-14 20:00:00,15.12,Low
2045844,9,18.56,2025-12-18 11:00:00,14.0,Low
2073744,19,17.11,2025-12-17 15:00:00,29.25,Medium
2077849,5,10.4,2025-12-03 11:00:00,10.71,Low
2079867,28,64.11,2025-12-18 15:00:00,29.75,Medium
2083985,16,15.88,2025-12-18 19:00:00,30.29,Medium
2092395,12,24.75,2025-12-14 14:00:00,19.75,Medium
2097413,31,84.16,2025-12-18 18:00:00,30.5,High
2099277,16,29.56,2025-12-16 21:00:00,28.42,Medium
2103285,24,44.25,2025-12-18 16:00:00,30.62,Medium
2103722,29,52.93,2025-12-18 20:00:00,30.54,Medium
2112922,16,33.38,2025-12-16 16:00:00,27.96,Medium
2120923,20,19.6,2025-12-17 14:00:00,28.42,Medium
2128246,29,56.07,2025-12-18 02:00:00,29.71,Medium
2131753,25,81.16,2025-12-17 10:00:00,28.96,High
2139347,13,17.23,2025-12-18 21:00:00,29.25,Low
2165371,12,22.5,2025-12-16 15:00:00,28.33,Medium
2172795,27,107.78,2025-12-18 21:00:00,30.5,High
2183798,23,44.83,2025-12-18 22:00:00,30.46,Medium
2196875,28,35.93,2025-12-18 23:00:00,29.25,Medium
2227874,29,68.41,2025-12-18 22:00:00,30.71,High
2242451,11,17.82,2025-12-18 22:00:00,29.04,Low
2242773,29,53.14,2025-12-18 07:00:00,28.54,Medium
2256395,12,16.33,2025-12-15 14:00:00,18.75,Low
2267344,28,65.86,2025-12-18 09:00:00,29.96,Medium
2272401,11,14.64,2025-12-18 19:00:00,26.96,Low
2283337,28,50.57,2025-12-18 18:00:00,30.12,Medium
2302002,15,72.07,2025-12-18 08:00:00,25.92,Medium
2319819,29,113.9,2025-12-18 23:00:00,30.88,High
2338844,5,9.6,2025-12-18 18:00:00,23.0,Low
2352151,20,41.4,2025-12-18 22:00:00,23.5,Medium
2357844,24,33.96,2025-12-15 15:00:00,26.71,Medium
2364046,23,88.43,2025-12-18 20:00:00,30.17,High
2364863,20,18.65,2025-12-18 21:00:00,30.54,Medium
2379445,22,27.36,2025-12-18 22:00:00,30.46,Medium
2400099,28,42.0,2025-12-18 23:00:00,30.38,Medium
2489487,26,45.35,2025-12-18 23:00:00,30.12,Medium
2493818,23,39.83,2025-12-18 23:00:00,30.71,Medium
2502524,29,162.03,2025-12-18 23:00:00,30.42,High
2510646,5,8.0,2025-12-04 16:00:00,14.0,Low
2527320,19,36.79,2025-12-16 14:00:00,26.12,Medium
2536588,24,42.96,2025-12-18 21:00:00,30.12,Medium
2557196,14,29.29,2025-12-18 20:00:00,29.0,Medium
2588780,29,52.34,2025-12-18 21:00:00,30.0,Medium
2590763,19,27.32,2025-12-18 20:00:00,30.04,Medium
2622091,29,72.55,2025-12-18 21:00:00,30.79,High
2639819,19,54.0,2025-12-17 18:00:00,26.96,Medium
2675166,17,94.47,2025-12-18 21:00:00,27.04,Medium
2683726,24,36.58,2025-12-18 21:00:00,30.38,Medium
2686606,18,108.67,2025-12-18 23:00:00,17.42,High
2695854,22,52.5,2025-12-18 23:00:00,26.0,Medium
2696208,12,9.5,2025-12-17 12:00:00,21.79,Low
2720721,30,174.93,2025-12-18 23:00:00,30.62,High
2742560,30,85.63,2025-12-18 23:00:00,30.08,High
2745737,19,60.58,2025-12-18 21:00:00,27.88,Medium
2751701,14,120.86,2025-12-18 22:00:00,16.04,Medium
2763135,7,19.29,2025-12-18 09:00:00,5.62,Low
2803672,15,17.53,2025-12-14 22:00:00,26.21,Medium
2814416,31,33.19,2025-12-18 19:00:00,30.54,Medium
2820961,30,86.3,2025-12-18 22:00:00,30.33,High
2839379,27,14.11,2025-12-18 12:00:00,30.08,Medium
2845412,25,25.28,2025-12-18 20:00:00,28.96,Medium
2870275,19,42.37,2025-12-18 19:00:00,29.46,Medium
2883429,17,20.65,2025-12-12 15:00:00,20.71,Medium
2887948,14,14.79,2025-12-16 16:00:00,24.75,Low
2896763,23,17.22,2025-12-18 15:00:00,30.25,Medium
2910556,29,46.66,2025-12-18 20:00:00,30.17,Medium
2913602,30,51.13,2025-12-18 17:00:00,30.33,Medium
2934039,21,25.1,2025-12-17 20:00:00,29.38,Medium
2935703,30,60.67,2025-12-18 20:00:00,30.54,Medium
2950136,24,44.12,2025-12-18 15:00:00,30.33,Medium
2952532,25,85.72,2025-12-18 21:00:00,30.12,High
2967122,30,27.7,2025-12-18 17:00:00,30.67,Medium
2989110,28,35.5,2025-12-18 23:00:00,30.04,Medium
3016266,29,49.52,2025-12-18 20:00:00,28.96,Medium
3063448,29,93.0,2025-12-18 22:00:00,30.75,High
3065306,29,110.79,2025-12-18 15:00:00,30.33,High
3066501,13,29.23,2025-12-06 23:00:00,16.17,Medium
3089923,17,37.53,2025-12-18 22:00:00,30.58,Medium
3141769,25,27.12,2025-12-18 21:00:00,29.38,Medium
3141933,22,31.73,2025-12-17 20:00:00,29.58,Medium
3162324,16,35.19,2025-12-18 22:00:00,27.33,Medium
3166978,26,43.65,2025-12-18 17:00:00,29.92,Medium
3190957,21,34.86,2025-12-18 23:00:00,22.42,Medium
3191339,15,10.53,2025-12-17 13:00:00,25.75,Low
3192805,14,23.79,2025-12-14 00:00:00,22.58,Medium
3207324,7,16.29,2025-12-15 23:00:00,17.08,Low
3227231,25,82.88,2025-12-12 07:00:00,24.08,High
3233000,19,19.26,2025-12-18 11:00:00,25.62,Medium
3240412,26,29.73,2025-12-18 19:00:00,30.29,Medium
3282021,28,268.0,2025-12-18 22:00:00,30.62,High
3304327,24,102.92,2025-12-18 07:00:00,27.38,High
3318666,31,273.23,2025-12-18 20:00:00,30.83,High
3324323,16,27.94,2025-12-17 15:00:00,29.62,Medium
3328558,30,88.9,2025-12-18 22:00:00,30.54,High
3350428,22,36.95,2025-12-18 22:00:00,30.21,Medium
3375066,21,16.29,2025-12-18 15:00:00,30.12,Medium
3378138,26,46.0,2025-12-18 19:00:00,30.5,Medium
3380259,25,24.64,2025-12-18 21:00:00,30.58,Medium
3384843,16,53.0,2025-12-14 20:00:00,22.25,Medium
3395807,17,17.82,2025-12-18 17:00:00,29.75,Medium
3421308,1,5.0,2025-12-05 13:00:00,0.0,Low
3423779,11,13.45,2025-12-14 07:00:00,11.96,Low
3442818,31,188.32,2025-12-18 23:00:00,30.96,High
3447448,2,35.0,2025-12-18 17:00:00,0.88,Low
3460631,26,21.23,2025-12-15 00:00:00,25.67,Medium
3466367,22,66.09,2025-12-18 15:00:00,23.54,Medium
3468674,9,7.44,2025-12-16 16:00:00,25.83,Low
3482403,23,23.09,2025-12-18 20:00:00,29.88,Medium
3495324,20,32.0,2025-12-18 16:00:00,30.21,Medium
3508821,19,41.79,2025-12-18 17:00:00,28.96,Medium
3512329,30,104.93,2025-12-18 23:00:00,30.58,High
3519280,18,84.06,2025-12-18 19:00:00,27.21,Medium
3543407,23,92.0,2025-12-18 21:00:00,30.17,High
3566914,26,64.15,2025-12-18 23:00:00,30.04,Medium
3567524,12,23.92,2025-12-17 17:00:00,25.08,Medium
3569244,31,46.16,2025-12-18 18:00:00,30.46,Medium
3569918,15,10.47,2025-12-18 21:00:00,25.54,Low
3577313,20,20.95,2025-12-12 19:00:00,24.29,Medium
3578206,31,193.03,2025-12-18 21:00:00,30.58,High
3607854,28,84.64,2025-12-18 23:00:00,29.0,High
3631290,19,20.89,2025-12-15 11:00:00,26.54,Medium
3632278,26,44.96,2025-12-18 21:00:00,30.17,Medium
3662776,28,50.68,2025-12-18 22:00:00,30.08,Medium
3671315,31,123.26,2025-12-18 23:00:00,30.96,High
3671520,26,55.42,2025-12-16 19:00:00,28.79,Medium
3694961,31,313.61,2025-12-18 23:00:00,30.12,High
3695398,26,76.88,2025-12-18 19:00:00,30.33,High
3709994,28,49.57,2025-12-18 22:00:00,29.04,Medium
3712578,31,50.0,2025-12-18 17:00:00,30.25,Medium
3714513,25,42.48,2025-12-18 17:00:00,27.88,Medium
3731463,28,144.75,2025-12-18 21:00:00,30.33,High
3763394,18,14.83,2025-12-18 12:00:00,30.08,Medium
3789630,17,25.76,2025-12-18 14:00:00,30.21,Medium
3791755,15,22.8,2025-12-18 21:00:00,30.67,Medium
3792677,27,30.59,2025-12-18 22:00:00,30.92,Medium
3796254,13,17.85,2025-12-18 10:00:00,28.96,Low
3808025,3,36.33,2025-12-15 15:00:00,2.21,Low
3830694,27,42.11,2025-12-18 19:00:00,29.75,Medium
3840121,31,106.97,2025-12-18 23:00:00,30.46,High
3849356,12,4.83,2025-12-18 11:00:00,29.54,Low
3864501,9,20.22,2025-12-18 23:00:00,27.62,Low
3878869,28,30.71,2025-12-18 20:00:00,30.83,Medium
3880359,13,12.54,2025-12-16 13:00:00,23.71,Low
3914310,13,29.62,2025-12-18 09:00:00,30.33,Medium
3919761,14,22.86,2025-12-18 13:00:00,25.96,Medium
3927253,16,40.75,2025-12-18 18:00:00,18.96,Medium
3945782,27,33.59,2025-12-18 21:00:00,30.38,Medium
3965819,12,12.25,2025-12-16 22:00:00,21.38,Low
3987745,16,32.25,2025-12-18 07:00:00,24.38,Medium
4053567,31,92.65,2025-12-18 20:00:00,30.58,High
4060646,13,74.54,2025-12-18 15:00:00,30.17,Medium
4076820,23,26.22,2025-12-18 19:00:00,30.12,Medium
4077888,25,39.4,2025-12-18 12:00:00,28.12,Medium
4082863,22,82.14,2025-12-17 23:00:00,29.58,Medium
4088842,17,38.94,2025-12-17 23:00:00,29.0,Medium
4095217,25,46.8,2025-12-18 12:00:00,30.0,Medium
4102557,31,88.06,2025-12-18 20:00:00,30.46,High
4102766,7,9.29,2025-12-12 09:00:00,16.58,Low
4110055,16,45.62,2025-12-18 16:00:00,23.12,Medium
4110672,25,132.08,2025-12-16 14:00:00,28.38,High
4120403,31,120.1,2025-12-18 21:00:00,30.54,High
4120881,3,13.0,2025-12-10 17:00:00,7.08,Low
4137745,31,120.13,2025-12-18 21:00:00,30.83,High
4140926,17,57.0,2025-12-17 18:00:00,29.0,Medium
4146900,31,128.9,2025-12-18 23:00:00,30.0,High
4164164,13,32.38,2025-12-18 15:00:00,22.92,Medium
4164359,20,77.6,2025-12-15 20:00:00,27.21,Medium
4174826,24,32.54,2025-12-18 22:00:00,30.92,Medium
4186010,30,32.2,2025-12-18 20:00:00,30.71,Medium
4195964,31,58.77,2025-12-18 21:00:00,30.38,Medium
4225412,30,162.4,2025-12-18 21:00:00,30.42,High
4231989,27,42.96,2025-12-18 16:00:00,30.0,Medium
4232880,16,38.75,2025-12-09 14:00:00,21.04,Medium
4261260,20,76.35,2025-12-17 12:00:00,28.08,Medium
4271718,27,60.33,2025-12-18 21:00:00,30.58,Medium
4283186,10,33.2,2025-12-17 21:00:00,25.42,Medium
4286657,25,47.76,2025-12-18 18:00:00,27.96,Medium
4338344,30,56.3,2025-12-18 22:00:00,30.92,Medium
4346474,3,20.0,2025-12-14 15:00:00,3.75,Low
4361577,31,188.71,2025-12-18 20:00:00,30.83,High
4364079,30,241.37,2025-12-18 22:00:00,30.62,High
4374427,17,42.53,2025-12-17 12:00:00,28.58,Medium
4381858,23,42.22,2025-12-18 09:00:00,29.96,Medium
4387844,23,33.3,2025-12-18 00:00:00,29.58,Medium
4445837,22,23.36,2025-12-17 12:00:00,29.0,Medium
4496414,28,17.32,2025-12-18 22:00:00,30.62,Medium
4499782,4,7.5,2025-12-02 13:00:00,3.88,Low
4524349,28,49.89,2025-12-18 18:00:00,30.04,Medium
4561993,25,80.24,2025-12-18 23:00:00,30.71,High
4567220,11,29.82,2025-12-18 22:00:00,30.17,Medium
4573013,28,43.64,2025-12-17 22:00:00,29.58,Medium
4579794,30,77.13,2025-12-18 23:00:00,29.29,High
4597166,15,16.07,2025-12-18 09:00:00,25.42,Low
4642457,23,35.78,2025-12-18 21:00:00,30.04,Medium
4644312,12,8.08,2025-12-10 16:00:00,21.04,Low
4688795,8,10.62,2025-12-15 15:00:00,27.0,Low
4710740,17,20.76,2025-12-16 23:00:00,26.96,Medium
4716732,19,25.21,2025-12-18 20:00:00,23.96,Medium
4725269,27,169.63,2025-12-18 22:00:00,30.42,High
4729352,16,26.0,2025-12-12 20:00:00,24.38,Medium
4741469,4,19.0,2025-12-15 17:00:00,9.88,Low
4742459,20,62.3,2025-12-10 22:00:00,22.46,Medium
4744483,24,43.62,2025-12-18 19:00:00,30.42,Medium
4752206,29,32.59,2025-12-18 15:00:00,30.33,Medium
4755159,12,18.67,2025-12-18 19:00:00,28.96,Low
4763932,15,21.07,2025-12-16 22:00:00,27.5,Medium
4772544,13,17.31,2025-12-09 23:00:00,21.08,Low
4780516,9,18.22,2025-12-17 23:00:00,26.38,Low
4790160,13,25.46,2025-12-15 19:00:00,25.96,Medium
4839432,27,51.56,2025-12-18 22:00:00,30.67,Medium
4839533,23,41.26,2025-12-18 16:00:00,29.21,Medium
4839961,12,87.67,2025-12-13 21:00:00,25.38,Medium
4869558,21,27.86,2025-12-18 21:00:00,30.17,Medium
4903043,31,99.0,2025-12-18 17:00:00,30.71,High
4917287,11,16.09,2025-12-18 10:00:00,27.75,Low
4919496,5,21.8,2025-12-05 13:00:00,11.88,Low
4921070,16,10.56,2025-12-17 09:00:00,28.92,Low
4922072,20,18.45,2025-12-17 13:00:00,29.08,Medium
4960300,25,47.44,2025-12-18 22:00:00,29.67,Medium
4977592,31,60.16,2025-12-18 23:00:00,30.25,High
4979200,25,44.0,2025-12-18 23:00:00,30.96,Medium
5020210,23,61.96,2025-12-17 19:00:00,29.21,Medium
5028667,23,38.61,2025-12-18 13:00:00,30.17,Medium
5051617,19,43.89,2025-12-18 08:00:00,21.42,Medium
5057199,23,50.52,2025-12-18 21:00:00,29.96,Medium
5066694,27,53.78,2025-12-18 09:00:00,30.38,Medium
5091068,22,34.95,2025-12-17 21:00:00,26.04,Medium
5125563,6,8.17,2025-12-18 20:00:00,20.96,Low
5137598,25,54.12,2025-12-18 23:00:00,30.67,Medium
5141057,16,16.12,2025-12-17 20:00:00,29.46,Medium
5154444,26,47.15,2025-12-18 21:00:00,30.62,Medium
5159022,17,82.88,2025-12-18 19:00:00,27.12,Medium
5179507,12,17.42,2025-12-15 23:00:00,27.58,Low
5187945,1,14.0,2025-12-11 19:00:00,0.0,Low
5189513,30,57.93,2025-12-18 22:00:00,30.42,Medium
5196815,11,33.55,2025-12-18 22:00:00,30.29,Medium
5201714,19,131.21,2025-12-18 17:00:00,28.33,High
5223307,28,33.0,2025-12-18 15:00:00,29.0,Medium
5236221,20,50.3,2025-12-18 21:00:00,20.92,Medium
5240052,6,6.17,2025-12-13 14:00:00,24.88,Low
5250412,29,53.07,2025-12-18 12:00:00,30.0,Medium
5255076,8,11.88,2025-12-16 15:00:00,25.83,Low
5287432,9,14.78,2025-12-05 13:00:00,16.92,Low
5307517,19,30.68,2025-12-17 11:00:00,28.67,Medium
5315279,27,458.78,2025-12-18 23:00:00,30.71,High
5358079,29,66.79,2025-12-18 18:00:00,30.17,High
5392788,7,9.57,2025-12-17 16:00:00,26.83,Low
5396057,30,71.93,2025-12-18 19:00:00,30.46,High
5412158,20,10.05,2025-12-17 18:00:00,29.42,Low
5424550,31,134.81,2025-12-18 20:00:00,29.96,High
5440164,13,17.08,2025-12-18 20:00:00,28.12,Low
5451259,11,13.45,2025-12-13 19:00:00,20.42,Low
5460550,29,56.55,2025-12-18 22:00:00,30.79,Medium
5466222,23,37.87,2025-12-17 10:00:00,27.08,Medium
5467215,27,34.56,2025-12-17 20:00:00,25.96,Medium
5478302,30,158.0,2025-12-18 22:00:00,30.21,High
5481789,22,30.32,2025-12-17 22:00:00,29.12,Medium
5483686,2,20.5,2025-12-16 11:00:00,0.62,Low
5485673,22,41.23,2025-12-18 23:00:00,27.0,Medium
5586064,25,44.6,2025-12-18 18:00:00,30.46,Medium
5616094,21,19.95,2025-12-18 22:00:00,30.21,Medium
5624123,19,28.37,2025-12-18 13:00:00,30.17,Medium
5626464,11,54.73,2025-12-17 23:00:00,24.08,Medium
5680285,16,22.12,2025-12-15 03:00:00,24.88,Medium
5686843,30,57.4,2025-12-18 22:00:00,30.25,Medium
5694160,26,173.23,2025-12-18 23:00:00,30.58,High
5698511,30,102.73,2025-12-18 21:00:00,30.62,High
5699616,6,9.33,2025-12-18 20:00:00,29.04,Low
5710300,22,19.0,2025-12-18 23:00:00,29.33,Medium
5719706,1,3.0,2025-12-16 19:00:00,0.0,Low
5740730,26,30.27,2025-12-17 22:00:00,29.71,Medium
5778458,23,83.52,2025-12-18 14:00:00,29.83,High
5786548,17,25.65,2025-12-17 19:00:00,29.54,Medium
5786807,19,61.89,2025-12-18 21:00:00,24.62,Medium
5798831,14,24.07,2025-12-18 18:00:00,29.83,Medium
5803579,8,9.12,2025-12-16 20:00:00,28.12,Low
5837961,31,127.13,2025-12-18 23:00:00,30.96,High
5838287,22,24.23,2025-12-18 21:00:00,29.21,Medium
5860001,31,115.71,2025-12-18 21:00:00,30.75,High
5865371,26,25.62,2025-12-18 11:00:00,29.58,Medium
5875750,27,61.67,2025-12-18 19:00:00,30.04,Medium
5938241,31,142.71,2025-12-18 23:00:00,30.96,High
5942869,25,57.4,2025-12-18 20:00:00,30.12,Medium
5950556,30,102.57,2025-12-18 21:00:00,29.62,High
6014239,6,89.83,2025-12-15 21:00:00,12.25,Medium
6015031,26,76.35,2025-12-17 08:00:00,28.46,High
6018416,28,58.21,2025-12-17 21:00:00,29.5,Medium
6038861,22,23.09,2025-12-18 21:00:00,30.08,Medium
6049053,29,79.41,2025-12-18 16:00:00,29.92,High
6062947,9,42.0,2025-12-18 22:00:00,8.54,Medium
6064746,27,36.22,2025-12-18 21:00:00,30.42,Medium
6068352,19,19.05,2025-12-18 11:00:00,26.0,Medium
6071666,17,41.94,2025-12-18 23:00:00,30.54,Medium
6079735,19,35.05,2025-12-18 20:00:00,30.38,Medium
6101177,31,196.68,2025-12-18 21:00:00,30.71,High
6142132,6,6.33,2025-12-16 19:00:00,27.96,Low
6146353,29,34.1,2025-12-18 23:00:00,30.67,Medium
6163885,26,23.0,2025-12-18 13:00:00,30.04,Medium
6177572,10,164.2,2025-12-18 23:00:00,10.58,Medium
6212208,31,55.68,2025-12-18 17:00:00,30.33,Medium
6222588,26,81.73,2025-12-18 15:00:00,30.12,High
6228124,22,23.36,2025-12-18 21:00:00,29.21,Medium
6230291,24,46.54,2025-12-18 22:00:00,28.33,Medium
6235300,19,17.32,2025-12-17 19:00:00,27.75,Medium
6236717,12,32.92,2025-12-13 04:00:00,24.29,Medium
6243406,16,18.0,2025-12-18 20:00:00,26.38,Medium
6247427,20,39.9,2025-12-18 19:00:00,29.71,Medium
6274948,13,29.77,2025-12-17 21:00:00,29.12,Medium
6287853,2,22.0,2025-12-18 09:00:00,0.58,Low
6303684,25,34.88,2025-12-17 20:00:00,29.0,Medium
6317562,24,53.62,2025-12-15 11:00:00,27.46,Medium
6336158,3,77.0,2025-12-17 18:00:00,2.58,Low
6336487,29,59.48,2025-12-18 19:00:00,30.42,Medium
6345483,30,299.43,2025-12-18 13:00:00,30.5,High
6346697,17,32.18,2025-12-18 23:00:00,27.58,Medium
6347508,23,23.35,2025-12-18 21:00:00,29.17,Medium
6371563,15,44.8,2025-12-14 11:00:00,25.08,Medium
6375695,25,32.68,2025-12-17 23:00:00,29.58,Medium
6392284,6,4.5,2025-12-05 12:00:00,14.96,Low
6419226,14,14.14,2025-12-18 00:00:00,29.21,Low
6435793,28,91.07,2025-12-18 02:00:00,28.29,High
6437749,18,87.61,2025-12-18 09:00:00,28.79,Medium
6438366,11,7.18,2025-12-07 18:00:00,17.92,Low
6442389,18,34.67,2025-12-18 22:00:00,20.08,Medium
6443596,26,101.54,2025-12-17 22:00:00,29.5,High
6452476,29,81.45,2025-12-18 23:00:00,30.5,High
6478780,29,61.59,2025-12-18 21:00:00,30.5,Medium
6500341,17,29.41,2025-12-18 15:00:00,29.54,Medium
6504113,27,70.26,2025-12-18 17:00:00,30.08,High
6516360,28,29.96,2025-12-18 13:00:00,30.29,Medium
6516985,12,30.42,2025-12-17 11:00:00,16.58,Medium
6556740,18,64.89,2025-12-18 20:00:00,30.46,Medium
6566040,12,12.58,2025-12-18 21:00:00,29.46,Low
6582864,22,32.73,2025-12-18 09:00:00,30.08,Medium
6596569,14,38.36,2025-12-17 18:00:00,29.12,Medium
6598755,15,12.2,2025-12-12 15:00:00,24.29,Low
6640205,19,27.37,2025-12-18 22:00:00,30.54,Medium
6643814,14,28.86,2025-12-18 12:00:00,27.71,Medium
6685234,24,54.96,2025-12-18 18:00:00,30.25,Medium
6722083,17,57.88,2025-12-18 12:00:00,27.71,Medium
6723204,9,25.22,2025-12-16 17:00:00,28.25,Low
6734365,16,16.38,2025-12-17 14:00:00,27.75,Medium
6769671,11,9.09,2025-12-12 14:00:00,23.17,Low
6776778,23,34.57,2025-12-17 23:00:00,29.08,Medium
6799716,13,24.31,2025-12-18 17:00:00,28.83,Medium
6812814,14,19.93,2025-12-15 07:00:00,17.54,Medium
6814789,31,103.81,2025-12-18 21:00:00,30.29,High
6847334,16,34.12,2025-12-17 16:00:00,29.25,Medium
6861624,27,61.96,2025-12-18 22:00:00,30.71,Medium
6884739,25,24.96,2025-12-18 11:00:00,29.79,Medium
6926678,31,71.61,2025-12-18 21:00:00,30.54,High
6931133,17,14.82,2025-12-17 21:00:00,29.42,Low
6957110,1,13.0,2025-12-14 22:00:00,0.0,Low
6966107,25,14.04,2025-12-18 12:00:00,30.04,Medium
6997005,26,57.73,2025-12-18 09:00:00,29.62,Medium
7011544,26,39.0,2025-12-18 22:00:00,30.42,Medium
7012275,10,9.4,2025-12-14 06:00:00,14.38,Low
7018172,7,16.14,2025-12-17 11:00:00,20.58,Low
7030262,20,59.5,2025-12-16 21:00:00,28.29,Medium
7033860,15,18.53,2025-12-17 01:00:00,27.33,Medium
7053874,8,56.38,2025-12-17 00:00:00,7.33,Medium
7055673,25,71.36,2025-12-18 22:00:00,24.08,Medium
7072231,29,37.52,2025-12-18 22:00:00,30.42,Medium
7089989,10,5.7,2025-12-15 13:00:00,17.83,Low
7094594,29,56.24,2025-12-18 18:00:00,30.0,Medium
7121453,24,24.83,2025-12-18 07:00:00,29.42,Medium
7129140,28,13.18,2025-12-18 13:00:00,29.96,Medium
7138866,24,68.0,2025-12-18 16:00:00,30.67,Medium
7144740,30,88.87,2025-12-18 21:00:00,30.54,High
7175674,27,39.33,2025-12-18 20:00:00,30.04,Medium
7196391,23,50.65,2025-12-18 09:00:00,30.0,Medium
7197108,23,79.17,2025-12-17 22:00:00,28.0,Medium
7202772,28,50.29,2025-12-17 23:00:00,29.04,Medium
7207480,26,55.08,2025-12-18 21:00:00,30.04,Medium
7223825,22,23.82,2025-12-18 23:00:00,30.96,Medium
7226947,29,56.52,2025-12-18 19:00:00,29.96,Medium
7234861,31,566.9,2025-12-18 19:00:00,30.79,High
7248646,20,54.85,2025-12-18 20:00:00,30.38,Medium
7254306,27,33.63,2025-12-18 17:00:00,30.17,Medium
7267531,25,36.96,2025-12-17 18:00:00,29.17,Medium
7277182,18,48.06,2025-12-18 15:00:00,29.62,Medium
7288446,17,15.18,2025-12-18 01:00:00,28.79,Medium
7295557,31,98.1,2025-12-18 21:00:00,30.46,High
7341876,27,50.22,2025-12-18 15:00:00,29.46,Medium
7363107,19,16.47,2025-12-16 13:00:00,28.0,Medium
7365270,22,13.59,2025-12-18 17:00:00,29.92,Medium
7366396,31,45.16,2025-12-18 21:00:00,30.29,Medium
7391440,23,34.04,2025-12-18 17:00:00,30.04,Medium
7397337,28,123.39,2025-12-18 23:00:00,30.0,High
7409910,1,10.0,2025-11-18 20:00:00,0.5,Low
7427667,5,40.0,2025-12-16 23:00:00,28.79,Low
7434912,23,25.78,2025-12-18 14:00:00,30.17,Medium
7436994,28,42.86,2025-12-18 19:00:00,30.42,Medium
7446574,18,45.67,2025-12-18 20:00:00,30.33,Medium
7470488,28,31.57,2025-12-18 18:00:00,30.33,Medium
7507359,16,11.44,2025-12-16 22:00:00,28.42,Low
7538685,18,17.22,2025-12-18 19:00:00,30.04,Medium
7554598,24,15.04,2025-12-16 20:00:00,28.54,Medium
7560153,21,28.67,2025-12-17 12:00:00,29.0,Medium
7572838,8,22.0,2025-12-17 22:00:00,26.75,Low
7585996,30,135.93,2025-12-18 16:00:00,29.12,High
7604354,13,18.0,2025-12-16 23:00:00,22.0,Low
7606334,18,16.22,2025-12-17 12:00:00,26.67,Medium
7610653,25,24.4,2025-12-18 23:00:00,30.33,Medium
7612152,23,107.09,2025-12-18 22:00:00,27.21,High
7623264,25,16.72,2025-12-18 22:00:00,30.46,Medium
7630304,29,104.38,2025-12-18 22:00:00,30.46,High
7646195,17,27.29,2025-12-16 14:00:00,28.12,Medium
7647261,12,24.83,2025-12-18 19:00:00,28.96,Medium
7679270,26,33.5,2025-12-18 21:00:00,30.5,Medium
7713477,27,32.59,2025-12-18 21:00:00,30.42,Medium
7723951,15,41.6,2025-12-18 22:00:00,29.92,Medium
7733967,17,12.12,2025-12-15 22:00:00,27.08,Low
7761295,23,103.48,2025-12-17 23:00:00,29.38,High
7766678,27,44.41,2025-12-18 21:00:00,30.08,Medium
7774023,30,98.87,2025-12-18 14:00:00,30.17,High
7780072,21,28.81,2025-12-15 19:00:00,27.79,Medium
7788241,27,39.85,2025-12-18 20:00:00,30.29,Medium
7799018,25,56.32,2025-12-18 12:00:00,30.5,Medium
7829997,14,33.64,2025-12-16 19:00:00,27.71,Medium
7843229,15,65.47,2025-12-18 08:00:00,14.71,Medium
7853740,31,58.81,2025-12-18 15:00:00,29.96,Medium
7874812,29,11.45,2025-12-18 10:00:00,28.67,Medium
7881635,29,61.03,2025-12-18 11:00:00,30.17,Medium
7892881,30,64.83,2025-12-18 16:00:00,29.88,High
7915670,17,37.59,2025-12-18 12:00:00,30.21,Medium
7956207,30,53.4,2025-12-18 23:00:00,30.96,Medium
7959667,18,24.0,2025-12-15 20:00:00,27.38,Medium
7970200,7,20.14,2025-12-12 18:00:00,23.29,Low
8009008,27,37.63,2025-12-17 11:00:00,29.12,Medium
8034995,21,18.24,2025-12-17 08:00:00,29.0,Medium
8045744,26,94.88,2025-12-18 20:00:00,30.79,High
8052951,19,56.21,2025-12-18 14:00:00,27.12,Medium
8085465,5,27.8,2025-12-15 01:00:00,19.46,Low
8119848,25,48.32,2025-12-18 13:00:00,30.17,Medium
8197937,29,110.48,2025-12-18 14:00:00,30.58,High
8205078,28,128.5,2025-12-18 21:00:00,30.17,High
8213864,30,99.33,2025-12-18 23:00:00,30.62,High
8217647,31,71.97,2025-12-18 23:00:00,30.71,High
8231529,25,51.52,2025-12-18 21:00:00,29.38,Medium
8240912,28,60.54,2025-12-18 16:00:00,30.67,Medium
8249269,30,123.93,2025-12-18 21:00:00,30.42,High
8311653,20,19.9,2025-12-18 21:00:00,28.12,Medium
8319301,9,8.0,2025-12-17 08:00:00,25.5,Low
8325510,29,236.17,2025-12-18 23:00:00,30.58,High
8337357,29,27.72,2025-12-18 23:00:00,29.96,Medium
8350359,25,114.12,2025-12-18 21:00:00,29.33,High
8354126,23,226.43,2025-12-18 19:00:00,25.83,High
8359310,31,33.65,2025-12-18 17:00:00,30.04,Medium
8362294,13,15.77,2025-12-14 23:00:00,26.58,Low
8370322,31,42.97,2025-12-18 10:00:00,29.96,Medium
8376762,1,20.0,2025-12-11 22:00:00,0.04,Low
8382449,31,85.84,2025-12-18 17:00:00,30.42,High
8388321,15,21.33,2025-12-18 21:00:00,24.04,Medium
8397935,22,43.77,2025-12-18 22:00:00,23.58,Medium
8400761,1,16.0,2025-11-22 21:00:00,0.0,Low
8406569,21,40.62,2025-12-17 16:00:00,24.88,Medium
8413012,7,19.29,2025-12-18 16:00:00,26.08,Low
8427578,16,10.56,2025-12-18 20:00:00,30.04,Low
8439431,18,49.89,2025-12-17 21:00:00,29.42,Medium
8440456,31,142.77,2025-12-18 18:00:00,30.17,High
8443684,29,117.69,2025-12-18 23:00:00,30.96,High
8445368,20,23.15,2025-12-18 22:00:00,30.0,Medium
8446375,8,14.75,2025-12-13 12:00:00,20.5,Low
8452470,21,22.57,2025-12-18 18:00:00,30.12,Medium
8455780,19,32.58,2025-12-17 18:00:00,29.25,Medium
8499333,19,77.0,2025-12-17 10:00:00,25.62,Medium
8499885,29,32.72,2025-12-18 09:00:00,29.92,Medium
8509077,2,19.0,2025-12-03 17:00:00,6.04,Low
8544418,8,33.0,2025-12-12 11:00:00,19.62,Medium
8581353,30,30.13,2025-12-18 21:00:00,30.58,Medium
8596951,31,174.65,2025-12-18 23:00:00,30.96,High
8679255,28,69.32,2025-12-17 00:00:00,29.0,High
8686191,25,77.44,2025-12-17 14:00:00,25.88,High
8688021,14,34.43,2025-12-17 14:00:00,28.88,Medium
8692489,12,17.67,2025-12-17 08:00:00,27.75,Low
8695857,30,70.93,2025-12-18 22:00:00,30.67,High
8702919,31,113.39,2025-12-18 21:00:00,30.54,High
8747297,15,6.47,2025-12-18 20:00:00,30.5,Low
8750098,17,20.29,2025-12-18 15:00:00,30.12,Medium
8764314,19,31.26,2025-12-17 22:00:00,27.29,Medium
8784082,17,19.18,2025-12-18 22:00:00,30.04,Medium
8785103,9,6.89,2025-12-14 11:00:00,22.62,Low
8801409,30,75.13,2025-12-18 09:00:00,29.62,High
8820897,25,43.0,2025-12-18 14:00:00,30.08,Medium
8823134,13,17.15,2025-12-18 23:00:00,29.42,Low
8832025,17,37.12,2025-12-18 19:00:00,27.46,Medium
8847877,30,69.63,2025-12-18 22:00:00,30.62,High
8856141,23,17.52,2025-12-18 10:00:00,29.62,Medium
8863153,6,25.83,2025-12-18 23:00:00,18.08,Low
8886191,29,225.31,2025-12-18 13:00:00,29.58,High
8909639,16,21.19,2025-12-16 19:00:00,28.42,Medium
8913893,24,71.62,2025-12-18 20:00:00,28.38,Medium
8915107,31,88.19,2025-12-18 23:00:00,30.96,High
8917150,25,141.4,2025-12-18 21:00:00,30.54,High
8971089,8,21.25,2025-12-09 10:00:00,19.62,Low
8973625,16,48.06,2025-12-18 13:00:00,29.12,Medium
8977686,21,36.0,2025-12-17 21:00:00,29.38,Medium
9032548,25,21.0,2025-12-16 22:00:00,28.54,Medium
9056309,18,49.78,2025-12-18 22:00:00,29.08,Medium
9065398,15,14.47,2025-12-15 20:00:00,27.46,Low
9087115,15,23.07,2025-12-16 12:00:00,27.62,Medium
9090200,24,50.38,2025-12-18 15:00:00,30.25,Medium
9092898,26,37.15,2025-12-18 11:00:00,29.04,Medium
9138659,22,84.27,2025-12-18 16:00:00,30.0,Medium
9144935,18,27.61,2025-12-18 21:00:00,30.46,Medium
9149930,19,81.68,2025-12-18 00:00:00,28.29,Medium
9150141,13,9.23,2025-12-15 15:00:00,27.04,Low
9163753,10,16.7,2025-12-17 22:00:00,28.71,Low
9171135,26,31.23,2025-12-18 20:00:00,30.25,Medium
9180621,25,50.32,2025-12-18 23:00:00,30.54,Medium
9184855,8,43.88,2025-12-18 22:00:00,19.33,Medium
9194303,30,52.03,2025-12-18 21:00:00,30.12,Medium
9215982,21,21.9,2025-12-18 13:00:00,29.71,Medium
9219164,28,139.96,2025-12-18 21:00:00,30.62,High
9225110,29,96.48,2025-12-18 20:00:00,30.46,High
9238232,3,11.67,2025-11-30 01:00:00,8.25,Low
9260930,3,4.0,2025-12-14 22:00:00,22.38,Low
9268397,11,79.0,2025-12-17 21:00:00,28.54,Medium
9268980,8,19.75,2025-12-16 19:00:00,17.08,Low
9290733,30,110.5,2025-12-18 20:00:00,30.83,High
9299440,7,6.86,2025-12-18 13:00:00,30.17,Low
9310791,19,19.53,2025-12-18 08:00:00,29.04,Medium
9328686,10,65.3,2025-12-18 19:00:00,23.79,Medium
9357811,31,32.68,2025-12-18 14:00:00,29.71,Medium
9365986,5,5.4,2025-12-17 16:00:00,29.08,Low
9367616,20,36.05,2025-12-15 20:00:00,26.08,Medium
9371856,27,49.89,2025-12-18 22:00:00,29.33,Medium
9375305,8,17.38,2025-12-17 16:00:00,26.75,Low
9380791,7,9.86,2025-12-12 18:00:00,23.92,Low
9384380,20,59.4,2025-12-18 17:00:00,26.17,Medium
9388372,27,66.96,2025-12-17 22:00:00,29.5,Medium
9413973,9,14.22,2025-12-17 19:00:00,27.04,Low
9435211,23,20.43,2025-12-17 13:00:00,27.21,Medium
9451374,29,128.24,2025-12-18 22:00:00,30.0,High
9457887,24,47.79,2025-12-18 07:00:00,29.88,Medium
9465624,16,27.19,2025-12-18 17:00:00,30.5,Medium
9480832,3,12.33,2025-12-11 18:00:00,22.04,Low
9487538,14,12.64,2025-12-18 23:00:00,28.12,Low
9500401,11,358.55,2025-12-13 07:00:00,11.75,High
9524175,31,122.68,2025-12-18 23:00:00,30.58,High
9528671,29,82.93,2025-12-18 22:00:00,30.62,High
9551296,28,62.5,2025-12-18 21:00:00,30.58,Medium
9556056,19,39.63,2025-12-15 11:00:00,27.46,Medium
9560592,24,37.96,2025-12-18 21:00:00,29.92,Medium
9573620,25,80.16,2025-12-17 22:00:00,29.54,High
9601609,20,24.05,2025-12-16 11:00:00,28.08,Medium
9639120,30,205.0,2025-12-18 23:00:00,30.38,High
9648147,25,22.04,2025-12-17 16:00:00,29.0,Medium
9652974,15,28.6,2025-12-13 20:00:00,22.04,Medium
9660384,29,70.38,2025-12-18 10:00:00,29.92,High
9661335,24,32.58,2025-12-17 11:00:00,28.92,Medium
9664816,23,36.43,2025-12-16 21:00:00,28.62,Medium
9686681,8,26.0,2025-12-14 13:00:00,25.5,Low
9695904,29,45.9,2025-12-18 20:00:00,30.83,Medium
9710339,28,57.07,2025-12-18 21:00:00,30.25,Medium
9723930,4,4.0,2025-12-12 13:00:00,12.54,Low
9746937,26,74.27,2025-12-18 18:00:00,29.75,High
9774692,31,139.32,2025-12-18 19:00:00,30.25,High
9784313,18,34.33,2025-12-18 17:00:00,29.12,Medium
9790596,21,27.38,2025-12-18 22:00:00,30.21,Medium
9797520,17,27.59,2025-12-18 23:00:00,28.42,Medium
9821001,13,8.15,2025-12-16 21:00:00,27.0,Low
9829940,27,29.41,2025-12-17 08:00:00,28.38,Medium
9835014,26,42.96,2025-12-17 22:00:00,29.38,Medium
9860181,16,31.12,2025-12-18 17:00:00,27.08,Medium
9862954,20,38.4,2025-12-18 23:00:00,28.58,Medium
9863416,27,71.07,2025-12-18 20:00:00,30.58,High
9868602,25,95.0,2025-12-18 21:00:00,30.5,High
9886065,28,67.5,2025-12-18 20:00:00,30.75,High
9890683,17,23.35,2025-12-17 07:00:00,28.46,Medium
9899625,14,32.64,2025-12-18 23:00:00,29.58,Medium
9900390,18,51.28,2025-12-18 23:00:00,30.5,Medium
9938666,3,3.33,2025-12-02 00:00:00,1.96,Low
9996155,29,22.66,2025-12-18 23:00:00,30.42,Medium
10004287,22,76.68,2025-12-17 22:00:00,29.29,Medium
10020755,27,140.3,2025-12-18 13:00:00,30.21,High
10026124,31,146.13,2025-12-18 20:00:00,30.46,High
10027039,23,61.04,2025-12-16 22:00:00,28.33,Medium
10031393,15,52.93,2025-12-18 21:00:00,26.08,Medium
10045419,19,44.95,2025-12-18 07:00:00,27.46,Medium
10064430,22,38.95,2025-12-15 12:00:00,26.08,Medium
10068052,19,54.26,2025-12-15 21:00:00,27.29,Medium
10075065,21,19.29,2025-12-18 23:00:00,30.67,Medium
10076850,25,74.08,2025-12-18 22:00:00,30.67,Medium
10120410,12,20.0,2025-12-18 22:00:00,21.38,Low
10131505,11,33.64,2025-12-17 21:00:00,28.0,Medium
10141023,15,20.27,2025-12-17 16:00:00,26.71,Medium
10149605,28,54.36,2025-12-18 19:00:00,30.46,Medium
10164041,20,7.0,2025-12-18 13:00:00,28.54,Low
10184170,21,48.05,2025-12-18 08:00:00,30.04,Medium
10187137,17,13.24,2025-12-18 22:00:00,28.08,Low
10191206,27,28.59,2025-12-17 13:00:00,28.29,Medium
10211498,30,211.03,2025-12-18 23:00:00,30.96,High
10218711,7,13.14,2025-12-18 21:00:00,16.0,Low
10219075,28,34.14,2025-12-18 21:00:00,30.88,Medium
10265423,13,42.31,2025-12-17 16:00:00,25.25,Medium
10292215,12,22.08,2025-12-18 15:00:00,28.83,Medium
10297132,30,139.07,2025-12-18 23:00:00,30.96,High
10303832,31,99.26,2025-12-18 20:00:00,30.12,High
10309048,17,89.12,2025-12-18 23:00:00,22.58,Medium
10319860,31,128.26,2025-12-18 20:00:00,30.46,High
10335403,21,25.0,2025-12-18 17:00:00,29.33,Medium
10437655,28,72.32,2025-12-18 18:00:00,27.88,High
10455102,30,56.57,2025-12-18 23:00:00,30.96,Medium
10480818,21,31.95,2025-12-18 17:00:00,24.17,Medium
10480848,30,51.8,2025-12-18 21:00:00,30.42,Medium
10495708,18,25.28,2025-12-17 10:00:00,29.17,Medium
10525504,13,10.62,2025-12-18 07:00:00,29.83,Low
10535263,23,34.39,2025-12-17 18:00:00,29.25,Medium
10539406,26,88.12,2025-12-16 22:00:00,28.92,High
10557490,3,4.67,2025-11-30 09:00:00,7.54,Low
10580879,14,25.79,2025-12-13 20:00:00,20.33,Medium
10630192,27,106.74,2025-12-18 22:00:00,30.33,High
10640408,28,44.75,2025-12-18 14:00:00,30.33,Medium
10653322,13,12.08,2025-12-17 13:00:00,28.83,Low
10664884,8,44.5,2025-12-18 18:00:00,30.0,Medium
10678033,26,48.81,2025-12-18 17:00:00,29.08,Medium
10705215,28,122.29,2025-12-18 22:00:00,30.92,High
10706095,26,63.65,2025-12-17 22:00:00,27.5,Medium
10746742,13,11.62,2025-12-18 19:00:00,27.17,Low
10755564,21,33.48,2025-12-18 20:00:00,30.0,Medium
10761548,15,54.2,2025-12-17 20:00:00,28.12,Medium
10763896,30,39.67,2025-12-18 21:00:00,30.04,Medium
10765825,31,55.1,2025-12-18 13:00:00,30.42,Medium
10770527,25,53.28,2025-12-18 14:00:00,29.08,Medium
10773940,31,67.29,2025-12-18 14:00:00,30.29,High
10797721,12,33.58,2025-12-17 17:00:00,28.88,Medium
10815578,21,57.43,2025-12-18 21:00:00,30.38,Medium
10825402,24,43.88,2025-12-17 20:00:00,29.17,Medium
10833396,17,23.0,2025-12-18 21:00:00,29.75,Medium
10849427,11,16.73,2025-12-18 19:00:00,29.96,Low
10856328,30,25.7,2025-12-18 19:00:00,30.38,Medium
10864414,25,128.68,2025-12-17 22:00:00,29.5,High
10878250,29,58.34,2025-12-18 00:00:00,30.0,Medium
10887844,19,85.63,2025-12-18 23:00:00,30.62,Medium
10921017,1,2.0,2025-12-08 12:00:00,0.0,Low
10936698,28,95.25,2025-12-18 17:00:00,30.71,High
10951366,4,7.75,2025-12-12 18:00:00,21.25,Low
10960939,25,20.36,2025-12-18 06:00:00,30.21,Medium
10970833,8,4.38,2025-12-16 20:00:00,25.25,Low
10980798,28,53.39,2025-12-18 23:00:00,30.42,Medium
10982501,30,174.47,2025-12-18 22:00:00,29.21,High
10990641,22,43.45,2025-12-18 23:00:00,28.5,Medium
10994058,19,13.68,2025-12-18 15:00:00,30.0,Medium
11000891,10,21.7,2025-12-01 21:00:00,11.38,Low
11007737,19,16.95,2025-12-18 21:00:00,30.33,Medium
11010595,15,7.67,2025-12-15 10:00:00,24.96,Low
11027223,26,42.42,2025-12-18 15:00:00,30.38,Medium
11035036,21,27.9,2025-12-18 21:00:00,30.88,Medium
11053843,23,58.48,2025-12-16 16:00:00,27.88,Medium
11066851,26,33.31,2025-12-18 23:00:00,30.71,Medium
11083802,19,62.84,2025-12-15 17:00:00,27.71,Medium
11087331,10,15.0,2025-12-17 23:00:00,15.0,Low
11089553,29,69.86,2025-12-18 23:00:00,30.62,High
11106706,27,15.0,2025-12-18 23:00:00,30.42,Medium
11119577,24,40.79,2025-12-18 23:00:00,30.96,Medium
11141921,30,57.37,2025-12-18 23:00:00,30.79,Medium
11142295,10,17.6,2025-12-18 23:00:00,30.33,Low
11162300,28,65.39,2025-12-18 21:00:00,28.71,Medium
11171971,25,43.04,2025-12-18 21:00:00,30.46,Medium
11177007,11,23.91,2025-12-10 22:00:00,21.04,Medium
11183599,7,9.14,2025-12-10 19:00:00,20.5,Low
11189891,8,37.62,2025-12-02 08:00:00,13.83,Medium
11197151,26,247.62,2025-12-18 23:00:00,30.58,High
11208268,17,29.35,2025-12-18 22:00:00,28.83,Medium
11246070,20,30.95,2025-12-17 22:00:00,29.5,Medium
11257305,30,76.5,2025-12-18 21:00:00,30.5,High
11268219,18,31.5,2025-12-18 20:00:00,30.04,Medium
11294250,3,9.67,2025-12-15 00:00:00,7.58,Low
11310078,11,11.18,2025-12-18 22:00:00,17.12,Low
11313328,25,87.16,2025-12-18 21:00:00,30.46,High
11346135,24,28.71,2025-12-18 21:00:00,30.08,Medium
11361547,31,322.13,2025-12-18 13:00:00,29.88,High
11408482,11,10.73,2025-12-18 09:00:00,24.88,Low
11412443,30,146.4,2025-12-18 18:00:00,30.75,High
11414403,30,33.73,2025-12-18 13:00:00,30.04,Medium
11415302,28,92.75,2025-12-18 22:00:00,30.42,High
11427000,26,58.42,2025-12-18 21:00:00,30.54,Medium
11431275,26,69.62,2025-12-18 23:00:00,30.12,Medium
11459905,6,72.83,2025-12-17 20:00:00,9.25,Medium
11517935,29,40.38,2025-12-18 20:00:00,30.04,Medium
11533001,21,24.29,2025-12-18 23:00:00,30.08,Medium
11545672,21,8.57,2025-12-18 19:00:00,30.25,Low
11551181,30,75.07,2025-12-18 22:00:00,30.54,High
11552428,31,63.06,2025-12-18 07:00:00,29.79,High
11561834,23,38.0,2025-12-17 23:00:00,29.92,Medium
11580122,29,25.24,2025-12-18 23:00:00,30.12,Medium
11589162,28,28.46,2025-12-18 23:00:00,30.96,Medium
11595413,29,88.03,2025-12-18 23:00:00,30.08,High
11612875,27,37.37,2025-12-18 22:00:00,30.62,Medium
11618257,20,31.0,2025-12-18 14:00:00,29.17,Medium
11635792,6,16.67,2025-12-17 22:00:00,20.96,Low
11650719,20,54.4,2025-12-18 17:00:00,30.25,Medium
11669469,19,23.79,2025-12-15 08:00:00,26.92,Medium
11680145,14,180.93,2025-12-16 17:00:00,27.42,High
11682531,28,137.5,2025-12-18 17:00:00,30.71,High
11683492,24,137.54,2025-12-18 22:00:00,29.46,High
11683605,14,25.21,2025-12-18 15:00:00,25.12,Medium
11689510,5,21.4,2025-12-15 13:00:00,26.12,Low
11695398,18,20.83,2025-12-18 19:00:00,29.83,Medium
11719180,19,11.53,2025-12-15 08:00:00,25.96,Low
11726782,24,15.21,2025-12-18 14:00:00,27.83,Medium
11731068,9,55.33,2025-12-06 23:00:00,16.5,Medium
11738621,9,77.33,2025-12-06 10:00:00,17.46,Medium
11758356,30,124.23,2025-12-18 21:00:00,30.38,High
11774110,25,42.12,2025-12-18 17:00:00,30.71,Medium
11783149,22,26.45,2025-12-18 22:00:00,30.62,Medium
11790840,10,94.7,2025-12-15 19:00:00,26.96,Medium
11791459,27,41.67,2025-12-17 16:00:00,29.29,Medium
11792254,19,69.58,2025-12-18 18:00:00,30.42,Medium
11805206,27,51.15,2025-12-18 23:00:00,30.54,Medium
11818955,24,19.04,2025-12-18 13:00:00,30.42,Medium
11827113,26,40.19,2025-12-18 17:00:00,30.21,Medium
11845036,6,20.5,2025-11-27 18:00:00,8.88,Low
11879849,27,45.15,2025-12-18 12:00:00,29.96,Medium
11889914,3,4.33,2025-12-17 15:00:00,21.21,Low
11900716,6,8.5,2025-12-17 10:00:00,24.71,Low
11904220,8,10.62,2025-12-13 19:00:00,21.92,Low
11910007,29,130.79,2025-12-18 23:00:00,30.62,High
11917811,22,35.05,2025-12-18 18:00:00,29.12,Medium
11944953,9,34.67,2025-12-16 20:00:00,21.17,Medium
11966763,23,92.91,2025-12-18 15:00:00,30.21,High
11975256,17,27.59,2025-12-17 23:00:00,28.29,Medium
11993970,29,105.21,2025-12-16 22:00:00,28.58,High
12000472,10,9.5,2025-12-17 14:00:00,20.17,Low
12012359,21,26.86,2025-12-18 18:00:00,29.29,Medium
12025952,10,26.7,2025-12-14 23:00:00,25.21,Medium
12037455,7,20.14,2025-12-14 22:00:00,25.46,Low
12039328,25,84.6,2025-12-18 18:00:00,28.25,High
12051954,26,78.0,2025-12-18 11:00:00,30.21,High
12055347,16,297.69,2025-12-14 16:00:00,22.96,High
12070973,7,9.0,2025-12-17 17:00:00,5.88,Low
12093186,2,17.5,2025-12-17 03:00:00,28.96,Low
12118297,22,17.55,2025-12-18 21:00:00,30.54,Medium
12122714,12,75.5,2025-12-14 22:00:00,25.0,Medium
12129371,28,40.71,2025-12-18 21:00:00,30.33,Medium
12135006,14,10.0,2025-12-17 16:00:00,29.25,Low
12139270,11,15.82,2025-12-16 19:00:00,24.29,Low
12163667,19,36.42,2025-12-18 23:00:00,28.04,Medium
12202456,16,14.94,2025-12-18 15:00:00,30.12,Low
12210870,30,86.17,2025-12-18 23:00:00,30.67,High
12214179,28,125.43,2025-12-18 20:00:00,30.29,High
12222620,28,47.25,2025-12-18 22:00:00,30.58,Medium
12252570,14,33.79,2025-12-14 15:00:00,26.17,Medium
12262752,21,47.0,2025-12-18 19:00:00,30.46,Medium
12282525,31,43.65,2025-12-18 17:00:00,30.33,Medium
12283105,25,30.84,2025-12-18 23:00:00,25.33,Medium
12285453,10,11.7,2025-12-08 16:00:00,19.75,Low
12297890,26,48.19,2025-12-17 23:00:00,29.58,Medium
12300043,4,10.0,2025-12-16 19:00:00,13.25,Low
12322077,20,49.4,2025-12-18 21:00:00,28.92,Medium
12339789,27,31.48,2025-12-15 13:00:00,27.21,Medium
12369583,24,45.96,2025-12-18 23:00:00,30.58,Medium
12373370,30,68.67,2025-12-18 17:00:00,30.08,High
12388225,10,3.6,2025-12-16 14:00:00,28.08,Low
12428085,28,93.5,2025-12-16 20:00:00,28.46,High
12462869,6,35.5,2025-12-15 18:00:00,21.33,Low
12472346,29,143.59,2025-12-18 21:00:00,29.33,High
12510155,31,63.39,2025-12-18 12:00:00,30.08,High
12522187,18,72.89,2025-12-17 22:00:00,29.04,Medium
12567456,14,28.57,2025-12-18 23:00:00,16.96,Medium
12568217,24,34.79,2025-12-17 16:00:00,29.29,Medium
12570225,29,140.72,2025-12-18 22:00:00,30.88,High
12571684,31,96.13,2025-12-18 20:00:00,30.5,High
12592296,6,15.83,2025-12-10 16:00:00,17.12,Low
12605760,21,29.24,2025-12-18 20:00:00,30.33,Medium
12619319,22,38.27,2025-12-18 22:00:00,30.46,Medium
12628544,27,114.44,2025-12-18 14:00:00,30.38,High
12636431,19,38.05,2025-12-18 21:00:00,30.58,Medium
12662961,11,6.73,2025-12-18 11:00:00,17.04,Low
12683992,16,23.44,2025-12-18 19:00:00,30.33,Medium
12684051,30,144.63,2025-12-18 22:00:00,29.42,High
12711593,15,10.0,2025-12-18 01:00:00,29.96,Low
12725690,5,86.0,2025-12-16 15:00:00,24.08,Medium
12730285,25,30.92,2025-12-18 22:00:00,30.17,Medium
12731267,26,35.65,2025-12-18 03:00:00,29.88,Medium
12746210,31,126.55,2025-12-18 22:00:00,30.58,High
12796196,28,23.46,2025-12-18 21:00:00,30.17,Medium
12820152,18,11.5,2025-12-18 14:00:00,29.88,Low
12833799,30,228.07,2025-12-18 23:00:00,30.42,High
12850436,21,26.14,2025-12-16 11:00:00,27.58,Medium
12866931,17,18.24,2025-12-18 19:00:00,27.92,Medium
12884654,22,15.82,2025-12-18 12:00:00,29.71,Medium
12892503,17,75.06,2025-12-09 23:00:00,21.79,Medium
12906922,27,78.52,2025-12-18 22:00:00,30.17,High
12925543,25,55.12,2025-12-18 22:00:00,29.96,Medium
12931864,24,89.42,2025-12-18 22:00:00,29.25,High
12940608,30,178.63,2025-12-18 22:00:00,30.92,High
12947756,1,1.0,2025-11-27 10:00:00,0.0,Low
12970967,18,16.39,2025-12-15 21:00:00,27.5,Medium
12986660,4,8.75,2025-12-18 01:00:00,28.12,Low
12990018,23,31.43,2025-12-16 23:00:00,28.33,Medium
12997160,13,16.38,2025-12-16 12:00:00,28.5,Low
12998932,25,47.48,2025-12-18 20:00:00,30.04,Medium
13005359,5,30.6,2025-12-18 22:00:00,11.29,Low
13006367,19,33.95,2025-12-14 15:00:00,26.58,Medium
13014253,27,36.3,2025-12-18 11:00:00,30.04,Medium
13015077,5,20.6,2025-12-13 19:00:00,11.75,Low
13034876,21,44.48,2025-12-17 20:00:00,26.0,Medium
13056340,20,25.0,2025-12-17 13:00:00,28.92,Medium
13069552,30,64.47,2025-12-18 23:00:00,30.38,High
13079368,31,54.0,2025-12-18 23:00:00,30.71,Medium
13081722,23,56.39,2025-12-18 21:00:00,30.04,Medium
13088520,14,37.93,2025-12-18 23:00:00,27.29,Medium
13096088,27,34.44,2025-12-18 20:00:00,30.58,Medium
13099562,24,62.29,2025-12-18 21:00:00,30.46,Medium
13103318,28,81.54,2025-12-17 20:00:00,29.17,High
13110515,21,49.76,2025-12-18 23:00:00,30.29,Medium
13154544,11,11.0,2025-12-10 21:00:00,18.21,Low
13161427,20,68.45,2025-12-18 22:00:00,28.42,Medium
13162008,7,27.29,2025-12-02 20:00:00,8.12,Low
13166978,20,75.6,2025-12-18 18:00:00,26.88,Medium
13178504,10,33.0,2025-12-14 19:00:00,23.33,Medium
13213333,31,109.35,2025-12-18 20:00:00,30.38,High
13222751,13,16.46,2025-12-18 21:00:00,27.12,Low
13228640,16,35.56,2025-12-18 13:00:00,30.17,Medium
13232080,25,37.6,2025-12-18 19:00:00,29.96,Medium
13237276,18,52.22,2025-12-12 12:00:00,23.62,Medium
13248817,28,37.21,2025-12-18 21:00:00,29.5,Medium
13254648,11,87.36,2025-12-18 20:00:00,12.92,Medium
13311291,23,11.96,2025-12-17 08:00:00,28.83,Medium
13327410,26,25.77,2025-12-18 22:00:00,30.58,Medium
13384101,19,14.05,2025-12-17 23:00:00,29.0,Medium
13385262,21,23.29,2025-12-18 14:00:00,30.54,Medium
13396413,24,16.12,2025-12-17 10:00:00,28.58,Medium
13403684,18,76.22,2025-12-18 21:00:00,30.5,Medium
13408757,17,32.94,2025-12-17 10:00:00,27.83,Medium
13444072,14,31.0,2025-12-18 21:00:00,29.54,Medium
13447112,9,23.44,2025-12-06 14:00:00,16.67,Low
13451882,9,26.56,2025-12-18 14:00:00,29.12,Low
13522124,16,19.56,2025-12-15 13:00:00,26.79,Medium
13527121,5,25.2,2025-12-02 13:00:00,6.88,Low
13538176,29,36.07,2025-12-18 16:00:00,30.38,Medium
13553694,14,15.21,2025-12-17 22:00:00,27.33,Low
13555997,8,21.75,2025-12-16 13:00:00,25.54,Low
13565343,2,21.5,2025-11-29 19:00:00,4.04,Low
13616260,1,11.0,2025-12-16 20:00:00,0.0,Low
13622216,18,34.33,2025-12-18 18:00:00,30.0,Medium
13625542,17,9.0,2025-12-18 18:00:00,24.96,Low
13630759,18,50.28,2025-12-17 08:00:00,28.92,Medium
13656280,17,17.06,2025-12-16 21:00:00,28.46,Medium
13657444,14,26.5,2025-12-18 22:00:00,30.92,Medium
13658397,17,16.06,2025-12-13 16:00:00,24.92,Medium
13666087,26,81.54,2025-12-18 22:00:00,30.67,High
13683475,25,13.92,2025-12-18 07:00:00,29.75,Medium
13684026,23,59.83,2025-12-18 23:00:00,30.46,Medium
13693896,14,10.64,2025-12-18 12:00:00,29.79,Low
13703604,13,21.08,2025-12-12 20:00:00,20.33,Medium
13745443,29,92.69,2025-12-18 22:00:00,30.17,High
13784674,19,11.53,2025-12-18 19:00:00,27.25,Low
13797408,7,93.43,2025-12-13 01:00:00,24.62,Medium
13817021,10,16.4,2025-12-15 13:00:00,27.21,Low
13817717,6,19.33,2025-12-18 00:00:00,6.08,Low
13818219,27,25.67,2025-12-18 20:00:00,30.46,Medium
13824734,27,60.89,2025-12-18 22:00:00,29.17,Medium
13834060,22,40.5,2025-12-17 13:00:00,29.08,Medium
13836813,11,35.55,2025-12-15 22:00:00,27.0,Medium
13843429,24,26.75,2025-12-18 22:00:00,30.25,Medium
13851244,8,19.5,2025-12-17 18:00:00,20.88,Low
13851650,17,32.35,2025-12-17 22:00:00,29.62,Medium
13861417,24,67.12,2025-12-18 19:00:00,30.46,Medium
13869219,31,84.68,2025-12-18 22:00:00,30.5,High
13872334,21,71.14,2025-12-18 20:00:00,29.92,Medium
13874122,31,52.81,2025-12-18 22:00:00,30.62,Medium
13887814,31,56.45,2025-12-18 22:00:00,30.58,Medium
13915850,7,24.0,2025-12-12 20:00:00,15.42,Low
13933918,19,54.05,2025-12-17 21:00:00,28.42,Medium
13943503,15,15.6,2025-12-18 12:00:00,29.67,Low
13948161,31,40.42,2025-12-18 00:00:00,30.0,Medium
14012650,30,54.83,2025-12-18 20:00:00,30.83,Medium
14017917,23,53.91,2025-12-18 21:00:00,29.12,Medium
14051446,21,67.81,2025-12-18 11:00:00,30.12,Medium
14053940,28,73.82,2025-12-18 13:00:00,30.17,High
14067253,24,32.33,2025-12-18 21:00:00,30.33,Medium
14070819,12,30.42,2025-12-17 19:00:00,29.0,Medium
14137229,26,58.31,2025-12-16 21:00:00,28.54,Medium
14144843,31,132.97,2025-12-18 20:00:00,30.58,High
14157293,30,166.03,2025-12-18 20:00:00,30.46,High
14210118,13,32.62,2025-12-16 19:00:00,28.25,Medium
14235689,22,46.95,2025-12-18 19:00:00,30.29,Medium
14238614,16,8.69,2025-12-17 15:00:00,27.17,Low
14281644,25,138.64,2025-12-17 23:00:00,29.96,High
14282886,21,30.81,2025-12-18 13:00:00,29.62,Medium
14298533,18,15.44,2025-12-15 18:00:00,26.25,Medium
14355777,25,46.4,2025-12-18 22:00:00,29.46,Medium
14373274,19,28.26,2025-12-18 22:00:00,30.58,Medium
14389364,15,19.33,2025-12-18 15:00:00,27.12,Medium
14444168,31,72.35,2025-12-18 19:00:00,30.75,High
14447131,29,177.21,2025-12-16 23:00:00,28.96,High
14490465,4,13.25,2025-12-17 21:00:00,9.5,Low
14506759,30,89.27,2025-12-18 21:00:00,30.5,High
14509184,6,80.17,2025-12-12 23:00:00,6.5,Medium
14512595,22,13.82,2025-12-15 17:00:00,26.83,Medium
14515063,29,66.79,2025-12-18 23:00:00,30.42,High
14524213,3,58.0,2025-12-17 16:00:00,1.79,Low
14568076,25,37.84,2025-12-17 13:00:00,29.54,Medium
14577083,27,24.81,2025-12-17 17:00:00,29.71,Medium
14586553,17,53.12,2025-12-18 21:00:00,20.96,Medium
14621752,25,45.72,2025-12-16 23:00:00,28.54,Medium
14664626,16,12.88,2025-12-17 20:00:00,29.29,Low
14669807,12,15.75,2025-12-16 11:00:00,26.54,Low
14670891,12,38.58,2025-12-18 12:00:00,30.5,Medium
14674689,19,20.0,2025-12-18 21:00:00,30.04,Medium
14705382,26,37.15,2025-12-18 22:00:00,30.92,Medium
14712626,16,69.75,2025-12-18 15:00:00,24.71,Medium
14728652,15,26.2,2025-12-18 22:00:00,28.42,Medium
14735918,28,98.71,2025-12-18 21:00:00,30.08,High
14759347,12,66.08,2025-12-18 21:00:00,18.62,Medium
14759968,30,94.47,2025-12-18 22:00:00,30.67,High
14788711,19,10.11,2025-12-18 14:00:00,24.88,Low
14804631,29,54.21,2025-12-18 22:00:00,30.21,Medium
14815206,24,27.79,2025-12-16 15:00:00,27.79,Medium
14866979,23,27.3,2025-12-16 22:00:00,28.12,Medium
14869973,12,25.42,2025-12-18 08:00:00,23.58,Medium
14922404,3,37.67,2025-12-04 19:00:00,14.92,Low
14946743,16,14.0,2025-12-17 18:00:00,27.79,Low
14947982,28,44.61,2025-12-18 18:00:00,30.46,Medium
14982762,21,83.38,2025-12-18 13:00:00,30.54,Medium
15053166,12,37.58,2025-12-18 20:00:00,29.83,Medium
15064877,10,76.0,2025-12-18 23:00:00,9.25,Medium
15089689,26,41.88,2025-12-18 23:00:00,30.88,Medium
15120218,18,51.94,2025-12-18 19:00:00,28.92,Medium
15145344,20,17.8,2025-12-17 13:00:00,27.96,Medium
15158257,13,64.77,2025-12-18 07:00:00,25.88,Medium
15171548,30,107.67,2025-12-18 23:00:00,30.46,High
15183813,20,22.15,2025-12-17 22:00:00,29.25,Medium
15187673,21,93.38,2025-12-16 10:00:00,27.67,High
15225710,30,90.73,2025-12-18 14:00:00,29.67,High
15237890,19,58.79,2025-12-18 08:00:00,29.92,Medium
15241291,27,34.48,2025-12-18 18:00:00,30.0,Medium
15243855,28,34.64,2025-12-18 01:00:00,29.92,Medium
15244919,14,5.86,2025-12-18 21:00:00,30.0,Low
15289217,18,14.5,2025-12-18 00:00:00,29.04,Medium
15300280,8,3.75,2025-12-12 17:00:00,23.04,Low
15303697,10,22.1,2025-12-18 12:00:00,23.5,Low
15304564,20,31.25,2025-12-18 15:00:00,29.79,Medium
15327099,5,34.2,2025-11-30 02:00:00,7.29,Low
15381495,24,54.0,2025-12-18 20:00:00,30.21,Medium
15386874,31,60.06,2025-12-18 22:00:00,30.42,High
15392376,27,61.52,2025-12-18 16:00:00,30.0,Medium
15412753,3,84.0,2025-11-22 06:00:00,3.46,Low
15437545,31,176.0,2025-12-18 21:00:00,30.46,High
15461896,15,34.6,2025-12-18 19:00:00,25.08,Medium
15473588,26,50.12,2025-12-18 22:00:00,30.29,Medium
15482392,21,40.81,2025-12-17 14:00:00,29.17,Medium
15484510,11,10.73,2025-12-18 18:00:00,29.12,Low
15494311,30,59.8,2025-12-18 12:00:00,29.0,Medium
15503033,28,90.43,2025-12-18 22:00:00,29.12,High
15511710,30,104.47,2025-12-18 13:00:00,30.29,High
15516289,13,12.15,2025-12-16 18:00:00,28.42,Low
15541192,31,285.16,2025-12-18 21:00:00,30.58,High
15600560,29,41.62,2025-12-18 21:00:00,30.0,Medium
15610247,24,57.21,2025-12-18 20:00:00,29.83,Medium
15627219,21,29.05,2025-12-17 16:00:00,28.96,Medium
15627502,12,41.0,2025-12-18 03:00:00,19.29,Medium
15642495,31,40.97,2025-12-18 20:00:00,30.21,Medium
15664477,1,17.0,2025-11-22 16:00:00,0.04,Low
15688979,25,88.88,2025-12-18 19:00:00,28.38,High
15706809,15,19.2,2025-12-15 17:00:00,27.38,Medium
15715406,3,39.67,2025-12-06 08:00:00,5.54,Low
15735335,19,28.37,2025-12-18 19:00:00,27.25,Medium
15736320,8,32.25,2025-12-13 21:00:00,23.58,Medium
15758254,25,25.28,2025-12-18 01:00:00,29.62,Medium
15777503,31,150.03,2025-12-18 17:00:00,30.21,High
15787529,1,15.0,2025-12-08 23:00:00,0.04,Low
15791958,14,82.93,2025-12-18 21:00:00,30.54,Medium
15796497,23,52.74,2025-12-18 12:00:00,28.67,Medium
15821703,26,71.65,2025-12-18 12:00:00,29.96,High
15834893,23,23.52,2025-12-18 20:00:00,30.12,Medium
15924838,30,135.1,2025-12-18 23:00:00,30.58,High
15944310,18,15.72,2025-12-18 21:00:00,27.96,Medium
15950724,30,32.0,2025-12-18 19:00:00,30.46,Medium
15957740,31,238.97,2025-12-18 22:00:00,30.25,High
15960640,20,14.15,2025-12-14 11:00:00,25.92,Medium
15987177,30,77.63,2025-12-18 16:00:00,30.62,High
15997681,21,41.62,2025-12-18 22:00:00,30.08,Medium
16010946,10,39.1,2025-12-18 22:00:00,28.5,Medium
16017921,15,33.93,2025-12-17 14:00:00,29.21,Medium
16043768,21,23.0,2025-12-17 14:00:00,28.96,Medium
16061238,18,12.56,2025-12-18 19:00:00,30.04,Low
16066732,31,151.9,2025-12-18 16:00:00,30.62,High
16071365,17,26.71,2025-12-12 10:00:00,23.75,Medium
16096940,31,55.55,2025-12-18 22:00:00,30.25,Medium
16112876,27,29.11,2025-12-18 22:00:00,30.08,Medium
16113880,14,6.0,2025-12-18 10:00:00,28.96,Low
16124265,17,52.24,2025-12-06 22:00:00,18.17,Medium
16124295,17,56.82,2025-12-17 22:00:00,29.92,Medium
16137242,26,35.08,2025-12-18 17:00:00,29.38,Medium
16141923,28,50.04,2025-12-18 22:00:00,30.58,Medium
16178402,18,17.0,2025-12-18 18:00:00,27.08,Medium
16199254,15,29.73,2025-12-17 20:00:00,29.58,Medium
16243178,8,18.12,2025-12-14 09:00:00,13.42,Low
16259607,24,30.62,2025-12-17 12:00:00,29.08,Medium
16263185,16,92.56,2025-12-18 23:00:00,25.46,Medium
16269352,1,38.0,2025-11-30 14:00:00,0.12,Low
16330947,22,25.0,2025-12-18 17:00:00,30.33,Medium
16332862,27,116.33,2025-12-18 22:00:00,30.88,High
16344267,29,40.28,2025-12-18 19:00:00,30.04,Medium
16354041,28,20.21,2025-12-18 19:00:00,30.21,Medium
16367992,30,34.57,2025-12-18 21:00:00,30.42,Medium
16382658,19,17.21,2025-12-15 23:00:00,25.54,Medium
16407305,20,14.8,2025-12-15 20:00:00,27.54,Medium
16407705,29,80.03,2025-12-18 15:00:00,30.62,High
16409419,13,33.54,2025-12-15 19:00:00,27.04,Medium
16416706,16,9.31,2025-12-17 15:00:00,26.29,Low
16419618,8,7.0,2025-12-18 22:00:00,18.75,Low
16423734,27,107.59,2025-12-18 22:00:00,29.96,High
16446142,19,25.53,2025-12-17 15:00:00,28.96,Medium
16466178,21,29.24,2025-12-18 21:00:00,29.04,Medium
16476024,30,67.1,2025-12-18 21:00:00,30.46,High
16493838,18,31.11,2025-12-17 21:00:00,27.0,Medium
16499024,17,30.76,2025-12-18 21:00:00,29.96,Medium
16511689,19,29.26,2025-12-18 22:00:00,29.38,Medium
16533610,26,26.08,2025-12-18 22:00:00,30.46,Medium
16590671,29,69.97,2025-12-18 13:00:00,29.79,High
16601047,24,23.54,2025-12-18 22:00:00,30.42,Medium
16601288,21,53.0,2025-12-17 22:00:00,28.38,Medium
16601904,30,77.77,2025-12-18 09:00:00,29.92,High
16606794,21,43.05,2025-12-18 19:00:00,30.08,Medium
16611975,21,26.62,2025-12-18 08:00:00,30.0,Medium
16623516,31,109.42,2025-12-18 23:00:00,30.67,High
16641115,27,31.67,2025-12-18 20:00:00,30.62,Medium
16676403,31,249.39,2025-12-18 12:00:00,30.33,High
16687895,26,25.19,2025-12-18 03:00:00,29.54,Medium
16710779,14,36.5,2025-12-16 11:00:00,22.92,Medium
16710912,9,22.33,2025-12-17 19:00:00,28.17,Low
16711679,21,29.29,2025-12-18 11:00:00,30.12,Medium
16730476,9,16.89,2025-12-12 14:00:00,23.21,Low
16740912,24,54.88,2025-12-17 10:00:00,27.83,Medium
16755897,14,60.36,2025-12-18 16:00:00,14.71,Medium
16777748,13,34.62,2025-12-18 14:00:00,28.25,Medium
16788618,27,32.19,2025-12-18 21:00:00,30.21,Medium
16788720,30,108.03,2025-12-18 20:00:00,30.5,High
16790119,18,22.89,2025-12-08 11:00:00,19.92,Medium
16795906,10,79.3,2025-12-16 20:00:00,23.12,Medium
16807373,26,196.54,2025-12-18 23:00:00,28.58,High
16810079,30,44.27,2025-12-18 19:00:00,30.79,Medium
16832057,29,63.28,2025-12-18 23:00:00,30.29,Medium
16847823,21,35.48,2025-12-18 22:00:00,30.04,Medium
16851866,16,48.19,2025-12-18 11:00:00,30.17,Medium
16860047,10,74.1,2025-12-18 23:00:00,9.62,Medium
16891199,3,60.0,2025-12-08 16:00:00,11.75,Low
16895773,9,9.78,2025-12-13 11:00:00,17.62,Low
16905986,27,32.93,2025-12-18 19:00:00,30.42,Medium
16906970,31,37.55,2025-12-18 21:00:00,30.04,Medium
16908520,24,40.75,2025-12-18 03:00:00,28.42,Medium
16911051,30,287.13,2025-12-18 22:00:00,30.92,High
16916141,29,40.69,2025-12-18 12:00:00,30.17,Medium
16918270,15,20.33,2025-12-18 22:00:00,29.92,Medium
16920338,13,26.08,2025-12-17 17:00:00,19.04,Medium
16921029,25,56.68,2025-12-17 13:00:00,29.33,Medium
16933430,24,36.75,2025-12-17 08:00:00,28.5,Medium
16943596,30,63.37,2025-12-18 22:00:00,30.54,High
16946764,9,10.11,2025-12-11 11:00:00,23.12,Low
17007569,26,24.54,2025-12-18 07:00:00,29.46,Medium
17020394,29,84.93,2025-12-18 19:00:00,29.96,High
17029867,18,44.17,2025-12-18 14:00:00,26.88,Medium
17037975,22,24.32,2025-12-18 22:00:00,29.08,Medium
17048049,27,94.85,2025-12-18 23:00:00,30.54,High
17061090,16,53.56,2025-12-18 12:00:00,23.21,Medium
17079837,15,17.33,2025-12-18 17:00:00,22.83,Medium
17114423,31,42.42,2025-12-18 22:00:00,30.29,Medium
17117517,27,67.04,2025-12-18 15:00:00,30.54,Medium
17152310,24,48.5,2025-12-18 23:00:00,30.08,Medium
17172693,11,10.36,2025-12-18 10:00:00,29.88,Low
17175521,17,21.76,2025-12-18 21:00:00,30.5,Medium
17216075,30,103.93,2025-12-18 20:00:00,30.42,High
17220524,6,5.0,2025-12-16 22:00:00,26.0,Low
17230300,28,31.64,2025-12-18 21:00:00,30.58,Medium
17254770,4,4.25,2025-12-16 21:00:00,22.54,Low
17264043,18,27.28,2025-12-18 21:00:00,29.29,Medium
17276026,25,26.16,2025-12-18 00:00:00,30.0,Medium
17286111,14,34.79,2025-12-14 17:00:00,25.96,Medium
17312843,27,58.74,2025-12-17 12:00:00,29.5,Medium
17318106,23,8.74,2025-12-18 14:00:00,29.92,Low
17328648,27,86.37,2025-12-18 15:00:00,30.29,High
17336370,17,30.29,2025-12-18 23:00:00,30.25,Medium
17340020,27,44.19,2025-12-18 18:00:00,30.42,Medium
17341591,29,110.83,2025-12-18 19:00:00,30.42,High
17343043,14,8.43,2025-12-16 20:00:00,28.25,Low
17362237,31,164.23,2025-12-18 23:00:00,30.5,High
17373553,9,64.67,2025-12-17 15:00:00,17.08,Medium
17374737,22,37.91,2025-12-17 18:00:00,29.54,Medium
17377868,19,18.89,2025-12-15 13:00:00,19.62,Medium
17384431,23,50.0,2025-12-18 23:00:00,28.71,Medium
17387185,14,9.5,2025-12-18 22:00:00,28.08,Low
17390678,19,6.53,2025-12-16 05:00:00,27.42,Low
17432120,29,36.97,2025-12-18 21:00:00,30.42,Medium
17458663,30,49.7,2025-12-18 23:00:00,30.33,Medium
17465649,27,37.85,2025-12-18 22:00:00,30.21,Medium
17478980,25,52.72,2025-12-18 22:00:00,30.67,Medium
17503742,28,57.89,2025-12-17 20:00:00,28.38,Medium
17529630,31,32.35,2025-12-18 19:00:00,30.33,Medium
17552766,31,160.74,2025-12-18 12:00:00,29.92,High
17628487,30,96.27,2025-12-18 22:00:00,30.08,High
17635361,31,88.97,2025-12-18 22:00:00,30.5,High
17655263,23,49.74,2025-12-18 10:00:00,29.04,Medium
17672892,26,76.08,2025-12-18 16:00:00,30.08,High
17677320,30,27.6,2025-12-18 22:00:00,30.54,Medium
17684274,19,10.16,2025-12-15 08:00:00,26.75,Low
17696910,21,37.29,2025-12-13 16:00:00,25.04,Medium
17713809,1,27.0,2025-11-22 14:00:00,0.0,Low
17719840,24,19.25,2025-12-18 17:00:00,29.88,Medium
17720083,27,41.67,2025-12-18 22:00:00,30.12,Medium
17733990,10,18.6,2025-12-18 14:00:00,21.67,Low
17757827,28,52.32,2025-12-18 18:00:00,29.92,Medium
17757886,25,50.36,2025-12-18 12:00:00,30.17,Medium
17779392,10,25.5,2025-12-18 14:00:00,19.17,Medium
17785864,27,143.44,2025-12-18 14:00:00,28.79,High
17785981,12,10.42,2025-12-07 17:00:00,19.33,Low
17809628,30,32.53,2025-12-18 16:00:00,30.38,Medium
17816597,28,103.61,2025-12-18 19:00:00,30.71,High
17817432,20,26.1,2025-12-17 00:00:00,28.54,Medium
17821367,26,36.15,2025-12-18 22:00:00,29.88,Medium
17825390,17,25.41,2025-12-18 21:00:00,28.17,Medium
17825629,30,119.2,2025-12-18 21:00:00,30.08,High
17840949,18,34.06,2025-12-13 08:00:00,24.79,Medium
17878712,19,68.84,2025-12-18 22:00:00,30.17,Medium
17883538,28,142.0,2025-12-18 20:00:00,29.92,High
17883830,14,19.36,2025-12-16 07:00:00,27.46,Medium
17886992,20,16.7,2025-12-18 12:00:00,29.92,Medium
17907443,26,50.54,2025-12-17 22:00:00,29.92,Medium
17908580,23,118.48,2025-12-18 01:00:00,30.04,High
17922237,8,24.5,2025-12-14 18:00:00,24.25,Low
17924218,30,87.13,2025-12-18 23:00:00,30.58,High
17931946,7,16.14,2025-12-02 20:00:00,12.42,Low
17962946,6,6.17,2025-12-17 01:00:00,23.12,Low
17979588,26,56.46,2025-12-17 15:00:00,29.21,Medium
18004160,24,118.75,2025-12-16 16:00:00,28.33,High
18009500,21,54.48,2025-12-18 23:00:00,30.33,Medium
18017690,26,20.04,2025-12-18 11:00:00,30.08,Medium
18030487,2,38.5,2025-12-12 18:00:00,18.29,Low
18031985,18,36.78,2025-12-18 22:00:00,30.38,Medium
18072808,18,28.39,2025-12-17 11:00:00,27.62,Medium
18165710,16,15.75,2025-12-18 14:00:00,29.25,Low
18183738,8,122.12,2025-12-16 23:00:00,28.21,Medium
18205111,25,49.2,2025-12-18 14:00:00,30.21,Medium
18207103,25,16.92,2025-12-18 22:00:00,30.25,Medium
18207861,28,37.32,2025-12-18 22:00:00,28.58,Medium
18216712,15,91.93,2025-12-16 14:00:00,27.33,Medium
18218608,6,19.5,2025-12-15 00:00:00,24.42,Low
18242239,17,13.47,2025-12-13 16:00:00,25.17,Low
18244844,31,69.42,2025-12-18 19:00:00,30.79,High
18245913,17,21.0,2025-12-18 23:00:00,24.0,Medium
18288442,31,27.55,2025-12-18 14:00:00,29.96,Medium
18292376,25,18.68,2025-12-17 13:00:00,29.17,Medium
18301670,28,24.21,2025-12-18 13:00:00,30.04,Medium
18302150,29,59.41,2025-12-18 22:00:00,30.62,Medium
18315147,25,22.72,2025-12-17 21:00:00,28.96,Medium
18318788,26,75.73,2025-12-18 22:00:00,29.92,High
18320375,16,22.0,2025-12-17 10:00:00,28.83,Medium
18374505,15,27.33,2025-12-17 23:00:00,24.0,Medium
18375113,26,91.92,2025-12-18 13:00:00,30.0,High
18375619,23,45.26,2025-12-18 23:00:00,30.58,Medium
18375692,10,17.1,2025-12-18 17:00:00,30.08,Low
18379814,21,27.86,2025-12-16 13:00:00,28.21,Medium
18391635,31,77.42,2025-12-18 15:00:00,30.21,High
18396338,25,61.64,2025-12-18 20:00:00,30.04,Medium
18452620,17,21.94,2025-12-17 21:00:00,29.17,Medium
18519220,23,32.0,2025-12-18 22:00:00,30.62,Medium
18527757,10,45.8,2025-12-11 21:00:00,21.04,Medium
18544913,8,16.5,2025-12-17 21:00:00,14.0,Low
18558609,2,95.0,2025-12-11 15:00:00,8.92,Low
18597404,25,91.64,2025-12-18 23:00:00,30.17,High
18642757,11,15.36,2025-12-14 19:00:00,25.04,Low
18649051,31,42.26,2025-12-18 22:00:00,30.42,Medium
18655723,21,62.52,2025-12-18 23:00:00,28.62,Medium
18672302,23,43.52,2025-12-17 18:00:00,29.17,Medium
18672396,19,39.16,2025-12-16 14:00:00,28.58,Medium
18700485,28,14.32,2025-12-18 17:00:00,30.08,Medium
18728199,31,149.52,2025-12-18 21:00:00,30.12,High
18757834,20,60.3,2025-12-18 15:00:00,30.21,Medium
18781926,31,204.45,2025-12-18 17:00:00,29.96,High
18783765,18,29.89,2025-12-16 10:00:00,28.38,Medium
18785289,30,84.7,2025-12-18 23:00:00,30.67,High
18793421,16,31.88,2025-12-18 18:00:00,26.46,Medium
18820857,9,36.33,2025-12-18 21:00:00,9.21,Medium
18831528,17,44.94,2025-12-18 01:00:00,30.04,Medium
18853148,3,25.0,2025-12-13 10:00:00,3.12,Low
18869716,24,24.79,2025-12-17 22:00:00,27.96,Medium
18883390,28,100.21,2025-12-18 23:00:00,30.67,High
18910742,12,8.75,2025-12-18 00:00:00,28.08,Low
18913329,21,51.1,2025-12-11 20:00:00,23.42,Medium
18927299,31,103.06,2025-12-18 17:00:00,30.25,High
18949814,9,21.78,2025-12-18 15:00:00,23.25,Low
18950879,14,20.71,2025-12-18 13:00:00,27.71,Medium
18970782,30,111.2,2025-12-18 21:00:00,30.33,High
18981808,13,38.85,2025-12-18 23:00:00,24.42,Medium
18997016,29,66.79,2025-12-18 17:00:00,30.17,High
19010396,18,33.5,2025-12-18 17:00:00,29.42,Medium
19015156,13,28.08,2025-12-18 19:00:00,29.92,Medium
19019975,21,19.67,2025-12-18 11:00:00,30.25,Medium
19037604,21,26.71,2025-12-18 20:00:00,30.29,Medium
19047603,22,25.82,2025-12-17 20:00:00,29.04,Medium
19089759,15,19.07,2025-12-10 19:00:00,22.04,Medium
19132982,30,47.23,2025-12-18 15:00:00,30.33,Medium
19145056,20,71.3,2025-12-17 23:00:00,28.12,Medium
19146119,27,142.48,2025-12-18 23:00:00,30.58,High
19208481,13,45.23,2025-12-18 03:00:00,29.42,Medium
19222039,2,38.5,2025-12-07 15:00:00,3.0,Low
19229301,29,60.17,2025-12-18 21:00:00,30.5,Medium
19277570,28,151.68,2025-12-17 23:00:00,29.92,High
19282406,31,194.61,2025-12-18 22:00:00,30.38,High
19320995,15,14.13,2025-12-18 11:00:00,28.92,Low
19321866,5,10.0,2025-12-07 22:00:00,17.08,Low
19335772,30,77.23,2025-12-18 22:00:00,30.58,High
19338057,17,37.53,2025-12-18 23:00:00,17.04,Medium
19338929,17,30.71,2025-12-15 11:00:00,27.12,Medium
19340590,31,32.87,2025-12-18 16:00:00,29.83,Medium
19353465,30,55.3,2025-12-18 20:00:00,30.5,Medium
19368976,19,124.42,2025-12-13 18:00:00,23.75,High
19373594,21,55.19,2025-12-18 15:00:00,29.67,Medium
19375389,27,46.26,2025-12-18 22:00:00,29.25,Medium
19388858,31,100.52,2025-12-18 23:00:00,30.29,High
19399879,30,142.2,2025-12-18 17:00:00,30.29,High
19414367,22,42.64,2025-12-17 16:00:00,29.58,Medium
19442807,7,56.29,2025-12-18 19:00:00,17.21,Medium
19447970,22,103.27,2025-12-18 22:00:00,29.38,High
19463984,28,81.61,2025-12-17 12:00:00,29.0,High
19472274,8,26.0,2025-12-08 20:00:00,18.25,Low
19478600,23,19.39,2025-12-18 20:00:00,28.92,Medium
19524440,22,32.32,2025-12-16 14:00:00,27.71,Medium
19561223,25,22.16,2025-12-16 16:00:00,27.79,Medium
19561580,2,4.5,2025-11-20 10:00:00,0.71,Low
19581999,27,47.93,2025-12-18 12:00:00,30.5,Medium
19589004,27,56.07,2025-12-18 14:00:00,30.17,Medium
19640858,24,49.21,2025-12-16 00:00:00,27.12,Medium
19665682,29,62.97,2025-12-18 22:00:00,30.92,Medium
19704074,18,19.33,2025-12-18 16:00:00,30.29,Medium
19708378,29,224.03,2025-12-18 21:00:00,30.5,High
19711693,19,55.79,2025-12-18 17:00:00,30.33,Medium
19716129,29,98.62,2025-12-18 22:00:00,30.62,High
19723169,19,43.63,2025-12-18 23:00:00,30.67,Medium
19769406,30,46.3,2025-12-18 23:00:00,30.21,Medium
19803129,20,76.35,2025-12-16 13:00:00,24.88,Medium
19805334,31,110.39,2025-12-18 19:00:00,30.5,High
19818801,1,2.0,2025-11-22 20:00:00,0.0,Low
19831033,18,66.5,2025-12-18 20:00:00,30.38,Medium
19853816,17,13.47,2025-12-18 23:00:00,30.17,Low
19858379,22,55.82,2025-12-18 22:00:00,29.08,Medium
19865503,29,47.59,2025-12-16 20:00:00,28.33,Medium
19900342,26,38.15,2025-12-18 17:00:00,30.33,Medium
19902731,10,17.3,2025-12-18 19:00:00,30.12,Low
19911284,31,185.39,2025-12-18 18:00:00,30.46,High
19984096,16,26.5,2025-12-18 13:00:00,27.79,Medium
19985990,23,34.35,2025-12-18 16:00:00,30.08,Medium
20029510,17,23.24,2025-12-18 22:00:00,30.46,Medium
20030843,20,33.0,2025-12-18 21:00:00,30.17,Medium
20047712,4,99.75,2025-12-18 10:00:00,2.71,Medium
20078969,20,22.0,2025-12-18 17:00:00,30.21,Medium
20080716,25,57.84,2025-12-18 19:00:00,29.92,Medium
20093296,19,18.42,2025-12-18 13:00:00,28.96,Medium
20097010,23,19.35,2025-12-18 20:00:00,30.75,Medium
20116814,21,79.33,2025-12-18 18:00:00,30.62,Medium
20123340,6,23.67,2025-12-17 12:00:00,21.96,Low
20148247,19,52.79,2025-12-17 09:00:00,28.79,Medium
20174399,30,41.7,2025-12-18 13:00:00,30.5,Medium
20180785,22,19.95,2025-12-18 17:00:00,28.12,Medium
20201571,25,26.28,2025-12-18 09:00:00,30.04,Medium
20243905,26,105.27,2025-12-18 23:00:00,30.46,High
20257132,14,12.21,2025-12-13 08:00:00,23.42,Low
20264430,29,195.59,2025-12-18 21:00:00,30.12,High
20288940,13,21.92,2025-12-16 21:00:00,28.5,Medium
20293501,9,100.0,2025-12-14 12:00:00,20.67,Medium
20302058,11,20.36,2025-12-18 17:00:00,15.96,Low
20307844,15,34.33,2025-12-15 21:00:00,26.96,Medium
20315845,14,13.29,2025-12-17 10:00:00,29.33,Low
20320170,17,31.29,2025-12-17 10:00:00,27.88,Medium
20329246,12,34.33,2025-12-15 09:00:00,27.04,Medium
20347929,21,69.52,2025-12-18 23:00:00,30.58,Medium
20356708,13,19.0,2025-12-11 18:00:00,22.58,Low
20376137,24,35.42,2025-12-18 22:00:00,30.58,Medium
20379505,30,76.47,2025-12-18 19:00:00,30.42,High
20382727,9,4.33,2025-12-14 07:00:00,23.5,Low
20390004,6,12.0,2025-12-16 12:00:00,21.0,Low
20463565,23,39.3,2025-12-13 22:00:00,25.92,Medium
20472131,30,88.37,2025-12-18 07:00:00,30.21,High
20487789,22,34.86,2025-12-17 13:00:00,27.96,Medium
20497713,31,50.97,2025-12-18 17:00:00,30.25,Medium
20509405,20,71.5,2025-12-17 19:00:00,28.42,Medium
20516700,20,45.1,2025-12-18 23:00:00,29.5,Medium
20517525,30,58.63,2025-12-18 17:00:00,30.25,Medium
20536795,9,29.89,2025-12-12 19:00:00,20.0,Medium
20543670,27,93.52,2025-12-18 19:00:00,30.29,High
20553214,17,70.59,2025-12-18 22:00:00,21.08,Medium
20560924,18,131.11,2025-12-18 22:00:00,27.46,High
20564639,26,48.69,2025-12-18 17:00:00,30.42,Medium
20596476,8,48.75,2025-12-09 20:00:00,16.21,Medium
20626105,5,25.0,2025-12-12 22:00:00,20.29,Low
20626308,22,24.59,2025-12-17 23:00:00,29.96,Medium
20632602,24,44.0,2025-12-18 13:00:00,28.79,Medium
20643274,10,134.4,2025-11-29 18:00:00,11.75,Medium
20653615,28,51.0,2025-12-18 22:00:00,30.33,Medium
20656785,24,36.96,2025-12-18 11:00:00,28.83,Medium
20663978,26,60.19,2025-12-18 23:00:00,30.08,Medium
20668159,26,38.85,2025-12-18 19:00:00,30.0,Medium
20683555,23,19.65,2025-12-17 23:00:00,29.12,Medium
20686051,27,54.33,2025-12-18 23:00:00,30.08,Medium
20692433,10,41.1,2025-12-14 11:00:00,25.96,Medium
20694838,22,64.23,2025-12-18 18:00:00,30.29,Medium
20719129,2,7.0,2025-12-01 16:00:00,10.75,Low
20733935,28,81.25,2025-12-18 19:00:00,30.67,High
20747863,10,6.4,2025-12-17 20:00:00,29.5,Low
20754693,21,78.67,2025-12-18 20:00:00,30.46,Medium
20773583,27,53.04,2025-12-18 21:00:00,30.21,Medium
20774386,28,26.82,2025-12-18 16:00:00,30.12,Medium
20774699,18,7.61,2025-12-17 14:00:00,26.0,Low
20782693,22,20.59,2025-12-18 09:00:00,29.92,Medium
20786149,31,291.52,2025-12-18 23:00:00,30.58,High
20799662,28,19.82,2025-12-18 23:00:00,30.67,Medium
20824894,20,32.0,2025-12-15 14:00:00,27.0,Medium
20849275,31,203.45,2025-12-18 08:00:00,30.0,High
20853257,25,85.96,2025-12-17 15:00:00,29.33,High
20903813,31,99.32,2025-12-18 17:00:00,29.88,High
20909974,29,41.1,2025-12-18 23:00:00,30.58,Medium
20912759,25,32.56,2025-12-18 22:00:00,30.58,Medium
20942421,18,17.22,2025-12-18 22:00:00,30.42,Medium
20997825,31,103.74,2025-12-18 19:00:00,30.58,High
21023173,26,83.88,2025-12-18 23:00:00,29.54,High
21035609,23,159.57,2025-12-18 23:00:00,28.08,High
21038500,31,61.97,2025-12-18 22:00:00,30.92,High
21044561,10,27.6,2025-12-15 19:00:00,17.04,Medium
21070014,26,92.31,2025-12-18 21:00:00,30.88,High
21085638,25,29.76,2025-12-18 15:00:00,29.38,Medium
21089878,18,37.67,2025-12-18 16:00:00,27.17,Medium
21111117,22,41.32,2025-12-18 16:00:00,30.08,Medium
21114469,11,38.09,2025-12-18 15:00:00,15.71,Medium
21115351,29,17.17,2025-12-18 20:00:00,30.46,Medium
21131024,26,39.04,2025-12-18 19:00:00,29.29,Medium
21140632,26,69.12,2025-12-18 21:00:00,30.46,Medium
21161768,18,32.5,2025-12-16 11:00:00,27.62,Medium
21184528,29,25.97,2025-12-18 20:00:00,30.38,Medium
21185597,26,31.69,2025-12-18 07:00:00,29.58,Medium
21193363,30,92.63,2025-12-18 19:00:00,30.04,High
21195090,25,37.48,2025-12-18 21:00:00,29.83,Medium
21202467,28,38.5,2025-12-18 16:00:00,29.96,Medium
21210575,14,19.29,2025-12-16 01:00:00,25.75,Medium
21217939,22,26.0,2025-12-18 23:00:00,28.0,Medium
21226209,22,15.77,2025-12-17 14:00:00,29.58,Medium
21233965,12,140.75,2025-12-17 22:00:00,22.38,Medium
21266227,22,26.86,2025-12-18 16:00:00,30.67,Medium
21287960,20,38.9,2025-12-16 22:00:00,28.46,Medium
21329952,9,31.0,2025-12-17 12:00:00,29.12,Medium
21332019,27,69.48,2025-12-18 18:00:00,30.12,High
21346761,10,11.3,2025-12-13 20:00:00,24.0,Low
21355438,26,52.85,2025-12-13 07:00:00,24.79,Medium
21357495,18,33.78,2025-12-18 22:00:00,27.54,Medium
21358985,28,49.86,2025-12-18 12:00:00,30.12,Medium
21362103,29,31.45,2025-12-18 23:00:00,30.04,Medium
21363716,29,69.14,2025-12-18 21:00:00,29.92,High
21365758,18,63.22,2025-12-18 17:00:00,28.0,Medium
21375743,31,68.13,2025-12-18 20:00:00,30.5,High
21386838,30,77.83,2025-12-18 21:00:00,30.17,High
21397909,20,33.8,2025-12-17 17:00:00,29.38,Medium
21400875,30,52.53,2025-12-18 18:00:00,30.33,Medium
21405321,10,10.1,2025-12-15 19:00:00,17.96,Low
21447166,21,30.9,2025-12-18 16:00:00,30.33,Medium
21465106,31,160.84,2025-12-18 23:00:00,30.5,High
21491689,20,10.65,2025-12-17 21:00:00,29.46,Low
21505975,21,35.86,2025-12-18 19:00:00,29.92,Medium
21507233,21,66.81,2025-12-18 21:00:00,30.38,Medium
21536694,24,23.58,2025-12-18 10:00:00,30.0,Medium
21550476,25,29.96,2025-12-18 19:00:00,29.92,Medium
21552855,10,16.4,2025-12-16 16:00:00,28.04,Low
21562611,29,182.52,2025-12-18 21:00:00,30.33,High
21605110,31,80.03,2025-12-18 18:00:00,30.42,High
21625075,25,83.8,2025-12-18 10:00:00,29.96,High
21627259,10,44.4,2025-12-18 23:00:00,30.12,Medium
21633234,13,28.0,2025-12-16 09:00:00,26.54,Medium
21660809,20,33.95,2025-12-16 22:00:00,28.21,Medium
21669502,28,39.89,2025-12-18 22:00:00,30.83,Medium
21676430,30,53.87,2025-12-18 15:00:00,30.29,Medium
21696214,31,129.84,2025-12-18 21:00:00,30.67,High
21740397,19,45.84,2025-12-18 12:00:00,29.58,Medium
21743048,31,247.26,2025-12-18 19:00:00,30.75,High
21754104,23,58.26,2025-12-18 20:00:00,30.29,Medium
21775179,9,11.89,2025-12-09 12:00:00,19.71,Low
21787418,25,35.6,2025-12-18 20:00:00,30.5,Medium
21790996,28,49.54,2025-12-18 10:00:00,30.0,Medium
21806254,10,27.3,2025-12-15 20:00:00,24.0,Medium
21818576,26,52.62,2025-12-18 22:00:00,30.46,Medium
21824858,27,130.3,2025-12-18 18:00:00,29.92,High
21832523,26,63.54,2025-12-18 17:00:00,30.38,Medium
21868086,31,214.06,2025-12-18 23:00:00,30.67,High
21875488,31,208.16,2025-12-18 20:00:00,30.83,High
21883663,25,10.88,2025-12-18 17:00:00,30.04,Medium
21904099,10,9.5,2025-12-11 19:00:00,23.33,Low
21905234,2,20.5,2025-12-03 13:00:00,0.58,Low
21906850,15,33.8,2025-12-17 14:00:00,27.04,Medium
21923340,18,7.5,2025-12-18 16:00:00,30.08,Low
21931159,25,24.48,2025-12-17 15:00:00,28.71,Medium
21973088,22,42.09,2025-12-17 15:00:00,29.04,Medium
21978171,31,352.52,2025-12-18 20:00:00,30.83,High
21983803,13,36.92,2025-12-18 21:00:00,25.25,Medium
21984163,8,28.38,2025-12-09 22:00:00,13.54,Low
21987574,3,14.67,2025-11-27 22:00:00,6.58,Low
21991406,13,17.15,2025-12-18 21:00:00,29.08,Low
21993808,15,69.33,2025-12-18 17:00:00,29.0,Medium
22005280,20,22.95,2025-12-18 13:00:00,30.17,Medium
22007082,23,7.96,2025-12-18 20:00:00,27.62,Low
22040312,17,16.76,2025-12-18 10:00:00,29.62,Medium
22060610,6,7.33,2025-12-18 18:00:00,22.92,Low
22076896,23,67.57,2025-12-18 10:00:00,28.92,Medium
22082857,24,22.71,2025-12-18 21:00:00,30.58,Medium
22094658,24,29.38,2025-12-18 14:00:00,30.0,Medium
22101245,25,22.32,2025-12-18 23:00:00,30.46,Medium
22107261,18,50.06,2025-12-16 23:00:00,28.29,Medium
22107955,5,16.6,2025-12-12 12:00:00,14.04,Low
22123389,12,16.0,2025-12-17 12:00:00,27.0,Low
22125304,27,105.3,2025-12-18 23:00:00,30.04,High
22139217,18,35.39,2025-12-15 17:00:00,22.12,Medium
22149457,25,33.4,2025-12-18 13:00:00,28.5,Medium
22153508,31,169.97,2025-12-18 21:00:00,30.58,High
22158762,30,58.43,2025-12-18 15:00:00,28.71,Medium
22170979,29,75.1,2025-12-18 17:00:00,30.67,High
22178598,18,41.17,2025-12-18 13:00:00,23.04,Medium
22182160,29,87.9,2025-12-18 23:00:00,30.92,High
22183500,27,61.63,2025-12-18 09:00:00,29.67,Medium
22188362,22,108.18,2025-12-17 21:00:00,29.33,High
22207490,19,17.42,2025-12-18 15:00:00,30.12,Medium
22254224,18,6.56,2025-12-17 11:00:00,28.62,Low
22273841,29,36.28,2025-12-18 20:00:00,30.54,Medium
22278371,30,72.33,2025-12-18 01:00:00,30.0,High
22281803,12,20.25,2025-12-17 18:00:00,29.04,Low
22305188,31,45.87,2025-12-18 20:00:00,29.96,Medium
22310799,12,41.5,2025-12-17 22:00:00,26.42,Medium
22319406,18,18.44,2025-12-17 05:00:00,28.75,Medium
22340122,27,39.7,2025-12-18 21:00:00,30.88,Medium
22342118,26,61.23,2025-12-18 16:00:00,30.21,Medium
22369795,22,156.23,2025-12-18 21:00:00,29.5,High
22378126,28,37.14,2025-12-18 21:00:00,30.5,Medium
22393155,31,131.77,2025-12-18 21:00:00,30.58,High
22410346,25,14.24,2025-12-18 15:00:00,29.75,Medium
22422703,25,21.0,2025-12-18 20:00:00,30.33,Medium
22424853,18,61.67,2025-12-18 18:00:00,29.46,Medium
22425841,24,27.0,2025-12-18 17:00:00,28.88,Medium
22441068,25,83.64,2025-12-18 20:00:00,30.58,High
22444189,28,77.86,2025-12-18 22:00:00,30.54,High
22466822,11,12.18,2025-12-05 05:00:00,17.0,Low
22470460,4,20.25,2025-12-13 20:00:00,16.08,Low
22497620,23,53.17,2025-12-18 20:00:00,30.25,Medium
22508323,27,35.07,2025-12-18 16:00:00,30.29,Medium
22509276,30,73.0,2025-12-18 07:00:00,30.17,High
22525341,25,27.48,2025-12-18 20:00:00,30.08,Medium
22555846,24,68.58,2025-12-18 13:00:00,29.75,Medium
22560823,24,85.42,2025-12-18 20:00:00,30.79,High
22577104,16,168.06,2025-12-18 18:00:00,28.25,High
22584113,17,21.47,2025-12-18 18:00:00,30.71,Medium
22600224,27,76.56,2025-12-18 19:00:00,30.04,High
22600903,31,120.87,2025-12-18 22:00:00,30.62,High
22607012,16,21.81,2025-12-16 23:00:00,20.04,Medium
22621152,30,41.53,2025-12-18 21:00:00,30.33,Medium
22627844,29,33.76,2025-12-18 09:00:00,30.33,Medium
22701535,14,8.14,2025-12-18 21:00:00,29.96,Low
22717072,31,83.13,2025-12-18 13:00:00,30.25,High
22734359,23,23.09,2025-12-18 23:00:00,30.29,Medium
22746404,16,41.62,2025-12-12 10:00:00,24.08,Medium
22751272,31,64.42,2025-12-18 20:00:00,30.38,High
22762528,15,16.4,2025-12-18 22:00:00,22.46,Low
22776936,29,58.0,2025-12-18 13:00:00,30.17,Medium
22779974,30,86.73,2025-12-17 23:00:00,29.67,High
22791027,14,9.21,2025-12-18 17:00:00,28.88,Low
22802989,17,32.82,2025-12-18 20:00:00,30.83,Medium
22808710,20,23.45,2025-12-17 12:00:00,26.33,Medium
22841491,25,38.6,2025-12-18 21:00:00,30.38,Medium
22859350,25,24.52,2025-12-18 21:00:00,30.42,Medium
22869075,2,33.0,2025-12-12 10:00:00,7.46,Low
22874532,28,32.11,2025-12-18 21:00:00,30.33,Medium
22878009,29,36.72,2025-12-18 19:00:00,30.08,Medium
22881368,10,23.4,2025-12-18 15:00:00,29.96,Low
22882656,21,44.33,2025-12-18 18:00:00,30.33,Medium
22884828,4,116.25,2025-12-03 23:00:00,15.33,Medium
22901182,26,58.04,2025-12-17 18:00:00,29.38,Medium
22962826,20,221.9,2025-12-15 16:00:00,27.67,High
22981352,30,42.53,2025-12-18 10:00:00,30.0,Medium
22984722,23,20.17,2025-12-18 15:00:00,30.21,Medium
22992522,31,148.61,2025-12-18 11:00:00,30.04,High
22995367,10,16.3,2025-12-18 23:00:00,29.5,Low
23014965,25,150.72,2025-12-18 09:00:00,29.92,High
23039189,15,17.8,2025-12-15 14:00:00,25.62,Medium
23043365,24,31.92,2025-12-17 22:00:00,29.5,Medium
23049176,28,22.96,2025-12-18 23:00:00,30.25,Medium
23065322,19,39.84,2025-12-18 22:00:00,29.46,Medium
23085950,24,30.83,2025-12-18 20:00:00,30.29,Medium
23095086,16,18.31,2025-12-18 23:00:00,27.33,Medium
23118960,10,39.7,2025-12-15 23:00:00,26.33,Medium
23130998,28,33.29,2025-12-18 22:00:00,30.58,Medium
23137309,29,52.28,2025-12-18 22:00:00,30.29,Medium
23159781,27,40.15,2025-12-18 22:00:00,30.33,Medium
23165095,30,295.2,2025-12-18 08:00:00,30.08,High
23167916,14,25.57,2025-12-18 20:00:00,26.92,Medium
23218222,2,16.0,2025-12-12 10:00:00,10.79,Low
23218973,19,20.16,2025-12-16 18:00:00,28.12,Medium
23223121,23,28.35,2025-12-18 21:00:00,30.46,Medium
23228065,10,29.8,2025-12-18 22:00:00,30.46,Medium
23231484,20,39.35,2025-12-18 19:00:00,29.38,Medium
23235438,25,63.96,2025-12-18 21:00:00,30.04,Medium
23236747,7,13.29,2025-12-16 14:00:00,21.0,Low
23248133,28,103.64,2025-12-18 17:00:00,30.33,High
23260181,30,97.7,2025-12-18 12:00:00,30.08,High
23276219,23,46.26,2025-12-16 18:00:00,28.04,Medium
23296153,29,65.66,2025-12-18 21:00:00,30.38,High
23316310,28,84.71,2025-12-18 20:00:00,30.46,High
23326854,31,123.71,2025-12-18 20:00:00,30.5,High
23330391,23,23.57,2025-12-18 16:00:00,30.29,Medium
23341818,23,53.78,2025-12-18 15:00:00,30.21,Medium
23346515,20,58.45,2025-12-16 16:00:00,27.29,Medium
23357120,20,49.95,2025-12-18 20:00:00,30.46,Medium
23359188,7,34.86,2025-12-14 14:00:00,10.08,Low
23362360,29,48.69,2025-12-18 17:00:00,30.38,Medium
23367131,29,146.21,2025-12-18 17:00:00,30.29,High
23376907,18,43.0,2025-12-18 21:00:00,30.21,Medium
23384426,4,24.25,2025-12-06 17:00:00,11.21,Low
23419403,25,63.16,2025-12-18 22:00:00,30.46,Medium
23439550,28,28.61,2025-12-18 15:00:00,30.08,Medium
23442968,29,119.34,2025-12-18 17:00:00,30.12,High
23446150,27,115.11,2025-12-18 20:00:00,30.42,High
23482875,31,47.61,2025-12-18 13:00:00,30.17,Medium
23483451,14,25.64,2025-12-14 22:00:00,22.38,Medium
23516965,11,61.18,2025-12-18 10:00:00,27.58,Medium
23574912,16,67.81,2025-12-18 09:00:00,24.5,Medium
23591123,20,185.55,2025-12-15 20:00:00,23.38,High
23591419,2,8.5,2025-12-08 22:00:00,8.04,Low
23593325,21,71.9,2025-12-18 22:00:00,29.25,Medium
23613746,28,52.18,2025-12-18 10:00:00,30.04,Medium
23668132,12,14.83,2025-12-18 22:00:00,29.04,Low
23687099,17,17.29,2025-12-13 22:00:00,25.38,Medium
23688052,6,18.83,2025-12-11 20:00:00,19.42,Low
23690219,7,22.29,2025-12-13 18:00:00,25.38,Low
23740258,25,119.6,2025-12-18 23:00:00,30.83,High
23757860,28,53.0,2025-12-18 23:00:00,30.25,Medium
23770338,25,36.92,2025-12-14 22:00:00,26.21,Medium
23793674,9,80.11,2025-12-17 20:00:00,16.96,Medium
23796078,8,14.88,2025-12-18 07:00:00,29.79,Low
23803693,8,15.88,2025-12-18 23:00:00,30.04,Low
23827809,19,28.21,2025-12-18 11:00:00,27.46,Medium
23828185,21,8.38,2025-12-18 21:00:00,30.88,Low
23838725,10,38.5,2025-12-16 12:00:00,28.04,Medium
23847626,30,92.03,2025-12-18 21:00:00,30.54,High
23860674,29,32.41,2025-12-18 21:00:00,30.88,Medium
23873275,19,20.74,2025-12-18 14:00:00,30.42,Medium
23916542,18,26.17,2025-12-18 21:00:00,29.54,Medium
23923497,22,31.73,2025-12-18 09:00:00,30.0,Medium
23937847,7,14.57,2025-12-17 20:00:00,27.96,Low
23958465,30,227.0,2025-12-18 22:00:00,30.58,High
24000198,27,43.07,2025-12-18 23:00:00,30.21,Medium
24029586,4,31.0,2025-12-18 20:00:00,15.96,Low
24033530,30,226.93,2025-12-18 12:00:00,30.17,High
24047653,16,21.62,2025-12-17 19:00:00,26.17,Medium
24057036,20,40.6,2025-12-18 13:00:00,28.71,Medium
24062806,31,182.23,2025-12-18 21:00:00,30.67,High
24063164,7,19.86,2025-12-17 18:00:00,11.04,Low
24089111,29,42.31,2025-12-18 23:00:00,30.5,Medium
24105656,16,62.06,2025-12-18 22:00:00,30.79,Medium
24118436,20,47.05,2025-12-16 15:00:00,28.58,Medium
24123047,27,25.33,2025-12-18 15:00:00,30.17,Medium
24132976,28,31.04,2025-12-18 16:00:00,30.21,Medium
24139240,22,22.41,2025-12-18 17:00:00,29.38,Medium
24189643,27,17.96,2025-12-18 22:00:00,30.92,Medium
24217106,18,174.61,2025-12-18 23:00:00,29.29,High
24219008,31,144.06,2025-12-18 21:00:00,30.67,High
24262504,30,88.17,2025-12-18 21:00:00,30.04,High
24288984,26,88.96,2025-12-18 12:00:00,30.08,High
24289312,16,44.06,2025-12-18 14:00:00,17.96,Medium
24313362,22,79.64,2025-12-16 21:00:00,28.0,Medium
24314619,25,39.92,2025-12-18 19:00:00,30.25,Medium
24336759,23,19.48,2025-12-18 10:00:00,29.58,Medium
24356634,10,218.9,2025-12-18 19:00:00,9.12,High
24381914,26,32.85,2025-12-18 23:00:00,30.12,Medium
24466657,18,23.33,2025-12-18 18:00:00,28.96,Medium
24471517,20,12.55,2025-12-18 22:00:00,30.38,Low
24473987,6,10.0,2025-12-13 14:00:00,22.92,Low
24474599,17,100.29,2025-12-18 21:00:00,19.0,Medium
24487604,6,44.5,2025-12-13 23:00:00,24.42,Medium
24495605,19,36.58,2025-12-17 21:00:00,28.46,Medium
24540552,6,13.33,2025-12-18 13:00:00,6.29,Low
24564910,4,30.25,2025-12-12 10:00:00,11.5,Low
24573553,20,53.2,2025-12-17 21:00:00,24.0,Medium
24580657,28,47.54,2025-12-18 23:00:00,30.96,Medium
24610294,16,17.88,2025-12-14 16:00:00,25.88,Medium
24620052,19,25.89,2025-12-18 22:00:00,30.62,Medium
24625325,10,24.4,2025-12-15 08:00:00,26.92,Low
24625581,31,124.03,2025-12-18 21:00:00,30.42,High
24636415,29,66.72,2025-12-18 22:00:00,30.62,High
24658436,27,48.22,2025-12-18 01:00:00,29.58,Medium
24683808,19,10.63,2025-12-18 21:00:00,30.5,Low
24690079,24,69.79,2025-12-18 19:00:00,28.96,Medium
24698599,19,24.42,2025-12-14 00:00:00,25.33,Medium
24700160,2,28.5,2025-11-29 12:00:00,0.58,Low
24718279,16,34.88,2025-12-18 21:00:00,18.42,Medium
24752182,24,132.79,2025-12-18 21:00:00,28.12,High
24759174,5,9.2,2025-12-18 23:00:00,18.46,Low
24792310,14,15.79,2025-12-18 16:00:00,29.67,Low
24803803,31,109.68,2025-12-18 23:00:00,30.58,High
24805953,29,68.34,2025-12-18 07:00:00,29.54,High
24808643,25,26.2,2025-12-18 01:00:00,26.29,Medium
24811681,21,37.29,2025-12-18 22:00:00,30.62,Medium
24814877,18,10.56,2025-12-17 15:00:00,29.46,Low
24847553,11,20.64,2025-12-18 18:00:00,29.29,Low
24869620,2,13.0,2025-12-06 14:00:00,9.08,Low
24888768,12,10.67,2025-12-12 13:00:00,22.0,Low
24903079,21,18.81,2025-12-15 18:00:00,24.21,Medium
24965668,20,28.85,2025-12-18 15:00:00,28.17,Medium
24967803,22,36.77,2025-12-18 20:00:00,28.58,Medium
25008977,19,19.74,2025-12-18 08:00:00,28.67,Medium
25020664,29,60.59,2025-12-18 11:00:00,30.17,Medium
25034174,1,1.0,2025-11-19 13:00:00,0.0,Low
25040950,16,157.94,2025-12-12 17:00:00,24.29,High
25128484,17,35.82,2025-12-12 22:00:00,24.21,Medium
25142712,27,74.63,2025-12-18 20:00:00,30.46,High
25163672,13,15.31,2025-12-18 11:00:00,30.08,Low
25166877,26,28.35,2025-12-18 08:00:00,29.46,Medium
25166903,16,25.88,2025-12-17 22:00:00,29.42,Medium
25173367,16,17.62,2025-12-13 07:00:00,23.54,Medium
25183118,26,42.42,2025-12-18 18:00:00,30.25,Medium
25187340,25,31.44,2025-12-18 19:00:00,30.75,Medium
25211339,28,15.36,2025-12-18 14:00:00,29.88,Medium
25224971,19,21.11,2025-12-15 11:00:00,26.96,Medium
25249494,19,26.84,2025-12-11 21:00:00,22.21,Medium
25252443,21,22.62,2025-12-18 20:00:00,30.0,Medium
25265512,16,42.06,2025-12-13 10:00:00,24.83,Medium
25275595,19,111.21,2025-12-17 17:00:00,28.42,High
25306731,9,45.89,2025-12-17 18:00:00,29.17,Medium
25330254,24,74.92,2025-12-18 23:00:00,30.96,Medium
25368165,21,44.29,2025-12-18 19:00:00,30.54,Medium
25368702,16,30.06,2025-12-15 22:00:00,27.42,Medium
25371517,31,95.48,2025-12-18 22:00:00,30.62,High
25375727,18,23.72,2025-12-17 13:00:00,29.0,Medium
25386039,16,26.94,2025-12-14 05:00:00,20.21,Medium
25406015,21,21.19,2025-12-17 07:00:00,29.12,Medium
25414648,21,63.1,2025-12-18 23:00:00,30.38,Medium
25423470,15,13.27,2025-12-16 10:00:00,27.88,Low
25438815,15,49.87,2025-12-17 12:00:00,28.08,Medium
25455279,31,69.35,2025-12-18 12:00:00,29.79,High
25456026,8,15.62,2025-12-17 22:00:00,28.5,Low
25474939,19,72.37,2025-12-14 10:00:00,25.71,Medium
25475467,19,21.47,2025-12-17 09:00:00,26.96,Medium
25477392,30,70.23,2025-12-17 17:00:00,29.42,High
25480257,11,20.91,2025-12-18 09:00:00,29.92,Low
25487075,30,47.5,2025-12-18 23:00:00,30.17,Medium
25499177,21,64.29,2025-12-17 21:00:00,29.54,Medium
25509021,30,131.43,2025-12-18 22:00:00,30.67,High
25515014,14,29.21,2025-12-18 20:00:00,28.17,Medium
25518563,20,33.95,2025-12-18 21:00:00,30.29,Medium
25528662,10,41.7,2025-12-14 21:00:00,22.96,Medium
25535039,19,47.68,2025-12-18 23:00:00,30.96,Medium
25541349,3,21.33,2025-12-14 18:00:00,24.79,Low
25544044,30,89.8,2025-12-18 23:00:00,30.58,High
25549508,28,39.61,2025-12-18 23:00:00,30.21,Medium
25558345,14,15.86,2025-12-18 20:00:00,29.92,Low
25613360,26,41.81,2025-12-18 19:00:00,29.17,Medium
25639546,24,29.75,2025-12-18 08:00:00,27.96,Medium
25665414,23,14.04,2025-12-18 21:00:00,30.5,Medium
25672992,12,4.83,2025-12-18 13:00:00,30.08,Low
25678919,31,138.81,2025-12-18 21:00:00,30.38,High
25688135,26,24.38,2025-12-18 21:00:00,30.46,Medium
25701566,27,44.33,2025-12-18 17:00:00,30.08,Medium
25742135,16,58.44,2025-12-12 19:00:00,23.42,Medium
25750592,29,60.17,2025-12-18 23:00:00,30.46,Medium
25751195,31,58.55,2025-12-18 13:00:00,30.29,Medium
25756303,28,33.75,2025-12-18 23:00:00,30.58,Medium
25761045,24,28.08,2025-12-17 09:00:00,28.96,Medium
25765258,26,40.12,2025-12-18 16:00:00,29.79,Medium
25773958,30,26.7,2025-12-18 21:00:00,30.54,Medium
25775757,3,50.0,2025-11-21 13:00:00,3.12,Low
25776026,16,21.81,2025-12-16 18:00:00,17.96,Medium
25778057,24,80.71,2025-12-18 18:00:00,29.96,High
25800692,26,13.23,2025-12-18 20:00:00,29.96,Medium
25815621,24,19.96,2025-12-18 22:00:00,29.33,Medium
25816895,28,43.86,2025-12-18 22:00:00,30.92,Medium
25831491,22,31.14,2025-12-17 08:00:00,28.92,Medium
25841169,6,77.83,2025-12-18 11:00:00,22.58,Medium
25851938,7,13.29,2025-12-18 14:00:00,11.42,Low
25854726,24,60.79,2025-12-18 00:00:00,30.0,Medium
25871996,24,82.79,2025-12-17 20:00:00,29.38,High
25874658,10,9.1,2025-12-16 15:00:00,28.08,Low
25892297,9,47.22,2025-12-17 11:00:00,21.92,Medium
25896264,31,65.9,2025-12-18 16:00:00,30.08,High
25919157,12,13.5,2025-12-18 10:00:00,23.62,Low
25945368,26,62.58,2025-12-18 23:00:00,30.0,Medium
25952339,14,60.29,2025-12-16 18:00:00,14.75,Medium
25963511,30,70.2,2025-12-18 10:00:00,30.17,High
25990178,24,106.67,2025-12-18 11:00:00,30.04,High
25994909,24,68.83,2025-12-15 23:00:00,27.67,Medium
26012948,17,26.76,2025-12-17 18:00:00,26.46,Medium
26025143,9,16.33,2025-12-18 14:00:00,30.04,Low
26034408,20,39.9,2025-12-17 09:00:00,28.5,Medium
26043740,1,25.0,2025-12-08 10:00:00,0.04,Low
26050959,2,9.5,2025-11-20 15:00:00,1.75,Low
26052997,27,179.63,2025-12-18 22:00:00,29.33,High
26063061,10,9.7,2025-12-16 12:00:00,27.04,Low
26071320,17,17.94,2025-12-18 22:00:00,30.58,Medium
26081392,29,81.17,2025-12-18 17:00:00,30.29,High
26084013,9,45.33,2025-12-17 12:00:00,26.79,Medium
26087047,18,16.5,2025-12-15 11:00:00,26.96,Medium
26123580,28,68.46,2025-12-18 13:00:00,30.12,High
26125683,24,81.92,2025-12-18 23:00:00,29.62,High
26140958,1,6.0,2025-11-27 19:00:00,0.0,Low
26142484,26,43.31,2025-12-16 22:00:00,28.08,Medium
26145391,18,18.11,2025-12-17 23:00:00,29.96,Medium
26184779,31,72.68,2025-12-18 22:00:00,30.67,High
26194174,28,48.61,2025-12-18 23:00:00,30.92,Medium
26221045,3,11.0,2025-12-04 23:00:00,10.96,Low
26228110,13,10.46,2025-12-18 17:00:00,27.21,Low
26240021,10,13.9,2025-12-18 21:00:00,30.54,Low
26253026,21,57.62,2025-12-18 17:00:00,30.29,Medium
26277198,26,53.04,2025-12-18 18:00:00,30.17,Medium
26333439,13,56.31,2025-12-18 19:00:00,30.79,Medium
26337733,29,60.17,2025-12-18 22:00:00,30.42,Medium
26372667,27,28.63,2025-12-17 21:00:00,29.54,Medium
26384257,31,57.23,2025-12-18 21:00:00,30.62,Medium
26391467,17,38.29,2025-12-16 16:00:00,27.83,Medium
26401619,31,64.48,2025-12-18 23:00:00,30.67,High
26401646,30,38.13,2025-12-18 23:00:00,30.71,Medium
26430445,17,13.18,2025-12-14 08:00:00,25.92,Low
26430580,14,111.71,2025-12-18 23:00:00,29.33,Medium
26438512,24,47.54,2025-12-18 13:00:00,29.92,Medium
26459606,21,17.48,2025-12-18 23:00:00,30.96,Medium
26460336,31,163.29,2025-12-18 20:00:00,30.58,High
26502265,24,40.21,2025-12-18 19:00:00,30.58,Medium
26504830,8,8.38,2025-12-17 16:00:00,29.04,Low
26509398,26,64.08,2025-12-18 14:00:00,29.96,Medium
26529364,26,30.23,2025-12-18 16:00:00,29.92,Medium
26562102,31,170.71,2025-12-18 20:00:00,30.46,High
26570624,11,26.64,2025-12-07 10:00:00,17.96,Medium
26573714,22,30.14,2025-12-17 23:00:00,29.96,Medium
26604313,6,26.17,2025-12-06 18:00:00,18.33,Low
26612709,16,26.19,2025-12-12 08:00:00,23.62,Medium
26622553,26,215.42,2025-12-18 19:00:00,24.96,High
26681009,2,53.5,2025-12-06 21:00:00,1.67,Low
26683337,13,11.54,2025-12-14 21:00:00,26.88,Low
26704429,2,12.5,2025-12-11 21:00:00,2.96,Low
26720422,27,262.48,2025-12-17 23:00:00,29.62,High
26742658,16,41.06,2025-12-17 22:00:00,29.42,Medium
26752434,11,37.27,2025-12-16 14:00:00,11.62,Medium
26755560,17,12.53,2025-12-18 22:00:00,29.29,Low
26764288,29,22.48,2025-12-18 21:00:00,30.54,Medium
26766183,27,125.56,2025-12-18 17:00:00,30.38,High
26768217,28,32.5,2025-12-18 23:00:00,30.5,Medium
26801916,19,13.26,2025-12-18 09:00:00,29.54,Low
26817919,4,13.5,2025-12-13 10:00:00,22.29,Low
26831040,24,35.33,2025-12-18 19:00:00,30.04,Medium
26842247,13,29.69,2025-12-17 19:00:00,28.04,Medium
26855463,13,37.38,2025-12-07 22:00:00,19.92,Medium
26857141,31,220.23,2025-12-18 20:00:00,30.5,High
26857882,24,45.62,2025-12-16 22:00:00,28.62,Medium
26863866,26,24.12,2025-12-18 22:00:00,30.54,Medium
26869643,19,30.58,2025-12-18 20:00:00,30.17,Medium
26900878,12,23.92,2025-12-17 18:00:00,29.08,Medium
26908458,27,30.56,2025-12-18 21:00:00,30.83,Medium
26916485,3,36.33,2025-12-18 18:00:00,2.33,Low
26917106,5,37.2,2025-12-17 12:00:00,6.58,Low
26920547,26,54.81,2025-12-18 22:00:00,30.38,Medium
26938449,31,66.9,2025-12-18 17:00:00,30.38,High
26949426,19,171.63,2025-12-18 19:00:00,18.5,High
26957136,27,63.59,2025-12-18 18:00:00,30.42,Medium
26960862,15,12.93,2025-12-16 15:00:00,27.62,Low
26974021,24,16.92,2025-12-17 11:00:00,29.21,Medium
27013196,23,28.87,2025-12-17 07:00:00,27.79,Medium
27032913,28,73.14,2025-12-18 20:00:00,30.83,High
27049458,22,23.32,2025-12-17 14:00:00,29.58,Medium
27050179,16,28.62,2025-12-18 10:00:00,29.67,Medium
27068656,29,34.83,2025-12-17 16:00:00,29.67,Medium
27090424,31,69.35,2025-12-18 22:00:00,30.58,High
27112508,30,74.43,2025-12-18 19:00:00,30.5,High
27114862,15,29.13,2025-12-18 12:00:00,24.0,Medium
27115433,22,39.27,2025-12-18 19:00:00,28.96,Medium
27129711,29,42.41,2025-12-18 19:00:00,29.96,Medium
27141122,31,100.68,2025-12-18 10:00:00,30.08,High
27169171,13,13.77,2025-12-17 12:00:00,29.25,Low
27171940,3,31.67,2025-12-03 13:00:00,13.42,Low
27235324,12,15.08,2025-12-14 22:00:00,24.58,Low
27237010,18,22.17,2025-12-18 17:00:00,30.29,Medium
27284201,23,11.61,2025-12-18 22:00:00,30.5,Medium
27298182,6,3.33,2025-12-17 14:00:00,22.67,Low
27320888,27,32.81,2025-12-18 21:00:00,30.12,Medium
27326941,30,52.7,2025-12-18 14:00:00,29.88,Medium
27380911,22,23.64,2025-12-17 22:00:00,29.88,Medium
27399563,29,73.66,2025-12-18 17:00:00,29.92,High
27422586,19,30.26,2025-12-18 22:00:00,28.58,Medium
27423844,30,62.27,2025-12-18 00:00:00,29.29,High
27428904,20,17.25,2025-12-17 11:00:00,28.96,Medium
27478941,29,41.55,2025-12-18 02:00:00,29.25,Medium
27499498,27,68.89,2025-12-18 19:00:00,30.29,Medium
27502638,19,18.79,2025-12-17 16:00:00,29.12,Medium
27508149,29,78.55,2025-12-18 13:00:00,29.21,High
27541947,23,52.61,2025-12-18 22:00:00,30.0,Medium
27565397,20,78.65,2025-12-18 23:00:00,30.58,Medium
27579582,29,35.1,2025-12-18 12:00:00,30.21,Medium
27596072,16,13.44,2025-12-18 19:00:00,30.46,Low
27601431,25,51.08,2025-12-18 20:00:00,30.08,Medium
27608145,31,116.87,2025-12-18 20:00:00,30.5,High
27612624,1,59.0,2025-12-14 22:00:00,0.21,Low
27619929,18,10.22,2025-12-18 18:00:00,29.42,Low
27622186,9,18.0,2025-12-14 21:00:00,23.0,Low
27625049,31,112.9,2025-12-18 21:00:00,30.46,High
27625670,15,43.73,2025-12-18 23:00:00,30.38,Medium
27626311,26,108.15,2025-12-18 13:00:00,29.96,High
27636346,25,38.32,2025-12-18 23:00:00,30.62,Medium
27662805,30,25.7,2025-12-18 10:00:00,30.04,Medium
27736230,27,65.22,2025-12-18 07:00:00,29.96,Medium
27758941,17,13.29,2025-12-18 19:00:00,25.25,Low
27787868,3,2.33,2025-12-14 22:00:00,4.04,Low
27803245,31,82.42,2025-12-18 20:00:00,30.46,High
27808271,28,68.0,2025-12-18 22:00:00,30.46,High
27809186,11,129.36,2025-12-15 13:00:00,27.25,Medium
27811537,14,37.93,2025-12-15 22:00:00,26.58,Medium
27820493,28,41.36,2025-12-18 22:00:00,30.75,Medium
27833657,15,33.2,2025-12-17 23:00:00,29.08,Medium
27839004,30,77.47,2025-12-18 22:00:00,30.92,High
27840504,31,128.71,2025-12-18 19:00:00,30.5,High
27842036,25,16.16,2025-12-18 09:00:00,28.79,Medium
27845176,20,67.5,2025-12-17 20:00:00,29.46,Medium
27850931,27,113.41,2025-12-18 10:00:00,29.92,High
27858325,6,5.17,2025-12-06 13:00:00,13.62,Low
27863196,26,34.46,2025-12-18 22:00:00,30.58,Medium
27906720,25,42.28,2025-12-18 14:00:00,29.25,Medium
27914256,9,4.78,2025-12-07 07:00:00,17.08,Low
27927595,29,53.45,2025-12-18 21:00:00,30.0,Medium
27933232,25,28.12,2025-12-18 15:00:00,30.21,Medium
27964788,10,37.4,2025-12-17 14:00:00,28.83,Medium
27964882,19,21.95,2025-12-18 21:00:00,30.38,Medium
27973180,20,22.25,2025-12-15 22:00:00,27.5,Medium
28011137,20,13.75,2025-12-18 23:00:00,30.96,Medium
28031374,4,21.75,2025-12-16 15:00:00,27.08,Low
28036057,21,25.81,2025-12-18 22:00:00,30.17,Medium
28085061,21,47.86,2025-12-18 00:00:00,29.54,Medium
28086954,31,99.58,2025-12-18 21:00:00,30.5,High
28097175,29,61.97,2025-12-17 06:00:00,29.08,Medium
28104706,18,17.61,2025-12-13 16:00:00,24.96,Medium
28106685,26,26.46,2025-12-18 23:00:00,30.46,Medium
28116055,31,66.45,2025-12-18 16:00:00,30.29,High
28129419,22,20.91,2025-12-15 11:00:00,27.17,Medium
28160359,20,45.95,2025-12-17 22:00:00,29.12,Medium
28192835,6,10.5,2025-12-01 23:00:00,12.38,Low
28195796,30,22.87,2025-12-18 14:00:00,30.25,Medium
28204652,21,16.19,2025-12-17 20:00:00,27.21,Medium
28204658,27,82.26,2025-12-18 23:00:00,30.96,High
28226509,29,42.79,2025-12-18 22:00:00,30.54,Medium
28235067,29,106.52,2025-12-18 22:00:00,30.12,High
28235535,31,46.35,2025-12-18 21:00:00,30.88,Medium
28252122,23,60.09,2025-12-18 12:00:00,30.5,Medium
28257786,18,97.94,2025-12-15 23:00:00,27.62,Medium
28277274,19,33.89,2025-12-17 19:00:00,25.96,Medium
28293619,7,25.57,2025-12-16 11:00:00,26.92,Low
28296618,20,54.25,2025-12-18 07:00:00,29.42,Medium
28308227,19,33.21,2025-12-16 12:00:00,27.17,Medium
28332552,15,10.53,2025-12-17 20:00:00,27.17,Low
28351817,14,38.86,2025-12-16 22:00:00,26.12,Medium
28352963,28,37.68,2025-12-18 07:00:00,30.0,Medium
28370474,24,19.04,2025-12-18 09:00:00,30.0,Medium
28373415,30,156.47,2025-12-18 17:00:00,30.38,High
28389417,31,47.29,2025-12-18 21:00:00,30.62,Medium
28415553,25,19.6,2025-12-18 23:00:00,29.58,Medium
28462928,31,77.48,2025-12-18 18:00:00,30.42,High
28467700,22,67.73,2025-12-18 22:00:00,30.04,Medium
28483040,19,24.95,2025-12-17 14:00:00,25.79,Medium
28515753,24,43.42,2025-12-17 17:00:00,29.21,Medium
28533948,16,22.06,2025-12-18 17:00:00,30.71,Medium
28564144,9,56.67,2025-12-17 21:00:00,27.96,Medium
28587433,19,23.32,2025-12-18 00:00:00,29.17,Medium
28609850,4,17.75,2025-12-11 21:00:00,23.38,Low
28623961,28,48.18,2025-12-18 21:00:00,30.5,Medium
28638001,28,150.18,2025-12-18 20:00:00,28.46,High
28639853,13,6.77,2025-12-17 10:00:00,29.04,Low
28665006,13,37.54,2025-12-16 10:00:00,18.58,Medium
28692321,20,34.3,2025-12-18 23:00:00,25.62,Medium
28694278,20,24.2,2025-12-18 23:00:00,30.46,Medium
28699943,8,12.88,2025-12-15 23:00:00,21.04,Low
28702825,3,32.0,2025-11-23 23:00:00,2.0,Low
28720302,25,138.84,2025-12-18 23:00:00,30.42,High
28722407,30,59.9,2025-12-18 19:00:00,30.5,Medium
28734621,28,83.25,2025-12-18 22:00:00,30.17,High
28739065,28,145.11,2025-12-18 18:00:00,30.38,High
28743854,21,45.0,2025-12-18 22:00:00,29.12,Medium
28751106,20,30.65,2025-12-16 21:00:00,26.96,Medium
28791007,10,14.4,2025-12-17 19:00:00,18.67,Low
28806122,27,53.96,2025-12-18 22:00:00,29.75,Medium
28808272,30,36.93,2025-12-17 22:00:00,29.88,Medium
28826774,27,58.11,2025-12-18 17:00:00,30.71,Medium
28832473,12,23.92,2025-12-18 09:00:00,24.71,Medium
28844915,14,20.71,2025-12-17 13:00:00,27.67,Medium
28867140,8,8.88,2025-12-03 22:00:00,15.62,Low
28877018,28,60.86,2025-12-18 20:00:00,30.58,Medium
28886691,11,18.64,2025-12-18 13:00:00,30.0,Low
28897086,31,121.61,2025-12-18 22:00:00,30.92,High
28900840,5,21.2,2025-12-18 22:00:00,4.42,Low
28911161,23,47.17,2025-12-18 23:00:00,29.54,Medium
28917650,18,31.28,2025-12-18 16:00:00,25.08,Medium
28930771,21,18.14,2025-12-18 15:00:00,29.67,Medium
28948171,25,41.08,2025-12-18 23:00:00,29.08,Medium
28962754,25,30.6,2025-12-18 22:00:00,30.92,Medium
28967361,26,222.88,2025-12-18 17:00:00,30.29,High
28969349,21,17.29,2025-12-17 21:00:00,29.5,Medium
28972250,24,41.29,2025-12-18 22:00:00,29.96,Medium
28975138,31,163.81,2025-12-18 23:00:00,30.88,High
29020561,23,42.3,2025-12-18 22:00:00,30.29,Medium
29025946,13,14.31,2025-12-18 14:00:00,30.54,Low
29032154,27,15.74,2025-12-18 22:00:00,30.62,Medium
29072139,4,58.0,2025-12-04 20:00:00,10.88,Low
29080791,16,26.12,2025-12-18 10:00:00,30.08,Medium
29091169,17,16.71,2025-12-18 20:00:00,25.0,Medium
29150925,10,72.5,2025-12-18 17:00:00,8.88,Medium
29160893,26,43.88,2025-12-18 21:00:00,30.58,Medium
29173819,28,27.5,2025-12-17 20:00:00,29.08,Medium
29197258,24,39.71,2025-12-18 15:00:00,30.46,Medium
29217415,14,42.43,2025-12-07 12:00:00,19.17,Medium
29226661,17,38.71,2025-12-18 18:00:00,26.83,Medium
29245673,29,194.9,2025-12-17 19:00:00,29.17,High
29246035,28,44.82,2025-12-18 21:00:00,30.04,Medium
29285910,22,28.77,2025-12-18 20:00:00,29.04,Medium
29301311,19,15.16,2025-12-16 01:00:00,27.71,Medium
29320594,30,103.7,2025-12-18 20:00:00,30.83,High
29321251,29,8.14,2025-12-18 23:00:00,30.04,Low
29326716,21,40.9,2025-12-18 18:00:00,30.29,Medium
29332454,1,32.0,2025-11-25 17:00:00,0.08,Low
29351255,21,17.05,2025-12-17 20:00:00,29.46,Medium
29373526,29,54.59,2025-12-18 21:00:00,30.33,Medium
29381952,24,43.5,2025-12-18 23:00:00,30.12,Medium
29383294,21,199.52,2025-12-18 22:00:00,30.54,High
29388134,19,42.74,2025-12-18 20:00:00,30.54,Medium
29405414,21,10.43,2025-12-18 15:00:00,30.08,Low
29420856,23,61.61,2025-12-18 23:00:00,28.54,Medium
29429701,31,51.61,2025-12-18 21:00:00,30.58,Medium
29434857,9,28.67,2025-12-17 20:00:00,22.88,Medium
29450456,12,33.25,2025-12-18 22:00:00,29.83,Medium
29459216,20,48.25,2025-12-18 21:00:00,30.42,Medium
29476135,17,35.71,2025-12-18 23:00:00,30.96,Medium
29489427,11,32.73,2025-12-13 11:00:00,25.46,Medium
29511444,29,73.72,2025-12-18 07:00:00,28.42,High
29524082,28,73.5,2025-12-18 20:00:00,30.17,High
29533214,3,16.0,2025-12-05 21:00:00,8.46,Low
29550258,12,8.58,2025-12-18 12:00:00,29.21,Low
29554512,1,43.0,2025-11-25 20:00:00,0.0,Low
29582784,21,28.95,2025-12-18 16:00:00,30.29,Medium
29583836,16,81.88,2025-12-18 08:00:00,18.08,Medium
29601369,29,124.72,2025-12-18 11:00:00,30.46,High
29611751,31,53.03,2025-12-18 22:00:00,30.17,Medium
29628336,6,6.67,2025-12-15 18:00:00,26.25,Low
29641259,19,51.42,2025-12-18 17:00:00,27.04,Medium
29644155,23,34.17,2025-12-18 14:00:00,27.0,Medium
29656912,30,91.1,2025-12-18 23:00:00,30.62,High
29661255,20,21.9,2025-12-16 22:00:00,28.92,Medium
29669124,30,109.2,2025-12-18 11:00:00,30.04,High
29685853,20,36.65,2025-12-15 23:00:00,23.08,Medium
29689901,30,137.77,2025-12-18 22:00:00,30.62,High
29699014,27,136.15,2025-12-17 19:00:00,29.0,High
29703381,9,24.22,2025-12-16 22:00:00,21.88,Low
29710830,31,76.9,2025-12-18 22:00:00,30.42,High
29716977,24,71.17,2025-12-18 19:00:00,30.29,Medium
29717165,21,13.29,2025-12-18 06:00:00,30.25,Medium
29718928,7,37.71,2025-12-18 21:00:00,28.17,Medium
29726098,4,19.75,2025-12-15 21:00:00,27.33,Low
29760352,22,34.55,2025-12-18 23:00:00,30.58,Medium
29776188,29,74.79,2025-12-18 22:00:00,30.5,High
29791483,31,301.71,2025-12-18 23:00:00,30.96,High
29819397,8,18.25,2025-12-15 16:00:00,20.21,Low
29838929,26,28.12,2025-12-18 19:00:00,30.42,Medium
29853992,20,19.85,2025-12-18 21:00:00,30.29,Medium
29855200,28,26.25,2025-12-18 19:00:00,30.42,Medium
29876306,20,29.7,2025-12-17 13:00:00,27.83,Medium
29878513,30,46.77,2025-12-18 23:00:00,29.54,Medium
29881921,15,34.8,2025-12-18 17:00:00,29.71,Medium
29888146,3,35.33,2025-12-14 21:00:00,25.5,Low
29983125,20,33.7,2025-12-16 12:00:00,27.96,Medium
29985681,10,2.6,2025-12-13 11:00:00,23.96,Low
29992703,21,30.0,2025-12-18 18:00:00,28.79,Medium
30025100,27,106.48,2025-12-18 21:00:00,30.12,High
30025213,10,10.6,2025-12-16 23:00:00,23.46,Low
30031297,14,38.29,2025-12-18 22:00:00,29.42,Medium
30071480,25,27.96,2025-12-17 22:00:00,29.46,Medium
30071884,12,40.17,2025-12-14 10:00:00,26.08,Medium
30072819,23,39.48,2025-12-18 19:00:00,29.96,Medium
30074000,3,14.67,2025-12-06 21:00:00,15.08,Low
30075660,12,18.25,2025-12-15 23:00:00,23.17,Low
30079563,24,55.54,2025-12-18 22:00:00,30.58,Medium
30080377,12,19.83,2025-12-18 19:00:00,27.92,Low
30100119,27,41.3,2025-12-18 23:00:00,28.46,Medium
30107666,9,7.33,2025-12-13 21:00:00,21.5,Low
30170700,10,17.0,2025-12-17 12:00:00,25.75,Low
30198310,5,59.4,2025-12-17 20:00:00,4.79,Medium
30226785,27,33.67,2025-12-18 23:00:00,30.12,Medium
30282407,24,43.83,2025-12-18 06:00:00,30.0,Medium
30314033,18,36.33,2025-12-18 19:00:00,26.79,Medium
30353552,27,33.48,2025-12-18 10:00:00,30.08,Medium
30360670,28,44.89,2025-12-17 14:00:00,29.46,Medium
30368071,31,34.87,2025-12-18 20:00:00,30.12,Medium
30385077,25,29.96,2025-12-18 18:00:00,30.29,Medium
30397332,24,49.88,2025-12-18 16:00:00,30.29,Medium
30419421,22,23.55,2025-12-18 18:00:00,29.92,Medium
30419994,30,33.13,2025-12-18 14:00:00,30.25,Medium
30439138,7,38.29,2025-12-15 19:00:00,22.92,Medium
30439175,17,12.88,2025-12-13 14:00:00,25.17,Low
30463766,11,10.45,2025-12-11 21:00:00,22.04,Low
30506808,15,19.07,2025-12-18 15:00:00,30.25,Medium
30511142,24,33.04,2025-12-18 08:00:00,29.38,Medium
30511762,12,43.0,2025-12-17 13:00:00,26.79,Medium
30516756,22,15.41,2025-12-18 20:00:00,29.42,Medium
30550099,12,14.75,2025-12-12 22:00:00,21.04,Low
30552706,30,84.83,2025-12-18 14:00:00,30.17,High
30578112,29,51.86,2025-12-18 10:00:00,30.12,Medium
30590613,23,18.83,2025-12-13 14:00:00,25.58,Medium
30592468,6,7.83,2025-12-09 21:00:00,18.38,Low
30596156,22,20.0,2025-12-16 20:00:00,27.04,Medium
30638228,24,29.62,2025-12-18 14:00:00,28.17,Medium
30647114,14,14.71,2025-12-17 11:00:00,28.96,Low
30683859,15,29.13,2025-12-15 10:00:00,24.04,Medium
30692164,29,80.07,2025-12-18 23:00:00,30.46,High
30701625,22,15.45,2025-12-18 23:00:00,29.79,Medium
30701881,14,40.43,2025-12-17 21:00:00,28.25,Medium
30717687,20,40.3,2025-12-17 15:00:00,29.58,Medium
30727820,28,15.5,2025-12-18 21:00:00,30.33,Medium
30740491,28,82.61,2025-12-18 19:00:00,30.42,High
30764977,22,26.77,2025-12-18 03:00:00,27.29,Medium
30805076,7,35.43,2025-12-08 08:00:00,20.29,Low
30817416,25,61.92,2025-12-18 23:00:00,30.12,Medium
30833242,14,18.14,2025-12-17 08:00:00,28.79,Medium
30835000,3,22.67,2025-12-18 23:00:00,7.33,Low
30838173,25,166.64,2025-12-17 09:00:00,25.46,High
30839253,31,135.19,2025-12-18 21:00:00,30.08,High
30853624,24,38.58,2025-12-18 20:00:00,29.38,Medium
30868346,10,16.0,2025-12-17 23:00:00,26.17,Low
30869439,29,31.62,2025-12-18 19:00:00,30.38,Medium
30905877,23,43.74,2025-12-18 18:00:00,29.92,Medium
30915717,10,8.7,2025-12-12 22:00:00,24.17,Low
30915777,24,48.75,2025-12-15 13:00:00,26.79,Medium
30933630,30,303.13,2025-12-18 19:00:00,30.46,High
30937033,16,17.25,2025-12-18 13:00:00,30.04,Medium
30955749,25,126.76,2025-12-15 11:00:00,27.38,High
31050275,21,13.57,2025-12-18 21:00:00,30.46,Medium
31052402,29,30.59,2025-12-18 19:00:00,30.42,Medium
31076937,22,73.18,2025-12-18 16:00:00,29.75,Medium
31100870,12,7.83,2025-12-17 19:00:00,24.5,Low
31110873,19,101.95,2025-12-13 22:00:00,23.5,High
31178340,24,23.58,2025-12-18 14:00:00,30.54,Medium
31183701,27,37.85,2025-12-17 11:00:00,29.08,Medium
31185970,9,25.44,2025-12-18 20:00:00,14.21,Low
31190628,28,136.11,2025-12-18 23:00:00,30.96,High
31192881,9,12.67,2025-12-17 08:00:00,25.58,Low
31207229,31,57.39,2025-12-18 22:00:00,30.67,Medium
31208829,6,13.33,2025-12-08 00:00:00,6.42,Low
31210346,13,36.69,2025-12-17 18:00:00,12.25,Medium
31245197,14,13.71,2025-12-13 20:00:00,21.12,Low
31269707,2,71.0,2025-12-18 23:00:00,2.38,Low
31298818,15,48.87,2025-12-18 15:00:00,29.92,Medium
31309091,28,94.36,2025-12-18 22:00:00,30.46,High
31331524,25,43.48,2025-12-18 20:00:00,30.5,Medium
31408686,18,23.33,2025-12-16 16:00:00,28.29,Medium
31413542,19,20.32,2025-12-16 15:00:00,28.21,Medium
31433604,17,18.18,2025-12-15 21:00:00,27.25,Medium
31435351,13,12.62,2025-12-15 08:00:00,26.0,Low
31446692,31,233.52,2025-12-18 22:00:00,30.0,High
31449327,25,55.2,2025-12-17 06:00:00,27.62,Medium
31456426,23,43.13,2025-12-18 08:00:00,30.33,Medium
31456519,25,122.32,2025-12-18 18:00:00,29.0,High
31463929,25,32.52,2025-12-17 23:00:00,29.62,Medium
31464363,25,14.96,2025-12-18 22:00:00,29.04,Medium
31471752,15,9.0,2025-12-17 16:00:00,29.25,Low
31495737,19,13.95,2025-12-15 23:00:00,27.54,Medium
31503308,31,97.71,2025-12-18 19:00:00,30.46,High
31538214,10,10.7,2025-12-13 14:00:00,24.75,Low
31557701,26,32.23,2025-12-17 19:00:00,29.38,Medium
31559991,2,12.5,2025-12-14 20:00:00,24.17,Low
31565417,13,46.92,2025-12-18 13:00:00,27.12,Medium
31612475,20,43.65,2025-12-18 23:00:00,28.88,Medium
31663890,31,157.23,2025-12-18 22:00:00,30.54,High
31667005,19,20.16,2025-12-15 21:00:00,27.46,Medium
31685709,16,72.81,2025-12-18 12:00:00,29.04,Medium
31700289,19,43.53,2025-12-18 22:00:00,30.88,Medium
31717348,27,58.63,2025-12-18 12:00:00,30.46,Medium
31717469,18,28.44,2025-12-15 15:00:00,25.83,Medium
31723437,25,20.4,2025-12-17 18:00:00,29.46,Medium
31727427,31,53.06,2025-12-18 20:00:00,30.0,Medium
31729893,24,31.67,2025-12-17 11:00:00,29.04,Medium
31732015,31,169.71,2025-12-18 19:00:00,30.71,High
31735497,30,81.67,2025-12-18 20:00:00,30.5,High
31751984,27,25.85,2025-12-18 15:00:00,30.25,Medium
31777926,26,25.04,2025-12-17 09:00:00,28.83,Medium
31779961,19,55.37,2025-12-17 14:00:00,28.83,Medium
31815166,6,3.83,2025-12-12 00:00:00,19.58,Low
31816906,14,21.43,2025-12-09 10:00:00,20.92,Medium
31850208,13,85.08,2025-12-18 21:00:00,12.0,Medium
31872335,24,36.79,2025-12-17 13:00:00,25.71,Medium
31879400,18,37.0,2025-12-18 19:00:00,29.92,Medium
31883407,20,28.35,2025-12-17 15:00:00,28.92,Medium
31888245,11,12.91,2025-12-18 17:00:00,27.25,Low
31922219,13,27.85,2025-12-18 16:00:00,29.33,Medium
31937102,25,58.52,2025-12-18 18:00:00,25.33,Medium
31942750,31,83.42,2025-12-18 13:00:00,30.0,High
31943268,13,20.54,2025-12-18 21:00:00,27.46,Medium
31943943,21,58.43,2025-12-18 21:00:00,30.29,Medium
31979461,16,40.19,2025-12-18 16:00:00,30.38,Medium
31986029,11,14.0,2025-12-18 20:00:00,28.38,Low
31993013,24,77.71,2025-12-18 17:00:00,29.75,High
31994149,4,8.25,2025-12-13 00:00:00,19.25,Low
31997910,16,47.56,2025-12-16 16:00:00,28.33,Medium
32006957,18,35.44,2025-12-18 21:00:00,30.46,Medium
32019585,20,36.15,2025-12-14 23:00:00,26.42,Medium
32033919,28,34.68,2025-12-18 14:00:00,30.12,Medium
32044541,30,21.2,2025-12-18 14:00:00,30.0,Medium
32054639,31,49.06,2025-12-18 07:00:00,29.79,Medium
32059002,17,92.94,2025-12-18 01:00:00,26.92,Medium
32099325,19,48.0,2025-12-17 11:00:00,27.96,Medium
32099605,3,28.67,2025-12-08 11:00:00,9.79,Low
32126202,16,31.94,2025-12-16 21:00:00,28.88,Medium
32145882,12,32.25,2025-12-17 17:00:00,20.25,Medium
32168566,27,46.37,2025-12-18 14:00:00,30.25,Medium
32181249,15,89.87,2025-12-07 19:00:00,19.12,Medium
32185277,10,162.8,2025-12-17 23:00:00,22.12,Medium
32191955,17,32.35,2025-12-18 18:00:00,21.5,Medium
32198657,31,117.74,2025-12-18 21:00:00,30.54,High
32203843,25,24.56,2025-12-18 19:00:00,30.38,Medium
32281684,28,52.61,2025-12-18 23:00:00,30.46,Medium
32291040,28,35.86,2025-12-18 21:00:00,30.38,Medium
32303347,28,82.75,2025-12-17 21:00:00,29.38,High
32303536,13,45.85,2025-12-16 08:00:00,27.67,Medium
32334610,18,71.17,2025-12-15 16:00:00,26.88,Medium
32349430,23,11.0,2025-12-15 21:00:00,27.17,Medium
32353000,8,10.88,2025-12-12 20:00:00,16.42,Low
32353187,28,60.18,2025-12-18 21:00:00,30.67,Medium
32377098,31,89.77,2025-12-18 23:00:00,30.96,High
32386327,1,2.0,2025-11-18 22:00:00,0.0,Low
32399786,18,63.06,2025-12-18 22:00:00,18.25,Medium
32417348,8,23.88,2025-12-16 22:00:00,13.08,Low
32432926,27,45.04,2025-12-18 16:00:00,30.62,Medium
32435644,24,16.88,2025-12-18 16:00:00,30.21,Medium
32438624,25,61.16,2025-12-18 15:00:00,29.96,Medium
32445953,26,42.77,2025-12-18 16:00:00,28.79,Medium
32473312,15,14.73,2025-12-18 21:00:00,30.0,Low
32474658,24,47.04,2025-12-18 23:00:00,28.08,Medium
32489057,3,6.33,2025-12-18 12:00:00,11.88,Low
32495375,19,86.89,2025-12-18 14:00:00,30.58,Medium
32506286,17,40.82,2025-12-18 16:00:00,28.92,Medium
32510862,10,19.7,2025-12-18 12:00:00,28.58,Low
32535404,18,17.17,2025-12-18 00:00:00,27.0,Medium
32541073,23,44.09,2025-12-18 22:00:00,30.46,Medium
32562103,27,121.11,2025-12-18 20:00:00,30.25,High
32562124,12,12.17,2025-12-18 21:00:00,30.21,Low
32572266,17,50.88,2025-12-18 08:00:00,29.46,Medium
32616448,19,28.84,2025-12-18 12:00:00,28.54,Medium
32621604,11,22.0,2025-12-17 16:00:00,29.21,Low
32623505,30,50.07,2025-12-18 17:00:00,30.21,Medium
32681100,30,41.57,2025-12-18 23:00:00,30.54,Medium
32684812,30,44.9,2025-12-17 18:00:00,29.46,Medium
32686647,18,37.0,2025-12-17 19:00:00,23.29,Medium
32695127,29,69.83,2025-12-18 21:00:00,29.0,High
32699108,27,43.26,2025-12-18 23:00:00,30.58,Medium
32701795,6,23.67,2025-12-14 13:00:00,25.17,Low
32728520,9,27.89,2025-12-18 21:00:00,29.88,Low
32738038,25,108.48,2025-12-17 11:00:00,29.17,High
32752153,9,44.89,2025-12-15 14:00:00,27.12,Medium
32755257,17,16.59,2025-12-13 12:00:00,25.12,Medium
32792857,17,27.59,2025-12-18 22:00:00,29.62,Medium
32800923,29,24.21,2025-12-18 15:00:00,29.88,Medium
32812781,11,15.91,2025-12-18 22:00:00,29.25,Low
32831611,28,39.04,2025-12-18 14:00:00,30.25,Medium
32837469,18,39.11,2025-12-18 16:00:00,29.71,Medium
32845489,17,43.18,2025-12-18 18:00:00,28.92,Medium
32851381,22,43.41,2025-12-18 20:00:00,28.92,Medium
32874098,24,73.25,2025-12-18 16:00:00,26.33,Medium
32881965,7,8.29,2025-12-04 20:00:00,15.25,Low
32903403,27,29.26,2025-12-17 19:00:00,29.54,Medium
32919395,22,30.73,2025-12-18 10:00:00,30.42,Medium
32922636,21,32.52,2025-12-18 22:00:00,30.33,Medium
32927277,27,42.15,2025-12-18 18:00:00,30.5,Medium
32992894,12,24.17,2025-12-17 02:00:00,25.5,Medium
33005419,11,18.73,2025-12-18 16:00:00,16.29,Low
33019836,30,70.93,2025-12-18 20:00:00,30.42,High
33039526,28,54.25,2025-12-18 12:00:00,30.12,Medium
33050706,28,36.71,2025-12-18 20:00:00,30.33,Medium
33054630,18,37.67,2025-12-18 22:00:00,30.08,Medium
33077425,25,131.32,2025-12-18 20:00:00,30.5,High
33113697,14,71.43,2025-12-18 00:00:00,28.42,Medium
33116829,27,120.67,2025-12-18 19:00:00,30.5,High
33162726,28,44.43,2025-12-18 12:00:00,29.58,Medium
33166824,31,40.58,2025-12-18 23:00:00,30.96,Medium
33173119,20,47.95,2025-12-18 23:00:00,27.58,Medium
33182580,16,14.69,2025-12-17 21:00:00,28.29,Low
33213066,28,46.57,2025-12-18 22:00:00,30.21,Medium
33217959,18,33.0,2025-12-15 15:00:00,25.25,Medium
33240232,13,64.31,2025-12-18 21:00:00,29.33,Medium
33245877,10,26.0,2025-12-18 20:00:00,29.54,Medium
33251710,22,19.95,2025-12-18 17:00:00,30.17,Medium
33258136,12,43.83,2025-12-13 08:00:00,24.08,Medium
33259936,18,45.56,2025-12-18 12:00:00,29.0,Medium
33298619,26,77.19,2025-12-17 22:00:00,29.92,High
33303512,31,145.0,2025-12-18 23:00:00,30.67,High
33315048,8,194.88,2025-12-18 19:00:00,30.0,Medium
33356728,27,87.04,2025-12-18 19:00:00,30.38,High
33359405,24,54.54,2025-12-18 16:00:00,29.04,Medium
33360839,6,6.67,2025-12-16 20:00:00,27.04,Low
33366026,17,11.59,2025-12-18 20:00:00,30.58,Low
33366958,19,25.32,2025-12-18 15:00:00,29.96,Medium
33371922,31,81.77,2025-12-18 21:00:00,30.46,High
33388747,13,14.69,2025-12-18 19:00:00,30.42,Low
33403236,31,30.16,2025-12-18 10:00:00,30.17,Medium
33424560,30,98.8,2025-12-18 19:00:00,30.04,High
33448326,31,107.26,2025-12-18 21:00:00,30.21,High
33463484,28,256.43,2025-12-18 11:00:00,29.83,High
33503479,21,35.71,2025-12-18 21:00:00,29.54,Medium
33513319,10,37.7,2025-12-06 08:00:00,15.0,Medium
33517755,31,27.0,2025-12-18 18:00:00,30.54,Medium
33535844,29,59.48,2025-12-18 19:00:00,30.54,Medium
33539471,23,29.35,2025-12-18 14:00:00,29.08,Medium
33544881,24,65.54,2025-12-18 23:00:00,30.96,Medium
33549970,22,20.86,2025-12-17 13:00:00,29.5,Medium
33563000,17,24.0,2025-12-18 13:00:00,27.88,Medium
33596774,23,131.17,2025-12-17 23:00:00,29.33,High
33614374,24,18.08,2025-12-18 22:00:00,30.46,Medium
33622339,25,17.0,2025-12-18 17:00:00,30.0,Medium
33649704,20,41.0,2025-12-18 18:00:00,30.0,Medium
33660702,20,43.6,2025-12-18 17:00:00,30.12,Medium
33674599,23,48.87,2025-12-18 19:00:00,30.79,Medium
33682194,23,105.26,2025-12-18 22:00:00,30.0,High
33685148,14,22.43,2025-12-18 23:00:00,29.92,Medium
33687452,18,15.5,2025-12-15 11:00:00,26.54,Medium
33700619,16,43.94,2025-12-17 17:00:00,29.46,Medium
33729290,17,9.71,2025-12-18 15:00:00,30.04,Low
33739321,30,50.83,2025-12-17 07:00:00,28.88,Medium
33739957,8,8.5,2025-12-18 14:00:00,29.42,Low
33744583,17,31.53,2025-12-17 22:00:00,28.96,Medium
33770972,27,64.44,2025-12-18 22:00:00,29.46,Medium
33797179,28,252.86,2025-12-18 23:00:00,30.88,High
33802383,31,61.48,2025-12-18 21:00:00,30.08,High
33808787,31,133.87,2025-12-18 22:00:00,30.29,High
33816024,14,44.64,2025-12-18 21:00:00,26.42,Medium
33824579,14,40.07,2025-12-18 13:00:00,24.0,Medium
33829137,21,50.33,2025-12-18 14:00:00,30.21,Medium
33838299,22,27.0,2025-12-18 08:00:00,28.88,Medium
33852986,26,29.04,2025-12-18 18:00:00,30.42,Medium
33859718,8,12.5,2025-12-10 14:00:00,22.29,Low
33894073,7,7.29,2025-12-11 08:00:00,15.38,Low
33896091,11,22.27,2025-12-17 14:00:00,28.96,Low
33909374,12,11.0,2025-12-17 22:00:00,26.08,Low
33934755,25,10.56,2025-12-18 12:00:00,30.08,Medium
33940605,4,34.0,2025-12-06 12:00:00,2.62,Low
33956087,17,82.29,2025-12-17 21:00:00,29.04,Medium
33956784,8,24.62,2025-12-18 21:00:00,24.08,Low
33984927,29,243.14,2025-12-18 22:00:00,30.21,High
33987590,31,28.58,2025-12-18 18:00:00,30.67,Medium
34014128,11,25.82,2025-12-18 22:00:00,29.33,Medium
34064404,5,25.6,2025-12-17 23:00:00,13.08,Low
34104714,25,44.84,2025-12-17 21:00:00,28.62,Medium
34105528,16,16.56,2025-12-18 07:00:00,29.08,Medium
34127078,8,23.5,2025-12-18 20:00:00,14.04,Low
34148166,23,37.04,2025-12-18 19:00:00,29.75,Medium
34163245,19,206.74,2025-12-18 23:00:00,19.33,High
34166947,19,64.84,2025-12-17 02:00:00,29.08,Medium
34187941,25,90.16,2025-12-18 15:00:00,25.71,High
34194469,25,33.24,2025-12-18 20:00:00,28.42,Medium
34195604,28,61.89,2025-12-18 18:00:00,29.96,Medium
34202353,17,23.65,2025-12-18 17:00:00,29.75,Medium
34215574,27,45.59,2025-12-17 22:00:00,29.33,Medium
34232226,19,48.16,2025-12-18 21:00:00,27.0,Medium
34251089,22,56.23,2025-12-18 23:00:00,30.46,Medium
34294025,12,7.92,2025-12-16 22:00:00,24.42,Low
34301104,22,15.18,2025-12-12 10:00:00,24.33,Medium
34305614,25,211.04,2025-12-18 21:00:00,30.79,High
34313030,11,25.91,2025-12-13 14:00:00,22.21,Medium
34318191,28,60.18,2025-12-18 13:00:00,30.08,Medium
34320306,20,33.8,2025-12-18 17:00:00,30.71,Medium
34346607,21,39.71,2025-12-16 22:00:00,28.5,Medium
34358449,27,47.15,2025-12-17 12:00:00,29.17,Medium
34391377,26,53.5,2025-12-18 00:00:00,27.38,Medium
34393089,26,39.38,2025-12-18 08:00:00,30.0,Medium
34399720,18,23.17,2025-12-16 23:00:00,24.12,Medium
34403746,26,49.04,2025-12-18 21:00:00,30.17,Medium
34404169,26,39.35,2025-12-18 21:00:00,30.04,Medium
34413445,29,76.38,2025-12-17 21:00:00,29.58,High
34424883,30,321.17,2025-12-18 23:00:00,30.96,High
34426955,16,17.69,2025-12-18 23:00:00,29.29,Medium
34442641,27,50.85,2025-12-18 10:00:00,29.83,Medium
34453652,31,129.39,2025-12-18 21:00:00,30.58,High
34475118,12,74.0,2025-12-18 23:00:00,29.08,Medium
34477360,23,14.17,2025-12-18 08:00:00,25.46,Medium
34495668,29,62.9,2025-12-18 13:00:00,30.04,Medium
34552652,18,73.89,2025-12-18 21:00:00,25.08,Medium
34553782,30,219.07,2025-12-17 19:00:00,29.5,High
34565215,16,34.06,2025-12-18 21:00:00,30.29,Medium
34566759,25,48.6,2025-12-18 23:00:00,30.54,Medium
34576265,14,30.93,2025-12-16 22:00:00,27.96,Medium
34578527,31,90.13,2025-12-18 21:00:00,30.58,High
34598350,13,8.54,2025-12-15 16:00:00,21.0,Low
34604818,16,15.81,2025-12-18 21:00:00,29.96,Medium
34605051,27,50.74,2025-12-18 12:00:00,30.12,Medium
34611680,28,41.14,2025-12-18 13:00:00,29.67,Medium
34648649,27,31.67,2025-12-18 23:00:00,30.67,Medium
34662425,16,47.5,2025-12-14 16:00:00,23.29,Medium
34665001,21,36.0,2025-12-18 03:00:00,30.0,Medium
34693663,28,25.21,2025-12-18 22:00:00,29.96,Medium
34702432,30,31.53,2025-12-18 19:00:00,30.5,Medium
34723367,30,78.0,2025-12-17 16:00:00,29.21,High
34731828,10,56.0,2025-12-14 17:00:00,16.92,Medium
34757104,19,19.21,2025-12-18 13:00:00,29.71,Medium
34761884,25,41.32,2025-12-18 20:00:00,30.0,Medium
34769733,19,8.79,2025-12-18 23:00:00,30.42,Low
34771223,16,30.88,2025-12-18 20:00:00,30.29,Medium
34795094,21,47.43,2025-12-18 02:00:00,29.62,Medium
34798610,11,16.64,2025-12-13 11:00:00,24.83,Low
34798858,25,70.68,2025-12-18 23:00:00,30.71,Medium
34806909,8,20.5,2025-12-18 23:00:00,29.21,Low
34830417,18,57.56,2025-12-15 14:00:00,26.08,Medium
34859812,11,12.91,2025-12-18 23:00:00,21.21,Low
34891822,17,41.24,2025-12-18 11:00:00,29.79,Medium
34933963,18,44.61,2025-12-18 18:00:00,30.75,Medium
34948661,21,14.81,2025-12-17 22:00:00,28.54,Medium
34978960,14,28.36,2025-12-18 17:00:00,30.12,Medium
34994624,19,20.58,2025-12-18 14:00:00,30.17,Medium
34997471,24,18.96,2025-12-18 18:00:00,29.42,Medium
35014928,28,74.29,2025-12-18 23:00:00,30.92,High
35019298,18,23.33,2025-12-18 20:00:00,30.08,Medium
35048740,17,15.88,2025-12-13 13:00:00,25.12,Medium
35050906,8,16.5,2025-12-18 10:00:00,29.67,Low
35071707,16,18.38,2025-12-17 23:00:00,27.5,Medium
35074988,18,25.5,2025-12-17 22:00:00,28.96,Medium
35087975,7,20.29,2025-12-16 16:00:00,17.83,Low
35095494,27,93.04,2025-12-17 15:00:00,29.38,High
35096341,26,30.35,2025-12-18 21:00:00,30.62,Medium
35112986,20,16.55,2025-12-18 20:00:00,30.0,Medium
35126807,20,27.35,2025-12-15 23:00:00,27.0,Medium
35148772,30,80.53,2025-12-18 21:00:00,30.46,High
35168420,2,1.0,2025-12-10 16:00:00,17.75,Low
35193012,20,26.35,2025-12-18 19:00:00,29.96,Medium
35202757,29,43.69,2025-12-18 19:00:00,30.46,Medium
35205411,21,46.29,2025-12-18 23:00:00,28.96,Medium
35217215,14,21.21,2025-12-17 20:00:00,23.17,Medium
35254146,22,31.18,2025-12-18 18:00:00,30.38,Medium
35264701,19,28.79,2025-12-18 19:00:00,28.38,Medium
35272739,29,163.45,2025-12-18 19:00:00,30.33,High
35277878,8,14.0,2025-12-15 00:00:00,26.54,Low
35306096,31,114.06,2025-12-18 16:00:00,30.38,High
35324602,18,89.56,2025-12-16 22:00:00,28.5,Medium
35338207,28,38.04,2025-12-18 17:00:00,29.17,Medium
35342036,29,52.9,2025-12-18 15:00:00,29.79,Medium
35354529,20,16.85,2025-12-18 17:00:00,30.38,Medium
35389479,29,88.48,2025-12-18 20:00:00,30.42,High
35399865,9,10.44,2025-12-18 22:00:00,18.62,Low
35427753,20,9.55,2025-12-18 23:00:00,28.96,Low
35428862,27,48.67,2025-12-18 16:00:00,29.75,Medium
35465102,29,39.31,2025-12-18 21:00:00,30.54,Medium
35465890,21,21.71,2025-12-17 19:00:00,29.12,Medium
35473939,8,12.12,2025-12-17 17:00:00,12.29,Low
35474544,28,22.86,2025-12-18 21:00:00,30.33,Medium
35525691,25,7.28,2025-12-18 23:00:00,30.67,Low
35527078,9,14.56,2025-12-16 21:00:00,25.5,Low
35534976,22,22.5,2025-12-17 16:00:00,28.92,Medium
35603682,9,33.89,2025-12-18 13:00:00,24.54,Medium
35604043,23,23.7,2025-12-18 23:00:00,30.38,Medium
35604404,11,8.91,2025-12-18 23:00:00,25.21,Low
35604872,20,14.95,2025-12-18 21:00:00,30.08,Medium
35619826,25,27.0,2025-12-18 21:00:00,27.75,Medium
35636139,10,13.9,2025-12-14 20:00:00,25.04,Low
35639435,14,27.14,2025-12-02 16:00:00,13.83,Medium
35644209,19,23.16,2025-12-15 22:00:00,27.17,Medium
35653683,31,91.81,2025-12-18 23:00:00,30.33,High
35657002,23,17.65,2025-12-15 13:00:00,27.08,Medium
35669832,23,55.17,2025-12-17 14:00:00,29.04,Medium
35699755,29,72.45,2025-12-18 17:00:00,30.17,High
35709243,30,153.33,2025-12-18 22:00:00,30.42,High
35721757,30,58.27,2025-12-18 22:00:00,30.62,Medium
35722058,15,24.2,2025-12-18 11:00:00,29.96,Medium
35739934,29,50.79,2025-12-18 23:00:00,30.96,Medium
35745255,27,133.15,2025-12-18 12:00:00,30.21,High
35758348,30,155.47,2025-12-18 21:00:00,30.08,High
35758737,29,72.21,2025-12-18 20:00:00,29.83,High
35773124,14,17.43,2025-12-17 15:00:00,28.67,Low
35799041,29,63.62,2025-12-18 22:00:00,30.62,Medium
35806116,24,64.12,2025-12-18 19:00:00,30.46,Medium
35817682,22,95.91,2025-12-15 09:00:00,26.75,High
35829490,26,28.69,2025-12-18 23:00:00,30.58,Medium
35849648,26,82.12,2025-12-18 23:00:00,30.04,High
35853904,21,37.38,2025-12-18 19:00:00,28.25,Medium
35860790,24,65.08,2025-12-18 20:00:00,30.29,Medium
35896466,10,14.8,2025-12-14 14:00:00,24.96,Low
35898338,5,12.2,2025-12-15 20:00:00,26.0,Low
35919625,20,24.95,2025-12-18 09:00:00,29.67,Medium
35921923,23,42.35,2025-12-18 18:00:00,30.08,Medium
35927774,4,2.25,2025-12-10 00:00:00,19.0,Low
35935190,1,3.0,2025-12-11 23:00:00,0.0,Low
35941637,29,34.21,2025-12-18 19:00:00,30.25,Medium
35948167,30,79.63,2025-12-18 19:00:00,30.33,High
35967319,11,17.36,2025-12-18 18:00:00,23.96,Low
35967863,29,80.83,2025-12-18 23:00:00,30.71,High
35974755,25,22.96,2025-12-18 14:00:00,30.54,Medium
35997460,24,19.21,2025-12-17 22:00:00,29.75,Medium
36005648,2,20.5,2025-12-14 23:00:00,1.25,Low
36090137,30,71.7,2025-12-18 13:00:00,30.54,High
36103708,14,14.64,2025-12-18 14:00:00,29.67,Low
36110156,17,22.65,2025-12-18 17:00:00,30.42,Medium
36120931,2,15.5,2025-12-16 21:00:00,10.21,Low
36142170,18,45.0,2025-12-18 21:00:00,28.54,Medium
36164872,13,31.54,2025-12-18 19:00:00,30.04,Medium
36166284,27,64.19,2025-12-18 16:00:00,30.12,Medium
36172877,17,38.0,2025-12-16 13:00:00,25.75,Medium
36233277,31,1000.97,2025-12-18 23:00:00,30.67,High
36246846,15,29.8,2025-12-17 23:00:00,28.58,Medium
36247519,31,60.68,2025-12-18 22:00:00,30.42,High
36247777,20,13.25,2025-12-18 16:00:00,29.17,Medium
36250912,17,22.06,2025-12-15 12:00:00,26.71,Medium
36306202,21,52.9,2025-12-18 19:00:00,24.5,Medium
36308952,8,12.75,2025-12-17 21:00:00,16.04,Low
36313887,5,12.2,2025-12-08 23:00:00,12.58,Low
36317221,14,40.07,2025-12-17 18:00:00,29.04,Medium
36320937,4,7.0,2025-12-05 14:00:00,16.79,Low
36339188,30,107.6,2025-12-18 22:00:00,30.92,High
36360174,30,42.13,2025-12-18 20:00:00,30.42,Medium
36370250,12,21.83,2025-12-16 05:00:00,22.38,Medium
36394520,3,4.33,2025-12-15 12:00:00,12.92,Low
36404374,23,56.7,2025-12-18 15:00:00,29.12,Medium
36417444,28,28.11,2025-12-18 09:00:00,28.62,Medium
36430492,12,22.83,2025-12-09 13:00:00,18.0,Medium
36445695,15,11.33,2025-12-18 13:00:00,30.08,Low
36450170,25,44.16,2025-12-18 22:00:00,30.29,Medium
36457777,16,52.81,2025-12-16 23:00:00,28.5,Medium
36471333,27,39.33,2025-12-17 21:00:00,29.0,Medium
36481168,2,36.5,2025-12-15 23:00:00,17.12,Low
36497409,29,206.21,2025-12-18 15:00:00,30.25,High
36508157,30,88.87,2025-12-18 18:00:00,30.21,High
36513563,24,116.79,2025-12-18 16:00:00,30.33,High
36517589,16,118.12,2025-12-18 15:00:00,25.96,High
36519979,16,23.81,2025-12-16 21:00:00,25.54,Medium
36525698,31,160.94,2025-12-18 20:00:00,30.46,High
36542583,31,34.65,2025-12-18 21:00:00,30.62,Medium
36560243,22,31.14,2025-12-18 20:00:00,30.42,Medium
36561036,29,182.93,2025-12-18 15:00:00,30.08,High
36564172,22,51.64,2025-12-18 19:00:00,30.75,Medium
36574688,28,206.18,2025-12-18 15:00:00,30.21,High
36582945,24,70.62,2025-12-18 15:00:00,29.0,Medium
36593288,30,201.8,2025-12-18 23:00:00,30.96,High
36638003,7,23.86,2025-12-18 22:00:00,15.92,Low
36648599,18,5.39,2025-12-17 14:00:00,29.0,Low
36673681,27,34.96,2025-12-18 22:00:00,30.54,Medium
36703106,27,54.56,2025-12-18 23:00:00,30.62,Medium
36713639,9,17.11,2025-12-16 19:00:00,17.96,Low
36724667,31,42.84,2025-12-18 22:00:00,30.21,Medium
36738292,24,70.92,2025-12-18 18:00:00,30.21,Medium
36751669,30,49.3,2025-12-18 16:00:00,29.88,Medium
36757197,20,21.15,2025-12-17 21:00:00,29.12,Medium
36760677,10,19.1,2025-12-17 23:00:00,27.08,Low
36764652,31,118.84,2025-12-18 22:00:00,30.88,High
36778947,12,6.75,2025-12-11 22:00:00,22.96,Low
36808723,24,71.12,2025-12-18 17:00:00,30.12,Medium
36863326,17,31.71,2025-12-18 11:00:00,29.62,Medium
36885666,13,9.31,2025-12-18 21:00:00,30.5,Low
36886776,30,85.3,2025-12-18 21:00:00,30.58,High
36904941,21,21.76,2025-12-17 10:00:00,27.71,Medium
36912686,7,32.14,2025-12-17 18:00:00,14.17,Low
36918674,31,95.0,2025-12-18 23:00:00,30.25,High
36932158,23,61.96,2025-12-18 21:00:00,30.62,Medium
36936257,18,37.28,2025-12-18 16:00:00,30.38,Medium
36953591,31,107.06,2025-12-18 23:00:00,30.62,High
36964346,22,63.77,2025-12-18 21:00:00,30.04,Medium
37004434,11,38.09,2025-12-18 06:00:00,30.21,Medium
37008188,18,37.11,2025-12-17 00:00:00,28.33,Medium
37017723,18,21.39,2025-12-18 16:00:00,30.25,Medium
37019520,1,35.0,2025-12-18 23:00:00,0.04,Low
37054928,20,23.05,2025-12-18 13:00:00,30.21,Medium
37064529,29,96.62,2025-12-18 21:00:00,29.92,High
37073011,12,23.42,2025-12-18 14:00:00,20.67,Medium
37120790,21,38.14,2025-12-17 20:00:00,29.54,Medium
37167350,18,40.56,2025-12-18 12:00:00,29.67,Medium
37184570,12,23.17,2025-12-17 18:00:00,29.42,Medium
37206341,24,62.25,2025-12-17 18:00:00,29.38,Medium
37208119,30,89.23,2025-12-18 17:00:00,29.96,High
37209969,9,155.0,2025-12-18 23:00:00,26.54,Medium
37218187,30,81.87,2025-12-18 13:00:00,30.0,High
37234220,6,6.83,2025-12-18 10:00:00,14.83,Low
37238566,15,51.27,2025-12-17 12:00:00,29.0,Medium
37271419,27,39.78,2025-12-18 15:00:00,30.29,Medium
37275754,28,53.14,2025-12-18 21:00:00,30.29,Medium
37305183,22,74.59,2025-12-18 18:00:00,30.67,Medium
37309352,27,84.96,2025-12-18 23:00:00,30.25,High
37335665,17,7.47,2025-12-17 16:00:00,23.12,Low
37338448,31,58.68,2025-12-18 12:00:00,29.75,Medium
37357777,30,296.73,2025-12-18 15:00:00,30.62,High
37402030,26,73.31,2025-12-18 00:00:00,29.58,High
37405144,18,61.0,2025-12-18 22:00:00,30.92,Medium
37409400,20,118.85,2025-12-18 19:00:00,28.0,High
37422648,1,4.0,2025-12-14 18:00:00,0.0,Low
37426111,31,133.19,2025-12-18 11:00:00,30.17,High
37447725,30,69.3,2025-12-18 23:00:00,30.08,High
37456519,19,58.95,2025-12-16 00:00:00,27.62,Medium
37474821,1,19.0,2025-12-17 19:00:00,0.04,Low
37485293,24,30.42,2025-12-17 15:00:00,29.0,Medium
37545822,24,38.79,2025-12-16 23:00:00,28.67,Medium
37552619,21,14.33,2025-12-18 16:00:00,29.92,Medium
37554907,31,165.26,2025-12-18 18:00:00,30.54,High
37557912,22,17.91,2025-12-18 18:00:00,30.08,Medium
37563035,14,23.86,2025-12-18 16:00:00,30.29,Medium
37573814,22,54.0,2025-12-18 22:00:00,30.0,Medium
37600724,17,18.88,2025-12-17 21:00:00,29.25,Medium
37601526,23,108.04,2025-12-18 10:00:00,29.79,High
37627350,30,46.23,2025-12-18 20:00:00,30.08,Medium
37638767,20,17.25,2025-12-18 06:00:00,29.96,Medium
37648682,26,249.35,2025-12-17 14:00:00,29.17,High
37652869,26,93.08,2025-12-18 22:00:00,30.54,High
37671999,31,343.77,2025-12-18 16:00:00,30.38,High
37690066,15,18.33,2025-12-18 07:00:00,29.0,Medium
37693647,5,6.0,2025-12-13 07:00:00,20.38,Low
37701876,31,85.26,2025-12-18 23:00:00,30.71,High
37708452,26,26.0,2025-12-16 21:00:00,28.5,Medium
37709773,25,10.88,2025-12-18 14:00:00,30.04,Medium
37711820,30,64.27,2025-12-18 17:00:00,30.29,High
37737164,14,24.07,2025-12-18 20:00:00,30.08,Medium
37756852,21,14.52,2025-12-17 23:00:00,29.42,Medium
37766845,29,25.69,2025-12-18 19:00:00,30.33,Medium
37779911,7,12.43,2025-12-16 15:00:00,21.58,Low
37780288,31,150.03,2025-12-18 20:00:00,30.42,High
37817890,1,13.0,2025-12-16 12:00:00,0.0,Low
37820897,8,21.75,2025-12-17 14:00:00,28.75,Low
37844114,30,79.8,2025-12-18 22:00:00,30.58,High
37880189,29,63.97,2025-12-18 19:00:00,30.5,Medium
37923588,29,40.24,2025-12-18 16:00:00,30.67,Medium
37950224,30,60.17,2025-12-17 18:00:00,29.46,Medium
37951207,3,4.0,2025-11-24 22:00:00,4.96,Low
37959671,12,63.0,2025-12-17 14:00:00,26.79,Medium
37970818,30,31.6,2025-12-18 14:00:00,30.5,Medium
37981108,9,242.56,2025-12-18 15:00:00,8.21,High
37993178,11,9.64,2025-12-18 12:00:00,29.67,Low
37995555,27,73.78,2025-12-18 23:00:00,30.96,High
38010001,28,31.89,2025-12-18 20:00:00,28.92,Medium
38011304,22,21.73,2025-12-17 20:00:00,28.04,Medium
38016396,10,24.9,2025-12-18 20:00:00,30.17,Low
38019351,14,16.5,2025-12-18 22:00:00,23.25,Low
38048555,24,39.04,2025-12-18 09:00:00,29.83,Medium
38067964,6,26.83,2025-12-18 17:00:00,7.12,Low
38103038,17,21.12,2025-12-16 16:00:00,27.92,Medium
38138471,22,39.45,2025-12-18 18:00:00,30.33,Medium
38141991,17,143.24,2025-12-18 22:00:00,27.5,High
38173093,13,11.92,2025-12-17 19:00:00,28.92,Low
38181340,31,125.29,2025-12-18 20:00:00,30.83,High
38190551,10,28.2,2025-12-18 19:00:00,28.38,Medium
38219792,21,30.76,2025-12-18 17:00:00,30.29,Medium
38222533,24,46.58,2025-12-18 22:00:00,30.62,Medium
38223900,16,14.44,2025-12-18 22:00:00,28.0,Low
38227021,23,36.57,2025-12-17 18:00:00,29.33,Medium
38269947,13,41.92,2025-12-16 08:00:00,28.04,Medium
38294231,28,39.96,2025-12-17 21:00:00,28.96,Medium
38306238,18,7.22,2025-12-18 21:00:00,26.0,Low
38357931,26,71.27,2025-12-18 07:00:00,29.38,Medium
38373526,28,51.43,2025-12-18 22:00:00,30.42,Medium
38387226,29,99.72,2025-12-18 20:00:00,30.79,High
38478428,22,78.41,2025-12-18 20:00:00,30.5,Medium
38479843,24,24.75,2025-12-18 12:00:00,30.04,Medium
38481691,16,35.94,2025-12-15 15:00:00,26.0,Medium
38487066,2,111.5,2025-11-30 22:00:00,7.38,Low
38526756,22,25.77,2025-12-18 19:00:00,30.21,Medium
38538148,5,10.6,2025-12-15 19:00:00,26.92,Low
38546869,20,27.75,2025-12-17 19:00:00,28.0,Medium
38556307,14,35.43,2025-12-18 17:00:00,21.5,Medium
38580934,29,66.38,2025-12-18 14:00:00,30.08,High
38588481,31,167.13,2025-12-18 23:00:00,30.42,High
38597498,16,9.88,2025-12-15 23:00:00,27.33,Low
38638142,31,90.0,2025-12-18 20:00:00,29.96,High
38642555,16,41.19,2025-12-18 22:00:00,26.12,Medium
38659327,23,16.87,2025-12-14 19:00:00,24.92,Medium
38673719,25,16.56,2025-12-18 21:00:00,30.5,Medium
38699008,24,90.79,2025-12-18 23:00:00,26.38,High
38711762,29,23.62,2025-12-18 20:00:00,30.5,Medium
38727575,21,20.14,2025-12-17 16:00:00,27.92,Medium
38767724,7,9.86,2025-12-15 18:00:00,9.17,Low
38782215,31,89.42,2025-12-18 21:00:00,30.62,High
38839327,31,387.58,2025-12-18 17:00:00,30.5,High
38846318,1,8.0,2025-12-14 14:00:00,0.0,Low
38855741,28,77.61,2025-12-18 23:00:00,30.96,High
38869693,25,29.88,2025-12-18 21:00:00,27.08,Medium
38885211,21,20.05,2025-12-18 06:00:00,30.21,Medium
38897535,22,41.36,2025-12-18 15:00:00,29.29,Medium
38913959,25,40.72,2025-12-18 20:00:00,30.54,Medium
38915660,27,63.15,2025-12-18 23:00:00,30.12,Medium
38935686,24,66.29,2025-12-18 18:00:00,26.25,Medium
38949342,17,17.71,2025-12-18 22:00:00,30.62,Medium
38965559,9,12.89,2025-12-10 06:00:00,21.42,Low
38968501,30,89.97,2025-12-18 19:00:00,30.79,High
38968550,18,21.0,2025-12-18 22:00:00,30.54,Medium
38997101,12,36.33,2025-12-16 13:00:00,18.88,Medium
39017588,25,17.28,2025-12-18 23:00:00,30.17,Medium
39039752,30,69.9,2025-12-18 20:00:00,30.54,High
39066078,29,74.59,2025-12-17 22:00:00,29.62,High
39079609,17,18.94,2025-12-15 12:00:00,27.12,Medium
39090755,28,70.5,2025-12-18 14:00:00,30.21,High
39095072,4,4.75,2025-12-17 12:00:00,9.83,Low
39096760,9,18.22,2025-12-12 21:00:00,19.58,Low
39108941,25,101.04,2025-12-18 23:00:00,30.96,High
39112469,23,23.04,2025-12-18 20:00:00,30.46,Medium
39128743,13,34.77,2025-12-18 18:00:00,11.88,Medium
39141608,16,17.94,2025-12-17 16:00:00,27.79,Medium
39159742,18,28.56,2025-12-17 21:00:00,29.38,Medium
39201973,30,124.23,2025-12-18 21:00:00,30.62,High
39222343,29,55.62,2025-12-18 23:00:00,30.71,Medium
39248540,14,53.93,2025-12-18 23:00:00,23.42,Medium
39280271,17,32.06,2025-12-18 15:00:00,29.25,Medium
39283381,29,61.45,2025-12-18 22:00:00,30.58,Medium
39301597,27,37.3,2025-12-18 08:00:00,30.0,Medium
39321004,14,17.71,2025-12-17 21:00:00,28.5,Low
39324037,26,50.77,2025-12-18 23:00:00,30.42,Medium
39331817,16,21.75,2025-12-17 16:00:00,28.17,Medium
39367110,28,82.46,2025-12-18 19:00:00,30.38,High
39368828,27,23.93,2025-12-17 19:00:00,29.79,Medium
39379065,29,53.28,2025-12-18 13:00:00,30.17,Medium
39395202,28,53.43,2025-12-18 20:00:00,30.38,Medium
39413973,25,100.44,2025-12-18 21:00:00,29.96,High
39416908,27,25.96,2025-12-18 20:00:00,29.96,Medium
39420666,30,97.5,2025-12-18 00:00:00,29.79,High
39421120,11,144.27,2025-12-15 21:00:00,16.96,Medium
39427521,20,89.4,2025-12-17 21:00:00,29.21,Medium
39430343,25,45.64,2025-12-18 20:00:00,30.83,Medium
39431130,29,65.69,2025-12-16 16:00:00,28.33,High
39441936,5,14.2,2025-12-15 20:00:00,17.42,Low
39445216,29,47.83,2025-12-17 16:00:00,28.79,Medium
39454183,30,92.63,2025-12-18 23:00:00,30.83,High
39470978,23,25.22,2025-12-18 20:00:00,30.0,Medium
39497489,18,47.06,2025-12-18 23:00:00,30.62,Medium
39526193,31,234.9,2025-12-18 19:00:00,30.79,High
39531225,4,11.25,2025-12-13 03:00:00,23.58,Low
39544337,18,61.28,2025-12-17 19:00:00,29.79,Medium
39576434,20,41.55,2025-12-18 22:00:00,30.67,Medium
39602501,24,32.42,2025-12-18 15:00:00,30.12,Medium
39609119,16,65.19,2025-12-18 17:00:00,25.21,Medium
39619583,25,39.28,2025-12-18 17:00:00,29.29,Medium
39630527,24,32.33,2025-12-18 18:00:00,30.38,Medium
39631533,14,18.79,2025-12-15 18:00:00,27.46,Medium
39660335,28,20.75,2025-12-18 19:00:00,30.33,Medium
39675115,28,30.21,2025-12-18 16:00:00,30.21,Medium
39690010,19,30.68,2025-12-18 17:00:00,30.08,Medium
39741393,22,20.55,2025-12-18 21:00:00,29.96,Medium
39744838,10,15.7,2025-12-18 21:00:00,24.33,Low
39751143,21,55.0,2025-12-18 23:00:00,28.46,Medium
39763083,28,33.89,2025-12-18 11:00:00,26.62,Medium
39775594,4,22.75,2025-12-18 12:00:00,9.62,Low
39780652,26,71.62,2025-12-18 22:00:00,30.58,High
39789041,18,13.28,2025-12-18 14:00:00,30.0,Low
39789593,29,35.93,2025-12-18 15:00:00,30.29,Medium
39825915,15,62.93,2025-12-18 23:00:00,28.62,Medium
39831836,20,30.1,2025-12-18 22:00:00,30.92,Medium
39841304,20,75.4,2025-12-17 22:00:00,28.08,Medium
39848859,24,36.5,2025-12-18 22:00:00,30.08,Medium
39849534,11,112.18,2025-12-18 20:00:00,11.04,Medium
39861556,26,24.62,2025-12-17 13:00:00,29.04,Medium
39875541,10,39.4,2025-12-18 08:00:00,21.96,Medium
39876312,23,25.52,2025-12-18 17:00:00,28.88,Medium
39880792,25,54.56,2025-12-18 22:00:00,30.54,Medium
39883816,1,85.0,2025-11-20 18:00:00,0.17,Low
39903978,24,27.12,2025-12-17 22:00:00,28.42,Medium
39912392,7,3.43,2025-12-17 12:00:00,11.83,Low
39912401,30,112.53,2025-12-18 23:00:00,30.71,High
39927445,10,16.3,2025-12-16 23:00:00,22.0,Low
39932070,26,43.04,2025-12-18 18:00:00,30.42,Medium
39933731,11,16.73,2025-12-16 18:00:00,21.88,Low
39939822,16,36.12,2025-12-18 15:00:00,30.08,Medium
39951811,31,37.1,2025-12-18 22:00:00,30.58,Medium
39980640,16,12.12,2025-12-18 01:00:00,30.04,Low
39980859,29,27.0,2025-12-18 15:00:00,30.62,Medium
40014282,2,12.5,2025-11-20 20:00:00,1.38,Low
40026875,24,24.5,2025-12-14 12:00:00,26.25,Medium
40070893,14,40.0,2025-12-18 14:00:00,28.92,Medium
40081301,14,28.0,2025-12-18 20:00:00,30.08,Medium
40109600,4,25.25,2025-12-04 23:00:00,8.92,Low
40117023,20,37.85,2025-12-17 09:00:00,29.08,Medium
40122764,29,28.28,2025-12-18 14:00:00,29.83,Medium
40137551,29,70.48,2025-12-18 19:00:00,30.25,High
40163921,4,43.25,2025-12-14 20:00:00,3.88,Low
40164889,26,32.69,2025-12-17 14:00:00,29.17,Medium
40167124,30,43.6,2025-12-18 09:00:00,29.62,Medium
40174741,26,23.19,2025-12-17 14:00:00,29.08,Medium
40211203,23,172.17,2025-12-18 18:00:00,22.08,High
40226923,27,79.74,2025-12-18 22:00:00,30.92,High
40230576,14,18.0,2025-12-16 09:00:00,25.46,Low
40246206,19,18.84,2025-12-17 19:00:00,28.92,Medium
40259154,16,8.69,2025-12-18 16:00:00,29.83,Low
40282906,24,29.54,2025-12-18 20:00:00,29.04,Medium
40304574,8,24.0,2025-12-08 02:00:00,17.21,Low
40310645,22,29.05,2025-12-17 19:00:00,29.75,Medium
40348089,28,11.29,2025-12-17 23:00:00,29.5,Medium
40358819,9,12.22,2025-12-18 21:00:00,26.0,Low
40364499,30,114.4,2025-12-18 21:00:00,30.38,High
40364641,31,88.45,2025-12-18 22:00:00,30.62,High
40423397,23,27.04,2025-12-18 20:00:00,30.12,Medium
40431183,31,50.71,2025-12-18 23:00:00,30.62,Medium
40438806,11,146.82,2025-12-16 21:00:00,28.42,Medium
40456641,25,52.24,2025-12-18 12:00:00,30.08,Medium
40459733,29,86.52,2025-12-18 20:00:00,30.83,High
40492706,23,19.7,2025-12-18 21:00:00,30.04,Medium
40543017,9,20.44,2025-12-12 11:00:00,22.21,Low
40551843,3,1.67,2025-12-18 14:00:00,25.08,Low
40555711,11,5.64,2025-12-14 18:00:00,25.0,Low
40557275,26,36.65,2025-12-16 16:00:00,28.67,Medium
40586226,27,55.41,2025-12-16 21:00:00,28.54,Medium
40605509,17,28.88,2025-12-18 20:00:00,30.29,Medium
40607709,26,52.77,2025-12-16 19:00:00,28.21,Medium
40694580,10,5.2,2025-12-16 19:00:00,24.12,Low
40711894,21,64.05,2025-12-18 12:00:00,30.08,Medium
40719208,31,42.1,2025-12-18 10:00:00,30.38,Medium
40727661,22,24.73,2025-12-18 10:00:00,30.04,Medium
40729803,13,22.54,2025-12-14 12:00:00,20.92,Medium
40729947,29,115.34,2025-12-18 23:00:00,30.58,High
40734813,28,30.82,2025-12-18 10:00:00,30.0,Medium
40759239,13,42.38,2025-12-16 10:00:00,27.75,Medium
40781736,29,62.9,2025-12-18 23:00:00,29.96,Medium
40786964,19,16.84,2025-12-15 20:00:00,27.29,Medium
40788357,15,13.47,2025-12-18 13:00:00,27.75,Low
40798219,28,21.07,2025-12-18 21:00:00,30.33,Medium
40814715,30,34.53,2025-12-18 20:00:00,30.46,Medium
40815020,22,38.73,2025-12-16 09:00:00,27.83,Medium
40822060,23,19.83,2025-12-16 11:00:00,26.75,Medium
40826918,26,54.69,2025-12-17 11:00:00,25.92,Medium
40831109,20,55.85,2025-12-16 23:00:00,28.08,Medium
40833290,30,38.77,2025-12-18 22:00:00,30.54,Medium
40873042,20,32.15,2025-12-16 18:00:00,28.33,Medium
40884180,9,52.56,2025-12-18 23:00:00,29.38,Medium
40893979,1,4.0,2025-12-18 17:00:00,0.0,Low
40917063,27,37.85,2025-12-18 10:00:00,30.08,Medium
40917728,16,58.69,2025-12-17 23:00:00,29.04,Medium
40973276,29,147.72,2025-12-17 18:00:00,28.92,High
40974590,22,21.09,2025-12-18 17:00:00,26.96,Medium
40978309,21,66.1,2025-12-18 09:00:00,28.04,Medium
40979555,26,63.62,2025-12-18 19:00:00,30.25,Medium
41017872,27,155.89,2025-12-18 07:00:00,30.0,High
41021470,18,30.5,2025-12-17 17:00:00,28.29,Medium
41034768,23,37.26,2025-12-18 17:00:00,30.67,Medium
41037826,31,34.48,2025-12-18 21:00:00,30.46,Medium
41079190,20,17.75,2025-12-15 00:00:00,25.21,Medium
41081290,21,38.86,2025-12-13 00:00:00,24.71,Medium
41103398,22,79.05,2025-12-18 22:00:00,30.25,Medium
41107544,17,46.12,2025-12-18 00:00:00,26.79,Medium
41120025,17,12.18,2025-12-18 11:00:00,26.96,Low
41138904,29,38.14,2025-12-18 21:00:00,30.62,Medium
41158917,27,33.07,2025-12-18 20:00:00,30.5,Medium
41182866,19,41.58,2025-12-18 22:00:00,29.38,Medium
41200428,8,24.0,2025-12-15 13:00:00,14.08,Low
41211181,30,44.3,2025-12-18 19:00:00,30.38,Medium
41219954,1,3.0,2025-11-29 17:00:00,0.0,Low
41228489,15,40.93,2025-12-18 21:00:00,30.38,Medium
41233588,23,40.61,2025-12-18 23:00:00,30.29,Medium
41261027,20,24.55,2025-12-13 22:00:00,25.54,Medium
41265943,18,19.22,2025-12-18 20:00:00,30.29,Medium
41267769,29,58.52,2025-12-18 19:00:00,30.5,Medium
41268198,28,119.64,2025-12-17 13:00:00,27.54,High
41279667,26,53.96,2025-12-18 19:00:00,30.5,Medium
41286340,27,94.26,2025-12-18 18:00:00,30.33,High
41291540,17,18.24,2025-12-16 23:00:00,25.17,Medium
41309171,5,20.8,2025-12-18 19:00:00,28.88,Low
41320562,20,81.55,2025-12-08 11:00:00,20.04,Medium
41324527,29,66.72,2025-12-18 18:00:00,30.42,High
41333358,30,14.9,2025-12-18 16:00:00,29.88,Medium
41349842,21,9.38,2025-12-18 14:00:00,29.21,Low
41388946,28,70.64,2025-12-18 17:00:00,29.83,High
41440011,24,43.92,2025-12-15 19:00:00,27.79,Medium
41442365,26,19.85,2025-12-18 23:00:00,26.58,Medium
41449959,26,23.62,2025-12-18 23:00:00,29.54,Medium
41465121,7,17.86,2025-12-12 12:00:00,8.17,Low
41487930,21,29.57,2025-12-18 22:00:00,30.46,Medium
41509515,13,27.31,2025-12-16 20:00:00,22.79,Medium
41539251,15,25.53,2025-12-18 09:00:00,28.71,Medium
41547180,24,33.92,2025-12-18 22:00:00,30.46,Medium
41564229,26,28.42,2025-12-17 20:00:00,27.96,Medium
41566029,23,31.39,2025-12-15 23:00:00,27.17,Medium
41575513,24,36.88,2025-12-18 20:00:00,30.0,Medium
41584192,29,104.97,2025-12-18 22:00:00,30.25,High
41599542,11,24.82,2025-12-14 17:00:00,25.21,Medium
41650796,23,27.83,2025-12-18 20:00:00,30.29,Medium
41671149,24,38.67,2025-12-17 16:00:00,27.33,Medium
41705089,16,37.06,2025-12-18 13:00:00,24.21,Medium
41718632,18,46.44,2025-12-18 15:00:00,28.75,Medium
41731853,2,4.0,2025-12-11 17:00:00,22.5,Low
41745316,24,72.29,2025-12-18 21:00:00,30.58,Medium
41745786,31,50.68,2025-12-18 16:00:00,29.88,Medium
41753507,26,16.27,2025-12-18 10:00:00,28.5,Medium
41774315,19,29.74,2025-12-17 07:00:00,29.04,Medium
41786809,21,20.48,2025-12-18 22:00:00,26.5,Medium
41789801,15,28.33,2025-12-18 20:00:00,20.96,Medium
41798966,30,111.13,2025-12-18 20:00:00,30.83,High
41818010,18,21.17,2025-12-18 18:00:00,23.96,Medium
41825235,13,10.54,2025-12-17 11:00:00,29.04,Low
41831177,22,83.5,2025-12-18 06:00:00,29.96,Medium
41865396,24,60.58,2025-12-18 20:00:00,29.0,Medium
41868482,12,28.25,2025-12-17 19:00:00,23.08,Medium
41872955,29,33.17,2025-12-18 22:00:00,30.54,Medium
41890917,21,35.33,2025-12-18 16:00:00,30.25,Medium
41897121,6,2.5,2025-12-16 08:00:00,19.88,Low
41907729,27,46.74,2025-12-18 23:00:00,30.46,Medium
41919803,19,54.63,2025-12-13 18:00:00,25.42,Medium
41929479,10,116.9,2025-12-13 00:00:00,24.96,Medium
41938273,29,77.79,2025-12-18 23:00:00,30.58,High
41979181,22,74.95,2025-12-18 23:00:00,30.67,Medium
41986120,4,63.25,2025-12-16 23:00:00,8.21,Medium
41986655,31,135.13,2025-12-18 15:00:00,30.58,High
41993155,26,28.31,2025-12-18 18:00:00,30.75,Medium
42012969,22,28.95,2025-12-18 21:00:00,30.54,Medium
42021027,9,20.89,2025-12-14 18:00:00,25.71,Low
42024448,18,16.72,2025-12-17 21:00:00,29.17,Medium
42031986,31,58.13,2025-12-18 22:00:00,30.58,Medium
42049337,26,94.65,2025-12-18 23:00:00,30.96,High
42049679,27,43.93,2025-12-18 21:00:00,30.54,Medium
42063682,16,63.44,2025-12-18 19:00:00,18.29,Medium
42085231,16,67.06,2025-12-18 14:00:00,27.83,Medium
42089925,29,83.55,2025-12-18 20:00:00,30.5,High
42111305,25,44.44,2025-12-17 10:00:00,29.08,Medium
42112755,13,26.92,2025-12-16 11:00:00,25.75,Medium
42113872,29,68.48,2025-12-18 20:00:00,29.58,High
42137404,8,17.62,2025-12-18 13:00:00,16.96,Low
42170243,24,42.38,2025-12-18 18:00:00,30.5,Medium
42208524,31,91.23,2025-12-18 20:00:00,30.62,High
42210592,27,31.85,2025-12-16 13:00:00,27.96,Medium
42213703,15,72.67,2025-12-16 18:00:00,26.17,Medium
42225359,2,8.5,2025-12-10 14:00:00,18.62,Low
42227520,25,37.6,2025-12-18 22:00:00,30.0,Medium
42248597,6,28.67,2025-12-18 22:00:00,19.46,Low
42277201,16,10.19,2025-12-16 17:00:00,28.33,Low
42281108,1,103.0,2025-12-15 11:00:00,0.04,Low
42340446,4,6.0,2025-12-11 10:00:00,22.54,Low
42356075,11,42.82,2025-12-16 20:00:00,25.92,Medium
42391011,23,31.65,2025-12-15 22:00:00,27.54,Medium
42407685,14,29.71,2025-12-13 20:00:00,25.5,Medium
42427256,24,36.0,2025-12-17 00:00:00,29.0,Medium
42447641,21,33.05,2025-12-17 15:00:00,23.67,Medium
42450575,20,52.75,2025-12-18 22:00:00,28.08,Medium
42453068,5,14.6,2025-12-10 20:00:00,16.17,Low
42461054,21,33.05,2025-12-17 10:00:00,29.42,Medium
42479497,18,44.94,2025-12-17 13:00:00,28.71,Medium
42501145,31,98.39,2025-12-18 16:00:00,29.96,High
42503802,21,19.81,2025-12-18 21:00:00,28.21,Medium
42526349,23,54.83,2025-12-18 22:00:00,30.12,Medium
42527310,12,24.67,2025-12-16 22:00:00,28.62,Medium
42565296,22,23.5,2025-12-18 23:00:00,30.17,Medium
42599112,31,137.06,2025-12-18 14:00:00,30.17,High
42601828,18,17.28,2025-12-18 23:00:00,30.21,Medium
42636726,10,20.4,2025-12-16 19:00:00,17.96,Low
42653201,20,32.65,2025-12-17 20:00:00,29.54,Medium
42653601,30,48.53,2025-12-18 20:00:00,30.5,Medium
42676532,16,49.5,2025-12-18 21:00:00,28.12,Medium
42677791,28,28.93,2025-12-17 10:00:00,28.79,Medium
42681705,10,16.1,2025-12-12 22:00:00,22.04,Low
42694858,24,48.71,2025-12-18 17:00:00,29.17,Medium
42719621,15,27.07,2025-12-18 22:00:00,29.54,Medium
42723928,10,49.4,2025-12-17 10:00:00,13.96,Medium
42743566,29,92.34,2025-12-18 23:00:00,30.46,High
42756881,10,36.6,2025-12-18 20:00:00,19.25,Medium
42768689,10,16.4,2025-12-15 13:00:00,20.04,Low
42801008,4,12.25,2025-12-16 21:00:00,26.33,Low
42819104,14,9.86,2025-12-17 19:00:00,27.38,Low
42844200,21,14.9,2025-12-15 01:00:00,26.62,Medium
42851945,27,30.26,2025-12-18 20:00:00,30.29,Medium
42864059,16,56.81,2025-12-18 14:00:00,21.04,Medium
42879294,30,35.13,2025-12-18 22:00:00,30.38,Medium
42924297,9,21.22,2025-12-15 20:00:00,21.96,Low
42930798,31,82.45,2025-12-18 20:00:00,29.96,High
42966250,23,52.39,2025-12-18 01:00:00,30.04,Medium
42973948,31,59.19,2025-12-18 22:00:00,30.25,Medium
42982005,27,22.48,2025-12-18 23:00:00,30.0,Medium
42986678,28,53.46,2025-12-18 23:00:00,30.54,Medium
42993694,15,14.4,2025-12-14 07:00:00,23.88,Low
43022968,26,48.35,2025-12-18 22:00:00,30.54,Medium
43032378,27,114.41,2025-12-18 21:00:00,30.38,High
43042442,23,49.09,2025-12-18 17:00:00,30.33,Medium
43051852,29,245.21,2025-12-18 21:00:00,30.54,High
43052420,31,120.68,2025-12-18 22:00:00,30.46,High
43056888,9,18.0,2025-12-17 19:00:00,28.79,Low
43072618,25,88.76,2025-12-18 22:00:00,30.5,High
43084101,23,23.78,2025-12-18 17:00:00,30.42,Medium
43109583,24,24.42,2025-12-18 03:00:00,28.58,Medium
43136382,30,83.0,2025-12-18 18:00:00,30.29,High
43139118,21,38.0,2025-12-18 20:00:00,30.29,Medium
43150394,31,109.06,2025-12-18 22:00:00,30.42,High
43186720,18,75.22,2025-12-18 21:00:00,27.38,Medium
43234037,20,18.35,2025-12-14 11:00:00,26.0,Medium
43235372,2,26.5,2025-11-26 21:00:00,0.92,Low
43238774,29,37.17,2025-12-18 18:00:00,30.33,Medium
43245800,24,28.38,2025-12-18 23:00:00,30.96,Medium
43250746,24,171.58,2025-12-18 17:00:00,29.83,High
43264060,19,42.16,2025-12-18 07:00:00,29.62,Medium
43284343,28,88.43,2025-12-18 22:00:00,30.58,High
43288343,28,47.5,2025-12-18 19:00:00,30.5,Medium
43294769,20,39.65,2025-12-17 21:00:00,29.88,Medium
43300693,26,115.92,2025-12-18 22:00:00,30.54,High
43348892,22,34.68,2025-12-15 23:00:00,27.38,Medium
43349674,13,51.38,2025-12-18 20:00:00,24.83,Medium
43380742,16,26.62,2025-12-18 16:00:00,28.79,Medium
43399261,21,92.38,2025-12-15 21:00:00,27.67,High
43409746,16,29.38,2025-12-18 22:00:00,29.04,Medium
43445641,16,60.44,2025-12-18 21:00:00,29.38,Medium
43468469,29,99.59,2025-12-18 19:00:00,30.46,High
43472060,24,80.79,2025-12-17 08:00:00,27.67,High
43488815,30,36.03,2025-12-18 20:00:00,30.38,Medium
43491458,27,42.56,2025-12-17 08:00:00,29.0,Medium
43522898,15,23.53,2025-12-18 20:00:00,29.29,Medium
43545603,13,31.69,2025-12-14 09:00:00,23.04,Medium
43586684,29,85.55,2025-12-18 21:00:00,30.62,High
43587789,17,15.29,2025-12-18 19:00:00,30.79,Medium
43592945,30,118.37,2025-12-18 23:00:00,30.33,High
43600529,13,12.92,2025-12-18 21:00:00,29.46,Low
43603561,20,40.65,2025-12-17 16:00:00,28.29,Medium
43621565,21,60.57,2025-12-18 23:00:00,30.96,Medium
43622802,19,23.68,2025-12-18 20:00:00,27.04,Medium
43624984,20,68.75,2025-12-16 20:00:00,27.33,Medium
43626933,29,72.86,2025-12-18 11:00:00,30.46,High
43631068,25,91.36,2025-12-18 10:00:00,30.08,High
43645191,15,11.2,2025-12-18 23:00:00,30.04,Low
43660726,27,45.41,2025-12-18 23:00:00,30.5,Medium
43729347,26,51.96,2025-12-18 20:00:00,30.25,Medium
43735631,28,17.68,2025-12-18 14:00:00,30.29,Medium
43738222,23,42.61,2025-12-18 16:00:00,30.04,Medium
43759361,2,38.0,2025-11-28 18:00:00,9.08,Low
43761964,10,37.8,2025-12-16 22:00:00,24.12,Medium
43794910,26,172.15,2025-12-18 15:00:00,30.58,High
43796808,15,69.8,2025-12-18 11:00:00,29.5,Medium
43801317,5,16.0,2025-12-13 00:00:00,24.54,Low
43803932,14,146.64,2025-12-18 23:00:00,13.67,High
43841794,13,29.0,2025-12-16 11:00:00,27.0,Medium
43855246,31,165.97,2025-12-18 23:00:00,30.62,High
43856355,11,14.36,2025-12-16 16:00:00,18.17,Low
43857558,30,112.4,2025-12-18 22:00:00,30.92,High
43858783,25,13.16,2025-12-18 17:00:00,30.38,Medium
43864355,26,86.12,2025-12-17 07:00:00,28.46,High
43864538,31,137.26,2025-12-18 21:00:00,30.54,High
43865641,27,41.59,2025-12-18 22:00:00,30.58,Medium
43916471,23,33.48,2025-12-18 17:00:00,30.17,Medium
43931030,13,27.38,2025-12-17 19:00:00,25.38,Medium
43953561,14,12.29,2025-12-18 19:00:00,29.25,Low
43971939,6,19.83,2025-12-17 20:00:00,28.54,Low
43979611,19,23.05,2025-12-18 13:00:00,30.54,Medium
43983889,19,29.05,2025-12-18 20:00:00,24.08,Medium
43987061,13,25.08,2025-12-18 18:00:00,30.29,Medium
43991184,17,10.53,2025-12-18 00:00:00,26.0,Low
44005966,27,79.85,2025-12-18 02:00:00,30.08,High
44013360,21,21.52,2025-12-15 23:00:00,27.04,Medium
44041747,25,33.56,2025-12-18 22:00:00,30.12,Medium
44048864,2,86.0,2025-11-19 22:00:00,1.92,Low
44057668,16,13.25,2025-12-18 10:00:00,29.83,Low
44059193,31,79.0,2025-12-18 21:00:00,30.67,High
44073291,13,25.85,2025-12-12 18:00:00,24.0,Medium
44076621,24,17.67,2025-12-18 20:00:00,30.12,Medium
44088250,16,10.38,2025-12-14 00:00:00,25.75,Low
44109897,19,51.42,2025-12-15 18:00:00,23.0,Medium
44130547,29,47.17,2025-12-18 22:00:00,30.46,Medium
44138845,25,37.88,2025-12-18 23:00:00,30.96,Medium
44140222,30,62.97,2025-12-18 22:00:00,30.46,High
44144817,19,27.53,2025-12-18 09:00:00,28.46,Medium
44152472,20,21.9,2025-12-18 21:00:00,27.04,Medium
44154986,30,87.37,2025-12-18 20:00:00,30.5,High
44189601,24,39.75,2025-12-17 22:00:00,28.92,Medium
44193672,31,151.74,2025-12-18 22:00:00,30.46,High
44220176,17,13.0,2025-12-18 16:00:00,30.62,Low
44221621,14,14.64,2025-12-16 16:00:00,24.12,Low
44224665,29,41.38,2025-12-18 23:00:00,30.58,Medium
44247352,13,15.0,2025-12-17 12:00:00,27.12,Low
44267557,16,14.44,2025-12-17 19:00:00,29.38,Low
44317470,4,22.25,2025-12-16 19:00:00,15.08,Low
44324837,30,79.17,2025-12-18 23:00:00,30.5,High
44365875,23,102.61,2025-12-16 02:00:00,28.08,High
44381467,31,54.19,2025-12-18 23:00:00,30.33,Medium
44389792,28,74.18,2025-12-18 14:00:00,30.29,High
44392514,29,63.14,2025-12-18 23:00:00,30.29,Medium
44397875,6,6.17,2025-12-14 15:00:00,19.96,Low
44416128,11,5.18,2025-12-17 17:00:00,28.96,Low
44431225,14,11.64,2025-12-16 13:00:00,28.08,Low
44433489,11,21.91,2025-12-18 09:00:00,29.0,Low
44444422,21,40.19,2025-12-14 01:00:00,25.54,Medium
44445119,21,19.38,2025-12-18 07:00:00,29.96,Medium
44446177,19,21.47,2025-12-18 12:00:00,26.46,Medium
44448258,2,21.0,2025-12-18 14:00:00,27.62,Low
44462249,10,43.0,2025-12-18 23:00:00,23.38,Medium
44479518,27,70.81,2025-12-18 20:00:00,30.08,High
44492877,18,16.78,2025-12-18 21:00:00,24.04,Medium
44500908,31,32.87,2025-12-18 16:00:00,30.67,Medium
44503140,28,25.64,2025-12-18 23:00:00,29.92,Medium
44521455,17,15.65,2025-12-18 13:00:00,29.5,Medium
44542843,24,33.54,2025-12-16 17:00:00,27.04,Medium
44547812,4,6.25,2025-12-18 16:00:00,16.96,Low
44567219,1,8.0,2025-12-11 14:00:00,0.0,Low
44573524,22,22.14,2025-12-16 17:00:00,28.21,Medium
44580650,19,39.47,2025-12-18 06:00:00,30.0,Medium
44614693,16,15.19,2025-12-18 18:00:00,28.75,Low
44632141,7,10.43,2025-12-18 14:00:00,26.71,Low
44640814,26,50.23,2025-12-18 20:00:00,30.12,Medium
44663398,22,16.77,2025-12-16 22:00:00,28.92,Medium
44683766,30,31.13,2025-12-18 13:00:00,30.04,Medium
44706382,16,42.25,2025-12-17 22:00:00,29.25,Medium
44710562,27,53.19,2025-12-18 21:00:00,30.46,Medium
44711100,21,71.38,2025-12-18 22:00:00,25.46,Medium
44725106,23,21.83,2025-12-18 21:00:00,30.62,Medium
44738368,24,59.46,2025-12-18 21:00:00,29.88,Medium
44748590,29,59.48,2025-12-18 21:00:00,30.17,Medium
44806939,31,168.97,2025-12-18 23:00:00,30.96,High
44808401,17,33.06,2025-12-12 14:00:00,23.88,Medium
44817147,20,85.65,2025-12-18 18:00:00,29.83,Medium
44849978,16,35.5,2025-12-16 15:00:00,27.96,Medium
44850256,16,23.56,2025-12-17 10:00:00,28.79,Medium
44875328,18,13.11,2025-12-13 11:00:00,23.83,Low
44880226,31,67.52,2025-12-18 07:00:00,30.25,High
44908934,27,89.59,2025-12-18 21:00:00,30.75,High
44909131,27,41.41,2025-12-18 20:00:00,30.5,Medium
44914992,24,21.71,2025-12-18 19:00:00,30.5,Medium
44961770,5,7.0,2025-12-07 17:00:00,16.88,Low
44976866,10,12.1,2025-12-18 20:00:00,30.42,Low
44981629,21,24.9,2025-12-18 20:00:00,29.88,Medium
44985159,4,6.25,2025-12-12 20:00:00,22.46,Low
45021776,2,25.5,2025-12-12 21:00:00,7.54,Low
45022376,9,41.11,2025-12-17 22:00:00,29.92,Medium
45051306,19,32.37,2025-12-11 16:00:00,23.08,Medium
45069561,21,32.95,2025-12-18 20:00:00,30.71,Medium
45073084,25,34.28,2025-12-17 16:00:00,29.33,Medium
45074656,7,44.71,2025-11-26 13:00:00,8.17,Medium
45079225,24,26.62,2025-12-17 12:00:00,27.12,Medium
45081001,31,92.29,2025-12-18 20:00:00,30.5,High
45094965,20,23.6,2025-12-17 20:00:00,27.38,Medium
45101614,15,25.93,2025-12-18 17:00:00,26.08,Medium
45133531,18,26.67,2025-12-17 09:00:00,27.88,Medium
45149630,9,16.33,2025-12-12 14:00:00,24.58,Low
45159377,9,8.78,2025-12-18 11:00:00,10.96,Low
45163199,4,10.75,2025-12-13 13:00:00,3.42,Low
45180723,5,59.4,2025-12-17 21:00:00,25.0,Medium
45206837,16,22.25,2025-12-18 03:00:00,29.08,Medium
45208426,6,28.0,2025-12-13 22:00:00,18.25,Low
45253676,17,62.88,2025-12-18 22:00:00,27.42,Medium
45258440,21,12.19,2025-12-18 19:00:00,29.29,Medium
45285339,25,26.44,2025-12-18 22:00:00,30.17,Medium
45317186,2,141.0,2025-12-16 14:00:00,0.71,Medium
45360868,31,82.55,2025-12-18 18:00:00,30.25,High
45384478,29,82.0,2025-12-18 10:00:00,29.46,High
45398630,6,15.0,2025-12-17 20:00:00,29.58,Low
45405795,1,316.0,2025-12-18 19:00:00,0.75,Medium
45433328,29,120.59,2025-12-18 05:00:00,30.21,High
45434795,7,7.86,2025-12-11 07:00:00,22.42,Low
45460855,12,15.0,2025-12-18 00:00:00,28.12,Low
45463421,30,72.87,2025-12-18 22:00:00,30.42,High
45473276,31,106.87,2025-12-18 13:00:00,30.25,High
45487249,14,43.14,2025-12-18 23:00:00,30.54,Medium
45519798,1,190.0,2025-12-18 22:00:00,0.12,Low
45541267,15,9.13,2025-12-18 10:00:00,30.08,Low
45542148,15,22.47,2025-12-18 16:00:00,29.83,Medium
45543836,9,8.78,2025-12-15 00:00:00,24.38,Low
45544099,23,24.96,2025-12-17 14:00:00,29.0,Medium
45563112,25,93.48,2025-12-18 20:00:00,26.79,High
45581890,4,35.0,2025-12-17 23:00:00,14.08,Low
45598577,19,27.58,2025-12-18 01:00:00,30.04,Medium
45612771,17,6.94,2025-12-16 20:00:00,28.42,Low
45616833,14,28.71,2025-12-18 13:00:00,17.96,Medium
45620035,28,47.39,2025-12-18 20:00:00,30.42,Medium
45642765,6,11.67,2025-12-18 17:00:00,23.17,Low
45649071,29,425.76,2025-12-18 21:00:00,30.58,High
45659906,30,51.63,2025-12-18 00:00:00,30.0,Medium
45660059,30,65.3,2025-12-18 23:00:00,30.12,High
45714300,13,15.46,2025-12-15 12:00:00,26.71,Low
45743550,31,209.16,2025-12-18 23:00:00,30.54,High
45754541,20,27.6,2025-12-18 00:00:00,29.42,Medium
45772052,26,38.19,2025-12-18 21:00:00,30.38,Medium
45773960,19,22.95,2025-12-17 23:00:00,28.67,Medium
45795160,13,13.31,2025-12-17 13:00:00,29.33,Low
45796530,24,41.29,2025-12-18 16:00:00,30.21,Medium
45801743,18,26.56,2025-12-18 14:00:00,30.17,Medium
45820472,6,18.67,2025-12-18 17:00:00,4.92,Low
45824154,20,48.95,2025-12-18 16:00:00,20.75,Medium
45865960,25,97.0,2025-12-18 20:00:00,30.04,High
45881494,3,3.0,2025-12-11 22:00:00,7.25,Low
45892186,19,35.89,2025-12-18 18:00:00,30.29,Medium
45897708,21,38.48,2025-12-18 21:00:00,30.0,Medium
45900362,16,24.69,2025-12-18 19:00:00,29.08,Medium
45921788,26,67.12,2025-12-18 21:00:00,29.0,Medium
45926523,24,78.0,2025-12-18 20:00:00,29.92,High
45943442,26,69.73,2025-12-16 01:00:00,28.04,Medium
45966877,30,135.73,2025-12-18 21:00:00,30.67,High
45986000,5,10.2,2025-12-15 17:00:00,16.33,Low
46010057,24,26.29,2025-12-18 13:00:00,28.08,Medium
46010609,23,23.3,2025-12-18 21:00:00,29.29,Medium
46011980,20,12.25,2025-12-18 14:00:00,29.88,Low
46023224,28,103.54,2025-12-18 00:00:00,30.0,High
46037072,9,19.56,2025-12-17 21:00:00,28.0,Low
46043523,24,33.67,2025-12-16 18:00:00,28.21,Medium
46058933,3,15.33,2025-12-18 18:00:00,24.33,Low
46066007,27,110.89,2025-12-18 21:00:00,30.08,High
46086237,10,12.3,2025-12-15 15:00:00,25.17,Low
46094459,17,35.35,2025-12-18 10:00:00,26.88,Medium
46112521,27,30.41,2025-12-18 20:00:00,30.54,Medium
46129619,9,7.67,2025-12-05 14:00:00,17.0,Low
46133505,24,132.5,2025-12-17 20:00:00,27.33,High
46143156,23,50.39,2025-12-18 23:00:00,30.96,Medium
46207221,4,19.5,2025-12-12 13:00:00,21.12,Low
46231195,27,48.89,2025-12-18 20:00:00,30.42,Medium
46241573,3,39.0,2025-12-12 21:00:00,17.12,Low
46247152,28,44.39,2025-12-17 16:00:00,29.17,Medium
46249710,8,27.25,2025-12-18 18:00:00,19.46,Low
46274658,31,108.55,2025-12-18 08:00:00,29.58,High
46288368,28,47.86,2025-12-18 06:00:00,29.75,Medium
46312993,16,31.38,2025-12-18 14:00:00,29.96,Medium
46313814,31,60.29,2025-12-18 20:00:00,30.58,High
46327874,20,34.55,2025-12-18 09:00:00,28.67,Medium
46334333,23,25.09,2025-12-18 23:00:00,30.46,Medium
46344003,25,30.24,2025-12-18 21:00:00,30.21,Medium
46349725,16,26.38,2025-12-18 18:00:00,28.5,Medium
46351917,2,5.5,2025-12-09 16:00:00,1.33,Low
46375902,19,24.37,2025-12-18 23:00:00,30.21,Medium
46387925,4,13.75,2025-12-17 14:00:00,22.04,Low
46405869,29,27.48,2025-12-18 22:00:00,30.5,Medium
46408460,5,50.8,2025-12-18 03:00:00,4.29,Medium
46428221,28,215.5,2025-12-18 21:00:00,30.58,High
46433093,11,26.0,2025-12-18 03:00:00,24.25,Medium
46445715,14,59.29,2025-12-18 07:00:00,29.46,Medium
46448251,1,6.0,2025-11-18 20:00:00,0.0,Low
46455628,14,11.21,2025-12-18 19:00:00,29.21,Low
46468680,23,55.87,2025-12-18 22:00:00,30.42,Medium
46468716,14,26.86,2025-12-16 05:00:00,27.75,Medium
46482511,30,42.33,2025-12-18 20:00:00,30.62,Medium
46483165,31,52.97,2025-12-18 21:00:00,30.33,Medium
46485348,24,32.96,2025-12-18 23:00:00,30.5,Medium
46486820,18,23.22,2025-12-18 19:00:00,30.42,Medium
46515907,22,20.14,2025-12-17 13:00:00,28.67,Medium
46523853,30,34.43,2025-12-18 22:00:00,30.67,Medium
46591450,13,23.15,2025-12-08 22:00:00,20.54,Medium
46598584,27,48.48,2025-12-18 15:00:00,30.25,Medium
46607628,26,52.73,2025-12-18 23:00:00,30.92,Medium
46610519,29,49.24,2025-12-18 17:00:00,29.83,Medium
46611643,20,22.4,2025-12-16 22:00:00,28.54,Medium
46661434,13,8.77,2025-12-17 11:00:00,27.67,Low
46661935,31,121.32,2025-12-18 21:00:00,30.54,High
46669341,10,27.2,2025-12-18 00:00:00,28.42,Medium
46716857,5,11.4,2025-12-17 19:00:00,17.33,Low
46728090,25,37.88,2025-12-18 19:00:00,30.5,Medium
46793743,27,41.15,2025-12-18 14:00:00,30.58,Medium
46830856,8,30.88,2025-12-13 20:00:00,24.54,Low
46840769,7,15.71,2025-12-13 15:00:00,18.71,Low
46877762,24,13.71,2025-12-18 20:00:00,30.58,Medium
46914246,25,52.52,2025-12-17 14:00:00,29.33,Medium
46945718,9,13.11,2025-12-18 14:00:00,22.79,Low
46955464,30,23.8,2025-12-18 22:00:00,30.62,Medium
46978329,13,28.23,2025-12-16 08:00:00,23.0,Medium
46989305,15,29.33,2025-12-15 23:00:00,27.42,Medium
46997903,28,28.71,2025-12-18 16:00:00,30.42,Medium
47009589,20,20.65,2025-12-18 21:00:00,30.04,Medium
47011604,18,20.17,2025-12-18 11:00:00,28.88,Medium
47038183,31,89.81,2025-12-18 22:00:00,30.12,High
47043568,12,23.17,2025-12-15 11:00:00,25.71,Medium
47047755,15,18.53,2025-12-17 23:00:00,29.58,Medium
47060411,31,122.1,2025-12-18 18:00:00,30.21,High
47063673,19,22.63,2025-12-15 06:00:00,26.67,Medium
47065671,30,117.0,2025-12-18 23:00:00,30.54,High
47065920,22,35.68,2025-12-18 23:00:00,29.0,Medium
47068102,3,11.67,2025-12-12 07:00:00,24.0,Low
47069591,4,12.75,2025-12-04 07:00:00,15.96,Low
47071587,19,19.79,2025-12-17 21:00:00,26.12,Medium
47074069,14,28.29,2025-12-18 16:00:00,24.71,Medium
47087121,24,32.12,2025-12-18 18:00:00,26.5,Medium
47090672,24,29.67,2025-12-17 15:00:00,29.12,Medium
47106355,17,38.65,2025-12-18 19:00:00,30.0,Medium
47109361,30,88.67,2025-12-18 21:00:00,30.38,High
47109924,30,34.27,2025-12-18 18:00:00,30.33,Medium
47128004,23,30.91,2025-12-18 23:00:00,29.54,Medium
47136810,28,58.68,2025-12-18 17:00:00,30.38,Medium
47137081,9,32.22,2025-12-15 10:00:00,27.08,Medium
47152738,20,47.65,2025-12-14 22:00:00,26.17,Medium
47153697,27,85.37,2025-12-18 23:00:00,30.29,High
47220515,28,36.18,2025-12-18 22:00:00,30.71,Medium
47237907,31,42.65,2025-12-18 22:00:00,30.92,Medium
47241390,23,76.17,2025-12-18 21:00:00,30.42,Medium
47248096,19,21.79,2025-12-18 21:00:00,30.33,Medium
47257431,31,60.55,2025-12-18 20:00:00,30.12,High
47272457,8,53.0,2025-12-13 13:00:00,7.12,Medium
47289191,31,48.45,2025-12-18 20:00:00,30.62,Medium
47293396,30,149.4,2025-12-18 20:00:00,30.75,High
47293645,13,17.92,2025-12-17 17:00:00,24.25,Low
47294743,5,21.8,2025-12-18 15:00:00,5.08,Low
47296218,25,43.36,2025-12-18 22:00:00,27.04,Medium
47318955,7,14.0,2025-12-13 22:00:00,21.25,Low
47321502,2,3.0,2025-12-18 23:00:00,1.0,Low
47321903,30,74.37,2025-12-18 11:00:00,30.29,High
47328088,30,172.83,2025-12-18 18:00:00,30.42,High
47333914,22,39.82,2025-12-18 21:00:00,30.62,Medium
47399128,6,17.33,2025-12-13 00:00:00,12.12,Low
47410940,12,18.58,2025-12-18 11:00:00,29.0,Low
47416853,28,52.79,2025-12-18 20:00:00,30.29,Medium
47428428,24,102.96,2025-12-18 22:00:00,29.42,High
47436377,16,20.75,2025-12-18 18:00:00,28.0,Medium
47439748,29,41.52,2025-12-18 23:00:00,30.58,Medium
47534581,17,37.71,2025-12-17 23:00:00,22.42,Medium
47548482,25,42.6,2025-12-18 20:00:00,30.38,Medium
47551029,31,179.06,2025-12-18 23:00:00,30.12,High
47592059,25,9.92,2025-12-17 01:00:00,27.54,Low
47630700,9,42.56,2025-12-17 20:00:00,29.17,Medium
47675537,30,47.23,2025-12-18 12:00:00,30.17,Medium
47679514,15,18.6,2025-12-12 05:00:00,22.58,Medium
47693061,21,64.86,2025-12-12 17:00:00,23.75,Medium
47710892,24,15.12,2025-12-18 22:00:00,29.08,Medium
47720492,16,51.62,2025-12-18 20:00:00,29.21,Medium
47727944,21,20.33,2025-12-16 12:00:00,27.92,Medium
47735893,23,42.78,2025-12-18 15:00:00,29.5,Medium
47753824,18,50.44,2025-12-17 16:00:00,25.33,Medium
47763414,4,9.5,2025-12-03 10:00:00,14.83,Low
47780833,19,11.58,2025-12-16 18:00:00,28.21,Low
47792171,15,12.33,2025-12-18 22:00:00,30.88,Low
47813095,31,88.06,2025-12-18 23:00:00,30.04,High
47825067,12,24.83,2025-12-15 19:00:00,19.96,Medium
47874120,31,150.19,2025-12-18 21:00:00,30.88,High
47883477,12,7.5,2025-12-17 21:00:00,29.12,Low
47888992,21,41.81,2025-12-18 22:00:00,30.88,Medium
47899491,13,58.15,2025-12-06 22:00:00,18.58,Medium
47908754,12,107.42,2025-12-17 22:00:00,17.08,Medium
47924940,10,29.8,2025-12-18 22:00:00,19.96,Medium
47942346,25,29.44,2025-12-18 23:00:00,30.42,Medium
47961060,9,65.11,2025-12-18 21:00:00,25.12,Medium
48059114,24,34.62,2025-12-18 19:00:00,30.42,Medium
48099335,22,35.05,2025-12-18 11:00:00,28.83,Medium
48123195,24,38.17,2025-12-18 22:00:00,30.58,Medium
48144461,17,16.18,2025-12-18 03:00:00,23.21,Medium
48186482,24,31.71,2025-12-18 13:00:00,29.96,Medium
48236976,27,35.78,2025-12-17 17:00:00,29.08,Medium
48255673,23,67.74,2025-12-18 14:00:00,28.21,Medium
48258563,24,35.83,2025-12-16 21:00:00,28.42,Medium
48270094,29,94.17,2025-12-18 19:00:00,30.12,High
48292690,25,46.24,2025-12-18 16:00:00,29.04,Medium
48304965,11,31.36,2025-12-17 23:00:00,24.29,Medium
48315003,8,22.0,2025-12-18 21:00:00,28.04,Low
48327589,30,72.1,2025-12-18 23:00:00,30.54,High
48377656,29,36.03,2025-12-18 08:00:00,30.0,Medium
48409126,20,25.9,2025-12-16 13:00:00,28.12,Medium
48420009,27,20.81,2025-12-18 13:00:00,30.04,Medium
48425797,15,25.2,2025-12-16 08:00:00,28.33,Medium
48434349,3,7.67,2025-12-10 21:00:00,17.12,Low
48445034,31,119.48,2025-12-18 23:00:00,30.62,High
48462900,12,40.08,2025-12-18 08:00:00,13.96,Medium
48467850,10,15.0,2025-12-18 16:00:00,22.75,Low
48468739,27,48.56,2025-12-18 18:00:00,30.38,Medium
48470191,30,118.3,2025-12-18 18:00:00,30.21,High
48480943,19,31.11,2025-12-18 05:00:00,29.92,Medium
48505064,14,9.93,2025-12-18 20:00:00,29.38,Low
48509295,31,101.9,2025-12-18 18:00:00,30.75,High
48510598,24,17.75,2025-12-14 10:00:00,26.42,Medium
48619165,28,55.21,2025-12-18 22:00:00,30.54,Medium
48677702,31,191.68,2025-12-18 20:00:00,30.54,High
48689754,17,25.76,2025-12-17 00:00:00,25.38,Medium
48700638,21,64.57,2025-12-18 21:00:00,29.25,Medium
48702002,6,37.33,2025-12-16 19:00:00,18.25,Low
48722344,21,25.33,2025-12-18 22:00:00,28.38,Medium
48752418,31,186.61,2025-12-18 21:00:00,30.58,High
48767456,29,113.07,2025-12-18 19:00:00,30.71,High
48776635,31,180.16,2025-12-18 22:00:00,30.88,High
48777158,26,46.23,2025-12-18 16:00:00,29.96,Medium
48793683,31,269.84,2025-12-18 22:00:00,30.46,High
48809451,26,76.31,2025-12-18 10:00:00,30.0,High
48814012,9,40.33,2025-12-18 00:00:00,28.42,Medium
48830771,6,12.0,2025-12-16 20:00:00,28.83,Low
48836510,31,183.23,2025-12-18 23:00:00,30.71,High
48851432,19,13.84,2025-12-17 11:00:00,29.04,Medium
48862112,22,15.59,2025-12-17 23:00:00,29.46,Medium
48862784,5,50.8,2025-11-27 17:00:00,8.92,Medium
48867580,24,56.0,2025-12-18 23:00:00,30.58,Medium
48885147,29,92.72,2025-12-18 00:00:00,29.96,High
48890303,9,39.78,2025-12-17 12:00:00,26.04,Medium
48897519,30,78.27,2025-12-18 23:00:00,30.12,High
48908899,15,161.2,2025-12-18 18:00:00,22.04,High
48920955,30,52.2,2025-12-18 22:00:00,30.54,Medium
48942128,7,114.43,2025-12-11 21:00:00,14.0,Medium
48951212,14,50.21,2025-12-15 22:00:00,27.62,Medium
48952279,14,64.79,2025-12-17 23:00:00,28.92,Medium
48962129,8,16.12,2025-12-17 20:00:00,24.96,Low
48962145,27,32.74,2025-12-18 23:00:00,30.5,Medium
49000569,28,36.43,2025-12-16 22:00:00,28.58,Medium
49002030,15,29.33,2025-12-18 07:00:00,28.08,Medium
49003690,29,66.24,2025-12-18 23:00:00,29.12,High
49007368,13,20.62,2025-12-18 03:00:00,28.25,Medium
49007854,24,19.88,2025-12-18 06:00:00,28.71,Medium
49007972,24,19.21,2025-12-18 16:00:00,30.17,Medium
49026431,22,40.41,2025-12-18 15:00:00,30.25,Medium
49046459,6,70.17,2025-12-13 19:00:00,15.96,Medium
49068752,31,45.65,2025-12-18 22:00:00,30.25,Medium
49088987,9,42.22,2025-12-10 11:00:00,21.75,Medium
49105165,22,27.18,2025-12-18 12:00:00,28.08,Medium
49176199,14,16.64,2025-12-17 19:00:00,29.29,Low
49189791,27,55.96,2025-12-18 23:00:00,30.17,Medium
49189810,29,122.66,2025-12-18 09:00:00,30.33,High
49243199,15,40.13,2025-12-17 06:00:00,29.25,Medium
49252659,21,18.48,2025-12-18 22:00:00,30.17,Medium
49272447,15,10.2,2025-12-18 18:00:00,30.25,Low
49273084,13,23.31,2025-12-18 21:00:00,23.96,Medium
49279997,21,19.57,2025-12-16 21:00:00,28.38,Medium
49285159,11,13.18,2025-12-12 16:00:00,23.25,Low
49296993,21,34.76,2025-12-16 20:00:00,26.08,Medium
49303053,21,22.86,2025-12-18 17:00:00,29.29,Medium
49337150,30,41.0,2025-12-18 15:00:00,30.0,Medium
49362840,27,21.59,2025-12-18 20:00:00,30.33,Medium
49371675,27,43.37,2025-12-18 19:00:00,29.46,Medium
49394233,31,173.97,2025-12-18 12:00:00,30.5,High
49396813,30,56.37,2025-12-18 22:00:00,30.54,Medium
49421729,24,57.58,2025-12-18 22:00:00,30.5,Medium
49429733,20,92.9,2025-12-18 20:00:00,26.75,Medium
49452583,28,77.96,2025-12-18 13:00:00,30.17,High
49456764,17,25.47,2025-12-18 22:00:00,30.04,Medium
49458175,18,34.11,2025-12-17 17:00:00,28.83,Medium
49461201,7,25.29,2025-12-03 15:00:00,14.67,Low
49512453,25,50.8,2025-12-18 22:00:00,29.92,Medium
49520808,30,42.83,2025-12-17 22:00:00,29.92,Medium
49542384,31,143.23,2025-12-18 23:00:00,30.12,High
49546726,30,106.9,2025-12-18 22:00:00,29.96,High
49566088,15,18.53,2025-12-18 19:00:00,30.21,Medium
49572212,3,7.33,2025-12-14 08:00:00,20.88,Low
49579858,18,18.28,2025-12-18 18:00:00,30.21,Medium
49598175,4,8.25,2025-12-11 11:00:00,22.75,Low
49608592,6,71.67,2025-12-17 13:00:00,22.5,Medium
49610523,18,32.78,2025-12-18 22:00:00,29.25,Medium
49614536,23,36.87,2025-12-18 13:00:00,30.12,Medium
49622041,20,33.55,2025-12-16 19:00:00,27.29,Medium
49646570,30,116.67,2025-12-18 20:00:00,30.42,High
49660995,15,19.0,2025-12-16 20:00:00,28.21,Medium
49683822,17,60.88,2025-12-18 18:00:00,27.42,Medium
49755294,24,28.08,2025-12-18 22:00:00,30.54,Medium
49772948,24,45.12,2025-12-18 21:00:00,30.25,Medium
49784280,8,20.5,2025-12-17 16:00:00,28.79,Low
49787656,25,43.12,2025-12-18 22:00:00,30.38,Medium
49804930,11,50.91,2025-12-16 14:00:00,25.83,Medium
49815803,27,30.37,2025-12-18 22:00:00,30.29,Medium
49823478,4,60.0,2025-12-18 19:00:00,8.96,Low
49830169,23,37.78,2025-12-14 19:00:00,26.04,Medium
49841922,28,43.32,2025-12-18 17:00:00,28.96,Medium
49844654,25,45.88,2025-12-17 21:00:00,29.71,Medium
49847741,14,67.71,2025-12-16 09:00:00,17.42,Medium
49848032,24,96.88,2025-12-18 08:00:00,28.75,High
49871598,25,41.92,2025-12-18 17:00:00,30.21,Medium
49893764,29,70.38,2025-12-18 18:00:00,30.42,High
49896332,22,31.05,2025-12-18 14:00:00,30.08,Medium
49904939,26,28.92,2025-12-18 01:00:00,29.17,Medium
49911829,25,15.08,2025-12-18 19:00:00,29.88,Medium
49935957,8,10.62,2025-12-01 08:00:00,12.75,Low
49943190,30,47.3,2025-12-18 22:00:00,30.04,Medium
49949443,10,23.4,2025-12-17 21:00:00,27.46,Low
50010860,27,76.52,2025-12-18 22:00:00,30.62,High
50020786,23,71.0,2025-12-18 18:00:00,26.08,Medium
50030868,23,38.57,2025-12-18 11:00:00,29.88,Medium
50033888,5,17.2,2025-12-16 12:00:00,26.67,Low
50042882,24,25.96,2025-12-18 00:00:00,29.92,Medium
50062533,23,18.7,2025-12-18 23:00:00,28.25,Medium
50066882,31,42.35,2025-12-18 19:00:00,30.21,Medium
50071113,24,16.46,2025-12-16 19:00:00,28.54,Medium
50088028,21,38.43,2025-12-14 09:00:00,26.12,Medium
50099861,21,17.76,2025-12-17 19:00:00,27.88,Medium
50145534,17,17.65,2025-12-18 16:00:00,30.25,Medium
50146318,2,16.0,2025-12-06 20:00:00,5.04,Low
50157359,2,23.5,2025-12-09 17:00:00,0.96,Low
50157444,4,20.25,2025-12-11 19:00:00,16.25,Low
50169478,30,40.93,2025-12-18 21:00:00,30.54,Medium
50196156,21,83.67,2025-12-15 18:00:00,27.17,Medium
50197899,28,54.82,2025-12-18 13:00:00,30.12,Medium
50198894,9,12.44,2025-12-15 21:00:00,27.21,Low
50200830,18,37.28,2025-12-17 20:00:00,28.96,Medium
50208513,1,11.0,2025-12-17 15:00:00,0.04,Low
50242093,16,12.25,2025-12-17 01:00:00,27.12,Low
50244004,31,84.42,2025-12-18 17:00:00,30.71,High
50312283,24,29.92,2025-12-17 17:00:00,27.83,Medium
50312387,18,35.39,2025-12-18 20:00:00,27.38,Medium
50323186,25,48.84,2025-12-18 21:00:00,30.08,Medium
50331917,15,13.47,2025-12-18 06:00:00,28.79,Low
50343169,31,44.81,2025-12-18 21:00:00,30.62,Medium
50343267,21,26.95,2025-12-16 17:00:00,28.33,Medium
50346435,29,73.17,2025-12-18 23:00:00,30.92,High
50347397,2,12.0,2025-12-12 18:00:00,9.33,Low
50349864,17,34.94,2025-12-15 07:00:00,26.62,Medium
50355045,10,20.6,2025-12-15 12:00:00,26.92,Low
50372642,25,33.72,2025-12-17 03:00:00,28.21,Medium
50430840,19,17.26,2025-12-18 23:00:00,28.12,Medium
50443823,10,120.2,2025-12-18 18:00:00,30.04,Medium
50478366,19,29.47,2025-12-18 21:00:00,24.96,Medium
50530013,8,10.0,2025-12-18 14:00:00,29.67,Low
50553250,31,109.55,2025-12-18 22:00:00,30.62,High
50555770,5,6.2,2025-12-17 12:00:00,24.58,Low
50597161,11,17.18,2025-12-07 20:00:00,18.17,Low
50608870,3,9.0,2025-12-08 19:00:00,19.04,Low
50616987,10,20.8,2025-12-11 21:00:00,18.5,Low
50627823,5,67.4,2025-12-16 17:00:00,4.96,Medium
50641447,17,48.59,2025-12-15 23:00:00,21.04,Medium
50660286,19,34.26,2025-12-17 00:00:00,25.5,Medium
50672934,27,27.41,2025-12-18 18:00:00,30.0,Medium
50673557,31,182.74,2025-12-18 22:00:00,30.75,High
50698254,18,19.11,2025-12-17 21:00:00,29.46,Medium
50703618,24,34.71,2025-12-18 19:00:00,29.17,Medium
50704206,9,16.67,2025-12-17 20:00:00,29.33,Low
50706256,13,32.54,2025-12-18 10:00:00,29.67,Medium
50721809,26,23.27,2025-12-18 17:00:00,30.08,Medium
50728797,10,10.7,2025-12-16 16:00:00,28.67,Low
50743966,24,21.46,2025-12-18 17:00:00,27.17,Medium
50747233,23,18.13,2025-12-18 23:00:00,30.58,Medium
50759397,30,65.6,2025-12-18 22:00:00,30.62,High
50764909,29,35.31,2025-12-18 07:00:00,29.79,Medium
50777514,22,29.5,2025-12-18 19:00:00,30.5,Medium
50782707,6,21.33,2025-12-17 20:00:00,28.0,Low
50802614,19,16.58,2025-12-18 09:00:00,29.33,Medium
50823792,27,42.26,2025-12-18 23:00:00,29.96,Medium
50834210,30,18.5,2025-12-18 15:00:00,30.58,Medium
50857110,26,37.04,2025-12-18 12:00:00,30.08,Medium
50864448,4,5.5,2025-12-14 12:00:00,22.21,Low
50871193,11,26.64,2025-12-17 14:00:00,29.58,Medium
50900446,26,24.5,2025-12-18 20:00:00,30.5,Medium
50904788,29,203.55,2025-12-18 22:00:00,28.33,High
50905621,1,17.0,2025-12-02 22:00:00,0.0,Low
50914255,17,35.12,2025-12-18 20:00:00,30.33,Medium
50927089,21,42.14,2025-12-18 21:00:00,30.17,Medium
50960524,22,39.05,2025-12-17 11:00:00,28.83,Medium
51013339,31,74.32,2025-12-18 21:00:00,30.42,High
51026496,15,48.13,2025-12-18 20:00:00,30.46,Medium
51053646,16,62.12,2025-12-18 00:00:00,22.62,Medium
51059755,27,58.19,2025-12-18 21:00:00,30.88,Medium
51065301,4,2.75,2025-12-10 23:00:00,21.33,Low
51085123,20,27.25,2025-12-18 09:00:00,29.96,Medium
51098608,31,112.03,2025-12-18 20:00:00,30.83,High
51099335,29,32.48,2025-12-18 10:00:00,30.08,Medium
51123305,31,90.03,2025-12-18 20:00:00,30.79,High
51169540,26,49.46,2025-12-18 16:00:00,30.58,Medium
51176209,13,40.69,2025-12-12 20:00:00,24.42,Medium
51204443,11,63.82,2025-12-18 15:00:00,30.17,Medium
51223653,17,25.12,2025-12-18 20:00:00,30.25,Medium
51233471,17,23.18,2025-12-18 21:00:00,30.38,Medium
51234996,13,46.46,2025-12-18 14:00:00,26.96,Medium
51298155,15,17.6,2025-12-17 22:00:00,27.38,Medium
51311734,31,30.9,2025-12-18 23:00:00,30.5,Medium
51326262,19,107.53,2025-12-18 22:00:00,20.46,High
51341836,31,179.16,2025-12-18 22:00:00,30.62,High
51402536,21,31.62,2025-12-18 22:00:00,30.58,Medium
51411267,5,35.6,2025-12-17 21:00:00,20.33,Low
51417755,13,12.15,2025-12-18 21:00:00,29.08,Low
51426415,23,66.7,2025-12-17 21:00:00,29.88,Medium
51429394,26,38.08,2025-12-17 10:00:00,29.08,Medium
51431196,27,41.56,2025-12-18 22:00:00,30.71,Medium
51435164,30,202.37,2025-12-18 15:00:00,30.0,High
51435191,28,37.54,2025-12-18 18:00:00,30.67,Medium
51436651,9,9.0,2025-12-12 15:00:00,23.96,Low
51455170,28,47.21,2025-12-18 20:00:00,29.92,Medium
51473167,10,16.1,2025-12-18 14:00:00,29.54,Low
51492142,31,303.32,2025-12-18 23:00:00,30.62,High
51503232,30,73.3,2025-12-18 16:00:00,30.29,High
51597514,19,39.58,2025-12-17 20:00:00,29.83,Medium
51602649,18,45.17,2025-12-17 08:00:00,23.71,Medium
51612422,23,57.74,2025-12-18 21:00:00,30.08,Medium
51619092,9,10.11,2025-12-17 00:00:00,27.29,Low
51666038,28,29.64,2025-12-18 20:00:00,30.54,Medium
51688276,22,79.86,2025-12-18 21:00:00,29.96,Medium
51689371,26,72.69,2025-12-18 00:00:00,29.29,High
51703365,19,28.79,2025-12-18 17:00:00,30.04,Medium
51724638,5,50.0,2025-12-12 23:00:00,20.04,Low
51763538,30,92.23,2025-12-18 19:00:00,30.54,High
51771947,22,17.23,2025-12-18 23:00:00,29.0,Medium
51778843,1,92.0,2025-12-17 02:00:00,0.04,Low
51843348,14,13.64,2025-12-18 19:00:00,29.96,Low
51852920,10,10.1,2025-12-18 00:00:00,18.5,Low
51880896,14,60.43,2025-12-12 18:00:00,22.33,Medium
51926383,14,25.93,2025-12-16 15:00:00,24.71,Medium
51926941,30,223.0,2025-12-18 18:00:00,30.5,High
51932351,24,20.25,2025-12-18 18:00:00,29.88,Medium
51940848,31,122.0,2025-12-18 21:00:00,30.62,High
51945411,26,25.35,2025-12-17 06:00:00,28.83,Medium
51946048,18,21.17,2025-12-17 21:00:00,29.08,Medium
51948061,13,6.77,2025-12-18 11:00:00,29.71,Low
51969724,6,9.67,2025-12-16 12:00:00,15.04,Low
51969859,16,15.56,2025-12-17 22:00:00,26.21,Low
52042648,30,32.9,2025-12-17 23:00:00,29.96,Medium
52046180,22,26.5,2025-12-17 12:00:00,29.25,Medium
52057006,28,76.18,2025-12-18 22:00:00,30.58,High
52066451,4,5.75,2025-12-08 17:00:00,18.25,Low
52072237,27,40.81,2025-12-18 23:00:00,30.29,Medium
52110227,27,64.56,2025-12-18 23:00:00,30.04,Medium
52116816,28,69.39,2025-12-18 23:00:00,30.96,High
52137505,23,22.0,2025-12-18 18:00:00,28.21,Medium
52196654,20,22.0,2025-12-18 21:00:00,30.5,Medium
52256064,26,52.81,2025-12-18 21:00:00,30.67,Medium
52302535,24,73.96,2025-12-18 23:00:00,30.5,Medium
52316129,19,33.74,2025-12-18 18:00:00,30.25,Medium
52368085,31,74.81,2025-12-18 22:00:00,30.46,High
52372344,22,20.64,2025-12-17 19:00:00,29.38,Medium
52394552,26,29.62,2025-12-18 20:00:00,29.88,Medium
52395429,27,50.37,2025-12-18 20:00:00,30.12,Medium
52411237,26,33.96,2025-12-16 23:00:00,28.42,Medium
52416277,25,19.56,2025-12-18 18:00:00,30.42,Medium
52431232,12,23.33,2025-12-16 23:00:00,25.04,Medium
52448630,18,48.11,2025-12-14 20:00:00,25.88,Medium
52461307,1,19.0,2025-12-05 21:00:00,0.08,Low
52505405,28,95.39,2025-12-18 13:00:00,30.12,High
52512070,8,21.25,2025-12-18 21:00:00,30.0,Low
52523285,18,37.67,2025-12-18 21:00:00,28.12,Medium
52523404,25,22.84,2025-12-18 20:00:00,30.5,Medium
52525317,23,62.91,2025-12-18 00:00:00,29.96,Medium
52534043,28,121.18,2025-12-18 23:00:00,30.04,High
52548753,31,48.48,2025-12-18 20:00:00,30.83,Medium
52559406,26,133.46,2025-12-18 22:00:00,30.17,High
52571164,23,39.65,2025-12-17 21:00:00,29.29,Medium
52577851,31,432.87,2025-12-18 21:00:00,30.54,High
52578253,30,28.73,2025-12-18 23:00:00,30.58,Medium
52580712,30,85.07,2025-12-18 17:00:00,30.29,High
52588100,15,22.13,2025-12-17 23:00:00,28.33,Medium
52589143,23,40.04,2025-12-18 20:00:00,30.58,Medium
52592137,15,11.6,2025-12-16 11:00:00,22.12,Low
52610344,19,52.26,2025-12-18 19:00:00,30.5,Medium
52610714,27,77.07,2025-12-18 21:00:00,30.88,High
52622361,19,38.16,2025-12-18 15:00:00,29.42,Medium
52655107,7,6.57,2025-11-27 15:00:00,8.71,Low
52660721,31,214.19,2025-12-18 23:00:00,30.42,High
52665292,7,5.14,2025-12-12 22:00:00,15.08,Low
52683211,29,32.28,2025-12-17 15:00:00,29.21,Medium
52741439,17,50.06,2025-12-18 23:00:00,28.42,Medium
52749694,24,18.96,2025-12-18 21:00:00,30.58,Medium
52757653,9,22.78,2025-12-16 20:00:00,26.08,Low
52763242,26,48.23,2025-12-18 13:00:00,30.54,Medium
52772551,31,402.84,2025-12-18 21:00:00,30.54,High
52785857,25,65.8,2025-12-18 13:00:00,29.25,Medium
52795855,22,27.91,2025-12-18 06:00:00,29.71,Medium
52797666,17,17.29,2025-12-18 21:00:00,29.71,Medium
52807388,11,12.36,2025-12-16 19:00:00,28.46,Low
52808446,28,77.07,2025-12-18 23:00:00,29.62,High
52820979,11,17.27,2025-12-18 21:00:00,15.5,Low
52824803,5,14.6,2025-12-16 23:00:00,24.17,Low
52825214,24,38.58,2025-12-16 14:00:00,28.58,Medium
52842050,29,73.62,2025-12-18 22:00:00,30.58,High
52844100,21,24.9,2025-12-18 19:00:00,30.46,Medium
52853607,28,34.21,2025-12-18 20:00:00,30.58,Medium
52891027,18,96.33,2025-12-16 14:00:00,27.54,Medium
52892259,27,36.37,2025-12-18 22:00:00,30.08,Medium
52895098,31,107.61,2025-12-18 23:00:00,30.42,High
52951149,20,59.25,2025-12-18 09:00:00,30.08,Medium
52953942,22,26.77,2025-12-15 18:00:00,27.12,Medium
52957351,30,112.97,2025-12-18 22:00:00,30.0,High
52986601,16,27.0,2025-12-16 13:00:00,27.04,Medium
52987418,4,4.75,2025-12-15 21:00:00,22.38,Low
53002589,26,56.31,2025-12-18 18:00:00,29.33,Medium
53026057,5,36.8,2025-12-13 17:00:00,22.88,Low
53027024,31,257.48,2025-12-18 22:00:00,30.38,High
53027238,23,40.3,2025-12-18 20:00:00,29.29,Medium
53046771,16,32.38,2025-12-18 12:00:00,19.92,Medium
53051494,27,38.04,2025-12-18 22:00:00,28.0,Medium
53080199,31,388.29,2025-12-18 23:00:00,30.96,High
53119472,19,14.37,2025-12-18 13:00:00,29.83,Medium
53135843,8,32.62,2025-12-18 23:00:00,26.04,Medium
53150140,31,203.81,2025-12-18 09:00:00,30.12,High
53154333,22,43.59,2025-12-18 11:00:00,30.46,Medium
53162708,29,59.14,2025-12-18 14:00:00,30.33,Medium
53167968,27,59.93,2025-12-18 21:00:00,30.12,Medium
53181731,8,76.12,2025-12-06 23:00:00,12.29,Medium
53219515,31,69.0,2025-12-18 23:00:00,30.5,High
53227937,25,64.64,2025-12-18 12:00:00,28.62,Medium
53235769,25,54.44,2025-12-16 15:00:00,27.75,Medium
53245132,26,57.0,2025-12-15 22:00:00,26.92,Medium
53247630,6,17.5,2025-12-16 18:00:00,26.25,Low
53253442,14,31.14,2025-12-18 09:00:00,28.5,Medium
53281938,8,20.38,2025-12-13 11:00:00,20.67,Low
53308425,16,24.0,2025-12-17 22:00:00,28.5,Medium
53364820,22,27.59,2025-12-18 16:00:00,24.29,Medium
53391754,17,15.59,2025-12-18 23:00:00,29.08,Medium
53396017,14,35.21,2025-12-12 18:00:00,23.17,Medium
53406644,14,42.0,2025-12-13 23:00:00,25.08,Medium
53416987,27,91.85,2025-12-18 19:00:00,30.5,High
53438473,30,72.1,2025-12-18 22:00:00,30.08,High
53451276,24,23.96,2025-12-18 13:00:00,30.54,Medium
53470960,12,33.92,2025-12-16 23:00:00,12.04,Medium
53472380,5,16.4,2025-12-10 00:00:00,18.04,Low
53476899,17,18.06,2025-12-17 20:00:00,28.0,Medium
53516043,7,21.14,2025-12-14 18:00:00,21.21,Low
53517495,25,27.68,2025-12-18 22:00:00,30.17,Medium
53527205,4,9.75,2025-12-02 23:00:00,6.21,Low
53538099,29,91.97,2025-12-18 23:00:00,30.33,High
53552500,29,32.52,2025-12-18 15:00:00,30.04,Medium
53560831,26,123.15,2025-12-17 17:00:00,29.29,High
53568053,31,99.32,2025-12-18 21:00:00,30.17,High
53569008,31,67.74,2025-12-18 18:00:00,30.21,High
53621147,14,73.86,2025-12-18 23:00:00,15.04,Medium
53629148,12,20.17,2025-12-17 10:00:00,27.96,Low
53640860,12,14.58,2025-12-13 16:00:00,25.46,Low
53647731,18,37.28,2025-12-15 13:00:00,26.04,Medium
53672814,15,57.2,2025-12-18 08:00:00,29.79,Medium
53687535,31,53.9,2025-12-18 21:00:00,30.38,Medium
53688011,27,28.44,2025-12-18 19:00:00,30.5,Medium
53688809,13,31.31,2025-12-18 23:00:00,30.46,Medium
53693834,9,7.56,2025-12-13 12:00:00,22.0,Low
53708814,27,84.52,2025-12-18 05:00:00,29.12,High
53711406,20,21.0,2025-12-18 21:00:00,30.12,Medium
53733006,5,20.2,2025-12-17 21:00:00,5.38,Low
53751383,22,44.68,2025-12-18 23:00:00,30.5,Medium
53767362,11,8.73,2025-12-16 12:00:00,19.58,Low
53779445,30,76.4,2025-12-18 22:00:00,29.21,High
53788912,31,116.74,2025-12-18 17:00:00,30.38,High
53788959,2,31.5,2025-12-14 16:00:00,20.83,Low
53791136,3,4.0,2025-12-15 21:00:00,17.88,Low
53797092,29,97.72,2025-12-18 22:00:00,30.54,High
53831524,31,36.55,2025-12-18 21:00:00,29.96,Medium
53881441,25,15.36,2025-12-18 21:00:00,30.17,Medium
53899840,26,50.85,2025-12-18 22:00:00,30.08,Medium
53910293,15,22.53,2025-12-17 13:00:00,28.96,Medium
53916276,31,131.97,2025-12-18 11:00:00,29.96,High
53920496,13,11.46,2025-12-18 23:00:00,30.54,Low
53933746,13,28.54,2025-12-17 16:00:00,29.46,Medium
54003632,30,86.3,2025-12-18 13:00:00,30.29,High
54007195,28,122.32,2025-12-18 19:00:00,30.42,High
54025878,15,43.47,2025-12-16 23:00:00,28.12,Medium
54052732,14,18.14,2025-12-17 21:00:00,27.54,Medium
54053723,18,24.39,2025-12-18 21:00:00,30.12,Medium
54072669,28,65.54,2025-12-18 19:00:00,30.67,Medium
54073830,13,6.92,2025-12-15 14:00:00,24.0,Low
54117782,13,31.08,2025-12-12 20:00:00,24.54,Medium
54133893,28,79.82,2025-12-18 23:00:00,28.62,High
54144399,30,37.4,2025-12-18 22:00:00,30.29,Medium
54168401,30,113.0,2025-12-18 23:00:00,30.58,High
54172442,31,48.1,2025-12-18 22:00:00,30.92,Medium
54187558,16,44.38,2025-12-18 23:00:00,27.04,Medium
54200331,19,22.32,2025-12-18 15:00:00,28.25,Medium
54204561,30,37.4,2025-12-18 20:00:00,30.33,Medium
54204970,14,20.14,2025-12-17 20:00:00,26.92,Medium
54206477,19,13.63,2025-12-15 18:00:00,27.29,Medium
54214799,27,113.44,2025-12-18 16:00:00,30.21,High
54233520,26,35.42,2025-12-18 17:00:00,28.96,Medium
54242064,17,33.18,2025-12-14 19:00:00,26.29,Medium
54254339,25,48.68,2025-12-18 21:00:00,30.17,Medium
54258366,26,28.42,2025-12-18 11:00:00,30.17,Medium
54276328,21,28.24,2025-12-17 20:00:00,29.5,Medium
54279484,28,28.86,2025-12-18 20:00:00,30.0,Medium
54287358,25,44.96,2025-12-16 12:00:00,28.08,Medium
54299599,30,63.6,2025-12-17 09:00:00,29.04,High
54330314,23,77.57,2025-12-18 12:00:00,30.21,Medium
54330697,17,13.12,2025-12-18 13:00:00,30.25,Low
54340712,29,48.28,2025-12-18 17:00:00,30.33,Medium
54345635,10,37.5,2025-12-18 22:00:00,10.0,Medium
54365017,14,10.57,2025-12-18 14:00:00,30.29,Low
54368655,15,6.87,2025-12-18 19:00:00,30.46,Low
54369998,5,57.0,2025-12-13 23:00:00,24.92,Medium
54373708,21,56.71,2025-12-18 17:00:00,29.0,Medium
54388253,26,50.92,2025-12-18 23:00:00,30.62,Medium
54404822,23,33.35,2025-12-18 18:00:00,29.88,Medium
54423533,30,156.23,2025-12-17 23:00:00,29.71,High
54450830,26,49.85,2025-12-18 21:00:00,29.17,Medium
54459439,9,20.67,2025-12-14 19:00:00,26.38,Low
54465497,9,12.22,2025-12-08 23:00:00,20.58,Low
54476739,22,40.64,2025-12-18 13:00:00,29.88,Medium
54481329,16,13.88,2025-12-18 12:00:00,28.67,Low
54482567,5,6.8,2025-12-18 19:00:00,28.42,Low
54492776,24,56.46,2025-12-18 22:00:00,30.12,Medium
54522131,16,48.75,2025-12-17 23:00:00,26.12,Medium
54547365,25,16.32,2025-12-18 15:00:00,30.04,Medium
54554843,18,80.83,2025-12-17 15:00:00,29.29,Medium
54572872,12,38.92,2025-12-17 11:00:00,28.71,Medium
54575694,14,168.71,2025-12-18 17:00:00,28.33,High
54586263,31,53.74,2025-12-18 20:00:00,30.0,Medium
54590569,21,77.14,2025-12-17 19:00:00,29.38,Medium
54597316,3,6.0,2025-11-28 21:00:00,10.0,Low
54598175,29,13.1,2025-12-18 10:00:00,29.79,Medium
54658244,31,111.13,2025-12-18 21:00:00,30.5,High
54658786,27,67.07,2025-12-17 13:00:00,29.17,Medium
54660744,24,61.08,2025-12-18 13:00:00,28.33,Medium
54666554,31,98.16,2025-12-18 22:00:00,30.54,High
54668253,14,14.43,2025-12-18 15:00:00,28.92,Low
54669909,26,55.38,2025-12-18 12:00:00,30.21,Medium
54683876,16,31.06,2025-12-16 20:00:00,28.12,Medium
54691351,7,35.14,2025-12-18 22:00:00,21.08,Low
54704248,21,24.0,2025-12-16 18:00:00,28.75,Medium
54707710,24,28.38,2025-12-17 10:00:00,28.08,Medium
54711585,25,43.24,2025-12-18 12:00:00,28.92,Medium
54725247,30,196.7,2025-12-18 13:00:00,30.0,High
54747189,7,8.14,2025-12-15 19:00:00,18.88,Low
54769390,17,31.29,2025-12-18 09:00:00,23.83,Medium
54771046,25,57.84,2025-12-18 23:00:00,30.46,Medium
54777788,4,22.25,2025-12-18 16:00:00,6.88,Low
54798076,10,18.1,2025-12-12 22:00:00,23.46,Low
54827821,20,27.6,2025-12-18 13:00:00,29.79,Medium
54914362,14,12.29,2025-12-18 10:00:00,23.0,Low
54917114,8,30.38,2025-12-15 20:00:00,10.88,Low
54922233,28,90.96,2025-12-18 15:00:00,29.83,High
54949966,25,44.72,2025-12-18 23:00:00,30.54,Medium
54962988,16,28.5,2025-12-18 14:00:00,30.58,Medium
54970164,28,48.5,2025-12-18 11:00:00,30.08,Medium
54994098,16,62.38,2025-12-18 16:00:00,14.75,Medium
55035700,24,28.62,2025-12-18 18:00:00,30.46,Medium
55037704,7,16.29,2025-12-11 14:00:00,12.54,Low
55050954,26,85.85,2025-12-18 23:00:00,30.54,High
55053280,10,12.7,2025-12-17 17:00:00,29.08,Low
55055762,29,90.66,2025-12-18 00:00:00,29.12,High
55060722,29,25.9,2025-12-18 16:00:00,30.12,Medium
55101915,24,48.42,2025-12-18 22:00:00,30.29,Medium
55136020,25,26.0,2025-12-18 19:00:00,30.46,Medium
55141244,30,26.87,2025-12-18 22:00:00,30.54,Medium
55178016,22,22.82,2025-12-17 22:00:00,29.38,Medium
55192254,28,156.43,2025-12-15 15:00:00,26.75,High
55192915,27,64.85,2025-12-18 19:00:00,30.79,Medium
55193222,9,11.44,2025-12-17 10:00:00,23.08,Low
55207467,31,172.81,2025-12-18 23:00:00,30.46,High
55219760,12,23.17,2025-12-18 19:00:00,20.0,Medium
55252215,16,125.75,2025-12-18 21:00:00,29.54,High
55257797,28,92.79,2025-12-18 20:00:00,30.5,High
55265236,30,92.6,2025-12-18 02:00:00,30.08,High
55274592,22,25.55,2025-12-18 13:00:00,30.54,Medium
55275004,17,27.29,2025-12-18 13:00:00,27.08,Medium
55305887,29,57.59,2025-12-18 19:00:00,29.96,Medium
55333272,3,9.0,2025-12-03 13:00:00,8.83,Low
55345737,2,18.0,2025-12-13 00:00:00,0.04,Low
55369150,20,23.4,2025-12-17 14:00:00,29.21,Medium
55381200,31,208.03,2025-12-18 22:00:00,30.58,High
55415825,24,34.21,2025-12-16 18:00:00,26.83,Medium
55440618,20,22.45,2025-12-17 22:00:00,24.0,Medium
55441310,17,14.24,2025-12-16 14:00:00,26.92,Low
55456593,6,10.33,2025-12-09 16:00:00,6.83,Low
55467860,25,28.8,2025-12-18 20:00:00,29.38,Medium
55487726,15,27.33,2025-12-17 16:00:00,27.29,Medium
55501034,27,60.67,2025-12-18 23:00:00,30.5,Medium
55528877,10,18.1,2025-12-18 20:00:00,30.17,Low
55530513,27,39.07,2025-12-17 19:00:00,29.25,Medium
55548424,26,47.5,2025-12-18 19:00:00,30.29,Medium
55556537,25,25.84,2025-12-17 11:00:00,29.0,Medium
55561552,25,28.08,2025-12-17 10:00:00,28.88,Medium
55575058,30,45.47,2025-12-18 17:00:00,30.17,Medium
55576078,11,54.36,2025-12-18 23:00:00,25.12,Medium
55588418,15,100.33,2025-12-18 23:00:00,22.42,Medium
55588786,12,28.67,2025-12-18 21:00:00,18.92,Medium
55603065,19,31.79,2025-12-18 12:00:00,28.75,Medium
55605483,31,136.81,2025-12-18 21:00:00,30.62,High
55619772,15,20.93,2025-12-18 23:00:00,29.04,Medium
55639966,20,33.75,2025-12-18 13:00:00,30.08,Medium
55668630,25,26.64,2025-12-16 21:00:00,27.42,Medium
55685159,31,65.39,2025-12-18 18:00:00,30.21,High
55694827,23,17.3,2025-12-17 15:00:00,29.12,Medium
55721608,16,30.06,2025-12-18 17:00:00,24.46,Medium
55749305,27,61.0,2025-12-17 17:00:00,29.17,Medium
55764582,18,20.33,2025-12-18 22:00:00,27.42,Medium
55766107,15,15.8,2025-12-10 10:00:00,22.04,Low
55821833,26,37.31,2025-12-17 12:00:00,28.83,Medium
55828617,19,25.89,2025-12-13 15:00:00,25.62,Medium
55832101,1,3.0,2025-12-18 20:00:00,0.0,Low
55832398,30,125.67,2025-12-18 11:00:00,30.17,High
55836212,24,38.71,2025-12-18 21:00:00,30.54,Medium
55864105,8,10.0,2025-12-18 19:00:00,16.08,Low
55882028,19,16.21,2025-12-18 22:00:00,30.92,Medium
55884426,22,15.73,2025-12-17 21:00:00,29.5,Medium
55889877,20,64.35,2025-12-18 19:00:00,28.92,Medium
55890664,22,40.09,2025-12-18 22:00:00,30.54,Medium
55948598,25,42.24,2025-12-18 10:00:00,28.75,Medium
55961337,8,14.12,2025-12-13 22:00:00,24.42,Low
55975460,26,59.35,2025-12-17 16:00:00,29.25,Medium
56002069,22,53.73,2025-12-18 18:00:00,29.92,Medium
56009546,16,52.44,2025-12-17 11:00:00,28.67,Medium
56045820,14,47.71,2025-12-17 22:00:00,29.12,Medium
56053530,29,138.28,2025-12-18 22:00:00,30.67,High
56063372,22,63.41,2025-12-18 21:00:00,30.0,Medium
56096607,16,29.69,2025-12-18 11:00:00,29.12,Medium
56105906,16,22.06,2025-12-17 14:00:00,21.96,Medium
56119326,26,20.85,2025-12-18 19:00:00,27.88,Medium
56124730,22,20.05,2025-12-18 22:00:00,30.25,Medium
56161120,26,28.88,2025-12-18 22:00:00,30.54,Medium
56167258,17,32.24,2025-12-18 23:00:00,30.96,Medium
56186882,30,33.03,2025-12-18 18:00:00,30.17,Medium
56199602,20,41.55,2025-12-18 00:00:00,30.0,Medium
56201536,17,8.88,2025-12-16 06:00:00,27.46,Low
56205838,24,41.75,2025-12-16 00:00:00,27.42,Medium
56210078,31,57.19,2025-12-18 22:00:00,30.62,Medium
56219133,8,22.88,2025-12-14 08:00:00,24.54,Low
56245076,29,129.93,2025-12-18 20:00:00,30.58,High
56259246,30,52.53,2025-12-18 09:00:00,29.79,Medium
56265199,30,38.13,2025-12-18 22:00:00,30.5,Medium
56278193,26,64.15,2025-12-18 20:00:00,30.38,Medium
56279008,10,25.7,2025-12-18 14:00:00,20.29,Medium
56296919,20,77.5,2025-12-18 22:00:00,30.08,Medium
56346664,21,31.57,2025-12-18 23:00:00,30.62,Medium
56367782,27,37.93,2025-12-17 20:00:00,29.54,Medium
56373208,23,24.74,2025-12-18 02:00:00,29.46,Medium
56376570,23,119.04,2025-12-18 15:00:00,22.08,High
56377036,25,26.76,2025-12-18 11:00:00,29.96,Medium
56399419,10,63.0,2025-12-18 22:00:00,29.38,Medium
56410564,23,30.48,2025-12-18 09:00:00,29.79,Medium
56423900,18,30.39,2025-12-18 20:00:00,26.0,Medium
56444539,31,53.26,2025-12-18 19:00:00,30.46,Medium
56462249,31,302.52,2025-12-18 23:00:00,30.5,High
56466888,27,28.11,2025-12-18 21:00:00,29.0,Medium
56472082,23,32.43,2025-12-18 15:00:00,29.21,Medium
56473138,23,40.7,2025-12-18 17:00:00,28.75,Medium
56481977,23,71.91,2025-12-18 18:00:00,30.71,Medium
56491938,30,48.17,2025-12-18 20:00:00,30.54,Medium
56498242,31,70.1,2025-12-18 21:00:00,30.58,High
56498516,28,80.32,2025-12-17 19:00:00,29.46,High
56528086,20,38.75,2025-12-18 08:00:00,30.04,Medium
56539722,26,26.31,2025-12-18 20:00:00,30.54,Medium
56541900,21,86.62,2025-12-13 20:00:00,25.42,Medium
56554346,18,49.17,2025-12-18 17:00:00,26.08,Medium
56558948,30,82.37,2025-12-18 17:00:00,30.71,High
56560718,31,202.16,2025-12-18 22:00:00,30.58,High
56575580,31,102.16,2025-12-18 12:00:00,30.04,High
56591452,28,27.29,2025-12-18 13:00:00,29.71,Medium
56592437,30,19.63,2025-12-18 18:00:00,29.29,Medium
56646633,24,15.67,2025-12-18 18:00:00,29.25,Medium
56649801,26,18.08,2025-12-18 13:00:00,30.25,Medium
56652874,10,10.0,2025-12-18 23:00:00,25.21,Low
56653402,23,262.96,2025-12-18 22:00:00,27.08,High
56676769,28,80.25,2025-12-18 07:00:00,29.83,High
56690952,30,221.87,2025-12-18 23:00:00,30.29,High
56708793,30,140.87,2025-12-18 16:00:00,30.25,High
56709846,20,17.55,2025-12-16 13:00:00,27.79,Medium
56735134,29,63.93,2025-12-18 09:00:00,30.38,Medium
56756873,29,34.69,2025-12-18 21:00:00,30.42,Medium
56790163,25,100.6,2025-12-18 16:00:00,30.67,High
56797391,31,66.03,2025-12-18 17:00:00,30.71,High
56800934,28,61.14,2025-12-18 16:00:00,30.17,Medium
56820067,22,26.95,2025-12-18 19:00:00,30.38,Medium
56823809,24,49.58,2025-12-18 18:00:00,30.17,Medium
56830095,31,135.0,2025-12-18 15:00:00,30.29,High
56840376,30,43.13,2025-12-18 22:00:00,29.38,Medium
56845243,24,18.08,2025-12-18 18:00:00,29.46,Medium
56868935,21,19.38,2025-12-18 13:00:00,30.29,Medium
56878355,25,24.16,2025-12-18 09:00:00,30.38,Medium
56879645,19,30.11,2025-12-17 22:00:00,29.67,Medium
56886732,30,76.4,2025-12-18 22:00:00,30.54,High
56892801,30,140.97,2025-12-18 23:00:00,30.88,High
56905856,15,24.4,2025-12-17 23:00:00,29.5,Medium
56920355,16,36.5,2025-12-18 15:00:00,30.62,Medium
56946643,15,16.47,2025-12-15 21:00:00,22.92,Low
56960895,11,16.91,2025-12-15 14:00:00,26.83,Low
56970308,1,123.0,2025-11-26 16:00:00,0.0,Low
56972597,2,35.5,2025-11-22 11:00:00,0.92,Low
56978241,18,41.22,2025-12-18 21:00:00,29.25,Medium
56981425,29,39.28,2025-12-18 17:00:00,30.42,Medium
56995817,12,19.17,2025-12-12 18:00:00,24.21,Low
56997547,26,34.42,2025-12-18 20:00:00,30.83,Medium
57015662,19,73.47,2025-12-18 19:00:00,29.38,Medium
57033180,16,59.5,2025-12-18 16:00:00,30.0,Medium
57041703,30,38.5,2025-12-18 11:00:00,29.71,Medium
57047656,20,17.85,2025-12-18 22:00:00,30.42,Medium
57062999,26,26.12,2025-12-18 10:00:00,28.54,Medium
57074474,11,15.09,2025-12-18 20:00:00,23.33,Low
57080557,15,50.8,2025-12-18 23:00:00,14.04,Medium
57097264,31,85.87,2025-12-18 19:00:00,30.71,High
57105532,31,265.19,2025-12-18 22:00:00,30.5,High
57115045,8,17.38,2025-12-17 15:00:00,28.21,Low
57122531,2,11.0,2025-12-18 20:00:00,15.17,Low
57140122,15,18.47,2025-12-17 20:00:00,29.5,Medium
57160373,9,53.56,2025-12-13 10:00:00,23.12,Medium
57175975,24,67.88,2025-12-18 09:00:00,28.62,Medium
57190135,27,51.15,2025-12-18 20:00:00,30.04,Medium
57233563,12,13.25,2025-12-17 09:00:00,27.5,Low
57273009,26,27.5,2025-12-18 00:00:00,29.54,Medium
57275898,23,51.74,2025-12-18 15:00:00,30.04,Medium
57295673,29,61.17,2025-12-17 21:00:00,29.21,Medium
57299030,13,14.69,2025-12-12 13:00:00,23.71,Low
57301300,30,59.17,2025-12-18 18:00:00,30.08,Medium
57350677,28,29.18,2025-12-18 22:00:00,30.12,Medium
57357642,4,6.0,2025-11-22 13:00:00,3.88,Low
57386575,30,88.03,2025-12-18 22:00:00,30.62,High
57391950,25,83.96,2025-12-18 23:00:00,30.54,High
57406426,4,11.75,2025-12-18 18:00:00,6.17,Low
57408837,25,60.32,2025-12-18 15:00:00,30.0,Medium
57432185,24,46.21,2025-12-18 06:00:00,29.79,Medium
57432644,13,31.38,2025-12-18 15:00:00,27.08,Medium
57447913,31,96.94,2025-12-18 21:00:00,30.33,High
57450756,19,16.89,2025-12-18 13:00:00,30.33,Medium
57454165,28,55.71,2025-12-18 23:00:00,30.17,Medium
57475934,26,29.85,2025-12-17 23:00:00,28.17,Medium
57499087,24,72.96,2025-12-17 22:00:00,29.42,Medium
57518362,23,41.48,2025-12-18 23:00:00,29.62,Medium
57548588,15,44.73,2025-12-12 22:00:00,24.5,Medium
57577068,20,51.3,2025-12-17 12:00:00,28.71,Medium
57593115,27,43.93,2025-12-18 19:00:00,30.38,Medium
57607228,30,78.47,2025-12-18 16:00:00,30.12,High
57618932,22,25.27,2025-12-18 20:00:00,30.21,Medium
57625459,3,35.67,2025-12-17 19:00:00,8.54,Low
57628198,24,57.58,2025-12-18 20:00:00,30.33,Medium
57636921,30,174.7,2025-12-18 21:00:00,30.58,High
57638892,20,57.35,2025-12-18 21:00:00,28.38,Medium
57664277,6,42.83,2025-12-09 00:00:00,10.62,Medium
57672659,19,36.32,2025-12-18 19:00:00,21.12,Medium
57685274,24,18.96,2025-12-17 18:00:00,29.21,Medium
57695809,20,32.0,2025-12-18 18:00:00,30.25,Medium
57728595,27,88.04,2025-12-18 20:00:00,30.71,High
57773119,17,46.35,2025-12-18 10:00:00,28.12,Medium
57787294,28,42.79,2025-12-18 20:00:00,30.58,Medium
57808521,29,65.69,2025-12-18 21:00:00,30.54,High
57810665,19,17.21,2025-12-14 10:00:00,24.5,Medium
57824292,23,92.52,2025-12-17 18:00:00,28.5,High
57834315,28,14.32,2025-12-18 21:00:00,30.42,Medium
57843315,15,40.53,2025-12-17 23:00:00,20.04,Medium
57846106,16,21.75,2025-12-17 02:00:00,29.08,Medium
57857118,31,123.58,2025-12-18 22:00:00,30.33,High
57861697,15,23.93,2025-12-16 12:00:00,27.79,Medium
57877811,8,95.88,2025-12-17 14:00:00,22.62,Medium
57921246,4,38.25,2025-12-18 19:00:00,6.0,Low
57934665,12,10.42,2025-12-18 16:00:00,30.04,Low
57938833,20,11.5,2025-12-18 14:00:00,29.67,Low
57940111,24,26.21,2025-12-16 21:00:00,28.88,Medium
57949136,31,134.39,2025-12-18 19:00:00,30.17,High
57950413,15,24.13,2025-12-17 15:00:00,28.21,Medium
57954612,3,5.33,2025-12-18 23:00:00,25.88,Low
57981025,31,160.65,2025-12-18 18:00:00,30.42,High
58008140,19,42.21,2025-12-18 15:00:00,30.29,Medium
58011702,17,11.18,2025-12-18 08:00:00,29.75,Low
58040963,9,21.56,2025-12-06 09:00:00,17.54,Low
58072344,11,22.45,2025-12-17 22:00:00,29.08,Low
58089074,18,31.72,2025-12-18 21:00:00,17.08,Medium
58089987,30,60.0,2025-12-18 21:00:00,30.88,Medium
58129501,19,20.68,2025-12-18 22:00:00,30.33,Medium
58134314,31,168.1,2025-12-18 04:00:00,30.12,High
58156669,17,28.65,2025-12-18 15:00:00,29.17,Medium
58157288,24,37.92,2025-12-17 20:00:00,29.33,Medium
58173672,1,36.0,2025-12-12 15:00:00,0.08,Low
58188922,31,66.55,2025-12-18 21:00:00,30.67,High
58199565,28,32.75,2025-12-18 21:00:00,30.54,Medium
58207246,31,74.52,2025-12-18 23:00:00,30.58,High
58207544,30,130.7,2025-12-18 23:00:00,30.5,High
58207688,6,39.0,2025-12-16 22:00:00,28.04,Low
58238111,29,51.21,2025-12-18 23:00:00,30.62,Medium
58280056,26,21.81,2025-12-18 20:00:00,30.17,Medium
58327324,11,28.18,2025-12-17 16:00:00,14.71,Medium
58333326,17,17.12,2025-12-15 23:00:00,26.38,Medium
58391417,20,32.4,2025-12-18 21:00:00,28.17,Medium
58422836,27,29.78,2025-12-18 19:00:00,30.46,Medium
58423360,23,31.26,2025-12-18 22:00:00,30.12,Medium
58437782,29,85.62,2025-12-18 20:00:00,30.42,High
58444103,4,110.75,2025-11-30 15:00:00,7.75,Medium
58456864,31,76.61,2025-12-18 16:00:00,29.96,High
58468151,11,22.55,2025-12-18 01:00:00,28.12,Low
58479383,21,41.62,2025-12-11 20:00:00,23.12,Medium
58483297,25,17.28,2025-12-18 04:00:00,29.88,Medium
58538583,19,16.0,2025-12-18 06:00:00,27.46,Medium
58559704,27,44.67,2025-12-18 23:00:00,30.54,Medium
58581609,31,191.0,2025-12-18 23:00:00,30.67,High
58585610,15,17.4,2025-12-17 21:00:00,29.0,Medium
58663495,14,29.0,2025-12-18 19:00:00,17.04,Medium
58727397,22,19.77,2025-12-18 20:00:00,28.21,Medium
58757200,7,32.0,2025-12-09 18:00:00,7.96,Low
58778870,26,27.81,2025-12-18 19:00:00,30.0,Medium
58784511,19,20.79,2025-12-18 23:00:00,30.12,Medium
58805712,27,22.33,2025-12-18 12:00:00,29.79,Medium
58812216,31,151.35,2025-12-18 22:00:00,30.58,High
58814819,19,29.0,2025-12-18 08:00:00,29.79,Medium
58843715,23,54.96,2025-12-17 13:00:00,28.62,Medium
58849452,26,101.31,2025-12-17 14:00:00,29.17,High
58871895,24,77.29,2025-12-18 13:00:00,28.88,Medium
58874603,26,21.46,2025-12-18 16:00:00,27.88,Medium
58902373,24,112.96,2025-12-17 14:00:00,28.92,High
58992390,30,79.63,2025-12-18 16:00:00,30.29,High
59012689,16,24.81,2025-12-18 20:00:00,25.12,Medium
59056293,27,18.07,2025-12-18 19:00:00,30.29,Medium
59057185,13,18.38,2025-12-16 11:00:00,26.54,Low
59076389,12,52.83,2025-12-16 13:00:00,28.17,Medium
59076519,26,67.23,2025-12-18 22:00:00,28.46,Medium
59106109,24,58.25,2025-12-18 21:00:00,28.25,Medium
59114937,21,40.62,2025-12-18 21:00:00,25.04,Medium
59127123,28,65.39,2025-12-18 21:00:00,30.21,Medium
59127538,25,47.52,2025-12-18 19:00:00,30.0,Medium
59131217,25,102.6,2025-12-18 03:00:00,29.46,High
59138148,2,76.5,2025-11-22 10:00:00,4.04,Low
59144894,21,20.71,2025-12-18 23:00:00,30.96,Medium
59167469,14,32.21,2025-12-17 19:00:00,29.17,Medium
59172718,1,12.0,2025-12-15 23:00:00,0.04,Low
59174013,20,41.65,2025-12-18 21:00:00,29.12,Medium
59178238,18,52.22,2025-12-18 21:00:00,29.46,Medium
59182141,16,41.56,2025-12-18 22:00:00,27.92,Medium
59214580,30,126.43,2025-12-18 23:00:00,30.62,High
59241675,15,24.13,2025-12-17 16:00:00,26.08,Medium
59244307,11,19.27,2025-12-18 21:00:00,26.92,Low
59247271,25,45.48,2025-12-18 23:00:00,30.58,Medium
59248477,30,124.63,2025-12-18 23:00:00,30.62,High
59270559,13,69.62,2025-12-18 23:00:00,15.25,Medium
59283998,1,8.0,2025-11-20 20:00:00,0.0,Low
59286093,8,46.75,2025-12-13 07:00:00,17.62,Medium
59302934,11,20.91,2025-12-18 12:00:00,23.79,Low
59317386,4,34.0,2025-12-03 10:00:00,8.5,Low
59318036,21,32.1,2025-12-18 15:00:00,30.21,Medium
59323197,14,27.93,2025-12-18 20:00:00,29.04,Medium
59354562,24,57.0,2025-12-18 15:00:00,30.0,Medium
59394022,23,36.09,2025-12-17 21:00:00,29.5,Medium
59412514,27,33.19,2025-12-17 20:00:00,29.38,Medium
59413510,30,144.93,2025-12-18 23:00:00,30.29,High
59419662,11,35.36,2025-12-18 14:00:00,22.25,Medium
59422637,26,169.15,2025-12-18 23:00:00,30.96,High
59462013,25,40.52,2025-12-17 22:00:00,29.58,Medium
59473714,23,37.87,2025-12-18 21:00:00,30.04,Medium
59480165,21,38.67,2025-12-18 22:00:00,30.12,Medium
59495705,14,35.0,2025-12-17 19:00:00,29.25,Medium
59511789,31,649.32,2025-12-18 23:00:00,30.54,High
59518778,24,19.67,2025-12-17 22:00:00,29.04,Medium
59540963,31,46.97,2025-12-18 17:00:00,30.67,Medium
59547613,18,27.06,2025-12-18 21:00:00,30.0,Medium
59564210,30,90.9,2025-12-18 22:00:00,30.92,High
59567091,30,360.27,2025-12-18 23:00:00,30.67,High
59575247,21,35.95,2025-12-12 20:00:00,23.33,Medium
59621698,23,35.74,2025-12-18 22:00:00,26.96,Medium
59622953,24,43.83,2025-12-18 20:00:00,30.54,Medium
59627027,29,37.17,2025-12-18 22:00:00,30.62,Medium
59648886,14,31.14,2025-12-18 16:00:00,27.96,Medium
59654133,22,24.41,2025-12-18 21:00:00,29.17,Medium
59659116,31,238.0,2025-12-18 22:00:00,30.92,High
59660896,31,80.03,2025-12-18 12:00:00,29.62,High
59674270,21,63.71,2025-12-18 23:00:00,29.42,Medium
59688022,25,38.68,2025-12-18 20:00:00,30.17,Medium
59691950,23,41.52,2025-12-18 22:00:00,29.96,Medium
59698667,23,14.61,2025-12-18 16:00:00,29.79,Medium
59705015,23,32.74,2025-12-16 15:00:00,26.67,Medium
59731095,27,76.85,2025-12-18 23:00:00,29.42,High
59736074,20,23.3,2025-12-16 13:00:00,27.96,Medium
59737169,29,29.07,2025-12-18 21:00:00,30.38,Medium
59746563,11,42.73,2025-12-18 00:00:00,25.17,Medium
59763374,21,28.29,2025-12-18 16:00:00,30.04,Medium
59766636,14,15.29,2025-12-12 17:00:00,21.83,Low
59767111,11,15.36,2025-12-18 20:00:00,30.25,Low
59779793,31,123.35,2025-12-18 22:00:00,30.92,High
59781040,20,44.55,2025-12-18 22:00:00,30.08,Medium
59781337,28,182.96,2025-12-18 23:00:00,28.25,High
59783248,29,75.97,2025-12-18 21:00:00,30.54,High
59791208,29,94.21,2025-12-18 22:00:00,30.62,High
59797150,19,28.32,2025-12-17 22:00:00,29.54,Medium
59831058,25,129.76,2025-12-18 22:00:00,30.88,High
59833454,11,28.36,2025-12-18 19:00:00,28.96,Medium
59860644,18,30.39,2025-12-17 08:00:00,27.71,Medium
59864388,31,117.9,2025-12-18 14:00:00,30.58,High
59894542,17,64.41,2025-12-18 22:00:00,30.92,Medium
59906101,2,39.0,2025-12-16 14:00:00,1.21,Low
59915320,21,109.67,2025-12-15 18:00:00,27.21,High
59921221,31,47.29,2025-12-18 14:00:00,30.04,Medium
59934685,25,16.28,2025-12-17 07:00:00,26.5,Medium
59951693,26,37.77,2025-12-16 02:00:00,27.62,Medium
59984080,19,5.58,2025-12-17 06:00:00,28.96,Low
60014035,4,20.75,2025-12-18 08:00:00,8.46,Low
60030689,17,42.76,2025-12-17 20:00:00,28.88,Medium
60032019,16,26.44,2025-12-17 23:00:00,29.42,Medium
60032762,31,245.77,2025-12-18 18:00:00,30.75,High
60051601,24,48.25,2025-12-18 21:00:00,30.62,Medium
60058718,10,28.0,2025-12-17 23:00:00,28.5,Medium
60059149,2,19.0,2025-12-18 20:00:00,7.25,Low
60069670,6,21.17,2025-12-13 23:00:00,19.96,Low
60079613,31,107.23,2025-12-18 21:00:00,30.62,High
60112819,19,9.11,2025-12-18 20:00:00,30.58,Low
60155217,14,12.57,2025-12-17 07:00:00,28.46,Low
60159990,31,93.65,2025-12-18 21:00:00,30.88,High
60203830,31,37.13,2025-12-18 22:00:00,30.71,Medium
60238437,20,34.4,2025-12-17 13:00:00,29.04,Medium
60239656,28,46.14,2025-12-17 19:00:00,29.5,Medium
60248227,26,28.62,2025-12-18 22:00:00,30.42,Medium
60296951,29,75.79,2025-12-18 10:00:00,29.96,High
60301498,22,27.14,2025-12-16 18:00:00,28.5,Medium
60314888,26,57.31,2025-12-18 21:00:00,30.67,Medium
60320022,28,46.39,2025-12-18 18:00:00,30.67,Medium
60330578,20,93.15,2025-12-07 23:00:00,19.54,High
60351038,24,34.04,2025-12-18 10:00:00,30.12,Medium
60352954,25,29.48,2025-12-17 23:00:00,29.62,Medium
60366651,16,208.06,2025-12-17 01:00:00,23.25,High
60386008,30,19.47,2025-12-18 22:00:00,30.62,Medium
60408225,17,22.59,2025-12-18 23:00:00,30.33,Medium
60419145,23,41.09,2025-12-18 11:00:00,30.46,Medium
60431657,12,16.33,2025-12-15 16:00:00,17.29,Low
60441587,5,52.2,2025-12-18 14:00:00,17.75,Medium
60457466,19,40.63,2025-12-18 18:00:00,29.96,Medium
60479111,24,32.75,2025-12-15 13:00:00,27.12,Medium
60481646,14,16.93,2025-12-12 20:00:00,24.46,Low
60495861,10,81.0,2025-12-18 05:00:00,13.62,Medium
60497165,9,4.22,2025-12-18 23:00:00,29.21,Low
60498346,16,13.31,2025-12-17 17:00:00,28.92,Low
60532141,7,19.29,2025-12-08 13:00:00,16.12,Low
60534988,3,4.33,2025-12-16 20:00:00,3.25,Low
60535085,23,63.3,2025-12-18 21:00:00,30.46,Medium
60550509,22,28.68,2025-12-18 14:00:00,30.58,Medium
60559051,16,76.19,2025-12-18 23:00:00,30.5,Medium
60575815,31,124.42,2025-12-18 19:00:00,30.46,High
60615660,28,42.79,2025-12-18 22:00:00,30.54,Medium
60625397,31,209.94,2025-12-18 21:00:00,30.54,High
60641267,18,7.89,2025-12-18 17:00:00,30.17,Low
60643405,14,33.36,2025-12-18 23:00:00,28.92,Medium
60660094,14,13.0,2025-12-16 21:00:00,28.08,Low
60660467,28,41.93,2025-12-18 12:00:00,30.17,Medium
60674956,28,48.68,2025-12-17 17:00:00,29.71,Medium
60686963,27,64.26,2025-12-18 11:00:00,30.21,Medium
60695400,26,39.92,2025-12-18 13:00:00,28.88,Medium
60702257,3,10.67,2025-12-14 21:00:00,13.0,Low
60724505,21,25.67,2025-12-17 13:00:00,29.54,Medium
60729896,14,33.5,2025-12-14 19:00:00,21.42,Medium
60734132,26,54.35,2025-12-18 19:00:00,29.04,Medium
60753044,22,79.82,2025-12-18 14:00:00,28.75,Medium
60756149,16,54.31,2025-12-15 14:00:00,26.62,Medium
60802346,17,51.76,2025-12-18 19:00:00,24.21,Medium
60802539,15,12.0,2025-12-18 21:00:00,30.21,Low
60815533,12,28.17,2025-12-18 18:00:00,24.25,Medium
60826253,15,28.53,2025-12-18 11:00:00,23.79,Medium
60879635,28,60.14,2025-12-18 22:00:00,30.33,Medium
60890401,22,24.27,2025-12-18 11:00:00,30.12,Medium
60899990,16,13.19,2025-12-15 20:00:00,26.38,Low
60944296,16,23.94,2025-12-18 14:00:00,27.12,Medium
60964944,28,46.46,2025-12-18 21:00:00,30.88,Medium
60988267,23,23.04,2025-12-16 09:00:00,28.0,Medium
61015468,18,27.89,2025-12-17 22:00:00,29.58,Medium
61058989,14,27.71,2025-12-18 10:00:00,24.08,Medium
61068008,28,90.11,2025-12-18 19:00:00,30.17,High
61114029,12,33.25,2025-12-14 18:00:00,21.38,Medium
61121803,29,64.31,2025-12-18 11:00:00,30.04,High
61134251,30,49.43,2025-12-18 23:00:00,30.21,Medium
61162561,21,32.14,2025-12-18 18:00:00,30.08,Medium
61189033,16,29.25,2025-12-18 18:00:00,30.33,Medium
61200152,11,52.64,2025-12-18 18:00:00,28.5,Medium
61209536,21,10.57,2025-12-18 11:00:00,30.21,Low
61219560,26,60.65,2025-12-18 22:00:00,30.92,Medium
61228049,30,46.7,2025-12-18 23:00:00,30.54,Medium
61247967,18,24.22,2025-12-17 23:00:00,28.5,Medium
61254091,10,9.9,2025-12-14 00:00:00,12.25,Low
61259086,25,41.28,2025-12-18 16:00:00,29.21,Medium
61269594,31,81.81,2025-12-18 15:00:00,30.29,High
61328324,13,21.69,2025-12-17 09:00:00,26.58,Medium
61336461,29,122.48,2025-12-18 16:00:00,30.38,High
61342536,19,31.05,2025-12-18 16:00:00,30.17,Medium
61375478,1,45.0,2025-12-18 21:00:00,0.04,Low
61385318,21,25.52,2025-12-18 14:00:00,30.12,Medium
61392570,23,32.39,2025-12-18 23:00:00,30.42,Medium
61409141,22,14.82,2025-12-18 23:00:00,30.21,Medium
61440941,23,7.7,2025-12-18 07:00:00,30.17,Low
61443186,23,25.3,2025-12-18 13:00:00,26.75,Medium
61453950,31,114.0,2025-12-18 15:00:00,30.38,High
61454609,8,13.5,2025-12-18 23:00:00,30.67,Low
61457956,31,193.61,2025-12-18 19:00:00,30.42,High
61459598,31,118.81,2025-12-18 23:00:00,30.96,High
61472535,24,75.42,2025-12-18 20:00:00,29.46,Medium
61485943,13,25.08,2025-12-17 18:00:00,20.71,Medium
61506078,29,59.1,2025-12-18 14:00:00,30.25,Medium
61513100,22,17.91,2025-12-18 23:00:00,30.25,Medium
61534398,10,4.0,2025-12-16 23:00:00,22.25,Low
61536684,29,34.17,2025-12-18 23:00:00,30.42,Medium
61561686,21,26.76,2025-12-18 07:00:00,29.46,Medium
61570016,30,64.93,2025-12-18 20:00:00,30.46,High
61596634,31,153.58,2025-12-18 21:00:00,30.21,High
61626834,29,48.66,2025-12-18 20:00:00,30.83,Medium
61626894,26,123.73,2025-12-17 09:00:00,29.21,High
61627054,31,118.9,2025-12-18 22:00:00,30.67,High
61628772,16,81.0,2025-12-18 23:00:00,19.0,Medium
61636536,14,11.07,2025-12-18 15:00:00,29.29,Low
61644490,27,119.19,2025-12-18 08:00:00,30.0,High
61646487,1,27.0,2025-12-17 01:00:00,0.04,Low
61657695,11,19.0,2025-12-17 19:00:00,21.33,Low
61664752,22,37.59,2025-12-18 23:00:00,30.67,Medium
61692878,30,50.67,2025-12-18 23:00:00,30.54,Medium
61718224,26,70.81,2025-12-18 19:00:00,30.42,Medium
61739067,23,48.13,2025-12-18 21:00:00,28.96,Medium
61740927,26,37.81,2025-12-17 22:00:00,28.29,Medium
61743492,25,50.28,2025-12-14 12:00:00,26.5,Medium
61754447,28,47.57,2025-12-18 09:00:00,29.96,Medium
61759149,19,35.32,2025-12-18 12:00:00,26.0,Medium
61775192,1,49.0,2025-12-18 23:00:00,0.08,Low
61779777,16,23.25,2025-12-18 23:00:00,30.08,Medium
61809502,26,24.81,2025-12-18 21:00:00,29.25,Medium
61811087,27,16.78,2025-12-16 20:00:00,28.42,Medium
61887588,29,34.97,2025-12-18 23:00:00,30.54,Medium
61925056,31,97.16,2025-12-18 22:00:00,30.5,High
61948623,27,43.44,2025-12-18 08:00:00,28.5,Medium
61966309,25,28.48,2025-12-18 20:00:00,29.71,Medium
61974693,12,19.75,2025-12-18 23:00:00,30.08,Low
61975328,23,37.91,2025-12-17 17:00:00,28.08,Medium
62007671,31,43.39,2025-12-18 22:00:00,30.38,Medium
62024754,31,116.29,2025-12-18 23:00:00,30.83,High
62029939,12,32.0,2025-12-18 01:00:00,20.08,Medium
62034800,25,24.28,2025-12-18 14:00:00,30.12,Medium
62042013,30,79.53,2025-12-18 19:00:00,30.46,High
62043708,27,42.7,2025-12-18 21:00:00,30.42,Medium
62068426,31,169.74,2025-12-18 20:00:00,30.79,High
62073731,31,111.29,2025-12-18 23:00:00,30.46,High
62090894,30,87.17,2025-12-18 21:00:00,30.67,High
62107563,9,15.33,2025-12-10 14:00:00,21.79,Low
62118780,12,7.75,2025-12-12 13:00:00,22.75,Low
62124329,17,39.24,2025-12-15 13:00:00,27.0,Medium
62126989,24,26.29,2025-12-18 23:00:00,30.58,Medium
62142957,30,128.03,2025-12-18 23:00:00,30.5,High
62173755,27,26.96,2025-12-18 18:00:00,30.12,Medium
62177780,24,65.71,2025-12-18 23:00:00,30.96,Medium
62192186,19,50.26,2025-12-18 10:00:00,29.62,Medium
62225943,20,47.15,2025-12-15 14:00:00,27.38,Medium
62290638,18,18.33,2025-12-16 21:00:00,27.38,Medium
62305709,18,20.0,2025-12-18 21:00:00,28.25,Medium
62320046,25,40.04,2025-12-18 22:00:00,30.83,Medium
62324857,14,9.29,2025-12-18 21:00:00,25.0,Low
62334433,6,40.33,2025-12-12 03:00:00,22.67,Low
62355811,23,23.57,2025-12-18 21:00:00,27.0,Medium
62359568,14,39.29,2025-12-16 18:00:00,23.88,Medium
62360262,30,249.27,2025-12-18 23:00:00,30.96,High
62364748,26,59.73,2025-12-17 21:00:00,29.33,Medium
62373202,28,69.96,2025-12-18 19:00:00,30.38,High
62393322,28,38.5,2025-12-18 22:00:00,30.04,Medium
62394339,30,46.27,2025-12-18 21:00:00,30.0,Medium
62409605,25,60.72,2025-12-18 21:00:00,30.04,Medium
62443822,21,15.38,2025-12-18 22:00:00,30.04,Medium
62458338,17,72.12,2025-12-15 14:00:00,24.96,Medium
62478205,11,69.36,2025-12-18 12:00:00,25.04,Medium
62492081,15,5.67,2025-12-16 21:00:00,28.38,Low
62546002,8,30.38,2025-12-15 12:00:00,27.5,Low
62560245,26,68.19,2025-12-18 19:00:00,30.38,Medium
62569699,24,47.17,2025-12-18 21:00:00,30.0,Medium
62571710,31,107.03,2025-12-18 22:00:00,30.83,High
62575215,26,34.31,2025-12-17 22:00:00,29.08,Medium
62579531,6,4.33,2025-12-15 13:00:00,25.71,Low
62580886,20,25.3,2025-12-16 15:00:00,26.0,Medium
62581364,31,85.19,2025-12-18 23:00:00,30.5,High
62585019,6,20.33,2025-12-16 20:00:00,17.96,Low
62585395,26,33.0,2025-12-18 21:00:00,30.42,Medium
62603444,31,80.03,2025-12-18 22:00:00,30.42,High
62603897,26,23.0,2025-12-18 15:00:00,30.33,Medium
62639453,26,41.85,2025-12-18 21:00:00,30.5,Medium
62672024,18,31.56,2025-12-16 19:00:00,28.29,Medium
62699395,9,14.0,2025-12-10 14:00:00,21.12,Low
62733933,8,27.12,2025-12-16 17:00:00,27.25,Low
62740391,22,38.68,2025-12-16 22:00:00,28.17,Medium
62764698,21,47.29,2025-12-18 19:00:00,29.38,Medium
62764948,27,137.11,2025-12-18 17:00:00,30.04,High
62781637,19,33.74,2025-12-18 21:00:00,25.92,Medium
62786039,13,19.0,2025-12-17 14:00:00,24.88,Low
62806088,5,7.4,2025-12-16 18:00:00,24.88,Low
62808447,22,28.41,2025-12-18 07:00:00,30.0,Medium
62809951,25,43.68,2025-12-18 17:00:00,29.21,Medium
62826060,26,87.5,2025-12-18 23:00:00,30.38,High
62833198,17,26.94,2025-12-18 23:00:00,28.04,Medium
62857495,3,36.33,2025-12-16 01:00:00,11.17,Low
62871223,17,25.12,2025-12-18 23:00:00,29.38,Medium
62875614,30,36.97,2025-12-18 21:00:00,30.25,Medium
62879516,25,21.92,2025-12-18 21:00:00,30.62,Medium
62889051,26,52.88,2025-12-18 19:00:00,30.38,Medium
62901515,10,8.1,2025-12-17 13:00:00,28.62,Low
62918630,11,23.45,2025-12-17 22:00:00,29.58,Medium
62925833,9,38.56,2025-12-16 13:00:00,22.71,Medium
62941911,9,23.0,2025-12-12 09:00:00,16.79,Low
62944161,4,92.25,2025-12-18 13:00:00,24.08,Medium
62944220,11,21.18,2025-12-17 00:00:00,26.0,Low
62969316,11,41.45,2025-12-14 23:00:00,26.62,Medium
62989125,5,18.2,2025-12-01 09:00:00,12.71,Low
62989173,27,33.48,2025-12-18 21:00:00,30.08,Medium
62994612,16,54.31,2025-12-17 22:00:00,24.0,Medium
63001216,27,30.33,2025-12-15 22:00:00,27.58,Medium
63052028,21,147.62,2025-12-18 23:00:00,28.04,High
63080911,21,44.76,2025-12-18 21:00:00,30.08,Medium
63082966,16,16.12,2025-12-17 22:00:00,29.42,Medium
63084469,23,27.57,2025-12-18 22:00:00,30.5,Medium
63159938,29,35.1,2025-12-18 16:00:00,30.08,Medium
63164461,25,37.08,2025-12-17 22:00:00,29.58,Medium
63174613,24,38.83,2025-12-18 14:00:00,30.08,Medium
63176270,31,110.42,2025-12-18 23:00:00,30.96,High
63178759,22,20.0,2025-12-18 22:00:00,30.38,Medium
63183196,14,7.86,2025-12-16 07:00:00,27.88,Low
63223782,23,11.7,2025-12-18 23:00:00,29.12,Medium
63245692,27,65.11,2025-12-17 19:00:00,29.25,Medium
63256758,31,119.26,2025-12-18 21:00:00,30.38,High
63281686,26,49.04,2025-12-16 18:00:00,28.33,Medium
63329418,31,192.16,2025-12-18 12:00:00,30.17,High
63330474,5,57.6,2025-12-09 20:00:00,20.62,Medium
63339028,31,122.1,2025-12-18 22:00:00,30.58,High
63339213,22,33.27,2025-12-18 17:00:00,30.21,Medium
63347672,13,9.15,2025-12-18 09:00:00,20.42,Low
63351357,24,26.17,2025-12-18 09:00:00,29.04,Medium
63382216,29,50.45,2025-12-18 21:00:00,30.46,Medium
63382326,3,5.0,2025-12-12 21:00:00,24.0,Low
63394949,26,33.31,2025-12-18 14:00:00,29.92,Medium
63398160,27,89.78,2025-12-17 00:00:00,29.0,High
63427182,11,46.73,2025-12-11 20:00:00,19.12,Medium
63458915,26,30.0,2025-12-18 19:00:00,30.12,Medium
63475455,18,54.0,2025-12-18 15:00:00,29.96,Medium
63487630,3,4.67,2025-12-18 10:00:00,15.71,Low
63489689,28,45.57,2025-12-18 20:00:00,30.04,Medium
63583265,26,92.46,2025-12-18 18:00:00,30.75,High
63588363,18,22.22,2025-12-18 23:00:00,29.29,Medium
63621977,25,16.04,2025-12-18 00:00:00,29.54,Medium
63625417,31,167.65,2025-12-18 13:00:00,29.96,High
63702010,19,20.53,2025-12-18 22:00:00,30.58,Medium
63705984,16,17.31,2025-12-18 23:00:00,30.29,Medium
63727001,29,61.97,2025-12-18 22:00:00,30.92,Medium
63729308,19,22.79,2025-12-18 19:00:00,25.04,Medium
63759289,18,56.67,2025-12-18 20:00:00,26.08,Medium
63767620,12,23.42,2025-12-18 19:00:00,30.38,Medium
63802255,18,26.61,2025-12-18 13:00:00,30.04,Medium
63805861,23,51.22,2025-12-15 07:00:00,26.54,Medium
63823409,30,18.7,2025-12-18 06:00:00,29.96,Medium
63830172,5,27.6,2025-12-08 13:00:00,16.58,Low
63848985,22,38.18,2025-12-18 22:00:00,30.42,Medium
63853211,24,21.75,2025-12-17 17:00:00,29.42,Medium
63889098,11,25.64,2025-12-16 17:00:00,25.29,Medium
63902611,21,22.05,2025-12-18 22:00:00,30.62,Medium
63910679,27,49.56,2025-12-18 16:00:00,30.12,Medium
63929694,31,71.55,2025-12-18 20:00:00,30.29,High
63959682,28,26.71,2025-12-17 22:00:00,29.0,Medium
63960502,27,33.63,2025-12-18 17:00:00,28.83,Medium
63973702,26,60.77,2025-12-18 18:00:00,30.58,Medium
63977892,12,16.42,2025-12-17 19:00:00,29.29,Low
64022179,15,34.87,2025-12-15 19:00:00,26.88,Medium
64030719,26,31.0,2025-12-18 21:00:00,30.5,Medium
64051525,12,20.08,2025-12-18 20:00:00,19.5,Low
64056262,10,26.0,2025-12-13 19:00:00,23.04,Medium
64076866,13,58.38,2025-12-17 14:00:00,29.17,Medium
64105175,15,14.33,2025-12-17 07:00:00,28.46,Low
64126748,15,28.27,2025-12-18 18:00:00,30.29,Medium
64152450,17,44.24,2025-12-17 19:00:00,29.46,Medium
64161722,1,10.0,2025-12-15 17:00:00,0.0,Low
64187025,24,90.62,2025-12-18 21:00:00,29.04,High
64207025,18,7.67,2025-12-17 06:00:00,28.62,Low
64245350,13,22.92,2025-12-14 09:00:00,25.12,Medium
64266338,14,46.43,2025-12-17 12:00:00,28.79,Medium
64309062,27,63.33,2025-12-18 22:00:00,30.04,Medium
64310783,22,61.64,2025-12-18 18:00:00,30.25,Medium
64318871,31,47.32,2025-12-18 22:00:00,30.08,Medium
64326708,13,52.23,2025-12-18 05:00:00,13.83,Medium
64337070,2,69.5,2025-12-08 22:00:00,16.21,Low
64349342,20,15.35,2025-12-18 14:00:00,30.08,Medium
64355869,29,47.31,2025-12-18 23:00:00,30.67,Medium
64364680,13,18.69,2025-12-18 14:00:00,23.17,Low
64376905,9,32.0,2025-12-18 21:00:00,24.21,Medium
64379712,1,3.0,2025-12-11 14:00:00,0.0,Low
64387588,14,13.07,2025-12-18 01:00:00,29.96,Low
64431010,23,38.26,2025-12-17 23:00:00,29.54,Medium
64454947,27,26.56,2025-12-18 11:00:00,30.0,Medium
64463199,23,24.57,2025-12-18 22:00:00,27.25,Medium
64471307,27,66.63,2025-12-18 20:00:00,30.04,Medium
64473744,23,5.74,2025-12-18 16:00:00,29.75,Low
64484514,6,9.0,2025-11-24 13:00:00,6.0,Low
64493138,21,17.76,2025-12-18 21:00:00,23.12,Medium
64494141,6,3.67,2025-12-15 11:00:00,26.71,Low
64498534,6,7.83,2025-12-18 16:00:00,30.12,Low
64502137,30,79.3,2025-12-18 23:00:00,30.62,High
64505114,11,5.18,2025-12-16 15:00:00,27.96,Low
64557626,31,46.1,2025-12-18 17:00:00,29.92,Medium
64566338,20,34.0,2025-12-09 00:00:00,19.04,Medium
64585415,20,58.7,2025-12-18 15:00:00,29.88,Medium
64597982,17,72.94,2025-12-18 13:00:00,17.25,Medium
64614030,29,110.66,2025-12-18 21:00:00,30.67,High
64641892,22,11.09,2025-12-17 11:00:00,28.75,Low
64643879,20,17.6,2025-12-18 23:00:00,30.08,Medium
64649517,21,37.76,2025-12-17 22:00:00,29.46,Medium
64675604,24,82.08,2025-12-18 06:00:00,30.12,High
64696595,16,50.38,2025-12-18 13:00:00,28.83,Medium
64698675,19,14.89,2025-12-14 11:00:00,25.88,Medium
64699430,26,149.0,2025-12-17 00:00:00,28.21,High
64707730,22,41.73,2025-12-12 13:00:00,23.92,Medium
64708133,28,97.93,2025-12-18 22:00:00,30.67,High
64739789,22,12.23,2025-12-18 20:00:00,29.83,Medium
64743108,21,29.0,2025-12-18 19:00:00,27.88,Medium
64783805,28,30.39,2025-12-18 13:00:00,30.25,Medium
64784548,11,24.82,2025-12-18 23:00:00,28.96,Medium
64798736,8,16.12,2025-12-18 21:00:00,30.0,Low
64804685,10,48.0,2025-11-27 20:00:00,9.38,Medium
64818293,15,5.33,2025-12-18 20:00:00,23.46,Low
64819934,12,11.42,2025-12-17 11:00:00,28.62,Low
64828869,8,74.12,2025-12-18 17:00:00,25.88,Medium
64847438,21,89.62,2025-12-18 18:00:00,29.17,High
64863066,2,144.0,2025-11-25 20:00:00,1.38,Medium
64881151,28,74.82,2025-12-18 12:00:00,30.21,High
64895000,11,10.36,2025-12-18 19:00:00,30.17,Low
64896456,1,32.0,2025-12-18 22:00:00,0.08,Low
64906157,22,22.77,2025-12-18 22:00:00,29.58,Medium
64947869,13,74.08,2025-12-14 11:00:00,21.12,Medium
65010632,17,17.47,2025-12-18 13:00:00,30.21,Medium
65013453,31,106.61,2025-12-18 13:00:00,30.29,High
65037187,15,25.73,2025-12-16 03:00:00,22.83,Medium
65043683,24,40.46,2025-12-17 23:00:00,29.42,Medium
65068683,16,24.56,2025-12-17 10:00:00,28.04,Medium
65087297,30,177.73,2025-12-18 23:00:00,30.12,High
65105058,16,15.88,2025-12-16 15:00:00,27.25,Medium
65116572,6,20.83,2025-12-18 17:00:00,22.75,Low
65116781,25,48.96,2025-12-15 21:00:00,27.38,Medium
65120590,20,35.05,2025-12-18 21:00:00,30.54,Medium
65143114,26,192.08,2025-12-18 21:00:00,30.88,High
65149825,23,37.04,2025-12-18 09:00:00,26.96,Medium
65157695,8,3.62,2025-12-18 21:00:00,28.0,Low
65162644,20,83.55,2025-12-18 19:00:00,29.83,Medium
65180528,21,37.43,2025-12-18 11:00:00,30.42,Medium
65200157,22,11.09,2025-12-18 16:00:00,29.79,Low
65236751,29,57.83,2025-12-18 22:00:00,30.92,Medium
65236950,12,43.67,2025-12-18 19:00:00,27.0,Medium
65257068,27,60.15,2025-12-18 21:00:00,30.5,Medium
65272416,17,22.59,2025-12-18 20:00:00,26.17,Medium
65285764,25,20.36,2025-12-18 09:00:00,30.0,Medium
65300962,24,59.62,2025-12-18 21:00:00,30.33,Medium
65305165,31,58.13,2025-12-18 23:00:00,30.17,Medium
65311466,7,10.14,2025-12-18 21:00:00,19.96,Low
65320445,28,27.61,2025-12-18 19:00:00,30.21,Medium
65327272,17,57.94,2025-12-18 16:00:00,30.42,Medium
65327449,16,92.5,2025-12-17 13:00:00,29.17,Medium
65340227,22,99.45,2025-12-18 11:00:00,30.0,High
65352076,21,78.1,2025-12-18 21:00:00,30.04,Medium
65373436,13,83.46,2025-12-18 23:00:00,30.54,Medium
65381253,26,38.58,2025-12-18 21:00:00,30.42,Medium
65387293,24,36.96,2025-12-18 07:00:00,30.0,Medium
65388018,27,115.96,2025-12-18 20:00:00,30.54,High
65400270,15,20.4,2025-12-13 17:00:00,24.5,Medium
65409330,24,33.67,2025-12-17 22:00:00,29.04,Medium
65430374,22,27.0,2025-12-18 17:00:00,30.04,Medium
65430876,13,12.62,2025-12-16 18:00:00,28.62,Low
65438079,30,154.6,2025-12-18 17:00:00,30.25,High
65444509,15,15.6,2025-12-14 10:00:00,26.0,Low
65454710,25,55.04,2025-12-17 11:00:00,29.0,Medium
65463789,8,8.25,2025-12-16 23:00:00,28.08,Low
65465729,26,36.73,2025-12-18 15:00:00,30.33,Medium
65479688,21,70.76,2025-12-18 17:00:00,29.04,Medium
65484241,15,15.2,2025-12-18 09:00:00,29.08,Low
65488357,23,29.26,2025-12-17 20:00:00,27.21,Medium
65494965,20,18.85,2025-12-18 18:00:00,30.08,Medium
65504626,31,108.42,2025-12-18 22:00:00,30.25,High
65510821,28,63.75,2025-12-18 19:00:00,30.0,Medium
65519398,30,100.47,2025-12-18 22:00:00,30.62,High
65544144,20,43.4,2025-12-18 23:00:00,30.12,Medium
65578659,3,43.33,2025-12-18 20:00:00,24.25,Low
65629361,23,48.57,2025-12-18 21:00:00,30.0,Medium
65645933,30,692.33,2025-12-18 22:00:00,30.79,High
65667723,27,71.04,2025-12-18 23:00:00,30.96,High
65680419,16,30.88,2025-12-17 16:00:00,29.21,Medium
65682840,20,50.2,2025-12-18 12:00:00,30.04,Medium
65683052,23,113.57,2025-12-18 08:00:00,30.33,High
65698133,20,11.75,2025-12-18 21:00:00,29.96,Low
65704391,25,65.92,2025-12-18 22:00:00,30.62,Medium
65746371,24,23.33,2025-12-18 20:00:00,26.04,Medium
65762927,7,18.29,2025-12-18 00:00:00,10.33,Low
65790331,5,11.6,2025-12-18 14:00:00,21.5,Low
65810725,17,23.71,2025-12-18 12:00:00,26.92,Medium
65820387,31,100.48,2025-12-18 20:00:00,30.54,High
65822835,13,30.15,2025-12-12 12:00:00,17.96,Medium
65831756,22,28.41,2025-12-18 21:00:00,28.96,Medium
65848846,28,74.89,2025-12-16 09:00:00,28.38,High
65856500,28,49.21,2025-12-18 21:00:00,30.88,Medium
65860183,6,9.5,2025-12-17 23:00:00,15.17,Low
65882631,10,12.9,2025-12-18 16:00:00,24.79,Low
65886056,17,36.53,2025-12-18 22:00:00,30.58,Medium
65949028,25,223.44,2025-12-18 19:00:00,30.42,High
65949779,4,11.25,2025-12-17 21:00:00,6.38,Low
65960071,1,41.0,2025-12-01 16:00:00,0.04,Low
65961855,30,242.1,2025-12-17 19:00:00,29.38,High
65982317,29,107.52,2025-12-18 22:00:00,30.62,High
65991159,28,16.18,2025-12-18 16:00:00,30.54,Medium
65995748,27,48.22,2025-12-18 18:00:00,30.08,Medium
66058598,14,7.64,2025-12-18 22:00:00,28.29,Low
66079671,11,10.18,2025-12-16 10:00:00,24.88,Low
66132570,12,7.08,2025-12-18 22:00:00,30.25,Low
66141533,19,92.32,2025-12-18 10:00:00,29.58,Medium
66145288,27,110.52,2025-12-18 00:00:00,29.0,High
66150030,29,126.24,2025-12-17 21:00:00,28.92,High
66190657,27,30.52,2025-12-18 16:00:00,29.96,Medium
66200828,31,63.42,2025-12-18 18:00:00,30.5,High
66205819,29,122.93,2025-12-18 20:00:00,30.21,High
66232679,31,111.81,2025-12-18 23:00:00,30.88,High
66274733,29,97.59,2025-12-18 21:00:00,30.88,High
66275550,28,96.36,2025-12-18 12:00:00,29.58,High
66293783,22,75.95,2025-12-17 00:00:00,23.58,Medium
66297767,17,34.76,2025-12-18 22:00:00,30.04,Medium
66303330,28,74.96,2025-12-18 22:00:00,30.54,High
66306934,29,35.66,2025-12-18 11:00:00,29.17,Medium
66315804,9,15.78,2025-12-13 20:00:00,20.17,Low
66331755,21,83.48,2025-12-18 23:00:00,22.46,Medium
66336544,10,23.6,2025-12-18 22:00:00,24.67,Low
66351154,26,44.27,2025-12-18 10:00:00,28.67,Medium
66359448,20,36.75,2025-12-16 15:00:00,28.17,Medium
66367361,8,27.12,2025-12-17 07:00:00,29.04,Low
66374251,26,30.88,2025-12-18 15:00:00,29.04,Medium
66389432,8,6.25,2025-12-18 08:00:00,28.0,Low
66395027,31,45.58,2025-12-18 21:00:00,30.5,Medium
66412678,31,123.26,2025-12-18 15:00:00,30.33,High
66440228,18,15.56,2025-12-18 14:00:00,28.12,Medium
66497070,29,59.31,2025-12-18 20:00:00,30.04,Medium
66535302,27,79.15,2025-12-17 20:00:00,29.0,High
66538937,12,35.83,2025-12-14 18:00:00,24.25,Medium
66544067,8,58.62,2025-12-18 10:00:00,28.92,Medium
66566059,19,59.63,2025-12-18 17:00:00,29.58,Medium
66588610,18,8.78,2025-12-18 00:00:00,28.62,Low
66592633,27,64.93,2025-12-18 21:00:00,30.08,Medium
66621061,17,15.06,2025-12-18 22:00:00,28.25,Medium
66637372,24,22.75,2025-12-18 21:00:00,30.5,Medium
66652324,7,18.29,2025-12-10 23:00:00,21.29,Low
66686285,14,75.57,2025-12-18 22:00:00,26.38,Medium
66688297,29,70.38,2025-12-18 20:00:00,29.92,High
66699196,15,63.07,2025-12-16 15:00:00,26.29,Medium
66708783,4,35.75,2025-12-10 05:00:00,5.75,Low
66717513,10,87.7,2025-12-18 20:00:00,26.04,Medium
66737372,27,64.85,2025-12-18 22:00:00,30.62,Medium
66743304,16,8.75,2025-12-15 11:00:00,27.46,Low
66749139,26,40.19,2025-12-18 16:00:00,29.42,Medium
66763284,18,29.5,2025-12-13 13:00:00,25.21,Medium
66801315,14,25.64,2025-12-17 10:00:00,28.92,Medium
66816658,11,14.36,2025-12-17 22:00:00,29.38,Low
66819420,28,66.82,2025-12-18 13:00:00,29.21,High
66819472,28,33.89,2025-12-18 23:00:00,30.5,Medium
66831202,26,154.19,2025-12-18 23:00:00,30.0,High
66850651,30,31.43,2025-12-18 21:00:00,30.42,Medium
66865786,25,33.84,2025-12-18 14:00:00,30.08,Medium
66866811,30,102.8,2025-12-18 22:00:00,30.33,High
66876679,20,17.8,2025-12-18 18:00:00,30.21,Medium
66878548,3,3.33,2025-12-07 13:00:00,13.79,Low
66909500,31,96.55,2025-12-18 22:00:00,30.88,High
66911931,24,22.17,2025-12-18 21:00:00,30.46,Medium
66924694,27,45.33,2025-12-18 22:00:00,29.62,Medium
66961542,23,14.65,2025-12-18 12:00:00,28.58,Medium
66976532,7,24.43,2025-12-18 23:00:00,24.38,Low
67021316,28,67.11,2025-12-18 22:00:00,30.62,High
67028419,31,255.39,2025-12-18 19:00:00,30.46,High
67030902,8,8.0,2025-12-05 08:00:00,15.46,Low
67033795,25,76.12,2025-12-17 18:00:00,29.25,High
67043382,8,39.38,2025-12-01 11:00:00,13.12,Medium
67043644,15,42.4,2025-12-18 20:00:00,18.04,Medium
67053820,31,72.32,2025-12-18 21:00:00,30.5,High
67077817,22,47.64,2025-12-17 23:00:00,27.33,Medium
67085594,23,108.91,2025-12-18 16:00:00,30.67,High
67128572,30,37.8,2025-12-18 19:00:00,30.54,Medium
67155648,25,46.44,2025-12-16 22:00:00,28.92,Medium
67155716,13,78.08,2025-12-18 22:00:00,27.54,Medium
67157384,22,38.5,2025-12-18 01:00:00,29.58,Medium
67166709,24,35.46,2025-12-18 14:00:00,29.88,Medium
67168345,30,155.3,2025-12-18 17:00:00,29.08,High
67177972,10,63.7,2025-12-18 18:00:00,9.92,Medium
67185042,31,53.84,2025-12-18 17:00:00,30.25,Medium
67202688,31,144.1,2025-12-18 20:00:00,30.83,High
67229067,22,37.14,2025-12-17 07:00:00,28.5,Medium
67236570,9,16.56,2025-12-18 00:00:00,28.08,Low
67268928,30,207.27,2025-12-18 23:00:00,30.29,High
67309595,9,10.0,2025-12-18 12:00:00,27.83,Low
67312926,22,42.27,2025-12-18 10:00:00,30.38,Medium
67386849,7,10.0,2025-12-17 17:00:00,29.04,Low
67404809,16,15.06,2025-12-17 22:00:00,29.92,Low
67422920,31,74.74,2025-12-18 23:00:00,30.54,High
67473135,23,26.26,2025-12-18 15:00:00,30.21,Medium
67477912,16,25.75,2025-12-18 17:00:00,27.79,Medium
67508764,9,31.0,2025-12-14 22:00:00,21.21,Medium
67511501,22,15.5,2025-12-15 11:00:00,27.08,Medium
67514411,31,120.58,2025-12-18 16:00:00,30.67,High
67524897,30,90.87,2025-12-18 15:00:00,30.21,High
67538161,11,36.27,2025-12-17 16:00:00,26.17,Medium
67540780,11,13.45,2025-12-17 08:00:00,21.62,Low
67583520,10,71.4,2025-12-18 21:00:00,28.0,Medium
67594087,7,56.29,2025-12-18 22:00:00,7.58,Medium
67648477,5,15.2,2025-12-14 13:00:00,15.67,Low
67658666,21,27.48,2025-12-17 21:00:00,29.88,Medium
67675774,7,21.71,2025-12-11 22:00:00,23.04,Low
67684356,18,112.22,2025-12-18 21:00:00,30.88,High
67725088,12,32.25,2025-12-17 13:00:00,16.62,Medium
67735668,3,3.33,2025-12-12 15:00:00,20.0,Low
67743134,25,71.16,2025-12-18 20:00:00,29.83,Medium
67759870,27,69.81,2025-12-18 18:00:00,30.38,High
67797025,22,25.77,2025-12-18 22:00:00,29.25,Medium
67819789,31,68.29,2025-12-18 21:00:00,30.58,High
67822184,26,132.77,2025-12-18 15:00:00,30.62,High
67840643,30,25.23,2025-12-17 20:00:00,29.12,Medium
67849399,31,169.97,2025-12-18 22:00:00,30.58,High
67865490,27,43.48,2025-12-18 22:00:00,30.58,Medium
67872611,7,13.86,2025-12-18 07:00:00,7.0,Low
67892536,28,44.61,2025-12-17 23:00:00,29.12,Medium
67893893,18,41.44,2025-12-18 23:00:00,30.46,Medium
67898761,26,114.85,2025-12-18 18:00:00,30.0,High
67908606,2,44.0,2025-12-15 13:00:00,0.75,Low
67933987,31,62.16,2025-12-18 07:00:00,30.04,High
67940169,19,14.47,2025-12-18 10:00:00,29.88,Medium
67942355,30,33.67,2025-12-18 20:00:00,30.04,Medium
67942365,23,134.87,2025-12-18 23:00:00,30.08,High
68002440,31,67.48,2025-12-18 21:00:00,30.62,High
68008677,10,30.4,2025-12-11 08:00:00,20.46,Medium
68052246,25,34.04,2025-12-18 16:00:00,30.21,Medium
68068629,25,40.96,2025-12-18 23:00:00,24.21,Medium
68071856,1,19.0,2025-11-27 23:00:00,0.04,Low
68100671,22,26.41,2025-12-17 22:00:00,29.58,Medium
68100903,15,32.73,2025-12-18 21:00:00,30.0,Medium
68141920,12,40.17,2025-12-18 20:00:00,25.0,Medium
68150938,31,134.13,2025-12-18 21:00:00,30.21,High
68157578,30,49.2,2025-12-18 23:00:00,30.58,Medium
68158918,26,15.04,2025-12-18 07:00:00,30.0,Medium
68161467,16,20.06,2025-12-18 12:00:00,23.08,Medium
68165769,19,16.63,2025-12-16 20:00:00,28.04,Medium
68187441,24,34.96,2025-12-18 16:00:00,30.67,Medium
68193194,12,22.0,2025-12-16 13:00:00,27.96,Medium
68210335,11,67.18,2025-12-18 23:00:00,29.42,Medium
68217968,13,14.15,2025-12-18 23:00:00,30.58,Low
68225403,23,64.04,2025-12-18 08:00:00,30.33,Medium
68249522,31,124.55,2025-12-18 10:00:00,29.88,High
68255573,12,8.67,2025-12-15 20:00:00,25.21,Low
68259655,21,40.0,2025-12-15 00:00:00,27.0,Medium
68264472,25,44.56,2025-12-18 13:00:00,29.92,Medium
68265275,28,45.5,2025-12-18 21:00:00,28.5,Medium
68271052,11,36.64,2025-12-14 22:00:00,23.5,Medium
68284108,23,14.0,2025-12-18 20:00:00,30.83,Medium
68285359,30,111.6,2025-12-18 23:00:00,29.62,High
68288874,26,59.85,2025-12-18 13:00:00,30.21,Medium
68299137,7,27.71,2025-12-13 10:00:00,24.58,Low
68302542,21,38.38,2025-12-17 13:00:00,27.17,Medium
68327951,29,66.24,2025-12-17 19:00:00,29.42,High
68332098,15,17.8,2025-12-18 20:00:00,30.5,Medium
68342657,24,68.96,2025-12-16 21:00:00,27.12,Medium
68343951,26,59.88,2025-12-18 22:00:00,30.0,Medium
68358561,29,86.52,2025-12-18 23:00:00,28.62,High
68359578,29,76.17,2025-12-18 22:00:00,30.88,High
68362875,17,27.0,2025-12-11 10:00:00,22.96,Medium
68381564,19,30.47,2025-12-12 18:00:00,24.12,Medium
68382361,29,42.1,2025-12-18 09:00:00,30.12,Medium
68412184,28,129.04,2025-12-18 21:00:00,30.0,High
68421220,24,25.25,2025-12-18 22:00:00,30.04,Medium
68428732,30,65.73,2025-12-18 22:00:00,30.92,High
68429891,31,57.26,2025-12-18 21:00:00,30.88,Medium
68476997,21,21.29,2025-12-18 22:00:00,30.04,Medium
68485777,8,27.38,2025-12-18 23:00:00,8.08,Low
68513171,25,69.16,2025-12-18 19:00:00,30.67,Medium
68516560,26,37.15,2025-12-18 19:00:00,30.0,Medium
68550498,29,48.97,2025-12-18 16:00:00,30.25,Medium
68558328,1,43.0,2025-11-26 20:00:00,0.12,Low
68563462,6,8.67,2025-12-18 19:00:00,23.79,Low
68571967,12,37.0,2025-12-18 21:00:00,30.17,Medium
68573775,11,15.45,2025-12-08 22:00:00,20.17,Low
68583482,23,29.22,2025-12-17 20:00:00,27.0,Medium
68592058,24,11.96,2025-12-18 15:00:00,30.25,Medium
68597206,26,51.23,2025-12-18 17:00:00,30.12,Medium
68597508,2,16.0,2025-12-18 02:00:00,0.46,Low
68605920,30,63.83,2025-12-18 23:00:00,30.75,High
68605934,23,24.3,2025-12-18 13:00:00,30.29,Medium
68614999,3,33.33,2025-12-17 21:00:00,17.17,Low
68646634,9,19.22,2025-12-17 12:00:00,12.0,Low
68673764,10,28.4,2025-12-15 21:00:00,25.88,Medium
68680724,13,38.62,2025-12-18 16:00:00,26.08,Medium
68692842,21,29.81,2025-12-18 18:00:00,29.96,Medium
68709423,25,26.04,2025-12-18 00:00:00,29.46,Medium
68710047,13,103.15,2025-12-16 18:00:00,16.75,Medium
68711920,6,31.33,2025-12-18 19:00:00,22.21,Low
68723589,27,56.67,2025-12-18 23:00:00,30.25,Medium
68735466,19,16.11,2025-12-18 15:00:00,29.75,Medium
68747316,25,92.92,2025-12-18 17:00:00,29.21,High
68778928,13,32.85,2025-12-18 21:00:00,30.21,Medium
68784328,31,89.61,2025-12-18 21:00:00,30.62,High
68784632,10,16.6,2025-12-15 12:00:00,18.79,Low
68790834,6,8.67,2025-12-11 20:00:00,23.33,Low
68801930,11,23.09,2025-12-17 19:00:00,29.21,Medium
68826278,24,48.12,2025-12-17 19:00:00,29.42,Medium
68875424,6,19.17,2025-12-12 10:00:00,21.5,Low
68909476,4,7.75,2025-12-15 17:00:00,17.79,Low
68917618,14,33.93,2025-12-18 10:00:00,29.67,Medium
68942144,14,4.57,2025-12-18 23:00:00,24.0,Low
68961612,31,21.29,2025-12-18 23:00:00,30.04,Medium
68983870,26,42.88,2025-12-18 19:00:00,30.42,Medium
68989686,2,24.0,2025-12-11 15:00:00,1.0,Low
69003368,24,41.75,2025-12-18 23:00:00,30.04,Medium
69033110,3,7.0,2025-12-13 15:00:00,20.92,Low
69037610,24,35.12,2025-12-17 14:00:00,27.21,Medium
69050200,15,57.53,2025-12-18 22:00:00,30.46,Medium
69117671,25,48.48,2025-12-18 17:00:00,30.38,Medium
69144178,31,110.35,2025-12-18 23:00:00,30.25,High
69146917,14,25.86,2025-12-18 19:00:00,24.92,Medium
69152695,22,53.14,2025-12-18 10:00:00,30.04,Medium
69152893,25,101.72,2025-12-18 22:00:00,28.25,High
69159969,29,65.97,2025-12-18 21:00:00,30.54,High
69172388,18,36.22,2025-12-18 17:00:00,27.25,Medium
69174349,24,60.67,2025-12-17 09:00:00,28.88,Medium
69192727,10,42.6,2025-12-14 23:00:00,23.96,Medium
69195802,28,127.36,2025-12-18 19:00:00,30.38,High
69240582,11,15.64,2025-12-18 21:00:00,28.42,Low
69242953,15,102.93,2025-12-16 09:00:00,27.62,Medium
69246472,18,54.17,2025-12-18 23:00:00,25.25,Medium
69251001,29,128.38,2025-12-18 21:00:00,29.88,High
69255232,22,76.86,2025-12-18 23:00:00,28.17,Medium
69285521,21,13.48,2025-12-18 07:00:00,25.54,Medium
69289834,16,26.94,2025-12-17 22:00:00,29.04,Medium
69303906,14,13.86,2025-12-15 20:00:00,26.92,Low
69308679,11,17.91,2025-12-18 23:00:00,29.38,Low
69309041,11,26.64,2025-12-18 12:00:00,29.54,Medium
69334364,8,60.12,2025-12-10 16:00:00,15.04,Medium
69347492,16,14.75,2025-12-18 20:00:00,29.0,Low
69383475,19,21.79,2025-12-18 16:00:00,30.33,Medium
69384332,14,47.21,2025-12-18 09:00:00,29.54,Medium
69389641,19,55.68,2025-12-13 21:00:00,25.54,Medium
69396418,11,18.82,2025-12-16 11:00:00,25.71,Low
69410546,16,54.25,2025-12-18 15:00:00,30.25,Medium
69412823,18,14.83,2025-12-12 12:00:00,23.83,Medium
69428014,27,57.22,2025-12-18 10:00:00,30.38,Medium
69439796,15,88.6,2025-12-11 09:00:00,22.71,Medium
69447934,18,52.17,2025-12-18 13:00:00,30.04,Medium
69452078,31,84.71,2025-12-18 23:00:00,30.71,High
69459679,29,40.93,2025-12-18 23:00:00,30.5,Medium
69462679,7,59.43,2025-12-18 22:00:00,6.38,Medium
69486826,7,14.71,2025-12-16 13:00:00,23.58,Low
69505718,31,97.65,2025-12-18 20:00:00,30.83,High
69510643,4,7.0,2025-12-16 09:00:00,12.29,Low
69521301,27,95.67,2025-12-18 17:00:00,30.62,High
69562165,24,65.92,2025-12-18 19:00:00,27.42,Medium
69579136,31,124.1,2025-12-18 22:00:00,30.62,High
69599332,29,127.45,2025-12-18 19:00:00,29.29,High
69613205,21,25.62,2025-12-18 23:00:00,27.0,Medium
69620201,12,24.42,2025-12-18 15:00:00,26.71,Medium
69626316,31,82.84,2025-12-18 18:00:00,30.58,High
69631141,20,28.45,2025-12-18 19:00:00,28.83,Medium
69640457,18,22.17,2025-12-18 16:00:00,30.29,Medium
69654504,16,36.88,2025-12-18 21:00:00,27.0,Medium
69663083,6,15.17,2025-12-18 23:00:00,25.0,Low
69678635,29,28.59,2025-12-18 17:00:00,30.5,Medium
69687230,29,100.28,2025-12-18 21:00:00,29.12,High
69696698,26,84.0,2025-12-18 14:00:00,29.71,High
69697214,30,70.3,2025-12-18 23:00:00,29.46,High
69731330,26,18.27,2025-12-17 15:00:00,29.04,Medium
69766999,21,22.14,2025-12-18 19:00:00,29.12,Medium
69781008,19,26.21,2025-12-17 19:00:00,29.38,Medium
69798791,18,25.56,2025-12-18 20:00:00,30.79,Medium
69807585,30,18.67,2025-12-17 21:00:00,29.5,Medium
69819243,22,31.45,2025-12-17 20:00:00,28.33,Medium
69840571,2,28.5,2025-12-12 14:00:00,6.92,Low
69859994,7,56.0,2025-12-17 20:00:00,7.25,Medium
69869187,29,31.52,2025-12-18 22:00:00,30.54,Medium
69877349,14,16.71,2025-12-17 22:00:00,26.04,Low
69953834,29,122.0,2025-12-18 23:00:00,30.38,High
70012916,19,102.79,2025-12-18 21:00:00,28.38,High
70015965,13,42.69,2025-12-17 21:00:00,29.04,Medium
70046644,21,18.9,2025-12-16 21:00:00,28.46,Medium
70070588,11,13.91,2025-12-16 22:00:00,28.88,Low
70116015,27,48.81,2025-12-18 23:00:00,30.0,Medium
70118357,20,11.8,2025-12-16 18:00:00,26.21,Low
70138205,21,18.95,2025-12-18 20:00:00,29.08,Medium
70157276,31,109.84,2025-12-18 19:00:00,30.29,High
70161728,18,45.5,2025-12-17 21:00:00,25.62,Medium
70168568,6,50.17,2025-12-14 20:00:00,20.33,Medium
70207005,22,21.91,2025-12-18 23:00:00,30.12,Medium
70212546,31,83.45,2025-12-18 14:00:00,30.25,High
70222678,26,36.96,2025-12-18 18:00:00,28.83,Medium
70233601,22,40.73,2025-12-18 18:00:00,29.79,Medium
70237977,7,8.0,2025-12-11 18:00:00,18.04,Low
70240139,30,360.87,2025-12-18 18:00:00,30.54,High
70241210,28,102.18,2025-12-18 23:00:00,30.75,High
70260190,21,55.76,2025-12-18 21:00:00,30.79,Medium
70277195,22,13.86,2025-12-18 21:00:00,30.29,Medium
70284542,12,13.17,2025-12-18 21:00:00,28.21,Low
70351826,13,12.77,2025-12-18 14:00:00,27.5,Low
70352132,8,70.75,2025-12-18 20:00:00,12.08,Medium
70370583,13,41.54,2025-12-18 20:00:00,29.21,Medium
70380387,24,57.29,2025-12-18 16:00:00,29.96,Medium
70397129,15,47.8,2025-12-18 13:00:00,29.62,Medium
70403519,23,21.65,2025-12-17 16:00:00,26.08,Medium
70424320,13,31.54,2025-12-18 01:00:00,21.58,Medium
70441355,27,39.67,2025-12-18 14:00:00,30.08,Medium
70486234,21,54.67,2025-12-16 08:00:00,27.88,Medium
70503301,31,101.55,2025-12-18 22:00:00,30.62,High
70515959,12,23.08,2025-12-17 19:00:00,15.29,Medium
70517996,30,108.23,2025-12-18 19:00:00,30.12,High
70542620,10,39.2,2025-12-18 23:00:00,11.0,Medium
70542990,6,4.33,2025-12-17 17:00:00,11.33,Low
70573626,15,16.8,2025-12-09 00:00:00,17.08,Low
70606713,14,18.29,2025-12-18 19:00:00,30.67,Medium
70617695,30,13.0,2025-12-18 19:00:00,30.58,Medium
70656441,25,62.16,2025-12-18 17:00:00,30.38,Medium
70664874,19,53.47,2025-12-14 21:00:00,25.46,Medium
70664970,13,14.77,2025-12-18 12:00:00,30.17,Low
70689524,13,9.62,2025-12-18 19:00:00,28.25,Low
70727085,12,21.25,2025-12-18 23:00:00,29.62,Medium
70730514,31,62.48,2025-12-18 23:00:00,30.38,High
70745586,18,20.72,2025-12-17 08:00:00,28.38,Medium
70753307,3,20.33,2025-12-12 10:00:00,4.54,Low
70776553,13,69.08,2025-12-18 08:00:00,29.54,Medium
70807729,13,50.54,2025-12-15 16:00:00,27.42,Medium
70813454,16,49.31,2025-12-17 21:00:00,28.25,Medium
70815622,21,47.86,2025-12-18 23:00:00,30.0,Medium
70817939,11,39.0,2025-12-18 20:00:00,23.88,Medium
70822231,6,18.83,2025-12-16 20:00:00,22.04,Low
70828129,20,67.45,2025-12-18 15:00:00,26.79,Medium
70851841,14,28.0,2025-12-17 22:00:00,29.42,Medium
70873173,11,21.09,2025-12-14 20:00:00,17.92,Low
70876649,31,227.74,2025-12-18 23:00:00,30.96,High
70889190,29,142.52,2025-12-18 22:00:00,30.08,High
70891589,29,117.14,2025-12-18 23:00:00,30.96,High
70898242,14,24.29,2025-12-17 22:00:00,15.04,Medium
70905680,8,24.88,2025-12-18 20:00:00,17.04,Low
70913065,28,283.14,2025-12-18 20:00:00,30.5,High
70919971,7,6.0,2025-12-15 21:00:00,25.08,Low
70931681,6,14.5,2025-12-17 01:00:00,26.54,Low
70960824,17,25.06,2025-12-18 10:00:00,29.0,Medium
70971999,12,16.5,2025-12-18 20:00:00,21.46,Low
70972602,18,84.06,2025-12-16 15:00:00,27.92,Medium
70972620,8,38.38,2025-12-12 23:00:00,23.33,Medium
70978759,31,89.35,2025-12-18 19:00:00,30.29,High
71018291,12,26.25,2025-12-18 15:00:00,18.33,Medium
71035154,29,142.48,2025-12-18 05:00:00,29.88,High
71048860,30,84.4,2025-12-18 02:00:00,29.67,High
71051585,28,64.61,2025-12-18 16:00:00,30.04,Medium
71054049,20,15.5,2025-12-18 14:00:00,28.25,Medium
71090471,20,16.3,2025-12-18 21:00:00,30.0,Medium
71090781,18,32.39,2025-12-18 15:00:00,29.58,Medium
71105413,26,50.35,2025-12-18 12:00:00,30.5,Medium
71126415,28,89.43,2025-12-18 23:00:00,30.67,High
71142425,31,90.77,2025-12-18 20:00:00,30.5,High
71146691,27,57.78,2025-12-18 14:00:00,30.58,Medium
71149953,31,62.16,2025-12-18 21:00:00,30.42,High
71164203,23,13.7,2025-12-17 20:00:00,29.29,Medium
71179084,31,46.32,2025-12-18 21:00:00,30.38,Medium
71201867,31,61.35,2025-12-18 18:00:00,30.46,High
71208218,26,43.96,2025-12-18 20:00:00,30.33,Medium
71210938,10,15.9,2025-12-17 16:00:00,28.33,Low
71211432,22,10.86,2025-12-16 19:00:00,28.46,Low
71223370,27,33.93,2025-12-18 19:00:00,29.46,Medium
71234312,22,48.14,2025-12-18 19:00:00,29.92,Medium
71237773,21,12.95,2025-12-18 17:00:00,30.38,Medium
71238931,26,377.54,2025-12-18 17:00:00,30.12,High
71251121,31,220.03,2025-12-18 21:00:00,30.54,High
71258991,18,43.39,2025-12-18 10:00:00,29.96,Medium
71290254,30,44.5,2025-12-18 22:00:00,30.67,Medium
71333586,15,29.53,2025-12-17 22:00:00,23.38,Medium
71348773,12,11.0,2025-12-17 13:00:00,28.67,Low
71361569,29,71.83,2025-12-17 21:00:00,29.25,High
71369964,22,43.86,2025-12-18 20:00:00,30.29,Medium
71376321,19,44.89,2025-12-16 13:00:00,26.71,Medium
71386658,19,30.42,2025-12-18 14:00:00,29.92,Medium
71406451,30,137.43,2025-12-18 22:00:00,30.92,High
71417684,28,15.36,2025-12-18 14:00:00,30.21,Medium
71419120,10,19.2,2025-12-16 17:00:00,27.92,Low
71422331,30,39.47,2025-12-18 23:00:00,30.58,Medium
71437297,19,39.79,2025-12-18 20:00:00,30.08,Medium
71446393,27,75.11,2025-12-18 22:00:00,30.58,High
71452131,15,22.73,2025-12-11 08:00:00,23.21,Medium
71514585,24,66.75,2025-12-18 23:00:00,30.46,Medium
71582654,22,79.5,2025-12-18 22:00:00,30.0,Medium
71601515,26,78.69,2025-12-18 11:00:00,29.54,High
71611159,18,186.72,2025-12-18 22:00:00,17.12,High
71631705,24,37.29,2025-12-17 08:00:00,28.79,Medium
71636940,21,27.67,2025-12-18 21:00:00,26.62,Medium
71671024,20,93.2,2025-12-17 14:00:00,28.71,High
71678956,21,33.9,2025-12-18 19:00:00,29.0,Medium
71696748,15,21.8,2025-12-18 21:00:00,30.71,Medium
71702944,30,93.27,2025-12-18 23:00:00,30.96,High
71712016,19,19.11,2025-12-13 22:00:00,25.46,Medium
71714329,31,111.52,2025-12-18 23:00:00,30.62,High
71721640,26,41.35,2025-12-18 10:00:00,27.83,Medium
71734567,20,28.0,2025-12-17 19:00:00,27.92,Medium
71778458,24,22.75,2025-12-17 19:00:00,28.83,Medium
71796341,25,38.56,2025-12-18 14:00:00,30.08,Medium
71883073,29,47.86,2025-12-18 18:00:00,29.38,Medium
71888387,28,35.0,2025-12-18 15:00:00,30.21,Medium
71908437,21,19.38,2025-12-18 15:00:00,27.88,Medium
71929773,31,284.1,2025-12-18 15:00:00,30.0,High
71941709,27,60.11,2025-12-18 16:00:00,30.42,Medium
71964200,10,45.1,2025-12-13 20:00:00,25.12,Medium
71969934,25,107.12,2025-12-17 22:00:00,28.0,High
71985206,29,30.41,2025-12-18 20:00:00,30.42,Medium
72016943,15,60.67,2025-12-18 23:00:00,30.04,Medium
72018675,12,34.67,2025-12-10 21:00:00,20.29,Medium
72023066,21,34.52,2025-12-18 22:00:00,29.04,Medium
72062153,7,15.43,2025-12-15 21:00:00,15.96,Low
72076185,15,13.4,2025-12-18 13:00:00,21.75,Low
72120347,26,44.04,2025-12-18 23:00:00,30.58,Medium
72129303,18,25.61,2025-12-16 22:00:00,27.46,Medium
72132223,10,26.3,2025-12-03 19:00:00,11.29,Medium
72148706,31,75.1,2025-12-18 23:00:00,30.46,High
72166476,2,13.0,2025-12-10 17:00:00,6.75,Low
72167112,31,52.19,2025-12-18 21:00:00,30.58,Medium
72181751,7,16.43,2025-12-18 20:00:00,29.33,Low
72184942,25,93.12,2025-12-16 20:00:00,28.21,High
72214388,14,61.21,2025-12-18 20:00:00,25.96,Medium
72234327,18,17.89,2025-12-16 13:00:00,28.12,Medium
72241985,11,15.82,2025-12-18 20:00:00,25.25,Low
72251098,7,42.0,2025-12-15 19:00:00,25.08,Medium
72253831,17,25.94,2025-12-16 21:00:00,28.0,Medium
72256073,30,65.6,2025-12-18 21:00:00,29.12,High
72288359,22,121.41,2025-12-16 21:00:00,28.08,High
72295163,27,84.04,2025-12-18 23:00:00,29.17,High
72306639,29,163.03,2025-12-18 23:00:00,30.96,High
72335968,17,11.71,2025-12-17 19:00:00,24.21,Low
72358271,29,74.72,2025-12-18 23:00:00,29.17,High
72371406,20,44.55,2025-12-18 21:00:00,27.12,Medium
72375246,12,27.33,2025-12-15 21:00:00,27.38,Medium
72375683,4,168.75,2025-12-14 13:00:00,4.83,Medium
72384905,15,82.67,2025-12-18 18:00:00,27.25,Medium
72391099,17,21.0,2025-12-17 15:00:00,25.12,Medium
72391765,26,55.42,2025-12-18 22:00:00,30.04,Medium
72419143,29,102.86,2025-12-18 16:00:00,30.04,High
72436782,25,74.28,2025-12-18 22:00:00,30.5,Medium
72442904,27,43.7,2025-12-18 16:00:00,29.71,Medium
72480854,7,3.43,2025-12-17 08:00:00,28.42,Low
72510586,27,51.26,2025-12-18 21:00:00,30.33,Medium
72512616,14,20.14,2025-12-12 23:00:00,24.75,Medium
72515822,20,54.15,2025-12-18 19:00:00,25.83,Medium
72526488,20,18.7,2025-12-18 20:00:00,30.62,Medium
72527976,1,1.0,2025-11-25 16:00:00,0.0,Low
72543852,13,8.69,2025-12-18 12:00:00,30.12,Low
72552037,20,42.55,2025-12-15 13:00:00,26.71,Medium
72591312,17,15.94,2025-12-18 11:00:00,29.62,Medium
72605828,31,56.74,2025-12-18 21:00:00,30.67,Medium
72607632,13,49.77,2025-12-17 13:00:00,16.17,Medium
72611369,12,21.33,2025-12-12 05:00:00,22.96,Medium
72632718,25,97.96,2025-12-18 15:00:00,30.29,High
72633796,27,44.44,2025-12-18 23:00:00,30.92,Medium
72638271,31,89.45,2025-12-18 15:00:00,30.33,High
72651215,30,110.33,2025-12-18 20:00:00,30.75,High
72656044,1,41.0,2025-12-02 21:00:00,0.42,Low
72659380,8,8.88,2025-12-13 13:00:00,17.62,Low
72703245,31,131.06,2025-12-18 23:00:00,30.62,High
72736504,3,14.33,2025-12-06 20:00:00,13.92,Low
72749623,26,136.27,2025-12-18 21:00:00,30.29,High
72753099,9,86.33,2025-12-17 23:00:00,25.58,Medium
72753801,20,122.4,2025-12-17 20:00:00,29.08,High
72767439,18,25.44,2025-12-18 09:00:00,30.33,Medium
72775671,13,34.54,2025-12-18 23:00:00,17.21,Medium
72777949,21,33.0,2025-12-17 21:00:00,27.96,Medium
72782938,5,29.4,2025-12-17 18:00:00,29.0,Low
72789014,16,17.94,2025-12-16 12:00:00,26.46,Medium
72791026,19,38.05,2025-12-18 16:00:00,29.21,Medium
72802864,21,46.67,2025-12-16 16:00:00,28.67,Medium
72813283,23,56.65,2025-12-17 03:00:00,26.71,Medium
72820368,30,125.47,2025-12-18 23:00:00,30.46,High
72834081,19,62.74,2025-12-18 12:00:00,26.71,Medium
72875200,15,23.13,2025-12-17 19:00:00,26.12,Medium
72884077,18,62.44,2025-12-18 06:00:00,29.54,Medium
72890914,19,22.05,2025-12-14 14:00:00,25.25,Medium
72928045,18,38.78,2025-12-18 14:00:00,28.75,Medium
72990071,30,61.83,2025-12-18 17:00:00,30.25,Medium
73024133,31,74.48,2025-12-18 19:00:00,30.17,High
73031965,2,15.5,2025-12-14 20:00:00,12.21,Low
73034210,27,105.85,2025-12-18 22:00:00,30.42,High
73042603,30,95.57,2025-12-18 11:00:00,30.42,High
73049202,17,46.88,2025-12-18 18:00:00,28.79,Medium
73050317,14,8.64,2025-12-18 16:00:00,29.04,Low
73065478,30,107.27,2025-12-18 16:00:00,30.17,High
73066957,20,8.9,2025-12-18 21:00:00,30.04,Low
73071844,31,27.65,2025-12-18 20:00:00,30.83,Medium
73104510,10,17.3,2025-12-16 23:00:00,28.54,Low
73110586,18,20.5,2025-12-16 22:00:00,25.0,Medium
73125482,30,34.2,2025-12-18 23:00:00,30.88,Medium
73135493,30,126.9,2025-12-18 23:00:00,30.96,High
73136013,12,30.92,2025-12-18 13:00:00,30.12,Medium
73136730,25,9.0,2025-12-18 21:00:00,30.08,Low
73136910,30,71.2,2025-12-18 22:00:00,30.54,High
73138544,31,181.03,2025-12-18 23:00:00,30.96,High
73183735,4,10.0,2025-12-16 21:00:00,19.92,Low
73196588,31,649.87,2025-12-18 23:00:00,30.96,High
73197087,27,16.56,2025-12-18 11:00:00,29.67,Medium
73202533,27,20.15,2025-12-18 22:00:00,30.0,Medium
73218701,25,92.72,2025-12-18 22:00:00,30.21,High
73232978,23,109.74,2025-12-13 21:00:00,25.58,High
73234758,19,38.26,2025-12-18 19:00:00,30.75,Medium
73241517,22,31.95,2025-12-18 22:00:00,30.75,Medium
73245647,21,19.95,2025-12-18 13:00:00,30.17,Medium
73275893,13,46.54,2025-12-18 09:00:00,29.42,Medium
73278658,31,113.06,2025-12-18 23:00:00,30.96,High
73288489,23,27.74,2025-12-17 11:00:00,28.04,Medium
73303243,25,22.36,2025-12-18 12:00:00,26.67,Medium
73349802,31,102.87,2025-12-18 22:00:00,30.46,High
73407945,26,59.5,2025-12-18 19:00:00,29.04,Medium
73414621,15,17.6,2025-12-15 10:00:00,27.33,Medium
73416552,16,17.31,2025-12-18 16:00:00,29.92,Medium
73422588,7,20.57,2025-12-16 20:00:00,25.0,Low
73424303,28,85.86,2025-12-18 21:00:00,30.12,High
73428459,10,12.0,2025-12-16 21:00:00,22.0,Low
73455580,29,128.38,2025-12-18 23:00:00,30.96,High
73462715,31,179.55,2025-12-18 18:00:00,30.75,High
73491319,24,113.46,2025-12-18 21:00:00,30.62,High
73491371,21,22.48,2025-12-17 12:00:00,28.04,Medium
73494272,13,16.31,2025-12-18 22:00:00,30.04,Low
73525659,9,101.33,2025-12-17 21:00:00,29.29,Medium
73525853,23,35.7,2025-12-17 21:00:00,29.38,Medium
73527596,3,10.0,2025-12-09 22:00:00,21.58,Low
73547790,7,9.43,2025-12-18 09:00:00,29.96,Low
73574022,28,74.29,2025-12-18 21:00:00,30.79,High
73577977,11,10.82,2025-12-17 06:00:00,17.92,Low
73617910,8,17.38,2025-12-14 23:00:00,24.38,Low
73626973,9,62.33,2025-12-18 21:00:00,22.21,Medium
73632654,21,73.86,2025-12-18 19:00:00,29.21,Medium
73663591,17,11.18,2025-12-18 11:00:00,30.21,Low
73676533,10,11.9,2025-12-18 13:00:00,29.83,Low
73729603,9,24.78,2025-12-12 00:00:00,23.04,Low
73730336,31,68.81,2025-12-18 15:00:00,30.38,High
73746330,16,53.75,2025-12-18 22:00:00,23.42,Medium
73753883,14,13.07,2025-12-15 12:00:00,21.0,Low
73758282,26,20.42,2025-12-18 17:00:00,30.54,Medium
73778775,12,5.67,2025-12-14 12:00:00,26.46,Low
73798342,28,80.64,2025-12-18 23:00:00,30.42,High
73809667,4,22.5,2025-12-16 20:00:00,8.46,Low
73851874,22,49.77,2025-12-18 13:00:00,28.33,Medium
73854016,13,24.38,2025-12-17 20:00:00,28.96,Medium
73855909,12,26.67,2025-12-17 18:00:00,11.96,Medium
73859889,20,70.85,2025-12-18 16:00:00,29.12,Medium
73864921,30,23.0,2025-12-18 09:00:00,29.67,Medium
73870155,29,145.21,2025-12-18 15:00:00,30.17,High
73881418,18,32.17,2025-12-16 10:00:00,26.92,Medium
73884777,16,12.25,2025-12-13 21:00:00,25.83,Low
73918597,28,91.82,2025-12-18 15:00:00,30.54,High
73940945,3,5.67,2025-12-04 16:00:00,11.08,Low
73966521,24,18.58,2025-12-18 14:00:00,29.92,Medium
74012467,27,67.26,2025-12-18 19:00:00,30.42,Medium
74028981,18,79.17,2025-12-18 08:00:00,29.96,Medium
74049444,28,146.61,2025-12-18 23:00:00,30.96,High
74056865,26,35.08,2025-12-18 20:00:00,30.46,Medium
74056904,12,24.58,2025-12-16 16:00:00,28.67,Medium
74067634,31,64.1,2025-12-18 11:00:00,29.92,High
74077719,29,28.07,2025-12-18 16:00:00,30.29,Medium
74080846,15,22.0,2025-12-18 09:00:00,27.88,Medium
74086245,23,23.09,2025-12-16 21:00:00,28.17,Medium
74086991,30,186.77,2025-12-18 16:00:00,29.79,High
74136138,22,22.36,2025-12-17 06:00:00,28.75,Medium
74140634,14,38.71,2025-12-18 21:00:00,13.38,Medium
74142122,17,3.35,2025-12-18 13:00:00,28.08,Low
74148418,25,26.44,2025-12-18 09:00:00,29.54,Medium
74155886,9,17.67,2025-12-18 22:00:00,30.17,Low
74163297,30,103.5,2025-12-18 22:00:00,30.04,High
74192645,15,23.73,2025-12-18 21:00:00,30.21,Medium
74193816,27,19.85,2025-12-18 11:00:00,29.96,Medium
74218761,8,17.5,2025-12-15 21:00:00,16.08,Low
74224190,26,30.5,2025-12-17 11:00:00,28.79,Medium
74226240,23,38.78,2025-12-18 13:00:00,29.5,Medium
74228493,4,30.5,2025-12-17 21:00:00,24.04,Low
74232355,31,59.06,2025-12-18 22:00:00,30.29,Medium
74242982,12,55.08,2025-12-18 09:00:00,13.38,Medium
74248390,8,16.62,2025-12-17 05:00:00,22.29,Low
74266044,14,26.43,2025-12-17 11:00:00,28.08,Medium
74269202,24,26.46,2025-12-17 13:00:00,29.0,Medium
74270354,16,24.12,2025-12-18 19:00:00,25.12,Medium
74285031,31,228.9,2025-12-18 21:00:00,30.75,High
74288102,7,4.14,2025-12-03 07:00:00,15.29,Low
74312496,29,53.21,2025-12-18 13:00:00,30.54,Medium
74314315,31,402.55,2025-12-18 19:00:00,30.54,High
74335212,6,24.83,2025-12-15 12:00:00,22.67,Low
74335554,17,29.71,2025-12-17 08:00:00,28.88,Medium
74339956,30,74.4,2025-12-18 23:00:00,30.54,High
74343579,7,7.86,2025-12-10 16:00:00,19.83,Low
74373659,28,28.93,2025-12-18 20:00:00,30.42,Medium
74405788,17,29.71,2025-12-18 22:00:00,29.62,Medium
74418729,29,53.66,2025-12-18 13:00:00,30.21,Medium
74436775,18,19.0,2025-12-15 22:00:00,27.08,Medium
74452601,20,20.3,2025-12-18 07:00:00,29.62,Medium
74492481,30,86.53,2025-12-18 22:00:00,30.17,High
74507077,25,15.0,2025-12-18 13:00:00,30.54,Medium
74534491,31,89.45,2025-12-18 23:00:00,30.79,High
74552997,29,80.24,2025-12-18 23:00:00,30.58,High
74554840,17,17.88,2025-12-15 14:00:00,27.17,Medium
74561683,17,25.06,2025-12-18 23:00:00,30.96,Medium
74572285,14,6.14,2025-12-17 22:00:00,28.12,Low
74577535,16,98.0,2025-12-18 23:00:00,30.29,Medium
74578437,29,40.72,2025-12-17 21:00:00,29.0,Medium
74593955,31,115.65,2025-12-18 23:00:00,30.58,High
74624581,20,25.05,2025-12-18 19:00:00,29.92,Medium
74629216,14,50.71,2025-12-18 18:00:00,22.29,Medium
74645093,29,64.93,2025-12-18 20:00:00,29.21,High
74648625,8,20.12,2025-12-16 12:00:00,22.83,Low
74656762,18,40.17,2025-12-15 22:00:00,27.62,Medium
74666201,8,10.75,2025-12-13 19:00:00,14.29,Low
74675979,6,7.33,2025-12-17 20:00:00,18.33,Low
74694804,19,133.26,2025-12-18 22:00:00,30.08,High
74717191,6,14.33,2025-12-15 23:00:00,18.96,Low
74750292,31,103.71,2025-12-18 21:00:00,30.42,High
74752035,24,292.88,2025-12-18 17:00:00,30.71,High
74775553,13,23.38,2025-12-17 14:00:00,29.58,Medium
74775623,21,90.05,2025-12-18 22:00:00,30.33,High
74777654,3,32.67,2025-12-16 16:00:00,16.88,Low
74781533,9,21.67,2025-12-17 10:00:00,27.92,Low
74786519,13,13.15,2025-12-02 17:00:00,13.83,Low
74820346,24,62.71,2025-12-18 22:00:00,30.08,Medium
74856244,24,30.54,2025-12-17 05:00:00,27.5,Medium
74873040,14,75.79,2025-12-16 18:00:00,16.92,Medium
74875775,23,30.48,2025-12-18 23:00:00,30.08,Medium
74889564,9,5.67,2025-12-16 19:00:00,27.79,Low
74890051,8,6.38,2025-12-07 15:00:00,16.96,Low
74920230,12,43.17,2025-12-18 17:00:00,29.92,Medium
74920552,30,37.33,2025-12-18 19:00:00,30.08,Medium
74921795,17,15.12,2025-12-17 20:00:00,22.92,Medium
74923526,18,21.5,2025-12-17 18:00:00,29.25,Medium
74926183,20,18.45,2025-12-18 16:00:00,30.29,Medium
74927354,18,50.39,2025-12-18 14:00:00,29.79,Medium
74947645,17,91.24,2025-12-18 01:00:00,27.08,Medium
74952849,25,334.72,2025-12-17 16:00:00,29.67,High
74970676,22,47.59,2025-12-18 23:00:00,23.0,Medium
75022392,16,51.81,2025-12-13 21:00:00,25.38,Medium
75026568,9,64.33,2025-12-18 22:00:00,11.88,Medium
75032548,30,52.87,2025-12-18 23:00:00,30.54,Medium
75051872,11,13.36,2025-12-12 14:00:00,22.92,Low
75057559,20,14.65,2025-12-18 15:00:00,29.17,Medium
75070176,28,109.0,2025-12-18 21:00:00,30.33,High
75100167,28,80.25,2025-12-18 23:00:00,30.25,High
75131016,9,31.89,2025-12-18 21:00:00,24.46,Medium
75149023,30,40.93,2025-12-18 22:00:00,30.04,Medium
75160982,20,14.55,2025-12-17 20:00:00,29.46,Medium
75162717,19,47.37,2025-12-18 20:00:00,28.62,Medium
75167088,20,19.1,2025-12-18 11:00:00,30.08,Medium
75170299,11,12.64,2025-12-15 19:00:00,24.25,Low
75180624,14,15.5,2025-12-18 21:00:00,30.5,Low
75184801,1,14.0,2025-11-24 22:00:00,0.04,Low
75187413,20,37.05,2025-12-16 19:00:00,25.42,Medium
75195687,16,24.94,2025-12-18 23:00:00,27.04,Medium
75209170,25,19.76,2025-12-18 18:00:00,30.38,Medium
75225256,30,140.07,2025-12-18 23:00:00,30.67,High
75225777,7,25.29,2025-12-15 18:00:00,16.21,Low
75251738,27,278.07,2025-12-18 23:00:00,30.96,High
75287920,24,89.83,2025-12-18 17:00:00,30.29,High
75288002,25,52.0,2025-12-18 21:00:00,30.58,Medium
75292590,28,193.43,2025-12-18 12:00:00,29.12,High
75301293,27,51.7,2025-12-18 01:00:00,29.04,Medium
75301433,20,28.6,2025-12-18 19:00:00,30.33,Medium
75321622,27,118.78,2025-12-17 19:00:00,29.5,High
75321867,29,123.86,2025-12-18 22:00:00,30.54,High
75326382,18,37.56,2025-12-13 18:00:00,25.38,Medium
75332266,9,22.0,2025-12-08 11:00:00,18.62,Low
75350465,23,26.0,2025-12-18 11:00:00,29.88,Medium
75370152,15,8.0,2025-12-18 22:00:00,30.54,Low
75371091,25,29.8,2025-12-17 07:00:00,29.29,Medium
75377193,29,34.14,2025-12-18 20:00:00,30.46,Medium
75393724,13,16.08,2025-12-18 10:00:00,29.79,Low
75394275,12,26.33,2025-12-16 21:00:00,16.0,Medium
75404041,14,16.79,2025-12-17 21:00:00,29.75,Low
75419895,13,60.54,2025-12-16 18:00:00,24.21,Medium
75428179,6,12.83,2025-12-13 20:00:00,14.04,Low
75439923,19,51.84,2025-12-18 23:00:00,30.0,Medium
75441631,21,25.67,2025-12-18 22:00:00,29.33,Medium
75500533,30,182.17,2025-12-18 23:00:00,30.96,High
75510785,28,64.61,2025-12-18 09:00:00,28.58,Medium
75533954,30,42.73,2025-12-18 17:00:00,30.46,Medium
75547524,14,50.43,2025-12-18 01:00:00,22.21,Medium
75548296,2,47.5,2025-12-13 20:00:00,23.0,Low
75586844,9,15.22,2025-12-03 13:00:00,13.08,Low
75623420,2,8.0,2025-12-08 11:00:00,5.58,Low
75631135,19,16.21,2025-12-18 21:00:00,30.04,Medium
75632937,18,29.39,2025-12-18 17:00:00,18.83,Medium
75665818,14,20.21,2025-12-14 07:00:00,26.04,Medium
75699486,5,3.4,2025-12-08 22:00:00,12.0,Low
75702827,22,37.09,2025-12-12 13:00:00,24.04,Medium
75712090,13,10.54,2025-12-17 11:00:00,26.71,Low
75722191,27,36.22,2025-12-18 19:00:00,30.79,Medium
75749135,19,63.95,2025-12-18 13:00:00,30.08,Medium
75819271,26,82.23,2025-12-17 19:00:00,29.42,High
75821100,28,163.11,2025-12-18 23:00:00,30.83,High
75844368,13,31.23,2025-12-18 10:00:00,27.58,Medium
75845612,16,63.19,2025-12-15 17:00:00,27.12,Medium
75874204,27,19.26,2025-12-17 23:00:00,29.75,Medium
75878438,12,39.08,2025-12-18 22:00:00,26.12,Medium
75881126,7,18.0,2025-12-16 23:00:00,20.71,Low
75888387,27,108.15,2025-12-18 23:00:00,30.5,High
75892415,5,3.8,2025-12-12 11:00:00,18.75,Low
75904905,25,30.84,2025-12-18 22:00:00,30.67,Medium
75916920,27,113.93,2025-12-18 19:00:00,30.08,High
75927204,3,24.0,2025-12-01 22:00:00,11.96,Low
75945861,23,15.17,2025-12-18 11:00:00,29.83,Medium
75971112,16,10.0,2025-12-18 14:00:00,30.58,Low
75976369,13,30.38,2025-12-17 23:00:00,21.12,Medium
75978611,19,19.16,2025-12-18 22:00:00,30.33,Medium
75981766,27,27.0,2025-12-18 21:00:00,30.0,Medium
75986489,15,48.47,2025-12-17 12:00:00,28.88,Medium
76003936,26,71.08,2025-12-18 06:00:00,29.62,Medium
76014275,29,25.55,2025-12-18 21:00:00,30.62,Medium
76038007,26,30.19,2025-12-18 22:00:00,30.5,Medium
76049101,8,28.12,2025-12-18 15:00:00,27.33,Low
76054159,6,14.0,2025-12-02 01:00:00,13.67,Low
76055683,17,30.53,2025-12-18 16:00:00,30.67,Medium
76057733,2,12.0,2025-12-18 21:00:00,7.04,Low
76073975,25,97.36,2025-12-18 13:00:00,30.17,High
76080602,5,53.0,2025-11-23 22:00:00,5.21,Medium
76085459,26,19.0,2025-12-18 22:00:00,30.5,Medium
76090844,29,53.9,2025-12-18 19:00:00,30.38,Medium
76121487,30,41.03,2025-12-18 20:00:00,30.46,Medium
76143991,28,54.32,2025-12-18 20:00:00,30.83,Medium
76146995,13,27.0,2025-12-18 22:00:00,25.92,Medium
76181117,20,24.85,2025-12-17 19:00:00,27.88,Medium
76202623,11,12.82,2025-12-14 19:00:00,26.38,Low
76204767,22,32.0,2025-12-18 21:00:00,29.83,Medium
76212088,26,24.35,2025-12-17 16:00:00,27.83,Medium
76228001,29,32.97,2025-12-18 10:00:00,30.12,Medium
76252012,31,88.26,2025-12-18 15:00:00,30.33,High
76253363,18,168.5,2025-12-18 12:00:00,30.5,High
76253881,25,66.4,2025-12-17 19:00:00,29.42,Medium
76269329,23,33.35,2025-12-18 19:00:00,29.25,Medium
76271403,31,53.48,2025-12-18 22:00:00,30.29,Medium
76292653,24,81.38,2025-12-18 23:00:00,29.04,High
76297222,4,14.25,2025-12-18 15:00:00,11.83,Low
76314785,29,63.41,2025-12-18 20:00:00,30.54,Medium
76352172,29,54.59,2025-12-18 17:00:00,30.0,Medium
76359356,22,17.27,2025-12-16 23:00:00,28.96,Medium
76388923,5,10.0,2025-12-07 13:00:00,16.08,Low
76398803,22,19.32,2025-12-16 15:00:00,26.96,Medium
76520076,24,31.25,2025-12-18 22:00:00,30.08,Medium
76550636,21,39.43,2025-12-18 18:00:00,30.0,Medium
76558003,17,30.76,2025-12-15 11:00:00,26.62,Medium
76568368,30,63.0,2025-12-18 18:00:00,30.42,High
76599103,30,76.5,2025-12-18 19:00:00,30.25,High
76602764,12,17.92,2025-12-18 22:00:00,25.04,Low
76604277,17,25.53,2025-12-18 13:00:00,27.92,Medium
76606093,25,32.88,2025-12-18 22:00:00,29.29,Medium
76608645,6,9.5,2025-12-13 11:00:00,23.58,Low
76626935,17,10.82,2025-12-18 21:00:00,28.96,Low
76627657,23,48.57,2025-12-17 21:00:00,26.71,Medium
76639598,16,19.56,2025-12-15 11:00:00,20.54,Medium
76658341,24,70.25,2025-12-18 10:00:00,29.58,Medium
76679100,2,4.0,2025-12-11 15:00:00,19.96,Low
76689348,21,30.19,2025-12-17 17:00:00,29.12,Medium
76707547,25,67.6,2025-12-16 09:00:00,28.04,Medium
76722375,12,5.25,2025-12-17 11:00:00,24.92,Low
76732078,29,96.34,2025-12-18 10:00:00,29.71,High
76740501,27,33.59,2025-12-17 23:00:00,26.5,Medium
76755997,22,17.55,2025-12-18 19:00:00,30.5,Medium
76758868,7,10.71,2025-12-18 17:00:00,28.79,Low
76777269,17,28.29,2025-12-18 07:00:00,29.46,Medium
76780582,7,27.14,2025-12-18 16:00:00,30.17,Low
76784040,21,91.95,2025-12-18 21:00:00,23.46,High
76786143,20,38.5,2025-12-18 13:00:00,30.04,Medium
76845781,29,66.69,2025-12-18 15:00:00,30.17,High
76865333,19,12.47,2025-12-18 22:00:00,30.04,Low
76879190,28,86.61,2025-12-18 16:00:00,30.67,High
76885686,19,40.63,2025-12-18 16:00:00,29.96,Medium
76887456,28,75.32,2025-12-18 21:00:00,30.54,High
76896505,17,35.65,2025-12-18 23:00:00,29.21,Medium
76910457,15,55.07,2025-12-18 07:00:00,15.83,Medium
76917566,8,23.12,2025-12-07 12:00:00,11.58,Low
76930958,31,75.39,2025-12-18 19:00:00,30.38,High
76937095,30,25.9,2025-12-18 12:00:00,30.21,Medium
76939979,17,14.65,2025-12-17 13:00:00,28.71,Low
76940638,16,13.19,2025-12-16 18:00:00,28.33,Low
76955385,11,11.64,2025-12-18 15:00:00,30.25,Low
76955668,21,9.29,2025-12-18 17:00:00,28.38,Low
76985951,22,16.77,2025-12-17 17:00:00,29.71,Medium
76995126,30,37.37,2025-12-18 19:00:00,30.5,Medium
76995710,7,22.71,2025-12-17 08:00:00,28.75,Low
77020029,5,22.0,2025-11-22 16:00:00,4.38,Low
77020117,23,24.48,2025-12-18 22:00:00,29.17,Medium
77031104,15,35.6,2025-12-17 19:00:00,28.0,Medium
77032998,24,29.21,2025-12-17 20:00:00,29.0,Medium
77044248,16,17.69,2025-12-15 15:00:00,25.92,Medium
77055357,15,232.53,2025-12-18 10:00:00,15.5,High
77055538,30,90.7,2025-12-18 12:00:00,30.04,High
77067135,6,9.17,2025-12-18 21:00:00,9.54,Low
77072530,21,19.9,2025-12-18 20:00:00,28.46,Medium
77084854,6,8.0,2025-12-15 21:00:00,26.25,Low
77119566,19,62.79,2025-12-18 14:00:00,28.25,Medium
77119953,15,25.8,2025-12-18 20:00:00,29.17,Medium
77121207,7,10.57,2025-12-12 20:00:00,23.21,Low
77128465,27,33.44,2025-12-18 20:00:00,30.54,Medium
77128530,11,9.55,2025-12-18 21:00:00,20.0,Low
77130692,17,14.18,2025-12-18 21:00:00,30.21,Low
77134757,24,21.79,2025-12-16 17:00:00,26.96,Medium
77139316,29,114.59,2025-12-17 22:00:00,29.62,High
77142272,22,32.41,2025-12-17 14:00:00,28.67,Medium
77150532,30,130.67,2025-12-18 22:00:00,30.54,High
77163935,26,41.31,2025-12-18 17:00:00,30.29,Medium
77204533,12,15.5,2025-12-17 16:00:00,21.62,Low
77212709,20,14.9,2025-12-17 11:00:00,29.12,Medium
77237799,22,38.95,2025-12-18 22:00:00,30.42,Medium
77252588,28,42.04,2025-12-18 18:00:00,30.62,Medium
77254417,8,20.0,2025-12-12 11:00:00,23.46,Low
77258315,28,63.32,2025-12-18 21:00:00,30.5,Medium
77260277,19,36.11,2025-12-16 16:00:00,25.67,Medium
77275752,14,22.79,2025-12-17 11:00:00,28.67,Medium
77294719,7,22.71,2025-12-17 22:00:00,28.08,Low
77306409,28,122.93,2025-12-18 21:00:00,30.12,High
77310910,29,70.97,2025-12-18 22:00:00,30.33,High
77320837,29,64.52,2025-12-18 16:00:00,30.0,High
77324134,31,131.23,2025-12-18 14:00:00,30.29,High
77339861,28,353.64,2025-12-18 21:00:00,30.79,High
77362976,25,26.52,2025-12-18 09:00:00,29.71,Medium
77374787,29,371.69,2025-12-18 20:00:00,30.08,High
77392405,18,17.39,2025-12-18 13:00:00,28.67,Medium
77403305,23,50.35,2025-12-17 21:00:00,29.54,Medium
77432011,31,49.26,2025-12-18 20:00:00,30.38,Medium
77443046,28,158.36,2025-12-18 19:00:00,30.29,High
77455082,27,28.63,2025-12-18 14:00:00,30.38,Medium
77455354,24,39.08,2025-12-18 22:00:00,25.17,Medium
77496714,28,44.54,2025-12-18 20:00:00,29.96,Medium
77500052,24,31.38,2025-12-18 12:00:00,30.38,Medium
77503143,24,61.33,2025-12-18 12:00:00,30.08,Medium
77514819,17,20.29,2025-12-17 20:00:00,25.0,Medium
77522552,23,121.43,2025-12-18 23:00:00,30.04,High
77524894,26,83.12,2025-12-18 09:00:00,29.92,High
77528409,25,42.64,2025-12-17 23:00:00,29.71,Medium
77528436,20,77.1,2025-12-18 19:00:00,26.75,Medium
77561428,10,25.9,2025-12-18 23:00:00,26.12,Medium
77563495,26,14.62,2025-12-17 21:00:00,29.38,Medium
77587823,25,81.8,2025-12-18 19:00:00,28.96,High
77591948,10,11.8,2025-12-17 16:00:00,10.88,Low
77630573,15,50.73,2025-12-13 03:00:00,24.71,Medium
77661755,15,51.13,2025-12-17 10:00:00,28.71,Medium
77683512,27,54.26,2025-12-18 20:00:00,30.38,Medium
77743407,14,63.79,2025-12-18 21:00:00,29.33,Medium
77757645,12,8.83,2025-12-16 09:00:00,28.04,Low
77787471,5,7.0,2025-12-18 15:00:00,29.83,Low
77797798,23,31.3,2025-12-18 14:00:00,26.92,Medium
77801990,20,28.7,2025-12-18 20:00:00,30.75,Medium
77802678,17,37.29,2025-12-17 12:00:00,27.58,Medium
77813021,28,22.18,2025-12-18 23:00:00,30.96,Medium
77815658,11,12.73,2025-12-18 19:00:00,22.92,Low
77822835,19,68.32,2025-12-16 09:00:00,28.21,Medium
77840706,11,25.73,2025-12-18 22:00:00,30.17,Medium
77844326,20,14.5,2025-12-18 21:00:00,30.25,Medium
77845023,10,9.6,2025-12-09 17:00:00,21.29,Low
77868658,30,138.37,2025-12-18 21:00:00,30.29,High
77881862,21,37.81,2025-12-18 07:00:00,30.04,Medium
77886379,3,12.0,2025-12-07 15:00:00,14.54,Low
77904805,10,15.1,2025-12-17 20:00:00,29.17,Low
77938710,6,4.83,2025-12-17 20:00:00,29.5,Low
77945945,22,34.95,2025-12-17 16:00:00,29.04,Medium
77957775,16,22.88,2025-12-18 20:00:00,27.29,Medium
77963009,3,37.33,2025-11-27 23:00:00,5.58,Low
77965060,31,79.87,2025-12-18 22:00:00,30.92,High
78044909,26,111.85,2025-12-17 18:00:00,29.42,High
78045043,21,23.1,2025-12-18 15:00:00,30.33,Medium
78068981,27,93.3,2025-12-18 20:00:00,28.96,High
78074373,29,139.69,2025-12-18 17:00:00,30.12,High
78111998,29,37.62,2025-12-17 14:00:00,29.33,Medium
78127630,4,17.25,2025-12-18 21:00:00,9.96,Low
78129838,24,58.79,2025-12-17 10:00:00,29.42,Medium
78202306,12,51.92,2025-12-15 12:00:00,12.0,Medium
78206223,26,27.73,2025-12-18 09:00:00,29.96,Medium
78221884,9,5.56,2025-12-18 22:00:00,29.54,Low
78226298,2,25.0,2025-12-18 16:00:00,8.21,Low
78235318,10,32.9,2025-12-04 14:00:00,15.33,Medium
78264855,9,6.11,2025-12-14 21:00:00,21.46,Low
78309060,18,25.0,2025-12-17 20:00:00,29.04,Medium
78314284,28,33.18,2025-12-18 11:00:00,29.62,Medium
78324634,29,55.34,2025-12-18 21:00:00,29.54,Medium
78329358,26,169.5,2025-12-15 23:00:00,27.54,High
78331026,31,164.13,2025-12-18 18:00:00,30.33,High
78354040,13,23.08,2025-12-17 20:00:00,20.0,Medium
78354424,7,28.14,2025-12-18 17:00:00,26.17,Low
78357080,2,25.0,2025-12-17 15:00:00,10.67,Low
78391784,2,159.0,2025-12-18 16:00:00,18.08,Medium
78397392,7,11.0,2025-12-15 21:00:00,27.75,Low
78445846,30,41.83,2025-12-18 23:00:00,30.88,Medium
78462766,20,34.9,2025-12-18 22:00:00,26.29,Medium
78467491,21,84.0,2025-12-18 19:00:00,29.29,Medium
78477282,30,286.4,2025-12-18 17:00:00,30.42,High
78480196,20,108.55,2025-12-18 22:00:00,30.5,High
78522957,19,54.84,2025-12-17 21:00:00,29.12,Medium
78526913,24,101.96,2025-12-18 20:00:00,27.92,High
78529474,4,7.5,2025-12-12 07:00:00,23.58,Low
78537035,31,32.0,2025-12-18 19:00:00,30.71,Medium
78566320,27,74.3,2025-12-16 08:00:00,28.08,High
78571658,26,252.08,2025-12-14 18:00:00,26.33,High
78574430,21,29.67,2025-12-18 15:00:00,30.17,Medium
78587720,12,18.83,2025-12-17 21:00:00,25.54,Low
78595880,29,80.97,2025-12-18 23:00:00,30.08,High
78639114,9,57.11,2025-12-18 04:00:00,29.17,Medium
78668192,21,24.19,2025-12-18 16:00:00,27.67,Medium
78692954,12,46.33,2025-12-18 11:00:00,29.54,Medium
78704357,22,215.59,2025-12-18 23:00:00,30.33,High
78722474,13,33.85,2025-12-15 18:00:00,24.25,Medium
78760932,27,21.3,2025-12-17 09:00:00,27.96,Medium
78779010,20,24.2,2025-12-18 16:00:00,24.38,Medium
78794958,28,43.61,2025-12-18 22:00:00,30.88,Medium
78804173,21,18.29,2025-12-18 20:00:00,29.08,Medium
78808413,18,44.61,2025-12-17 17:00:00,29.17,Medium
78860938,23,50.09,2025-12-18 21:00:00,25.38,Medium
78877674,27,35.48,2025-12-16 19:00:00,28.29,Medium
78888823,31,117.29,2025-12-18 19:00:00,30.46,High
78889829,26,88.54,2025-12-18 22:00:00,30.46,High
78890087,24,44.17,2025-12-18 17:00:00,25.29,Medium
78898649,31,107.06,2025-12-18 23:00:00,30.92,High
78947364,22,14.45,2025-12-17 13:00:00,29.08,Medium
78992546,28,49.79,2025-12-18 11:00:00,27.5,Medium
79032446,27,24.33,2025-12-17 14:00:00,28.83,Medium
79057120,30,69.33,2025-12-18 22:00:00,30.62,High
79062073,27,125.67,2025-12-18 20:00:00,30.46,High
79074116,16,35.5,2025-12-17 23:00:00,24.54,Medium
79076274,27,42.3,2025-12-18 13:00:00,30.29,Medium
79107813,31,92.45,2025-12-18 23:00:00,30.88,High
79112468,31,156.84,2025-12-18 21:00:00,30.5,High
79134636,30,243.7,2025-12-18 22:00:00,30.38,High
79151138,19,15.11,2025-12-15 16:00:00,27.17,Medium
79161711,27,35.59,2025-12-18 08:00:00,29.38,Medium
79181598,2,6.5,2025-11-26 18:00:00,7.88,Low
79233582,11,65.0,2025-12-18 22:00:00,28.58,Medium
79237680,13,12.77,2025-12-17 12:00:00,29.21,Low
79243315,21,32.43,2025-12-17 19:00:00,27.83,Medium
79243483,20,53.95,2025-12-18 21:00:00,29.08,Medium
79244251,9,13.33,2025-12-18 02:00:00,28.71,Low
79253885,29,168.45,2025-12-18 23:00:00,30.5,High
79266183,29,55.55,2025-12-18 23:00:00,30.62,Medium
79268479,10,29.6,2025-12-06 16:00:00,17.75,Medium
79269988,22,90.27,2025-12-18 16:00:00,30.62,High
79302874,4,14.25,2025-12-17 17:00:00,25.29,Low
79314283,14,14.71,2025-12-18 00:00:00,28.33,Low
79359253,23,50.78,2025-12-18 20:00:00,30.0,Medium
79362621,12,17.42,2025-12-15 17:00:00,22.12,Low
79383980,21,17.48,2025-12-18 23:00:00,29.0,Medium
79384326,13,10.46,2025-12-18 16:00:00,29.21,Low
79403111,30,47.67,2025-12-18 23:00:00,30.96,Medium
79432796,8,18.0,2025-12-18 10:00:00,10.0,Low
79450083,12,15.75,2025-12-18 22:00:00,23.08,Low
79463651,17,79.12,2025-12-18 23:00:00,27.67,Medium
79472459,29,77.83,2025-12-18 20:00:00,30.21,High
79492036,28,26.07,2025-12-18 23:00:00,29.33,Medium
79505279,23,32.3,2025-12-18 20:00:00,30.54,Medium
79519527,24,39.83,2025-12-18 11:00:00,29.96,Medium
79557421,27,42.11,2025-12-18 12:00:00,30.08,Medium
79558429,28,58.79,2025-12-18 20:00:00,30.46,Medium
79587494,30,242.4,2025-12-18 23:00:00,30.96,High
79603001,17,28.59,2025-12-18 17:00:00,25.29,Medium
79603335,25,42.44,2025-12-18 07:00:00,29.62,Medium
79614874,11,6.27,2025-12-12 12:00:00,23.67,Low
79617414,5,77.0,2025-12-18 22:00:00,4.88,Medium
79678094,27,48.67,2025-12-18 23:00:00,30.62,Medium
79681819,3,20.0,2025-12-10 18:00:00,22.21,Low
79690063,29,29.45,2025-12-17 20:00:00,29.58,Medium
79702699,13,60.54,2025-12-18 10:00:00,30.38,Medium
79763295,22,51.23,2025-12-18 14:00:00,28.83,Medium
79787742,30,44.87,2025-12-18 17:00:00,30.46,Medium
79788089,17,48.53,2025-12-17 18:00:00,29.17,Medium
79807237,19,68.11,2025-12-18 23:00:00,30.42,Medium
79807626,31,231.77,2025-12-18 23:00:00,30.88,High
79824809,18,69.39,2025-12-12 22:00:00,22.96,Medium
79844578,25,36.48,2025-12-18 15:00:00,29.88,Medium
79876720,21,24.52,2025-12-17 22:00:00,29.0,Medium
79913494,10,42.6,2025-12-18 12:00:00,28.67,Medium
79927411,25,50.84,2025-12-17 22:00:00,29.33,Medium
79942814,5,19.4,2025-12-14 19:00:00,22.12,Low
79947662,26,35.04,2025-12-18 22:00:00,30.21,Medium
79973073,30,56.0,2025-12-18 23:00:00,30.96,Medium
79990361,29,63.0,2025-12-18 23:00:00,30.58,Medium
80031113,20,43.55,2025-12-15 15:00:00,26.21,Medium
80052488,21,106.76,2025-12-18 09:00:00,29.92,High
80057325,19,63.79,2025-12-18 11:00:00,26.79,Medium
80057429,21,24.29,2025-12-18 23:00:00,30.29,Medium
80081386,16,44.0,2025-12-13 14:00:00,23.04,Medium
80089562,29,103.86,2025-12-17 10:00:00,28.58,High
80109645,25,37.36,2025-12-18 14:00:00,30.04,Medium
80112220,25,45.36,2025-12-18 20:00:00,28.83,Medium
80115072,16,19.81,2025-12-18 19:00:00,29.29,Medium
80115965,8,10.88,2025-12-16 14:00:00,28.04,Low
80125653,31,100.58,2025-12-18 22:00:00,30.58,High
80187043,14,12.21,2025-12-18 13:00:00,29.79,Low
80214639,28,19.93,2025-12-18 15:00:00,30.25,Medium
80216957,24,27.38,2025-12-18 20:00:00,30.42,Medium
80254452,29,83.86,2025-12-18 21:00:00,30.88,High
80263315,31,52.0,2025-12-18 17:00:00,30.46,Medium
80264762,24,88.33,2025-12-18 23:00:00,30.54,High
80274951,21,37.57,2025-12-17 22:00:00,29.54,Medium
80281644,8,32.62,2025-12-12 23:00:00,21.04,Medium
80283819,31,135.32,2025-12-18 21:00:00,30.33,High
80291753,10,14.4,2025-12-17 12:00:00,25.0,Low
80308823,6,17.5,2025-12-14 20:00:00,21.83,Low
80331565,17,23.06,2025-12-18 21:00:00,27.29,Medium
80332039,29,68.31,2025-12-18 22:00:00,30.92,High
80345747,16,54.0,2025-12-18 19:00:00,27.58,Medium
80378029,31,124.0,2025-12-18 23:00:00,30.96,High
80384982,22,25.09,2025-12-18 21:00:00,23.04,Medium
80390220,20,30.8,2025-12-15 09:00:00,27.04,Medium
80415557,22,100.36,2025-12-18 23:00:00,28.29,High
80421496,20,17.3,2025-12-18 15:00:00,30.25,Medium
80422373,21,35.33,2025-12-18 20:00:00,30.12,Medium
80443167,11,18.27,2025-12-18 21:00:00,30.5,Low
80458696,31,96.19,2025-12-18 22:00:00,30.46,High
80481728,30,173.7,2025-12-18 23:00:00,30.42,High
80481913,31,99.06,2025-12-18 22:00:00,30.54,High
80487881,23,40.09,2025-12-17 22:00:00,28.54,Medium
80490154,19,17.32,2025-12-17 21:00:00,29.58,Medium
80519771,11,19.0,2025-12-18 09:00:00,30.04,Low
80528162,28,93.32,2025-12-18 22:00:00,30.46,High
80548885,16,34.0,2025-12-18 21:00:00,30.46,Medium
80552424,29,50.83,2025-12-18 09:00:00,29.92,Medium
80563035,19,41.68,2025-12-18 18:00:00,28.21,Medium
80583776,19,67.63,2025-12-18 23:00:00,24.33,Medium
80638202,20,11.35,2025-12-18 09:00:00,29.83,Low
80648292,17,69.41,2025-12-18 23:00:00,26.04,Medium
80673818,21,72.29,2025-12-18 21:00:00,29.88,Medium
80680284,27,16.33,2025-12-18 23:00:00,28.58,Medium
80699349,28,37.96,2025-12-18 19:00:00,30.79,Medium
80703687,20,67.5,2025-12-18 23:00:00,30.62,Medium
80775941,30,218.87,2025-12-18 19:00:00,30.46,High
80781148,4,5.75,2025-12-18 21:00:00,30.33,Low
80795824,23,22.09,2025-12-18 15:00:00,30.33,Medium
80798241,10,14.1,2025-12-11 00:00:00,17.71,Low
80803649,17,16.88,2025-12-18 22:00:00,29.88,Medium
80808868,15,9.33,2025-12-15 06:00:00,25.79,Low
80838825,29,33.66,2025-12-18 14:00:00,30.04,Medium
80894940,15,8.47,2025-12-18 11:00:00,27.88,Low
80945120,16,42.06,2025-12-18 19:00:00,30.17,Medium
80954170,31,172.06,2025-12-18 21:00:00,30.38,High
80955364,16,43.0,2025-12-15 13:00:00,25.71,Medium
80960440,25,15.44,2025-12-18 17:00:00,29.62,Medium
80977557,29,48.69,2025-12-16 12:00:00,27.83,Medium
81037956,31,71.68,2025-12-18 23:00:00,30.62,High
81046312,27,92.67,2025-12-18 22:00:00,30.38,High
81049962,9,15.89,2025-12-17 19:00:00,26.96,Low
81076699,31,136.13,2025-12-18 14:00:00,30.25,High
81084835,7,79.57,2025-12-18 18:00:00,7.88,Medium
81143356,13,50.46,2025-12-17 17:00:00,28.83,Medium
81144389,5,21.4,2025-12-18 17:00:00,5.33,Low
81157363,11,75.91,2025-12-18 05:00:00,12.79,Medium
81165817,24,28.42,2025-12-18 22:00:00,30.67,Medium
81182608,31,116.26,2025-12-18 15:00:00,30.0,High
81196267,26,17.58,2025-12-18 17:00:00,29.08,Medium
81220081,19,9.16,2025-12-18 21:00:00,27.08,Low
81245680,29,135.83,2025-12-18 16:00:00,29.83,High
81281336,17,24.29,2025-12-17 17:00:00,29.42,Medium
81281654,31,37.84,2025-12-18 17:00:00,30.0,Medium
81295365,23,62.17,2025-12-18 13:00:00,28.71,Medium
81312893,25,21.2,2025-12-17 11:00:00,29.12,Medium
81322348,29,126.59,2025-12-18 17:00:00,30.25,High
81328294,17,43.18,2025-12-18 14:00:00,28.62,Medium
81341272,7,45.0,2025-12-14 10:00:00,11.0,Medium
81368266,8,20.5,2025-12-10 10:00:00,16.54,Low
81406411,8,7.5,2025-12-16 11:00:00,22.79,Low
81419674,16,28.62,2025-12-18 23:00:00,28.38,Medium
81424893,22,17.77,2025-12-18 13:00:00,30.12,Medium
81444684,31,91.61,2025-12-18 20:00:00,30.83,High
81470571,26,25.0,2025-12-17 18:00:00,28.83,Medium
81471953,18,75.72,2025-12-18 23:00:00,24.04,Medium
81479152,23,13.35,2025-12-18 22:00:00,30.54,Medium
81497537,20,106.75,2025-12-18 17:00:00,30.42,High
81500257,31,137.0,2025-12-18 20:00:00,30.75,High
81503200,24,35.12,2025-12-18 20:00:00,30.29,Medium
81506172,22,68.95,2025-12-18 21:00:00,30.5,Medium
81541985,28,38.39,2025-12-18 19:00:00,29.92,Medium
81542356,9,7.67,2025-12-14 11:00:00,24.0,Low
81542604,23,46.26,2025-12-18 23:00:00,30.5,Medium
81550710,20,48.65,2025-12-17 10:00:00,27.04,Medium
81567660,26,28.46,2025-12-18 14:00:00,30.58,Medium
81576763,10,7.3,2025-12-12 18:00:00,24.42,Low
81584249,22,53.82,2025-12-18 22:00:00,30.58,Medium
81586383,27,157.59,2025-12-18 23:00:00,27.58,High
81595167,28,38.54,2025-12-18 20:00:00,29.38,Medium
81607879,5,28.6,2025-12-18 00:00:00,12.08,Low
81608134,31,174.81,2025-12-18 21:00:00,30.71,High
81611585,30,197.83,2025-12-18 23:00:00,30.96,High
81612967,29,92.24,2025-12-17 23:00:00,29.62,High
81613966,28,34.46,2025-12-18 22:00:00,30.42,Medium
81633439,29,91.79,2025-12-18 22:00:00,30.75,High
81635499,27,56.07,2025-12-18 00:00:00,28.58,Medium
81647004,8,9.62,2025-12-14 10:00:00,21.58,Low
81654342,27,35.56,2025-12-17 22:00:00,29.75,Medium
81666196,16,18.5,2025-12-14 19:00:00,21.17,Medium
81705986,28,41.5,2025-12-18 21:00:00,30.46,Medium
81729056,31,55.84,2025-12-18 21:00:00,30.54,Medium
81732161,25,25.8,2025-12-18 10:00:00,30.08,Medium
81748621,9,12.78,2025-12-15 20:00:00,26.0,Low
81756097,25,44.08,2025-12-13 20:00:00,25.62,Medium
81769563,29,29.38,2025-12-18 12:00:00,30.12,Medium
81814142,18,15.44,2025-12-15 21:00:00,27.46,Medium
81840544,23,92.48,2025-12-18 15:00:00,30.62,High
81855599,13,7.69,2025-12-18 22:00:00,30.46,Low
81874936,10,8.3,2025-12-17 15:00:00,26.33,Low
81878304,29,37.17,2025-12-18 22:00:00,30.46,Medium
81901472,28,69.25,2025-12-18 22:00:00,30.54,High
81904568,25,56.96,2025-12-18 20:00:00,29.92,Medium
81919787,14,21.57,2025-12-17 03:00:00,28.25,Medium
81923955,17,26.29,2025-12-18 22:00:00,26.08,Medium
81925863,28,34.18,2025-12-18 19:00:00,30.21,Medium
81933823,22,11.41,2025-12-18 16:00:00,26.38,Low
81958592,22,23.27,2025-12-18 21:00:00,30.46,Medium
81960712,27,42.52,2025-12-18 03:00:00,29.96,Medium
81964332,29,141.66,2025-12-18 20:00:00,30.83,High
81964751,13,11.69,2025-12-16 15:00:00,27.33,Low
81995769,20,39.55,2025-12-18 11:00:00,25.83,Medium
82008226,28,77.82,2025-12-18 11:00:00,30.21,High
82026505,12,24.5,2025-12-17 20:00:00,23.21,Medium
82048591,25,14.32,2025-12-18 18:00:00,29.88,Medium
82056066,30,59.73,2025-12-18 18:00:00,30.75,Medium
82061064,4,3.25,2025-12-12 10:00:00,8.96,Low
82061100,21,26.24,2025-12-18 18:00:00,24.88,Medium
82076649,15,40.47,2025-12-16 08:00:00,25.83,Medium
82095778,11,18.45,2025-12-14 21:00:00,26.58,Low
82109537,7,7.86,2025-12-14 17:00:00,20.12,Low
82144399,8,24.75,2025-12-15 17:00:00,27.21,Low
82169054,15,31.0,2025-12-14 19:00:00,25.79,Medium
82187286,16,14.62,2025-12-16 10:00:00,27.96,Low
82209738,18,64.72,2025-12-12 18:00:00,21.38,Medium
82226346,22,19.5,2025-12-18 17:00:00,30.46,Medium
82245480,31,70.03,2025-12-18 23:00:00,30.58,High
82247926,21,16.76,2025-12-18 11:00:00,30.04,Medium
82252219,1,1.0,2025-12-09 20:00:00,0.0,Low
82252304,13,10.77,2025-12-13 01:00:00,23.67,Low
82259162,31,221.9,2025-12-18 22:00:00,30.92,High
82263291,17,16.47,2025-12-16 16:00:00,27.75,Medium
82271547,7,82.14,2025-12-18 23:00:00,7.08,Medium
82295636,23,96.3,2025-12-18 21:00:00,30.88,High
82298309,3,17.67,2025-12-03 11:00:00,12.58,Low
82299002,11,86.82,2025-12-18 15:00:00,20.08,Medium
82302996,27,97.11,2025-12-18 16:00:00,30.38,High
82320644,31,247.65,2025-12-18 21:00:00,30.42,High
82326585,15,34.6,2025-12-18 19:00:00,21.92,Medium
82329199,22,22.77,2025-12-17 22:00:00,29.5,Medium
82335494,23,93.96,2025-12-16 12:00:00,28.12,High
82362614,18,22.61,2025-12-18 19:00:00,30.38,Medium
82384961,28,96.54,2025-12-18 21:00:00,30.62,High
82389748,21,63.81,2025-12-18 03:00:00,29.67,Medium
82414453,29,59.79,2025-12-18 20:00:00,30.54,Medium
82426549,1,5.0,2025-12-13 16:00:00,0.04,Low
82435724,16,36.31,2025-12-13 16:00:00,19.88,Medium
82438723,26,85.12,2025-12-18 18:00:00,29.88,High
82448685,31,87.74,2025-12-18 20:00:00,30.42,High
82449509,21,11.62,2025-12-16 09:00:00,27.54,Low
82465279,10,7.4,2025-12-14 07:00:00,24.38,Low
82471776,20,22.15,2025-12-18 14:00:00,30.17,Medium
82473850,22,35.68,2025-12-18 17:00:00,26.29,Medium
82479585,19,59.11,2025-12-18 21:00:00,29.38,Medium
82483139,26,29.81,2025-12-18 14:00:00,29.92,Medium
82524017,8,36.62,2025-12-02 22:00:00,13.0,Medium
82532353,22,18.41,2025-12-18 20:00:00,27.46,Medium
82539272,7,8.29,2025-12-14 14:00:00,25.12,Low
82572658,29,106.07,2025-12-18 23:00:00,30.5,High
82575380,30,241.1,2025-12-18 23:00:00,30.75,High
82595325,8,3.75,2025-12-18 21:00:00,30.46,Low
82604847,22,28.41,2025-12-18 23:00:00,30.46,Medium
82628240,26,28.38,2025-12-18 18:00:00,30.04,Medium
82643414,10,20.5,2025-12-17 19:00:00,27.17,Low
82649107,30,119.67,2025-12-18 13:00:00,30.17,High
82660191,8,35.88,2025-12-13 01:00:00,24.25,Medium
82687808,23,45.61,2025-12-18 21:00:00,26.0,Medium
82698552,11,14.0,2025-12-12 14:00:00,20.67,Low
82705001,29,101.83,2025-12-18 18:00:00,30.42,High
82734120,7,12.14,2025-12-16 20:00:00,24.29,Low
82738660,17,34.41,2025-12-18 16:00:00,30.25,Medium
82738686,26,42.38,2025-12-18 21:00:00,30.46,Medium
82740589,20,25.05,2025-12-17 19:00:00,29.12,Medium
82756067,30,73.6,2025-12-18 18:00:00,30.21,High
82775878,20,26.7,2025-12-18 21:00:00,30.5,Medium
82779553,11,36.91,2025-12-18 14:00:00,24.88,Medium
82833924,25,17.32,2025-12-17 22:00:00,28.21,Medium
82838416,28,50.14,2025-12-18 22:00:00,30.62,Medium
82853795,31,86.32,2025-12-18 21:00:00,30.58,High
82857884,30,34.53,2025-12-18 23:00:00,30.54,Medium
82860631,26,34.85,2025-12-18 12:00:00,30.08,Medium
82889783,5,5.2,2025-12-13 07:00:00,21.33,Low
82892371,26,53.19,2025-12-18 14:00:00,30.0,Medium
82902886,26,64.23,2025-12-18 22:00:00,30.08,Medium
82905542,31,336.65,2025-12-18 23:00:00,30.96,High
82914173,31,111.52,2025-12-18 16:00:00,30.04,High
82924944,4,14.0,2025-12-17 10:00:00,19.79,Low
82926069,28,39.07,2025-12-18 14:00:00,30.17,Medium
82926163,25,78.64,2025-12-18 18:00:00,30.08,High
82936710,30,29.0,2025-12-18 23:00:00,30.67,Medium
82945911,18,86.78,2025-12-18 20:00:00,30.04,Medium
82950102,4,2.0,2025-12-11 15:00:00,16.83,Low
82960193,31,262.16,2025-12-18 22:00:00,30.38,High
82962775,12,20.67,2025-12-15 15:00:00,25.71,Low
82996925,28,51.07,2025-12-18 23:00:00,30.5,Medium
83000130,27,8.04,2025-12-17 21:00:00,29.0,Low
83052065,23,49.13,2025-12-18 12:00:00,30.21,Medium
83055904,13,9.31,2025-12-18 13:00:00,29.08,Low
83058850,23,35.13,2025-12-18 15:00:00,30.29,Medium
83062037,31,119.81,2025-12-18 19:00:00,30.75,High
83073587,26,167.65,2025-12-18 19:00:00,30.46,High
83080518,24,84.0,2025-12-17 17:00:00,29.29,High
83082415,5,12.4,2025-12-15 17:00:00,11.33,Low
83108816,18,30.28,2025-12-18 23:00:00,30.46,Medium
83158116,26,85.19,2025-12-16 23:00:00,28.17,High
83173056,5,23.4,2025-12-11 20:00:00,12.21,Low
83262957,28,114.39,2025-12-18 17:00:00,28.88,High
83269367,31,29.35,2025-12-18 23:00:00,30.46,Medium
83275852,24,88.12,2025-12-16 22:00:00,25.58,High
83279248,30,28.6,2025-12-18 21:00:00,30.83,Medium
83307780,24,51.0,2025-12-18 18:00:00,28.29,Medium
83313393,14,59.14,2025-12-18 14:00:00,29.0,Medium
83328872,25,18.36,2025-12-18 12:00:00,29.96,Medium
83334493,25,30.96,2025-12-18 22:00:00,30.33,Medium
83345819,31,66.03,2025-12-18 21:00:00,30.29,High
83346211,31,74.71,2025-12-18 17:00:00,30.67,High
83369179,22,25.14,2025-12-18 22:00:00,29.33,Medium
83389532,27,15.96,2025-12-18 21:00:00,30.04,Medium
83423107,28,70.93,2025-12-18 12:00:00,30.04,High
83424956,30,59.93,2025-12-18 15:00:00,29.88,Medium
83425764,29,24.0,2025-12-18 10:00:00,29.96,Medium
83437514,14,14.43,2025-12-18 18:00:00,20.83,Low
83449637,10,41.3,2025-12-17 20:00:00,27.96,Medium
83469580,7,6.29,2025-12-10 13:00:00,20.79,Low
83490019,9,11.0,2025-12-17 15:00:00,13.58,Low
83521932,31,36.9,2025-12-18 23:00:00,30.21,Medium
83531230,21,36.05,2025-12-18 07:00:00,29.46,Medium
83539694,7,9.29,2025-12-16 18:00:00,18.25,Low
83543222,18,28.0,2025-12-16 16:00:00,28.33,Medium
83546635,31,125.42,2025-12-18 13:00:00,30.21,High
83570876,31,158.35,2025-12-18 23:00:00,30.62,High
83583566,12,64.08,2025-12-18 15:00:00,21.88,Medium
83584379,18,79.89,2025-12-18 20:00:00,30.33,Medium
83599484,16,24.75,2025-12-18 16:00:00,29.83,Medium
83600056,26,56.88,2025-12-18 09:00:00,29.92,Medium
83607024,28,32.29,2025-12-18 18:00:00,30.38,Medium
83618059,23,42.48,2025-12-18 16:00:00,25.92,Medium
83619345,15,30.33,2025-12-17 22:00:00,29.62,Medium
83661052,12,13.0,2025-12-18 14:00:00,28.62,Low
83666727,15,48.13,2025-12-12 21:00:00,19.46,Medium
83679249,22,53.05,2025-12-18 16:00:00,30.25,Medium
83681730,27,46.07,2025-12-18 22:00:00,29.46,Medium
83687317,28,51.21,2025-12-18 20:00:00,30.46,Medium
83688949,28,189.21,2025-12-18 22:00:00,30.62,High
83699036,28,25.21,2025-12-18 22:00:00,30.33,Medium
83735095,30,189.87,2025-12-18 13:00:00,30.17,High
83738555,12,25.33,2025-12-18 18:00:00,29.96,Medium
83753093,15,12.87,2025-12-16 03:00:00,27.42,Low
83764719,31,152.42,2025-12-18 22:00:00,30.17,High
83768059,14,12.21,2025-12-18 19:00:00,25.21,Low
83768290,1,29.0,2025-12-18 20:00:00,0.5,Low
83781429,11,47.91,2025-12-17 13:00:00,17.62,Medium
83797489,20,29.35,2025-12-17 23:00:00,28.62,Medium
83802493,30,172.17,2025-12-18 21:00:00,30.88,High
83804673,17,13.88,2025-12-18 07:00:00,28.38,Low
83811107,2,18.0,2025-12-14 21:00:00,11.21,Low
83813302,31,556.39,2025-12-18 22:00:00,30.54,High
83823786,8,26.62,2025-12-17 16:00:00,11.62,Low
83832211,21,33.86,2025-12-18 21:00:00,28.54,Medium
83836148,16,16.62,2025-12-18 17:00:00,30.71,Medium
83847851,13,23.08,2025-12-15 13:00:00,26.92,Medium
83851924,29,164.79,2025-12-18 23:00:00,30.67,High
83919959,7,18.57,2025-12-12 11:00:00,19.08,Low
83925215,25,78.36,2025-12-18 18:00:00,29.0,High
83928316,21,33.24,2025-12-18 20:00:00,29.33,Medium
83929585,16,22.25,2025-12-16 20:00:00,24.54,Medium
83934219,11,70.27,2025-12-12 03:00:00,22.71,Medium
83954147,29,152.59,2025-12-18 20:00:00,30.33,High
83960181,28,149.0,2025-12-18 21:00:00,30.33,High
83974192,26,89.15,2025-12-18 22:00:00,30.88,High
83975368,4,6.5,2025-12-17 20:00:00,8.96,Low
83976569,15,47.0,2025-12-17 22:00:00,29.42,Medium
83976914,31,172.35,2025-12-18 23:00:00,30.62,High
83977527,20,12.6,2025-12-18 18:00:00,29.79,Low
83978856,22,27.73,2025-12-18 18:00:00,30.33,Medium
83988501,22,45.73,2025-12-18 09:00:00,29.83,Medium
83988987,13,21.15,2025-12-18 12:00:00,29.62,Medium
84009856,16,83.88,2025-12-18 16:00:00,16.17,Medium
84019407,25,28.84,2025-12-18 08:00:00,29.42,Medium
84037292,4,24.5,2025-12-10 11:00:00,17.5,Low
84057565,9,9.56,2025-12-14 17:00:00,26.38,Low
84059253,12,19.17,2025-12-11 22:00:00,14.04,Low
84072731,14,21.0,2025-12-16 20:00:00,26.0,Medium
84080163,31,61.65,2025-12-18 10:00:00,29.92,High
84121281,27,77.48,2025-12-18 16:00:00,30.38,High
84167844,30,30.03,2025-12-18 15:00:00,30.33,Medium
84208789,13,17.69,2025-12-14 11:00:00,25.96,Low
84230181,20,25.35,2025-12-18 20:00:00,30.54,Medium
84247610,27,82.85,2025-12-18 08:00:00,29.79,High
84263296,25,23.04,2025-12-17 14:00:00,28.29,Medium
84267303,19,15.68,2025-12-18 20:00:00,28.96,Medium
84281661,2,27.5,2025-12-12 14:00:00,6.12,Low
84281743,29,53.72,2025-12-18 17:00:00,29.96,Medium
84289150,28,49.68,2025-12-18 19:00:00,30.04,Medium
84307337,31,125.9,2025-12-18 21:00:00,30.58,High
84308150,26,82.65,2025-12-16 14:00:00,26.62,High
84328573,19,26.21,2025-12-18 20:00:00,29.17,Medium
84340253,28,37.0,2025-12-17 19:00:00,29.38,Medium
84374385,20,22.35,2025-12-18 22:00:00,30.92,Medium
84406897,8,17.38,2025-12-16 16:00:00,27.88,Low
84414222,28,65.25,2025-12-18 12:00:00,30.5,Medium
84423663,29,24.9,2025-12-18 22:00:00,30.54,Medium
84439492,9,9.22,2025-12-16 15:00:00,22.71,Low
84441355,22,49.0,2025-12-18 23:00:00,30.96,Medium
84445336,13,66.23,2025-12-18 17:00:00,27.83,Medium
84465830,28,39.11,2025-12-17 23:00:00,29.46,Medium
84465849,31,257.39,2025-12-18 21:00:00,30.46,High
84469189,23,16.91,2025-12-18 22:00:00,30.21,Medium
84469236,24,41.75,2025-12-16 19:00:00,28.0,Medium
84480844,14,25.07,2025-12-17 21:00:00,22.04,Medium
84492068,29,93.66,2025-12-18 17:00:00,30.46,High
84517694,27,49.7,2025-12-18 22:00:00,29.62,Medium
84556930,30,91.43,2025-12-18 22:00:00,30.54,High
84560829,25,76.52,2025-12-18 22:00:00,30.42,High
84560900,5,15.2,2025-12-02 23:00:00,14.0,Low
84566857,30,199.23,2025-12-18 20:00:00,30.33,High
84568949,7,57.0,2025-11-24 13:00:00,6.25,Medium
84601374,22,10.95,2025-12-17 17:00:00,29.25,Low
84614339,3,10.0,2025-12-14 13:00:00,3.88,Low
84638310,22,43.77,2025-12-18 13:00:00,30.17,Medium
84640132,28,56.04,2025-12-18 15:00:00,30.12,Medium
84645009,22,26.23,2025-12-18 09:00:00,30.04,Medium
84676338,27,29.85,2025-12-18 23:00:00,30.96,Medium
84698728,27,124.22,2025-12-18 20:00:00,30.04,High
84744429,8,10.62,2025-12-18 21:00:00,30.08,Low
84756365,18,35.11,2025-12-16 10:00:00,25.75,Medium
84766191,30,36.33,2025-12-18 12:00:00,29.75,Medium
84786775,5,19.0,2025-12-16 00:00:00,26.5,Low
84809260,8,45.5,2025-12-16 00:00:00,23.42,Medium
84826816,24,36.38,2025-12-18 20:00:00,30.0,Medium
84865876,23,60.22,2025-12-17 22:00:00,29.46,Medium
84873122,22,38.23,2025-12-18 19:00:00,30.5,Medium
84875269,12,17.08,2025-12-18 17:00:00,29.96,Low
84892889,31,168.1,2025-12-18 23:00:00,30.54,High
84894979,16,26.44,2025-12-18 21:00:00,28.33,Medium
84902483,16,40.56,2025-12-18 21:00:00,30.46,Medium
84914445,29,33.9,2025-12-18 22:00:00,30.21,Medium
84916776,14,76.93,2025-12-17 21:00:00,27.04,Medium
84949737,29,182.97,2025-12-18 21:00:00,30.33,High
84956161,14,26.86,2025-12-18 18:00:00,29.92,Medium
84957645,3,36.0,2025-12-17 23:00:00,24.92,Low
84993562,16,35.38,2025-12-17 15:00:00,27.04,Medium
85004126,22,15.77,2025-12-18 18:00:00,29.21,Medium
85008352,26,79.62,2025-12-16 09:00:00,28.08,High
85016828,14,21.57,2025-12-15 15:00:00,25.75,Medium
85025555,26,29.31,2025-12-18 20:00:00,29.33,Medium
85031011,31,110.58,2025-12-18 22:00:00,30.42,High
85048948,8,24.38,2025-12-18 11:00:00,21.75,Low
85051568,14,24.29,2025-12-16 13:00:00,28.04,Medium
85051939,25,53.8,2025-12-18 22:00:00,30.25,Medium
85052259,29,108.17,2025-12-18 23:00:00,30.46,High
85053285,21,40.14,2025-12-18 22:00:00,30.04,Medium
85053429,29,56.14,2025-12-18 21:00:00,30.46,Medium
85057275,26,34.65,2025-12-18 19:00:00,30.79,Medium
85061519,16,52.12,2025-12-12 15:00:00,23.83,Medium
85063376,26,79.92,2025-12-18 18:00:00,30.46,High
85063972,29,49.83,2025-12-18 22:00:00,30.5,Medium
85064035,10,6.1,2025-12-18 12:00:00,27.67,Low
85071667,22,31.82,2025-12-18 22:00:00,28.62,Medium
85081309,31,107.16,2025-12-18 20:00:00,30.0,High
85100350,15,56.6,2025-12-18 12:00:00,29.71,Medium
85101585,16,19.62,2025-12-17 11:00:00,27.92,Medium
85110777,10,22.7,2025-12-17 10:00:00,21.83,Low
85116533,5,16.4,2025-12-16 10:00:00,28.38,Low
85120673,31,109.0,2025-12-18 20:00:00,30.0,High
85129672,16,14.75,2025-12-17 05:00:00,28.25,Low
85160711,28,26.5,2025-12-18 21:00:00,30.0,Medium
85164456,23,147.35,2025-12-18 23:00:00,30.25,High
85169785,30,42.8,2025-12-18 23:00:00,30.0,Medium
85178050,24,39.12,2025-12-18 21:00:00,30.62,Medium
85188992,30,89.4,2025-12-18 21:00:00,30.58,High
85193905,13,104.38,2025-12-18 20:00:00,30.5,Medium
85203528,18,17.33,2025-12-18 18:00:00,30.12,Medium
85217109,20,13.15,2025-12-18 21:00:00,29.12,Medium
85236155,23,42.78,2025-12-18 16:00:00,30.33,Medium
85271128,27,66.67,2025-12-17 21:00:00,29.12,Medium
85295844,17,15.88,2025-12-18 22:00:00,26.96,Medium
85296442,23,58.04,2025-12-17 12:00:00,28.92,Medium
85308332,30,136.17,2025-12-18 21:00:00,30.29,High
85310681,28,30.04,2025-12-18 23:00:00,30.46,Medium
85336332,31,189.39,2025-12-18 23:00:00,30.58,High
85354272,6,5.0,2025-12-14 21:00:00,26.29,Low
85356127,8,17.5,2025-12-14 20:00:00,23.12,Low
85372457,29,77.14,2025-12-18 14:00:00,29.92,High
85438708,18,38.44,2025-12-18 23:00:00,30.58,Medium
85447850,26,115.27,2025-12-17 21:00:00,29.58,High
85497599,23,45.61,2025-12-16 14:00:00,28.58,Medium
85506238,18,18.67,2025-12-17 14:00:00,29.58,Medium
85506999,25,17.44,2025-12-18 20:00:00,28.33,Medium
85515812,27,26.89,2025-12-18 18:00:00,30.42,Medium
85532545,26,71.65,2025-12-18 21:00:00,29.46,High
85550335,31,26.9,2025-12-18 05:00:00,30.21,Medium
85558599,28,79.5,2025-12-18 19:00:00,30.04,High
85559921,18,9.39,2025-12-18 21:00:00,29.88,Low
85566132,26,96.31,2025-12-18 23:00:00,29.96,High
85578027,28,67.43,2025-12-18 14:00:00,30.21,High
85604732,6,23.17,2025-12-09 19:00:00,19.0,Low
85614421,7,7.43,2025-12-17 17:00:00,22.83,Low
85617134,20,13.2,2025-12-18 10:00:00,30.12,Medium
85633095,31,162.77,2025-12-18 17:00:00,30.42,High
85642720,18,11.44,2025-12-18 19:00:00,29.5,Low
85646603,28,35.89,2025-12-18 13:00:00,30.54,Medium
85652357,1,5.0,2025-12-12 14:00:00,0.0,Low
85660451,22,69.23,2025-12-18 15:00:00,30.25,Medium
85684824,26,43.35,2025-12-18 22:00:00,28.96,Medium
85724451,15,38.0,2025-12-18 21:00:00,26.12,Medium
85745014,20,24.55,2025-12-18 15:00:00,29.83,Medium
85775119,2,36.5,2025-12-10 16:00:00,0.79,Low
85788191,9,12.22,2025-12-18 09:00:00,25.5,Low
85804228,11,16.73,2025-12-08 20:00:00,20.33,Low
85822276,31,267.74,2025-12-18 22:00:00,30.83,High
85837173,8,8.38,2025-12-15 17:00:00,24.33,Low
85862488,31,121.06,2025-12-18 22:00:00,30.79,High
85867746,14,43.57,2025-12-18 20:00:00,30.08,Medium
85877113,6,37.67,2025-12-18 15:00:00,26.62,Low
85894552,7,12.57,2025-12-16 03:00:00,22.12,Low
85897722,8,8.38,2025-12-16 09:00:00,28.0,Low
85910982,13,18.77,2025-12-16 18:00:00,27.25,Low
85922732,29,50.31,2025-12-18 16:00:00,30.29,Medium
85939471,23,27.78,2025-12-18 18:00:00,28.96,Medium
85943972,22,14.5,2025-12-18 22:00:00,30.21,Medium
85947802,12,9.33,2025-12-17 13:00:00,29.25,Low
85953088,4,31.0,2025-12-07 09:00:00,5.33,Low
85994287,31,95.55,2025-12-18 23:00:00,30.46,High
86010915,21,20.1,2025-12-18 12:00:00,29.71,Medium
86011804,29,85.21,2025-12-18 23:00:00,30.17,High
86012881,24,44.96,2025-12-18 19:00:00,30.75,Medium
86015882,13,17.54,2025-12-18 10:00:00,23.5,Low
86017186,29,78.45,2025-12-18 23:00:00,29.96,High
86034641,18,45.83,2025-12-18 11:00:00,23.17,Medium
86038768,29,99.1,2025-12-18 11:00:00,30.42,High
86062140,12,24.17,2025-12-14 07:00:00,22.5,Medium
86075690,9,41.78,2025-12-12 09:00:00,14.46,Medium
86103367,4,24.25,2025-12-12 15:00:00,19.96,Low
86107124,16,40.75,2025-12-12 18:00:00,16.83,Medium
86173615,4,35.75,2025-12-17 10:00:00,17.08,Low
86180555,10,7.6,2025-12-16 08:00:00,27.42,Low
86239261,31,238.45,2025-12-18 22:00:00,30.67,High
86273519,30,85.0,2025-12-17 22:00:00,29.17,High
86282836,18,22.44,2025-12-16 12:00:00,27.75,Medium
86287331,28,28.43,2025-12-18 23:00:00,29.17,Medium
86299044,18,23.67,2025-12-18 23:00:00,30.46,Medium
86323571,5,38.2,2025-12-07 20:00:00,11.88,Low
86328155,5,9.6,2025-12-07 16:00:00,17.38,Low
86340424,25,25.68,2025-12-18 18:00:00,30.0,Medium
86369786,15,21.07,2025-12-18 07:00:00,29.46,Medium
86388311,26,24.42,2025-12-17 14:00:00,29.29,Medium
86419063,15,7.53,2025-12-12 20:00:00,24.12,Low
86435238,18,116.22,2025-12-18 16:00:00,29.83,High
86442990,28,38.57,2025-12-18 23:00:00,29.67,Medium
86443243,2,124.0,2025-12-11 19:00:00,1.92,Low
86458054,2,1.5,2025-11-21 11:00:00,1.12,Low
86505281,13,45.85,2025-12-18 13:00:00,24.29,Medium
86523709,29,45.59,2025-12-17 22:00:00,29.62,Medium
86530795,21,58.67,2025-12-17 22:00:00,29.33,Medium
86531384,14,18.64,2025-12-18 20:00:00,30.5,Medium
86563510,25,31.0,2025-12-18 23:00:00,30.04,Medium
86568201,25,45.12,2025-12-18 23:00:00,30.83,Medium
86581662,23,26.74,2025-12-18 23:00:00,30.46,Medium
86614500,31,81.68,2025-12-18 19:00:00,30.71,High
86616463,28,53.07,2025-12-17 22:00:00,29.33,Medium
86641829,3,10.0,2025-12-18 14:00:00,28.71,Low
86658749,13,79.38,2025-12-18 19:00:00,13.42,Medium
86670881,7,21.29,2025-12-16 20:00:00,17.04,Low
86673531,14,62.93,2025-12-18 12:00:00,29.08,Medium
86674738,27,36.26,2025-12-18 22:00:00,30.38,Medium
86696356,12,15.5,2025-12-18 14:00:00,29.83,Low
86711898,28,80.43,2025-12-18 08:00:00,29.62,High
86717393,21,17.9,2025-12-18 21:00:00,29.04,Medium
86723144,18,56.5,2025-12-18 19:00:00,21.04,Medium
86723232,31,251.26,2025-12-18 20:00:00,30.58,High
86728681,7,55.14,2025-12-15 22:00:00,23.67,Medium
86730643,20,6.9,2025-12-16 16:00:00,28.33,Low
86736998,12,13.75,2025-12-17 14:00:00,29.0,Low
86748372,22,151.41,2025-12-18 23:00:00,30.46,High
86756157,28,130.82,2025-12-18 13:00:00,29.08,High
86770260,28,144.21,2025-12-18 22:00:00,29.38,High
86785531,27,124.33,2025-12-17 15:00:00,29.12,High
86800877,22,15.23,2025-12-17 20:00:00,28.96,Medium
86804290,31,84.97,2025-12-18 11:00:00,29.75,High
86817915,27,22.0,2025-12-18 20:00:00,30.58,Medium
86823123,19,19.26,2025-12-17 17:00:00,29.21,Medium
86839210,19,48.53,2025-12-17 21:00:00,29.0,Medium
86845872,6,9.83,2025-12-14 23:00:00,23.04,Low
86863108,10,162.1,2025-12-18 22:00:00,25.17,Medium
86870442,7,27.0,2025-12-13 21:00:00,25.17,Low
86900115,18,35.22,2025-12-18 21:00:00,30.04,Medium
86901628,15,55.07,2025-12-18 18:00:00,17.92,Medium
86929922,10,11.7,2025-12-15 01:00:00,22.21,Low
86985041,10,16.0,2025-12-18 19:00:00,30.38,Low
87018990,26,42.69,2025-12-17 22:00:00,29.08,Medium
87026738,28,56.5,2025-12-18 23:00:00,30.33,Medium
87056353,21,27.14,2025-12-18 13:00:00,30.29,Medium
87077725,5,13.2,2025-12-18 21:00:00,28.25,Low
87086124,26,62.88,2025-12-17 15:00:00,28.67,Medium
87098913,30,68.23,2025-12-18 22:00:00,30.92,High
87104389,22,78.86,2025-12-15 22:00:00,27.62,Medium
87119704,28,109.11,2025-12-18 23:00:00,30.5,High
87146362,9,16.56,2025-12-18 22:00:00,28.5,Low
87153634,21,19.38,2025-12-18 08:00:00,29.42,Medium
87165474,31,103.9,2025-12-18 16:00:00,30.58,High
87182757,24,45.79,2025-12-18 12:00:00,30.5,Medium
87224584,31,45.48,2025-12-18 21:00:00,30.0,Medium
87229516,18,75.0,2025-12-18 18:00:00,30.08,Medium
87234675,24,21.42,2025-12-17 19:00:00,29.67,Medium
87269189,24,25.79,2025-12-17 17:00:00,28.79,Medium
87298447,27,55.19,2025-12-18 17:00:00,30.17,Medium
87326986,19,44.0,2025-12-09 21:00:00,21.5,Medium
87338001,11,71.18,2025-12-10 10:00:00,21.92,Medium
87348753,8,38.5,2025-12-15 22:00:00,27.12,Medium
87351617,18,13.11,2025-12-18 18:00:00,30.21,Low
87351790,26,91.92,2025-12-18 22:00:00,29.5,High
87365875,23,49.35,2025-12-17 22:00:00,27.54,Medium
87385056,25,54.92,2025-12-18 21:00:00,30.88,Medium
87397369,4,9.75,2025-12-11 12:00:00,23.0,Low
87401754,20,25.95,2025-12-16 15:00:00,28.12,Medium
87409081,21,19.48,2025-12-18 11:00:00,29.83,Medium
87413989,27,145.93,2025-12-18 22:00:00,30.58,High
87442587,27,45.78,2025-12-18 21:00:00,30.62,Medium
87448522,25,51.4,2025-12-18 14:00:00,30.0,Medium
87466107,21,49.43,2025-12-16 23:00:00,28.08,Medium
87467371,6,19.17,2025-12-14 11:00:00,25.79,Low
87475354,27,139.52,2025-12-16 22:00:00,28.46,High
87503748,21,31.48,2025-12-18 21:00:00,30.04,Medium
87509181,18,25.11,2025-12-18 20:00:00,29.0,Medium
87525318,10,14.4,2025-12-16 15:00:00,25.79,Low
87526438,22,33.0,2025-12-18 17:00:00,26.75,Medium
87538023,15,70.4,2025-12-18 23:00:00,19.46,Medium
87542208,31,84.61,2025-12-18 19:00:00,30.21,High
87579407,24,62.58,2025-12-18 20:00:00,29.38,Medium
87594845,31,83.32,2025-12-18 23:00:00,30.5,High
87603845,27,77.85,2025-12-18 14:00:00,28.62,High
87610115,29,51.03,2025-12-18 21:00:00,30.54,Medium
87616807,29,56.28,2025-12-18 20:00:00,30.25,Medium
87634750,22,20.91,2025-12-17 22:00:00,29.04,Medium
87642673,30,146.33,2025-12-18 22:00:00,30.0,High
87648643,28,35.89,2025-12-17 10:00:00,29.08,Medium
87658501,29,231.72,2025-12-18 22:00:00,30.67,High
87674314,15,24.8,2025-12-16 07:00:00,27.92,Medium
87677681,14,38.64,2025-12-15 21:00:00,26.04,Medium
87684947,14,57.57,2025-12-18 21:00:00,22.5,Medium
87732841,22,24.14,2025-12-17 12:00:00,28.75,Medium
87751423,23,38.61,2025-12-18 17:00:00,29.17,Medium
87799778,21,65.14,2025-12-14 22:00:00,26.04,Medium
87804477,16,6.94,2025-12-18 08:00:00,29.46,Low
87810699,5,14.8,2025-12-15 20:00:00,24.0,Low
87820307,29,26.52,2025-12-18 18:00:00,30.46,Medium
87836751,12,24.42,2025-12-14 13:00:00,24.67,Medium
87861593,17,17.47,2025-12-15 21:00:00,25.04,Medium
87868887,26,47.38,2025-12-18 16:00:00,28.75,Medium
87876065,25,27.68,2025-12-18 17:00:00,30.46,Medium
87895521,28,67.36,2025-12-18 09:00:00,30.29,High
87901815,13,40.77,2025-12-16 23:00:00,28.17,Medium
87902771,13,30.15,2025-12-18 23:00:00,12.17,Medium
87942719,30,114.47,2025-12-18 21:00:00,30.46,High
87944152,31,123.81,2025-12-18 21:00:00,30.54,High
87948577,8,61.25,2025-12-09 15:00:00,13.92,Medium
87960257,19,18.32,2025-12-17 12:00:00,29.08,Medium
87980818,11,10.73,2025-12-14 07:00:00,20.5,Low
87983348,31,158.87,2025-12-18 16:00:00,30.33,High
87990594,20,47.6,2025-12-18 21:00:00,28.25,Medium
87998227,31,103.61,2025-12-18 23:00:00,30.54,High
88005937,14,10.79,2025-12-18 16:00:00,20.25,Low
88007634,25,22.92,2025-12-18 19:00:00,29.38,Medium
88009446,30,93.73,2025-12-18 23:00:00,29.5,High
88055926,26,28.0,2025-12-18 18:00:00,30.08,Medium
88076016,28,63.39,2025-12-18 21:00:00,30.12,Medium
88079688,31,149.42,2025-12-18 23:00:00,30.96,High
88090767,26,66.77,2025-12-18 21:00:00,29.58,Medium
88099922,16,22.69,2025-12-14 21:00:00,25.38,Medium
88105291,11,8.91,2025-12-12 17:00:00,24.38,Low
88110636,30,125.23,2025-12-18 22:00:00,30.5,High
88111941,25,37.68,2025-12-18 16:00:00,28.21,Medium
88120786,31,152.71,2025-12-18 22:00:00,30.92,High
88122205,17,11.18,2025-12-18 15:00:00,26.96,Low
88143584,29,48.03,2025-12-18 20:00:00,30.17,Medium
88150994,26,77.19,2025-12-18 22:00:00,30.54,High
88159912,31,36.68,2025-12-18 19:00:00,30.54,Medium
88196998,6,18.0,2025-12-10 08:00:00,7.42,Low
88209434,26,86.19,2025-12-18 08:00:00,30.08,High
88211444,12,29.42,2025-12-18 04:00:00,15.58,Medium
88214207,7,10.0,2025-12-18 20:00:00,22.17,Low
88239724,7,16.57,2025-12-18 19:00:00,18.33,Low
88246742,14,13.86,2025-12-17 07:00:00,28.5,Low
88271974,28,47.5,2025-12-18 22:00:00,30.92,Medium
88276305,13,18.08,2025-12-17 19:00:00,26.5,Low
88290400,31,131.65,2025-12-18 20:00:00,30.08,High
88330035,25,6.8,2025-12-18 19:00:00,30.5,Low
88336278,21,32.29,2025-12-18 01:00:00,28.17,Medium
88340891,26,76.77,2025-12-18 23:00:00,29.25,High
88364207,5,35.4,2025-12-16 14:00:00,25.67,Low
88374425,27,25.04,2025-12-18 12:00:00,29.75,Medium
88405349,17,53.24,2025-12-15 19:00:00,26.12,Medium
88447964,31,91.55,2025-12-18 23:00:00,30.46,High
88470992,27,49.96,2025-12-18 17:00:00,30.17,Medium
88493429,18,41.78,2025-12-18 20:00:00,30.0,Medium
88496472,31,119.19,2025-12-18 12:00:00,30.17,High
88503688,30,153.73,2025-12-18 23:00:00,30.71,High
88504838,13,59.15,2025-12-17 12:00:00,18.62,Medium
88513390,27,129.89,2025-12-14 07:00:00,25.38,High
88526460,23,14.26,2025-12-17 23:00:00,29.42,Medium
88548564,14,70.86,2025-12-14 13:00:00,26.12,Medium
88568494,21,40.71,2025-12-18 09:00:00,23.38,Medium
88574383,1,9.0,2025-12-05 20:00:00,0.04,Low
88603547,24,20.04,2025-12-18 19:00:00,29.83,Medium
88614983,15,28.47,2025-12-18 22:00:00,30.29,Medium
88623283,27,30.96,2025-12-18 22:00:00,29.46,Medium
88637394,17,22.59,2025-12-18 13:00:00,29.92,Medium
88643555,7,93.57,2025-12-18 20:00:00,29.42,Medium
88660059,2,7.5,2025-11-30 23:00:00,12.5,Low
88666055,18,81.28,2025-12-18 21:00:00,29.29,Medium
88679022,3,79.0,2025-12-15 20:00:00,21.96,Low
88691490,28,73.43,2025-12-18 23:00:00,30.5,High
88707443,27,26.63,2025-12-18 20:00:00,30.83,Medium
88715260,27,87.19,2025-12-18 22:00:00,30.33,High
88735921,27,35.59,2025-12-18 22:00:00,30.0,Medium
88749982,15,19.33,2025-12-18 12:00:00,29.92,Medium
88753779,6,19.33,2025-12-05 08:00:00,12.46,Low
88811781,13,25.08,2025-12-18 18:00:00,29.0,Medium
88815441,29,167.86,2025-12-18 22:00:00,30.54,High
88826481,15,25.53,2025-12-18 23:00:00,27.62,Medium
88845531,11,18.91,2025-12-14 20:00:00,24.29,Low
88855760,25,31.12,2025-12-18 12:00:00,29.71,Medium
88865653,27,100.15,2025-12-18 18:00:00,29.21,High
88884665,13,51.46,2025-12-18 15:00:00,24.58,Medium
88901750,31,80.42,2025-12-18 22:00:00,30.46,High
88916048,31,61.29,2025-12-18 18:00:00,30.29,High
88922674,8,8.62,2025-12-18 06:00:00,13.46,Low
88927446,20,34.8,2025-12-18 13:00:00,30.54,Medium
88945335,28,69.36,2025-12-18 22:00:00,30.62,High
88950524,31,61.16,2025-12-18 17:00:00,30.33,High
88953531,13,19.31,2025-12-18 21:00:00,29.5,Low
88967877,21,44.33,2025-12-17 15:00:00,27.75,Medium
88972430,21,56.67,2025-12-15 11:00:00,27.08,Medium
89004886,12,11.5,2025-12-18 15:00:00,26.25,Low
89006471,19,10.68,2025-12-13 23:00:00,25.25,Low
89063931,6,22.33,2025-12-12 23:00:00,23.96,Low
89083541,14,198.0,2025-12-18 21:00:00,30.38,High
89104233,5,10.6,2025-12-17 17:00:00,28.12,Low
89105765,23,40.3,2025-12-17 21:00:00,28.04,Medium
89118490,25,44.6,2025-12-18 23:00:00,30.46,Medium
89153511,23,54.04,2025-12-18 22:00:00,28.88,Medium
89160493,17,30.53,2025-12-18 22:00:00,29.0,Medium
89183161,25,59.44,2025-12-18 20:00:00,30.33,Medium
89193034,20,26.5,2025-12-18 21:00:00,29.96,Medium
89210176,26,24.88,2025-12-18 09:00:00,29.62,Medium
89249164,30,133.93,2025-12-18 23:00:00,30.5,High
89256212,19,45.26,2025-12-18 22:00:00,29.46,Medium
89258714,30,54.77,2025-12-18 11:00:00,30.21,Medium
89261071,9,6.67,2025-12-16 17:00:00,25.96,Low
89302742,22,65.86,2025-12-18 22:00:00,30.08,Medium
89320958,11,16.36,2025-12-17 10:00:00,27.96,Low
89327430,19,115.37,2025-12-15 20:00:00,23.17,High
89341994,21,36.38,2025-12-18 20:00:00,30.5,Medium
89346491,22,34.09,2025-12-18 23:00:00,30.42,Medium
89349895,9,12.89,2025-12-18 13:00:00,28.17,Low
89353720,5,25.8,2025-12-18 14:00:00,9.92,Low
89358432,12,18.42,2025-12-16 05:00:00,26.54,Low
89380977,23,70.0,2025-12-18 23:00:00,29.33,Medium
89384841,23,107.57,2025-12-18 10:00:00,29.08,High
89391097,5,15.4,2025-12-01 22:00:00,10.0,Low
89403474,6,63.83,2025-12-17 12:00:00,25.5,Medium
89417510,27,56.89,2025-12-18 18:00:00,30.5,Medium
89426847,30,97.37,2025-12-18 23:00:00,30.5,High
89428650,21,246.1,2025-12-18 07:00:00,30.29,High
89430548,6,42.67,2025-12-13 15:00:00,24.92,Medium
89492416,1,2.0,2025-12-18 16:00:00,0.38,Low
89495629,3,76.33,2025-12-18 20:00:00,12.92,Low
89538622,11,18.18,2025-12-18 16:00:00,29.29,Low
89543332,8,26.25,2025-12-15 15:00:00,26.62,Low
89545247,1,21.0,2025-12-13 11:00:00,0.08,Low
89583416,20,28.7,2025-12-18 19:00:00,29.92,Medium
89610223,22,22.64,2025-12-18 20:00:00,30.17,Medium
89618850,23,40.35,2025-12-18 12:00:00,27.62,Medium
89627693,8,4.0,2025-12-17 02:00:00,27.96,Low
89644945,29,62.59,2025-12-18 22:00:00,30.25,Medium
89646454,25,21.84,2025-12-17 09:00:00,29.38,Medium
89647768,30,152.57,2025-12-18 14:00:00,30.29,High
89692927,25,42.24,2025-12-17 23:00:00,29.21,Medium
89710336,26,75.46,2025-12-18 23:00:00,30.54,High
89726077,22,23.55,2025-12-17 10:00:00,29.0,Medium
89727305,27,33.81,2025-12-18 08:00:00,30.04,Medium
89736791,27,132.37,2025-12-18 17:00:00,30.71,High
89737857,25,23.76,2025-12-18 16:00:00,30.21,Medium
89748192,30,52.2,2025-12-17 19:00:00,29.5,Medium
89813223,6,23.67,2025-12-18 23:00:00,12.08,Low
89817349,22,21.14,2025-12-18 15:00:00,30.12,Medium
89819548,12,11.42,2025-12-14 14:00:00,26.25,Low
89825616,23,55.96,2025-12-18 19:00:00,29.33,Medium
89831149,21,62.48,2025-12-18 22:00:00,30.46,Medium
89837777,19,25.26,2025-12-18 20:00:00,29.96,Medium
89854830,15,42.0,2025-12-18 16:00:00,30.25,Medium
89866622,20,14.3,2025-12-18 19:00:00,27.0,Medium
89868154,17,44.65,2025-12-18 23:00:00,25.0,Medium
89886681,31,93.35,2025-12-18 23:00:00,30.96,High
89888891,20,25.15,2025-12-17 11:00:00,28.71,Medium
89899419,12,11.33,2025-12-18 23:00:00,25.46,Low
89901261,28,73.46,2025-12-18 19:00:00,30.38,High
89917648,20,32.2,2025-12-18 13:00:00,30.21,Medium
89918216,28,33.11,2025-12-18 20:00:00,30.58,Medium
89918724,26,33.35,2025-12-18 22:00:00,30.67,Medium
89931597,26,30.08,2025-12-18 21:00:00,30.5,Medium
89931825,31,229.48,2025-12-18 22:00:00,30.29,High
89946731,15,12.2,2025-12-16 21:00:00,27.96,Low
89953122,23,51.96,2025-12-17 11:00:00,29.33,Medium
89953582,20,13.05,2025-12-17 11:00:00,26.75,Medium
89959759,6,9.83,2025-11-28 15:00:00,4.88,Low
89962630,24,164.88,2025-12-17 23:00:00,29.92,High
89991765,19,46.79,2025-12-18 23:00:00,30.96,Medium
90009214,21,26.19,2025-12-17 19:00:00,28.25,Medium
90019648,25,24.0,2025-12-18 19:00:00,30.58,Medium
90024783,14,11.57,2025-12-18 20:00:00,30.33,Low
90030565,9,37.22,2025-12-15 19:00:00,20.79,Medium
90033831,28,63.75,2025-12-16 15:00:00,28.25,Medium
90035027,31,210.52,2025-12-18 23:00:00,30.33,High
90047532,21,48.19,2025-12-15 16:00:00,26.25,Medium
90065698,26,20.54,2025-12-18 15:00:00,30.04,Medium
90078744,31,60.74,2025-12-18 18:00:00,30.04,High
90134900,30,42.83,2025-12-18 22:00:00,30.92,Medium
90144052,12,16.92,2025-12-17 11:00:00,28.92,Low
90168642,17,22.24,2025-12-18 08:00:00,30.17,Medium
90180023,25,35.16,2025-12-18 20:00:00,29.96,Medium
90194475,30,141.3,2025-12-18 21:00:00,30.04,High
90219738,14,14.29,2025-12-12 10:00:00,23.58,Low
90233877,27,94.07,2025-12-18 20:00:00,30.29,High
90241071,9,54.0,2025-12-15 12:00:00,25.79,Medium
90251602,26,53.96,2025-12-18 21:00:00,30.25,Medium
90262162,19,43.26,2025-12-17 13:00:00,29.17,Medium
90291184,8,39.25,2025-12-17 09:00:00,28.88,Medium
90294602,7,28.57,2025-12-18 17:00:00,23.83,Low
90326641,27,36.59,2025-12-18 21:00:00,30.58,Medium
90331505,29,204.76,2025-12-16 21:00:00,28.5,High
90333804,19,54.58,2025-12-17 08:00:00,29.33,Medium
90378059,25,26.08,2025-12-18 23:00:00,30.83,Medium
90414084,22,66.64,2025-12-18 11:00:00,25.58,Medium
90433252,22,38.09,2025-12-18 09:00:00,29.96,Medium
90433859,28,29.75,2025-12-18 13:00:00,30.46,Medium
90442425,27,46.15,2025-12-18 18:00:00,30.0,Medium
90465249,12,20.42,2025-12-16 17:00:00,26.42,Low
90474934,8,40.75,2025-12-15 08:00:00,27.0,Medium
90479167,23,22.57,2025-12-18 06:00:00,30.21,Medium
90500697,10,14.4,2025-12-15 13:00:00,20.12,Low
90532631,10,7.7,2025-12-18 20:00:00,30.33,Low
90539396,19,13.0,2025-12-18 19:00:00,30.5,Low
90561434,27,99.0,2025-12-18 22:00:00,30.92,High
90568957,16,19.06,2025-12-18 19:00:00,29.29,Medium
90633993,14,53.5,2025-12-18 08:00:00,21.54,Medium
90642791,11,136.09,2025-12-18 19:00:00,16.38,Medium
90652803,16,17.06,2025-12-18 13:00:00,28.08,Medium
90684505,18,21.83,2025-12-18 01:00:00,27.21,Medium
90689083,27,81.74,2025-12-18 20:00:00,30.46,High
90690816,25,105.0,2025-12-17 16:00:00,29.12,High
90707560,25,96.96,2025-12-18 20:00:00,30.38,High
90710232,29,86.55,2025-12-18 18:00:00,30.33,High
90720609,26,171.0,2025-12-18 16:00:00,30.21,High
90721251,31,54.61,2025-12-18 17:00:00,29.92,Medium
90782194,8,10.0,2025-12-15 07:00:00,20.92,Low
90792846,23,156.61,2025-12-18 22:00:00,30.21,High
90798792,5,36.0,2025-12-14 22:00:00,15.38,Low
90805328,15,30.13,2025-12-18 21:00:00,29.46,Medium
90823156,18,24.56,2025-12-18 23:00:00,28.54,Medium
90853436,24,117.79,2025-12-17 22:00:00,29.46,High
90892502,15,41.87,2025-12-18 18:00:00,28.08,Medium
90916467,8,28.0,2025-12-12 02:00:00,22.33,Low
90924422,27,162.93,2025-12-15 21:00:00,27.88,High
90934700,16,22.69,2025-12-17 21:00:00,29.17,Medium
90937322,10,21.9,2025-12-15 07:00:00,25.92,Low
90943326,18,13.22,2025-12-17 22:00:00,29.08,Low
90958308,24,22.54,2025-12-18 21:00:00,30.42,Medium
90980691,17,24.76,2025-12-15 21:00:00,27.42,Medium
90984412,24,19.92,2025-12-18 15:00:00,30.33,Medium
90996726,27,35.37,2025-12-17 19:00:00,29.33,Medium
91010344,26,24.15,2025-12-18 07:00:00,30.29,Medium
91056578,5,84.0,2025-12-18 19:00:00,29.79,Medium
91057103,21,24.1,2025-12-18 23:00:00,27.88,Medium
91078774,15,24.73,2025-12-16 15:00:00,27.29,Medium
91081942,30,81.03,2025-12-18 21:00:00,30.46,High
91087067,30,66.9,2025-12-18 22:00:00,30.67,High
91090440,26,45.85,2025-12-17 18:00:00,28.79,Medium
91109694,19,22.47,2025-12-18 18:00:00,28.96,Medium
91123846,31,38.77,2025-12-18 16:00:00,30.08,Medium
91162737,21,35.14,2025-12-16 23:00:00,28.96,Medium
91183078,7,26.71,2025-12-13 23:00:00,23.96,Low
91190765,31,57.48,2025-12-18 18:00:00,30.17,Medium
91201929,18,52.56,2025-12-18 23:00:00,29.67,Medium
91214457,29,42.41,2025-12-18 23:00:00,30.83,Medium
91222505,30,145.63,2025-12-18 21:00:00,30.25,High
91235467,17,24.71,2025-12-18 18:00:00,30.38,Medium
91239449,30,130.8,2025-12-18 21:00:00,30.62,High
91256329,17,29.65,2025-12-17 20:00:00,29.83,Medium
91272450,22,29.5,2025-12-18 12:00:00,30.21,Medium
91284462,10,20.5,2025-12-18 23:00:00,25.71,Low
91301440,29,66.76,2025-12-18 16:00:00,30.38,High
91339068,30,173.5,2025-12-18 20:00:00,30.38,High
91342405,19,24.0,2025-12-18 11:00:00,30.21,Medium
91351115,27,110.96,2025-12-18 19:00:00,29.42,High
91373045,30,117.7,2025-12-18 17:00:00,30.42,High
91373242,8,25.25,2025-12-12 20:00:00,7.62,Low
91375354,12,35.17,2025-12-18 14:00:00,29.75,Medium
91380448,2,243.5,2025-12-01 01:00:00,8.04,Medium
91388957,5,9.8,2025-12-12 17:00:00,23.04,Low
91424888,14,39.43,2025-12-13 22:00:00,24.21,Medium
91451574,14,26.93,2025-12-11 23:00:00,23.79,Medium
91489979,23,31.39,2025-12-16 17:00:00,28.54,Medium
91495022,7,3.86,2025-12-14 12:00:00,25.96,Low
91496013,31,258.81,2025-12-18 17:00:00,30.71,High
91500491,19,17.21,2025-12-16 18:00:00,18.0,Medium
91504246,25,45.68,2025-12-18 21:00:00,30.46,Medium
91508901,22,63.36,2025-12-18 23:00:00,26.42,Medium
91519514,24,13.58,2025-12-18 07:00:00,29.38,Medium
91530370,12,32.92,2025-12-16 22:00:00,20.5,Medium
91540968,24,48.79,2025-12-18 17:00:00,30.04,Medium
91552951,17,49.29,2025-12-18 14:00:00,24.0,Medium
91557809,28,48.04,2025-12-18 21:00:00,29.08,Medium
91595746,16,16.0,2025-12-16 22:00:00,27.96,Medium
91617828,31,59.06,2025-12-18 20:00:00,30.54,Medium
91623653,26,57.81,2025-12-18 21:00:00,30.79,Medium
91632938,21,11.71,2025-12-18 13:00:00,28.75,Low
91638650,11,16.64,2025-12-12 15:00:00,24.0,Low
91673229,3,28.67,2025-12-18 19:00:00,1.96,Low
91675566,20,40.7,2025-12-18 00:00:00,28.42,Medium
91687665,21,35.33,2025-12-16 18:00:00,28.25,Medium
91704713,26,26.23,2025-12-17 20:00:00,29.83,Medium
91712885,25,51.36,2025-12-15 19:00:00,27.0,Medium
91713527,25,50.92,2025-12-18 01:00:00,29.71,Medium
91719173,29,64.17,2025-12-18 18:00:00,29.79,High
91729153,7,217.29,2025-12-08 11:00:00,6.29,Medium
91730194,20,38.85,2025-12-18 01:00:00,29.75,Medium
91731364,26,245.54,2025-12-18 22:00:00,30.75,High
91750843,17,35.71,2025-12-16 02:00:00,27.21,Medium
91817248,27,14.78,2025-12-18 21:00:00,30.42,Medium
91823027,29,54.14,2025-12-18 22:00:00,30.92,Medium
91824018,31,28.81,2025-12-18 17:00:00,30.12,Medium
91829241,10,26.6,2025-12-17 12:00:00,28.08,Medium
91833401,2,5.0,2025-12-12 23:00:00,2.33,Low
91836183,27,55.74,2025-12-18 21:00:00,30.54,Medium
91877964,31,102.35,2025-12-18 10:00:00,30.42,High
91910769,19,54.21,2025-12-17 19:00:00,29.17,Medium
91933622,18,12.83,2025-12-18 12:00:00,26.92,Low
91950158,11,12.45,2025-12-17 21:00:00,29.42,Low
91950454,31,72.71,2025-12-18 19:00:00,30.54,High
91979514,22,19.68,2025-12-16 09:00:00,28.04,Medium
91991062,16,14.56,2025-12-18 23:00:00,30.33,Low
92002669,4,5.75,2025-12-15 21:00:00,26.38,Low
92004075,5,61.6,2025-12-17 16:00:00,9.08,Medium
92010623,30,56.57,2025-12-18 22:00:00,29.33,Medium
92018191,14,21.93,2025-12-18 13:00:00,30.04,Medium
92020173,21,30.62,2025-12-18 15:00:00,28.12,Medium
92020710,17,48.76,2025-12-18 22:00:00,29.54,Medium
92028970,21,34.1,2025-12-16 20:00:00,26.92,Medium
92062782,6,9.0,2025-12-16 12:00:00,16.12,Low
92067434,1,36.0,2025-11-29 11:00:00,0.0,Low
92096438,17,41.47,2025-12-18 13:00:00,30.0,Medium
92098413,26,43.96,2025-12-18 14:00:00,30.33,Medium
92129979,25,43.2,2025-12-18 15:00:00,30.12,Medium
92130636,28,36.14,2025-12-16 14:00:00,27.71,Medium
92139213,14,12.79,2025-12-14 10:00:00,25.96,Low
92147065,1,27.0,2025-11-21 16:00:00,0.0,Low
92147618,26,43.77,2025-12-18 18:00:00,29.25,Medium
92156910,24,33.08,2025-12-18 23:00:00,30.46,Medium
92174499,29,25.24,2025-12-18 23:00:00,30.17,Medium
92220826,14,10.71,2025-12-14 16:00:00,26.17,Low
92221962,11,30.09,2025-12-18 09:00:00,29.58,Medium
92241160,23,38.39,2025-12-18 22:00:00,30.08,Medium
92243806,31,82.35,2025-12-18 16:00:00,30.58,High
92251217,24,45.25,2025-12-18 21:00:00,28.0,Medium
92271824,19,27.53,2025-12-18 15:00:00,28.71,Medium
92280073,22,37.0,2025-12-18 21:00:00,29.33,Medium
92317179,9,21.56,2025-12-12 20:00:00,17.17,Low
92318081,28,30.93,2025-12-18 23:00:00,30.54,Medium
92332710,5,18.2,2025-12-14 16:00:00,23.96,Low
92341465,30,78.8,2025-12-18 23:00:00,30.04,High
92348123,9,26.33,2025-12-14 10:00:00,24.79,Low
92362479,2,5.0,2025-12-07 23:00:00,13.0,Low
92386613,9,17.56,2025-12-18 00:00:00,27.04,Low
92395241,23,4.39,2025-12-18 07:00:00,29.0,Low
92397827,22,19.05,2025-12-17 07:00:00,26.83,Medium
92401471,5,13.8,2025-12-12 23:00:00,22.12,Low
92402983,16,34.25,2025-12-11 09:00:00,21.96,Medium
92454730,29,58.45,2025-12-18 22:00:00,30.46,Medium
92502609,15,46.53,2025-12-16 16:00:00,28.38,Medium
92545351,4,72.5,2025-12-18 14:00:00,2.88,Medium
92548514,31,41.9,2025-12-18 22:00:00,30.5,Medium
92550603,28,33.71,2025-12-18 01:00:00,30.0,Medium
92583255,18,29.0,2025-12-14 23:00:00,26.17,Medium
92600747,24,31.54,2025-12-18 20:00:00,27.92,Medium
92614762,12,9.58,2025-12-16 21:00:00,27.25,Low
92628131,17,22.29,2025-12-09 14:00:00,21.17,Medium
92645331,27,49.96,2025-12-18 23:00:00,30.38,Medium
92651729,18,28.17,2025-12-18 21:00:00,29.33,Medium
92658315,16,26.94,2025-12-18 01:00:00,28.12,Medium
92658788,13,16.62,2025-12-18 20:00:00,30.0,Low
92663754,24,58.54,2025-12-18 17:00:00,30.33,Medium
92681347,16,75.38,2025-12-18 22:00:00,28.92,Medium
92698575,3,16.0,2025-12-18 13:00:00,5.17,Low
92706593,29,244.66,2025-12-18 23:00:00,30.29,High
92718956,7,30.71,2025-12-13 11:00:00,15.54,Low
92726270,7,12.86,2025-12-18 17:00:00,29.12,Low
92746744,20,29.35,2025-12-18 23:00:00,30.62,Medium
92747771,12,30.0,2025-12-18 19:00:00,30.17,Medium
92749595,2,11.5,2025-12-17 10:00:00,12.58,Low
92767100,19,7.16,2025-12-18 15:00:00,28.88,Low
92780565,13,58.85,2025-12-18 17:00:00,23.92,Medium
92792849,30,84.97,2025-12-18 22:00:00,30.58,High
92795144,7,62.86,2025-12-16 22:00:00,8.54,Medium
92796025,13,65.62,2025-12-15 08:00:00,20.79,Medium
92812860,23,40.0,2025-12-16 00:00:00,27.38,Medium
92822194,28,67.93,2025-12-18 21:00:00,30.46,High
92843559,13,13.92,2025-12-18 13:00:00,29.67,Low
92848895,19,41.26,2025-12-12 20:00:00,23.0,Medium
92871619,7,12.29,2025-12-16 16:00:00,19.0,Low
92892459,28,93.5,2025-12-18 23:00:00,30.62,High
92928708,29,202.28,2025-12-18 23:00:00,30.42,High
92949931,25,34.08,2025-12-18 23:00:00,30.54,Medium
92954093,31,120.1,2025-12-18 22:00:00,30.42,High
92973030,30,50.83,2025-12-18 23:00:00,30.96,Medium
92976389,6,132.67,2025-12-18 10:00:00,4.83,Medium
92984080,28,33.86,2025-12-18 23:00:00,30.08,Medium
92999201,28,27.82,2025-12-18 20:00:00,30.42,Medium
93007379,17,75.71,2025-12-16 21:00:00,26.08,Medium
93021294,21,31.57,2025-12-18 09:00:00,27.67,Medium
93025063,9,27.78,2025-12-14 23:00:00,26.29,Low
93050081,25,49.2,2025-12-18 18:00:00,30.17,Medium
93059253,8,22.0,2025-12-18 02:00:00,12.79,Low
93080101,31,99.58,2025-12-18 20:00:00,30.83,High
93088083,23,20.65,2025-12-16 20:00:00,28.04,Medium
93111704,9,137.44,2025-12-18 22:00:00,30.17,Medium
93127487,10,24.4,2025-12-18 13:00:00,30.04,Low
93133160,13,9.46,2025-12-18 11:00:00,25.67,Low
93159609,30,67.47,2025-12-18 18:00:00,30.38,High
93207382,26,50.85,2025-12-18 21:00:00,30.25,Medium
93221058,26,75.5,2025-12-18 13:00:00,28.79,High
93223961,28,93.14,2025-12-18 22:00:00,30.12,High
93232203,31,107.45,2025-12-18 20:00:00,30.08,High
93232888,28,109.0,2025-12-18 23:00:00,30.62,High
93234575,20,7.15,2025-12-18 18:00:00,30.0,Low
93246537,26,73.08,2025-12-18 20:00:00,29.46,High
93262868,30,48.1,2025-12-18 23:00:00,30.54,Medium
93281824,19,81.42,2025-12-18 23:00:00,20.42,Medium
93284287,19,38.89,2025-12-18 23:00:00,29.08,Medium
93289334,27,20.11,2025-12-17 19:00:00,29.54,Medium
93311801,25,61.96,2025-12-17 23:00:00,29.96,Medium
93314915,21,12.95,2025-12-17 22:00:00,29.42,Medium
93340122,15,15.53,2025-12-15 13:00:00,26.92,Low
93349361,16,35.75,2025-12-17 12:00:00,27.17,Medium
93357727,14,28.64,2025-12-17 19:00:00,25.25,Medium
93383888,26,53.88,2025-12-18 22:00:00,30.38,Medium
93389385,23,121.57,2025-12-17 04:00:00,29.12,High
93417326,15,18.33,2025-12-18 18:00:00,29.83,Medium
93422967,11,21.09,2025-12-18 13:00:00,30.54,Low
93428377,25,53.76,2025-12-18 02:00:00,28.92,Medium
93441452,20,32.0,2025-12-18 21:00:00,30.5,Medium
93444311,13,33.15,2025-12-18 11:00:00,22.88,Medium
93456477,27,31.56,2025-12-18 23:00:00,30.08,Medium
93461805,18,29.28,2025-12-16 23:00:00,28.25,Medium
93463168,13,30.15,2025-12-18 21:00:00,28.04,Medium
93471096,25,41.92,2025-12-17 15:00:00,28.75,Medium
93477570,10,5.8,2025-12-18 17:00:00,29.92,Low
93479181,27,209.74,2025-12-18 21:00:00,30.33,High
93492827,1,10.0,2025-11-19 23:00:00,0.0,Low
93509038,20,25.3,2025-12-18 23:00:00,30.12,Medium
93600553,20,22.6,2025-12-18 23:00:00,27.08,Medium
93639504,24,36.75,2025-12-18 18:00:00,27.17,Medium
93670699,17,17.24,2025-12-18 21:00:00,30.04,Medium
93675262,31,110.71,2025-12-18 19:00:00,30.21,High
93687523,31,131.1,2025-12-18 21:00:00,30.54,High
93702639,24,48.88,2025-12-18 21:00:00,30.54,Medium
93704320,31,49.84,2025-12-18 22:00:00,30.92,Medium
93745270,20,55.9,2025-12-18 22:00:00,24.33,Medium
93755017,14,8.36,2025-12-18 23:00:00,29.33,Low
93774837,18,31.67,2025-12-16 12:00:00,28.25,Medium
93784494,28,83.25,2025-12-18 11:00:00,30.08,High
93786359,2,16.5,2025-12-10 23:00:00,1.04,Low
93791092,29,47.93,2025-12-18 21:00:00,30.38,Medium
93791234,26,43.04,2025-12-18 22:00:00,30.92,Medium
93795297,31,106.52,2025-12-18 21:00:00,30.54,High
93809784,16,30.94,2025-12-18 10:00:00,28.5,Medium
93812622,6,5.67,2025-12-14 21:00:00,13.25,Low
93834577,15,47.93,2025-12-18 23:00:00,29.25,Medium
93842000,30,142.9,2025-12-18 21:00:00,30.58,High
93850991,30,36.4,2025-12-18 23:00:00,30.46,Medium
93860264,30,38.93,2025-12-18 22:00:00,30.62,Medium
93867217,12,15.67,2025-12-16 15:00:00,27.67,Low
93888171,5,30.8,2025-12-18 14:00:00,28.08,Low
93890776,21,11.95,2025-12-18 11:00:00,29.92,Low
93893366,30,19.27,2025-12-18 21:00:00,30.46,Medium
93897008,29,65.79,2025-12-18 22:00:00,29.29,High
93940120,21,14.52,2025-12-17 14:00:00,28.79,Medium
93945524,11,20.55,2025-12-18 18:00:00,30.33,Low
93946162,16,18.19,2025-12-18 06:00:00,28.33,Medium
93967494,22,26.68,2025-12-18 22:00:00,30.92,Medium
93970634,30,125.1,2025-12-18 19:00:00,30.25,High
93998185,16,31.81,2025-12-16 14:00:00,27.08,Medium
94003310,8,30.12,2025-12-03 22:00:00,10.96,Low
94003742,20,15.05,2025-12-17 20:00:00,29.83,Medium
94044468,29,46.0,2025-12-18 11:00:00,29.88,Medium
94047716,30,23.7,2025-12-18 21:00:00,30.38,Medium
94057453,2,28.5,2025-12-08 01:00:00,0.17,Low
94059439,5,10.4,2025-12-18 16:00:00,30.04,Low
94084258,22,17.32,2025-12-18 20:00:00,29.12,Medium
94096435,30,30.4,2025-12-18 20:00:00,30.04,Medium
94106376,12,67.08,2025-12-18 23:00:00,28.12,Medium
94126018,21,9.48,2025-12-18 13:00:00,30.17,Low
94139294,19,16.79,2025-12-18 06:00:00,29.42,Medium
94140496,6,23.33,2025-12-08 16:00:00,13.83,Low
94148058,20,57.8,2025-12-18 19:00:00,30.79,Medium
94209509,18,83.33,2025-12-18 19:00:00,23.46,Medium
94224118,18,21.5,2025-12-18 21:00:00,30.17,Medium
94241607,17,28.76,2025-12-18 09:00:00,29.75,Medium
94257737,13,56.62,2025-12-16 21:00:00,24.46,Medium
94267358,25,44.0,2025-12-18 17:00:00,30.29,Medium
94273242,24,41.08,2025-12-17 21:00:00,28.0,Medium
94287521,18,80.33,2025-12-16 18:00:00,28.42,Medium
94290427,15,19.8,2025-12-18 13:00:00,25.75,Medium
94308406,31,65.52,2025-12-18 05:00:00,29.71,High
94329829,30,133.7,2025-12-18 22:00:00,30.54,High
94334641,12,58.75,2025-12-17 04:00:00,24.12,Medium
94335711,22,35.05,2025-12-18 12:00:00,30.5,Medium
94380011,17,36.94,2025-12-18 12:00:00,22.5,Medium
94421413,14,77.64,2025-12-15 22:00:00,27.17,Medium
94428036,31,101.81,2025-12-18 21:00:00,30.88,High
94432660,16,37.19,2025-12-18 15:00:00,22.04,Medium
94479833,7,32.43,2025-12-18 09:00:00,11.46,Low
94480146,31,67.48,2025-12-18 00:00:00,30.0,High
94489517,10,20.5,2025-12-18 14:00:00,15.17,Low
94514932,28,169.25,2025-12-18 23:00:00,30.54,High
94542574,11,19.64,2025-12-13 17:00:00,23.21,Low
94580090,30,78.97,2025-12-18 12:00:00,30.5,High
94616165,20,32.75,2025-12-18 14:00:00,26.12,Medium
94616722,29,62.59,2025-12-18 20:00:00,30.58,Medium
94637132,30,86.03,2025-12-18 13:00:00,30.04,High
94645713,29,125.55,2025-12-18 19:00:00,30.54,High
94654581,29,54.79,2025-12-18 23:00:00,30.12,Medium
94696104,25,41.6,2025-12-18 21:00:00,29.46,Medium
94710567,28,53.64,2025-12-17 15:00:00,29.29,Medium
94723090,20,29.7,2025-12-18 21:00:00,30.33,Medium
94755503,15,13.4,2025-12-16 18:00:00,27.25,Low
94761124,19,38.21,2025-12-18 16:00:00,30.21,Medium
94767766,7,38.71,2025-12-02 20:00:00,14.17,Medium
94781428,6,46.33,2025-12-14 21:00:00,21.21,Medium
94795739,23,36.26,2025-12-18 22:00:00,26.29,Medium
94827522,12,23.08,2025-12-16 21:00:00,25.96,Medium
94828459,13,6.69,2025-12-18 15:00:00,27.75,Low
94832743,5,15.0,2025-12-15 20:00:00,22.21,Low
94864441,20,30.6,2025-12-18 01:00:00,29.71,Medium
94874137,14,22.86,2025-12-16 21:00:00,28.08,Medium
94883791,14,16.43,2025-12-18 21:00:00,28.96,Low
94883880,24,43.46,2025-12-18 18:00:00,28.46,Medium
94917798,28,103.46,2025-12-18 19:00:00,30.42,High
94943213,29,45.0,2025-12-18 23:00:00,30.96,Medium
94991675,1,33.0,2025-12-15 22:00:00,0.08,Low
94992306,28,128.93,2025-12-18 00:00:00,29.58,High
95002467,24,49.25,2025-12-18 11:00:00,30.0,Medium
95011439,23,29.17,2025-12-18 16:00:00,30.38,Medium
95014110,17,12.59,2025-12-17 15:00:00,28.17,Low
95039926,24,16.71,2025-12-18 20:00:00,30.54,Medium
95055106,25,20.16,2025-12-17 22:00:00,29.71,Medium
95055358,4,17.25,2025-12-14 19:00:00,18.92,Low
95057565,11,29.09,2025-12-16 22:00:00,19.33,Medium
95064712,20,62.15,2025-12-18 23:00:00,28.42,Medium
95067968,13,10.31,2025-12-12 07:00:00,23.38,Low
95069106,17,25.29,2025-12-18 09:00:00,29.71,Medium
95088933,30,119.5,2025-12-18 19:00:00,30.5,High
95112222,26,58.27,2025-12-18 00:00:00,29.46,Medium
95118455,31,175.52,2025-12-18 23:00:00,30.96,High
95126179,23,34.26,2025-12-17 15:00:00,28.29,Medium
95161544,22,17.77,2025-12-18 19:00:00,30.75,Medium
95194818,18,54.67,2025-12-18 22:00:00,28.38,Medium
95198382,18,32.83,2025-12-18 23:00:00,30.71,Medium
95204063,18,24.0,2025-12-18 07:00:00,29.75,Medium
95221400,30,47.8,2025-12-18 23:00:00,30.58,Medium
95237027,31,143.68,2025-12-18 20:00:00,30.58,High
95237482,19,30.74,2025-12-18 23:00:00,29.42,Medium
95244708,22,105.86,2025-12-18 09:00:00,29.96,High
95247029,3,127.67,2025-12-18 12:00:00,6.5,Medium
95253222,27,47.52,2025-12-18 18:00:00,30.33,Medium
95254205,31,112.58,2025-12-18 21:00:00,30.42,High
95269877,26,41.54,2025-12-18 20:00:00,30.25,Medium
95272651,15,25.4,2025-12-17 15:00:00,26.0,Medium
95278276,10,21.0,2025-12-18 08:00:00,29.46,Low
95290487,25,36.32,2025-12-18 23:00:00,30.38,Medium
95293046,15,14.73,2025-12-11 10:00:00,22.58,Low
95301715,22,138.91,2025-12-18 17:00:00,25.96,High
95302160,9,42.22,2025-12-11 12:00:00,23.12,Medium
95302244,6,18.0,2025-12-09 09:00:00,15.62,Low
95339766,23,46.0,2025-12-17 18:00:00,27.21,Medium
95348615,30,60.43,2025-12-18 17:00:00,29.92,Medium
95350481,22,42.18,2025-12-17 17:00:00,28.96,Medium
95359183,12,8.75,2025-12-18 11:00:00,21.71,Low
95386873,18,29.78,2025-12-11 22:00:00,23.5,Medium
95395131,28,138.25,2025-12-18 17:00:00,30.42,High
95399425,2,12.5,2025-12-16 18:00:00,24.33,Low
95407138,23,37.35,2025-12-16 01:00:00,26.17,Medium
95448497,14,15.29,2025-12-13 22:00:00,25.0,Low
95471305,30,111.23,2025-12-18 20:00:00,29.96,High
95518676,27,52.89,2025-12-18 17:00:00,30.29,Medium
95520482,20,95.1,2025-12-18 21:00:00,23.12,High
95528086,31,235.26,2025-12-18 23:00:00,30.67,High
95530909,10,23.2,2025-12-18 08:00:00,29.42,Low
95533953,27,10.48,2025-12-18 22:00:00,29.5,Medium
95535997,21,23.62,2025-12-16 21:00:00,28.5,Medium
95544540,2,17.0,2025-12-10 10:00:00,0.58,Low
95548781,12,16.75,2025-12-17 13:00:00,24.04,Low
95565960,8,52.38,2025-12-18 12:00:00,12.12,Medium
95607230,5,9.4,2025-11-29 06:00:00,10.04,Low
95607772,22,31.45,2025-12-17 17:00:00,28.21,Medium
95645602,27,78.22,2025-12-18 16:00:00,30.17,High
95647655,22,30.5,2025-12-18 12:00:00,30.17,Medium
95665574,21,24.14,2025-12-17 22:00:00,27.5,Medium
95687290,14,48.64,2025-12-18 22:00:00,13.12,Medium
95706559,7,13.0,2025-12-18 19:00:00,28.25,Low
95720451,30,52.5,2025-12-18 23:00:00,30.67,Medium
95721550,17,66.47,2025-12-18 22:00:00,26.29,Medium
95725967,9,45.78,2025-12-13 19:00:00,24.88,Medium
95755909,25,69.44,2025-12-18 21:00:00,29.88,Medium
95839581,29,52.21,2025-12-18 22:00:00,30.12,Medium
95847735,18,25.67,2025-12-17 14:00:00,28.33,Medium
95869367,16,48.62,2025-12-16 17:00:00,28.08,Medium
95885873,30,148.17,2025-12-18 19:00:00,30.79,High
95898771,31,64.84,2025-12-18 23:00:00,30.67,High
95907635,19,58.84,2025-12-18 20:00:00,30.5,Medium
95937118,9,15.78,2025-12-16 18:00:00,28.17,Low
95948031,20,19.75,2025-12-18 14:00:00,24.79,Medium
95989506,18,24.89,2025-12-18 22:00:00,27.46,Medium
95992025,21,14.0,2025-12-18 22:00:00,30.83,Medium
95996140,13,73.38,2025-12-16 19:00:00,26.04,Medium
96042414,25,65.04,2025-12-16 18:00:00,27.42,Medium
96042606,27,87.44,2025-12-18 13:00:00,30.21,High
96050373,28,58.61,2025-12-18 22:00:00,30.58,Medium
96052795,14,36.07,2025-12-18 12:00:00,29.08,Medium
96074973,20,13.55,2025-12-16 10:00:00,27.12,Medium
96074992,8,15.88,2025-12-18 19:00:00,29.21,Low
96079462,22,21.77,2025-12-18 20:00:00,30.17,Medium
96089433,16,33.19,2025-12-16 22:00:00,28.42,Medium
96135412,15,10.8,2025-12-17 22:00:00,25.96,Low
96156613,7,5.29,2025-12-14 07:00:00,24.83,Low
96168102,17,15.59,2025-12-18 13:00:00,26.88,Medium
96168958,24,20.92,2025-12-16 10:00:00,28.08,Medium
96169296,24,23.58,2025-12-17 23:00:00,29.96,Medium
96171399,26,28.54,2025-12-17 16:00:00,29.21,Medium
96183219,25,29.24,2025-12-17 00:00:00,28.58,Medium
96184377,2,23.5,2025-12-09 21:00:00,1.29,Low
96187787,25,50.04,2025-12-18 20:00:00,30.12,Medium
96219418,29,92.66,2025-12-18 22:00:00,30.29,High
96229323,22,64.45,2025-12-18 11:00:00,28.58,Medium
96234838,30,39.6,2025-12-18 18:00:00,30.08,Medium
96238328,14,57.07,2025-12-18 12:00:00,30.12,Medium
96242076,20,16.25,2025-12-17 18:00:00,28.33,Medium
96254870,25,55.92,2025-12-18 16:00:00,29.92,Medium
96293030,3,2.33,2025-12-05 11:00:00,5.5,Low
96307825,7,45.0,2025-12-18 16:00:00,26.38,Medium
96310581,24,26.58,2025-12-18 12:00:00,30.17,Medium
96317471,29,82.1,2025-12-17 21:00:00,29.33,High
96332918,8,11.0,2025-12-18 09:00:00,28.75,Low
96337789,17,14.59,2025-12-13 00:00:00,24.33,Low
96343297,26,33.73,2025-12-18 21:00:00,29.04,Medium
96352312,26,108.5,2025-12-18 21:00:00,30.33,High
96356617,17,67.59,2025-12-18 17:00:00,29.17,Medium
96384170,21,20.19,2025-12-18 21:00:00,29.71,Medium
96389962,19,76.21,2025-12-18 23:00:00,27.33,Medium
96408898,3,19.0,2025-11-26 21:00:00,4.58,Low
96412786,30,74.23,2025-12-18 22:00:00,30.92,High
96454863,17,14.88,2025-12-18 14:00:00,30.12,Medium
96454874,9,8.33,2025-12-16 21:00:00,25.42,Low
96495511,21,43.48,2025-12-16 22:00:00,28.92,Medium
96497399,20,45.6,2025-12-16 22:00:00,28.58,Medium
96504901,28,89.18,2025-12-18 22:00:00,28.58,High
96507797,27,19.52,2025-12-18 13:00:00,30.17,Medium
96509906,30,57.47,2025-12-18 05:00:00,29.83,Medium
96524285,11,4.27,2025-12-17 15:00:00,29.21,Low
96524948,29,36.07,2025-12-18 20:00:00,29.88,Medium
96545886,23,79.35,2025-12-18 23:00:00,29.54,Medium
96571906,24,33.92,2025-12-18 22:00:00,30.29,Medium
96581322,18,17.72,2025-12-17 21:00:00,28.25,Medium
96583102,30,146.37,2025-12-18 23:00:00,30.96,High
96590134,4,12.25,2025-11-28 20:00:00,10.0,Low
96610296,11,41.64,2025-12-12 21:00:00,22.33,Medium
96631076,25,17.04,2025-12-18 21:00:00,27.0,Medium
96636051,24,18.12,2025-12-18 20:00:00,30.04,Medium
96639792,19,36.68,2025-12-18 18:00:00,23.46,Medium
96646002,31,56.45,2025-12-18 09:00:00,30.21,Medium
96720314,31,105.16,2025-12-18 22:00:00,30.92,High
96723364,25,33.36,2025-12-18 21:00:00,30.29,Medium
96771520,14,32.14,2025-12-11 15:00:00,23.04,Medium
96778762,31,43.68,2025-12-18 23:00:00,30.58,Medium
96786739,11,36.73,2025-12-16 22:00:00,26.79,Medium
96789054,31,100.19,2025-12-18 21:00:00,30.21,High
96789058,27,76.3,2025-12-18 22:00:00,30.25,High
96790667,10,16.9,2025-12-17 00:00:00,26.46,Low
96818946,15,27.47,2025-12-18 09:00:00,25.42,Medium
96822596,19,22.53,2025-12-17 20:00:00,29.42,Medium
96838576,25,97.96,2025-12-17 18:00:00,28.96,High
96843841,31,107.26,2025-12-18 23:00:00,30.92,High
96859287,30,34.5,2025-12-17 14:00:00,29.29,Medium
96865786,27,135.19,2025-12-18 18:00:00,30.12,High
96872131,30,30.33,2025-12-18 20:00:00,30.54,Medium
96872650,7,19.29,2025-12-17 14:00:00,21.75,Low
96889712,23,38.87,2025-12-18 08:00:00,28.54,Medium
96892229,19,39.47,2025-12-18 11:00:00,26.17,Medium
96892957,24,30.67,2025-12-15 17:00:00,27.25,Medium
96894415,21,27.33,2025-12-15 08:00:00,25.29,Medium
96900675,9,15.0,2025-12-07 20:00:00,18.88,Low
96936392,30,43.1,2025-12-18 22:00:00,30.5,Medium
96962284,10,17.2,2025-12-03 15:00:00,14.08,Low
96985981,14,24.5,2025-12-18 21:00:00,30.42,Medium
97019627,25,92.16,2025-12-18 23:00:00,30.96,High
97045271,29,25.41,2025-12-18 21:00:00,30.58,Medium
97067484,30,73.1,2025-12-18 20:00:00,30.83,High
97073377,28,306.93,2025-12-18 21:00:00,27.0,High
97089469,15,56.2,2025-12-17 21:00:00,28.0,Medium
97092878,26,93.77,2025-12-17 22:00:00,28.21,High
97097323,9,19.67,2025-12-13 16:00:00,23.96,Low
97122756,31,82.61,2025-12-18 22:00:00,30.62,High
97126088,30,59.2,2025-12-18 23:00:00,30.58,Medium
97130073,27,60.63,2025-12-18 18:00:00,30.21,Medium
97132998,8,4.5,2025-12-14 02:00:00,25.5,Low
97146302,16,16.12,2025-12-18 14:00:00,30.58,Medium
97154652,10,22.5,2025-12-16 19:00:00,27.5,Low
97156558,30,43.87,2025-12-18 21:00:00,30.17,Medium
97162031,18,25.33,2025-12-14 19:00:00,26.42,Medium
97169173,20,56.35,2025-12-18 22:00:00,29.04,Medium
97173907,15,23.87,2025-12-14 12:00:00,26.08,Medium
97175671,31,128.42,2025-12-18 22:00:00,30.58,High
97176571,14,27.5,2025-12-18 21:00:00,30.88,Medium
97181356,31,99.03,2025-12-18 20:00:00,30.62,High
97217634,27,53.74,2025-12-18 22:00:00,29.38,Medium
97221179,28,80.0,2025-12-18 17:00:00,30.0,High
97226125,12,66.92,2025-12-17 00:00:00,28.38,Medium
97232555,26,13.81,2025-12-18 13:00:00,29.54,Medium
97248042,18,19.61,2025-12-16 19:00:00,28.33,Medium
97255009,21,90.57,2025-12-18 23:00:00,20.96,High
97265174,4,11.5,2025-12-15 12:00:00,14.12,Low
97272650,23,13.83,2025-12-18 13:00:00,30.17,Medium
97291358,31,48.55,2025-12-18 22:00:00,30.62,Medium
97293816,25,74.16,2025-12-18 14:00:00,30.21,Medium
97297923,8,46.38,2025-12-18 20:00:00,28.04,Medium
97318772,11,17.82,2025-12-17 10:00:00,27.62,Low
97327115,22,63.32,2025-12-18 09:00:00,29.58,Medium
97331850,31,57.74,2025-12-18 19:00:00,30.5,Medium
97335118,19,27.84,2025-12-17 22:00:00,28.29,Medium
97354034,22,80.73,2025-12-18 11:00:00,30.46,Medium
97357434,29,65.28,2025-12-18 19:00:00,29.92,High
97358177,19,17.95,2025-12-18 18:00:00,26.12,Medium
97369087,28,88.61,2025-12-18 18:00:00,30.38,High
97384092,21,29.86,2025-12-18 17:00:00,26.29,Medium
97389266,31,167.13,2025-12-18 21:00:00,30.83,High
97390150,31,108.0,2025-12-18 23:00:00,30.17,High
97409607,19,19.63,2025-12-18 19:00:00,29.46,Medium
97425189,24,62.17,2025-12-18 18:00:00,30.25,Medium
97426338,25,31.28,2025-12-18 15:00:00,30.08,Medium
97427779,23,82.43,2025-12-18 20:00:00,28.79,High
97428494,20,56.3,2025-12-18 13:00:00,30.04,Medium
97436550,13,38.62,2025-12-18 18:00:00,23.25,Medium
97451733,6,6.67,2025-11-30 22:00:00,8.42,Low
97457481,28,43.93,2025-12-18 20:00:00,30.33,Medium
97464808,30,254.9,2025-12-18 23:00:00,30.58,High
97479577,20,28.85,2025-12-18 18:00:00,30.12,Medium
97485804,28,35.07,2025-12-18 23:00:00,30.54,Medium
97512117,13,34.85,2025-12-18 21:00:00,25.54,Medium
97553714,22,34.09,2025-12-18 17:00:00,29.29,Medium
97589149,23,19.39,2025-12-18 22:00:00,28.67,Medium
97595347,31,106.35,2025-12-18 21:00:00,30.46,High
97595922,26,34.65,2025-12-18 21:00:00,30.33,Medium
97600962,15,39.53,2025-12-17 12:00:00,27.58,Medium
97615128,17,20.35,2025-12-15 14:00:00,27.58,Medium
97661157,17,22.65,2025-12-14 12:00:00,25.54,Medium
97666716,29,50.79,2025-12-18 18:00:00,29.96,Medium
97675473,8,18.75,2025-12-16 21:00:00,26.29,Low
97693604,10,57.9,2025-12-18 14:00:00,16.88,Medium
97701698,23,22.65,2025-12-18 23:00:00,30.62,Medium
97726136,28,24.14,2025-12-18 11:00:00,30.04,Medium
97729365,27,30.11,2025-12-18 23:00:00,30.08,Medium
97730927,28,115.0,2025-12-18 22:00:00,29.21,High
97733928,20,35.2,2025-12-18 19:00:00,29.96,Medium
97763004,16,30.12,2025-12-10 16:00:00,22.29,Medium
97778243,26,24.62,2025-12-17 07:00:00,29.29,Medium
97795315,31,164.39,2025-12-18 18:00:00,30.54,High
97821126,5,7.2,2025-12-17 16:00:00,14.88,Low
97824991,29,37.34,2025-12-18 18:00:00,30.33,Medium
97832135,31,58.71,2025-12-18 21:00:00,30.83,Medium
97834299,13,16.23,2025-12-16 09:00:00,25.04,Low
97838802,16,167.12,2025-12-16 17:00:00,26.79,High
97839610,6,7.0,2025-12-17 15:00:00,27.96,Low
97843947,29,67.14,2025-12-18 17:00:00,30.67,High
97855966,29,86.07,2025-12-18 22:00:00,30.0,High
97874651,15,23.33,2025-12-18 19:00:00,29.96,Medium
97876581,25,22.88,2025-12-18 11:00:00,30.21,Medium
97891315,15,11.73,2025-12-15 13:00:00,25.96,Low
97917139,7,5.14,2025-12-14 20:00:00,26.25,Low
97933481,31,42.23,2025-12-18 20:00:00,30.46,Medium
97941668,6,16.5,2025-12-18 22:00:00,29.38,Low
97944240,20,43.55,2025-12-18 09:00:00,28.67,Medium
97951451,29,155.76,2025-12-18 21:00:00,30.5,High
97963484,24,50.79,2025-12-18 22:00:00,30.29,Medium
97972413,19,20.26,2025-12-17 21:00:00,29.5,Medium
97974838,30,63.7,2025-12-18 21:00:00,30.5,High
97981875,12,33.0,2025-12-18 17:00:00,29.62,Medium
98043049,26,47.12,2025-12-18 21:00:00,29.96,Medium
98047837,30,59.3,2025-12-18 13:00:00,30.04,Medium
98084033,29,34.66,2025-12-18 21:00:00,30.38,Medium
98088091,5,19.0,2025-12-17 20:00:00,13.29,Low
98104964,9,11.0,2025-12-13 01:00:00,24.71,Low
98106690,14,18.0,2025-12-14 17:00:00,24.83,Low
98133460,26,111.65,2025-12-18 01:00:00,28.25,High
98145908,11,15.45,2025-12-16 22:00:00,23.21,Low
98154677,13,63.0,2025-12-17 23:00:00,28.04,Medium
98171033,6,63.67,2025-12-12 17:00:00,11.29,Medium
98174744,17,13.59,2025-12-18 12:00:00,30.0,Low
98179152,26,49.12,2025-12-18 23:00:00,30.29,Medium
98199141,8,9.88,2025-12-15 23:00:00,18.08,Low
98218672,24,43.42,2025-12-17 11:00:00,29.46,Medium
98224094,10,18.1,2025-12-16 16:00:00,24.79,Low
98238017,19,47.53,2025-12-18 21:00:00,29.17,Medium
98245656,31,27.58,2025-12-18 23:00:00,30.75,Medium
98259829,26,32.12,2025-12-17 19:00:00,29.46,Medium
98260769,6,11.67,2025-12-03 16:00:00,5.17,Low
98261528,29,31.97,2025-12-18 18:00:00,30.42,Medium
98264814,15,18.73,2025-12-18 09:00:00,21.5,Medium
98303971,9,7.33,2025-12-02 21:00:00,12.12,Low
98308778,19,105.47,2025-12-18 21:00:00,30.88,High
98338449,16,19.81,2025-12-17 13:00:00,23.75,Medium
98360962,12,7.92,2025-12-16 18:00:00,24.12,Low
98367095,27,40.78,2025-12-18 21:00:00,30.46,Medium
98390011,22,16.86,2025-12-18 22:00:00,30.58,Medium
98392652,27,72.04,2025-12-18 13:00:00,30.04,High
98430692,3,37.67,2025-12-15 23:00:00,12.0,Low
98435498,15,77.93,2025-12-14 23:00:00,26.96,Medium
98440358,31,137.61,2025-12-18 21:00:00,30.42,High
98466620,28,49.75,2025-12-18 00:00:00,30.0,Medium
98492728,14,50.0,2025-12-17 18:00:00,20.08,Medium
98506532,14,18.07,2025-12-12 20:00:00,24.33,Medium
98507442,19,43.47,2025-12-17 16:00:00,29.33,Medium
98507853,20,10.65,2025-12-18 16:00:00,30.29,Low
98513516,28,77.68,2025-12-18 12:00:00,30.04,High
98531147,28,29.07,2025-12-18 22:00:00,30.46,Medium
98555860,26,47.27,2025-12-18 20:00:00,30.38,Medium
98567826,12,21.25,2025-12-15 22:00:00,27.42,Medium
98578505,20,73.7,2025-12-18 14:00:00,30.29,Medium
98583943,26,108.38,2025-12-18 06:00:00,29.38,High
98590273,14,15.57,2025-12-17 15:00:00,27.71,Low
98607707,31,49.19,2025-12-18 21:00:00,30.79,Medium
98609754,22,38.23,2025-12-11 13:00:00,23.17,Medium
98621566,4,8.0,2025-12-18 00:00:00,29.5,Low
98662432,8,5.12,2025-12-14 19:00:00,22.54,Low
98664722,17,28.82,2025-12-18 20:00:00,30.54,Medium
98669047,29,27.9,2025-12-18 23:00:00,30.96,Medium
98712364,17,29.65,2025-12-16 18:00:00,23.08,Medium
98720463,22,23.27,2025-12-17 13:00:00,29.17,Medium
98736034,20,26.9,2025-12-18 15:00:00,30.29,Medium
98750356,30,53.0,2025-12-18 23:00:00,30.71,Medium
98756772,27,26.41,2025-12-18 17:00:00,30.33,Medium
98795231,28,122.96,2025-12-17 20:00:00,29.08,High
98796708,28,40.07,2025-12-18 17:00:00,30.38,Medium
98798352,20,95.7,2025-12-18 14:00:00,30.29,High
98809181,19,42.74,2025-12-18 15:00:00,30.62,Medium
98810118,16,34.31,2025-12-18 22:00:00,29.92,Medium
98827905,28,25.43,2025-12-18 17:00:00,30.21,Medium
98832840,8,39.25,2025-12-18 23:00:00,28.0,Medium
98867354,15,20.67,2025-12-18 13:00:00,26.88,Medium
98890086,19,43.53,2025-12-18 19:00:00,29.38,Medium
98892553,28,15.71,2025-12-18 22:00:00,30.92,Medium
98894859,17,21.29,2025-12-18 21:00:00,30.54,Medium
98908158,25,51.24,2025-12-18 19:00:00,30.0,Medium
98920553,31,41.39,2025-12-18 15:00:00,30.08,Medium
98922726,19,11.26,2025-12-17 11:00:00,27.96,Low
98931599,23,29.0,2025-12-16 22:00:00,28.04,Medium
98935781,1,16.0,2025-11-21 10:00:00,0.0,Low
98942227,25,19.84,2025-12-18 20:00:00,29.29,Medium
98952869,17,55.53,2025-12-16 09:00:00,22.54,Medium
98954277,20,34.55,2025-12-17 15:00:00,29.21,Medium
98980048,22,32.59,2025-12-18 18:00:00,30.71,Medium
98989087,15,17.93,2025-12-15 22:00:00,27.17,Medium
99018543,30,84.5,2025-12-18 18:00:00,30.08,High
99027668,18,15.56,2025-12-18 23:00:00,30.25,Medium
99048955,17,17.76,2025-12-15 21:00:00,25.88,Medium
99052668,21,37.86,2025-12-18 21:00:00,30.08,Medium
99059817,29,52.17,2025-12-18 23:00:00,30.54,Medium
99103824,26,52.42,2025-12-18 22:00:00,30.17,Medium
99117769,22,35.41,2025-12-17 14:00:00,27.04,Medium
99124479,26,26.19,2025-12-18 18:00:00,30.12,Medium
99144500,16,46.56,2025-12-18 08:00:00,29.92,Medium
99172303,21,21.81,2025-12-18 23:00:00,27.54,Medium
99199943,21,45.67,2025-12-18 21:00:00,27.04,Medium
99220005,17,27.35,2025-12-18 21:00:00,30.62,Medium
99221649,8,12.75,2025-12-11 18:00:00,23.33,Low
99222509,12,10.75,2025-12-18 07:00:00,29.54,Low
99228290,18,49.83,2025-12-17 21:00:00,29.25,Medium
99241118,22,28.5,2025-12-17 22:00:00,29.54,Medium
99248296,27,73.81,2025-12-18 10:00:00,30.42,High
99272840,25,91.8,2025-12-17 10:00:00,26.54,High
99273913,11,23.27,2025-12-18 21:00:00,18.46,Medium
99286584,15,29.6,2025-12-16 21:00:00,28.21,Medium
99288945,18,25.67,2025-12-18 22:00:00,28.96,Medium
99327806,20,15.35,2025-12-18 19:00:00,30.75,Medium
99346682,30,216.73,2025-12-18 23:00:00,30.67,High
99364125,14,21.0,2025-12-17 09:00:00,27.92,Medium
99383284,19,17.42,2025-12-18 17:00:00,30.21,Medium
99393465,30,120.73,2025-12-18 21:00:00,30.46,High
99403228,15,34.33,2025-12-12 23:00:00,24.08,Medium
99404305,13,15.92,2025-12-13 12:00:00,25.21,Low
99418963,25,61.6,2025-12-18 17:00:00,28.92,Medium
99425436,18,21.94,2025-12-18 16:00:00,23.83,Medium
99430158,19,18.0,2025-12-18 17:00:00,30.21,Medium
99433181,29,100.79,2025-12-18 17:00:00,30.25,High
99458106,5,25.0,2025-12-18 11:00:00,15.62,Low
99467186,18,12.22,2025-12-16 19:00:00,25.88,Low
99480990,30,151.23,2025-12-17 14:00:00,29.04,High
99503510,14,140.57,2025-12-18 16:00:00,28.17,High
99512654,11,25.27,2025-12-17 22:00:00,22.58,Medium
99517258,15,17.07,2025-12-18 00:00:00,29.92,Medium
99529968,31,169.23,2025-12-18 20:00:00,30.46,High
99543620,17,48.65,2025-12-17 09:00:00,28.96,Medium
99628321,30,39.63,2025-12-18 22:00:00,30.33,Medium
99641114,2,8.0,2025-12-17 11:00:00,28.12,Low
99651145,31,44.26,2025-12-18 21:00:00,30.88,Medium
99662624,20,47.65,2025-12-17 09:00:00,25.67,Medium
99674599,30,103.5,2025-12-18 21:00:00,30.88,High
99694664,14,30.57,2025-12-10 12:00:00,21.62,Medium
99705619,2,48.0,2025-12-14 12:00:00,1.71,Low
99721088,31,87.87,2025-12-18 20:00:00,30.71,High
99730920,30,46.23,2025-12-18 18:00:00,29.92,Medium
99731071,11,15.64,2025-12-11 00:00:00,17.92,Low
99735273,13,20.77,2025-12-10 08:00:00,22.0,Medium
99750042,31,119.16,2025-12-18 23:00:00,30.62,High
99775965,22,168.0,2025-12-18 16:00:00,30.17,High
99781075,30,36.5,2025-12-18 19:00:00,30.71,Medium
99784621,25,27.44,2025-12-18 23:00:00,28.96,Medium
99785045,14,29.86,2025-12-18 20:00:00,30.12,Medium
99789170,13,7.38,2025-12-17 16:00:00,29.17,Low
99791909,28,50.82,2025-12-18 21:00:00,30.25,Medium
99792011,22,29.5,2025-12-17 15:00:00,27.88,Medium
99795650,31,100.16,2025-12-18 23:00:00,30.58,High
99796192,28,51.64,2025-12-18 17:00:00,30.25,Medium
99796276,24,31.67,2025-12-18 22:00:00,29.58,Medium
99851929,30,33.93,2025-12-18 23:00:00,30.71,Medium
99856680,19,44.89,2025-12-18 22:00:00,30.08,Medium
99877834,21,24.0,2025-12-16 00:00:00,26.29,Medium
99891846,20,18.3,2025-12-17 22:00:00,28.67,Medium
99900937,30,47.1,2025-12-18 23:00:00,30.54,Medium
99926967,27,73.11,2025-12-17 15:00:00,29.25,High
99960313,23,24.3,2025-12-17 17:00:00,29.25,Medium
99963140,31,75.61,2025-12-18 16:00:00,30.29,High
99968428,25,42.08,2025-12-18 19:00:00,30.38,Medium
99989881,26,31.5,2025-12-18 18:00:00,30.75,Medium
100001878,31,89.29,2025-12-18 23:00:00,30.67,High
100011562,10,43.7,2025-12-18 18:00:00,9.08,Medium
100012968,26,14.92,2025-12-18 22:00:00,29.25,Medium
100014060,29,36.38,2025-12-18 19:00:00,30.42,Medium
100024529,22,55.86,2025-12-18 06:00:00,30.0,Medium
100027681,31,70.06,2025-12-18 16:00:00,30.33,High
100035725,22,16.27,2025-12-18 16:00:00,29.21,Medium
100039408,5,5.8,2025-12-07 15:00:00,17.88,Low
100042340,21,65.29,2025-12-18 14:00:00,29.92,Medium
100067745,27,38.0,2025-12-17 21:00:00,29.62,Medium
100078685,26,54.5,2025-12-18 22:00:00,30.38,Medium
100086267,30,98.93,2025-12-18 23:00:00,30.58,High
100090063,12,13.17,2025-12-17 21:00:00,28.42,Low
100097997,19,48.05,2025-12-18 14:00:00,29.79,Medium
100109755,24,60.0,2025-12-18 21:00:00,30.62,Medium
100111500,8,15.0,2025-12-18 22:00:00,24.25,Low
100112744,25,43.8,2025-12-18 06:00:00,29.96,Medium
100121842,24,33.75,2025-12-18 16:00:00,26.12,Medium
100127501,1,3.0,2025-11-30 20:00:00,0.0,Low
100128093,27,13.63,2025-12-17 22:00:00,29.67,Medium
100154665,21,15.52,2025-12-18 23:00:00,25.0,Medium
100159569,29,42.21,2025-12-18 08:00:00,29.67,Medium
100185291,30,102.47,2025-12-18 20:00:00,30.46,High
100192152,21,95.9,2025-12-18 23:00:00,30.5,High
100211157,23,46.74,2025-12-18 22:00:00,30.54,Medium
100230080,24,12.38,2025-12-18 15:00:00,29.88,Medium
100231383,20,23.35,2025-12-18 12:00:00,29.17,Medium
100234220,26,45.58,2025-12-17 21:00:00,29.54,Medium
100267644,27,50.44,2025-12-18 18:00:00,29.0,Medium
100273837,21,18.67,2025-12-18 22:00:00,27.42,Medium
100279459,21,59.81,2025-12-18 22:00:00,29.21,Medium
100288957,29,96.52,2025-12-18 23:00:00,30.92,High
100310156,9,32.11,2025-12-17 09:00:00,26.04,Medium
100326985,31,218.39,2025-12-18 22:00:00,30.58,High
100341858,17,41.53,2025-12-17 16:00:00,22.96,Medium
100354400,18,7.33,2025-12-18 08:00:00,29.83,Low
100366139,23,57.74,2025-12-18 20:00:00,30.54,Medium
100385360,4,17.25,2025-12-15 13:00:00,26.17,Low
100397503,28,114.36,2025-12-18 17:00:00,30.42,High
100415080,23,24.22,2025-12-17 11:00:00,28.08,Medium
100459462,10,15.2,2025-12-15 16:00:00,27.17,Low
100462790,14,23.5,2025-12-14 11:00:00,25.79,Medium
100497308,20,31.75,2025-12-18 21:00:00,29.17,Medium
100509623,26,102.85,2025-12-17 11:00:00,29.0,High
100517846,21,7.81,2025-12-17 16:00:00,29.29,Low
100522480,3,12.33,2025-12-15 21:00:00,23.33,Low
100530696,26,53.58,2025-12-18 23:00:00,30.17,Medium
100559064,10,19.5,2025-12-04 11:00:00,15.62,Low
100570607,19,18.53,2025-12-17 11:00:00,28.42,Medium
100605176,15,46.8,2025-12-18 22:00:00,28.08,Medium
100617828,31,84.58,2025-12-18 23:00:00,30.58,High
100625191,13,30.31,2025-12-18 22:00:00,30.12,Medium
100628422,16,8.44,2025-12-18 19:00:00,30.0,Low
100632766,31,81.03,2025-12-18 21:00:00,30.08,High
100633536,27,38.85,2025-12-18 14:00:00,30.33,Medium
100637858,27,199.78,2025-12-18 21:00:00,28.0,High
100644641,17,20.82,2025-12-18 20:00:00,21.38,Medium
100650188,22,8.32,2025-12-18 11:00:00,30.08,Low
100674178,20,32.7,2025-12-18 19:00:00,30.0,Medium
100684618,26,37.92,2025-12-18 23:00:00,30.04,Medium
100690180,20,26.35,2025-12-18 08:00:00,25.83,Medium
100692079,16,14.81,2025-12-18 16:00:00,18.83,Low
100701928,21,50.81,2025-12-18 17:00:00,30.71,Medium
100737108,29,36.86,2025-12-18 23:00:00,30.54,Medium
100742887,31,45.16,2025-12-18 19:00:00,30.38,Medium
100745953,7,11.71,2025-12-14 20:00:00,25.12,Low
100753537,16,74.12,2025-12-13 16:00:00,25.67,Medium
100757305,23,55.61,2025-12-18 22:00:00,30.54,Medium
100772562,24,20.5,2025-12-17 22:00:00,29.58,Medium
100816273,30,143.0,2025-12-18 20:00:00,30.83,High
100817523,29,54.21,2025-12-18 22:00:00,30.88,Medium
100833741,8,49.5,2025-12-11 17:00:00,17.08,Medium
100839116,4,17.75,2025-12-06 10:00:00,13.62,Low
100853561,29,82.93,2025-12-16 16:00:00,28.33,High
100854241,19,13.47,2025-12-18 04:00:00,30.17,Medium
100862503,18,18.72,2025-12-14 16:00:00,26.54,Medium
100870297,22,42.86,2025-12-16 21:00:00,28.08,Medium
100871846,27,90.67,2025-12-17 00:00:00,28.71,High
100874047,15,20.2,2025-12-12 18:00:00,24.46,Medium
100875707,30,74.93,2025-12-18 01:00:00,29.33,High
100876687,24,38.0,2025-12-18 12:00:00,30.5,Medium
100896290,21,40.0,2025-12-13 21:00:00,25.42,Medium
100915219,3,11.33,2025-12-18 10:00:00,11.0,Low
100917596,28,80.79,2025-12-18 01:00:00,29.42,High
100917601,26,23.62,2025-12-18 18:00:00,30.58,Medium
100929958,31,250.13,2025-12-18 18:00:00,30.75,High
100946724,16,24.0,2025-12-18 10:00:00,27.58,Medium
100955055,2,46.0,2025-12-17 08:00:00,18.79,Low
100968525,23,38.83,2025-12-18 22:00:00,27.0,Medium
101010836,25,48.24,2025-12-18 08:00:00,30.33,Medium
101016413,9,10.67,2025-12-18 21:00:00,30.0,Low
101034576,7,26.57,2025-12-15 21:00:00,6.08,Low
101050024,23,14.35,2025-12-17 09:00:00,28.08,Medium
101061002,25,69.92,2025-12-17 23:00:00,29.38,Medium
101120745,27,154.15,2025-12-18 21:00:00,30.5,High
101122114,27,43.26,2025-12-18 12:00:00,30.12,Medium
101145301,3,68.0,2025-12-12 21:00:00,1.92,Low
101150402,30,113.97,2025-12-18 22:00:00,30.54,High
101190507,28,89.86,2025-12-18 22:00:00,30.25,High
101236357,9,6.44,2025-12-18 03:00:00,27.71,Low
101250285,26,46.0,2025-12-18 21:00:00,28.38,Medium
101256206,29,51.86,2025-12-17 17:00:00,28.0,Medium
101256818,31,83.97,2025-12-18 19:00:00,30.46,High
101257188,30,61.0,2025-12-18 14:00:00,30.0,Medium
101260672,17,11.35,2025-12-18 15:00:00,29.79,Low
101287551,26,124.12,2025-12-18 21:00:00,30.38,High
101304117,29,50.38,2025-12-18 10:00:00,29.08,Medium
101305944,31,67.03,2025-12-18 22:00:00,30.83,High
101310254,18,22.0,2025-12-18 18:00:00,30.46,Medium
101359759,20,29.6,2025-12-17 20:00:00,29.38,Medium
101361390,26,47.46,2025-12-18 23:00:00,30.29,Medium
101385972,12,24.83,2025-12-18 23:00:00,30.33,Medium
101388354,8,49.5,2025-12-09 22:00:00,21.92,Medium
101392927,20,17.7,2025-12-17 00:00:00,28.88,Medium
101403291,15,27.2,2025-12-16 20:00:00,28.0,Medium
101406137,23,45.57,2025-12-18 20:00:00,29.29,Medium
101429765,10,51.2,2025-12-14 23:00:00,24.08,Medium
101435898,31,237.9,2025-12-18 23:00:00,30.17,High
101437780,31,145.74,2025-12-18 23:00:00,30.62,High
101449182,9,34.22,2025-12-18 19:00:00,29.0,Medium
101456770,21,89.81,2025-12-18 16:00:00,30.21,High
101461439,17,67.41,2025-12-17 22:00:00,29.92,Medium
101466976,25,64.0,2025-12-18 22:00:00,30.04,Medium
101503683,9,12.78,2025-12-09 17:00:00,19.79,Low
101504942,9,31.56,2025-12-17 10:00:00,25.54,Medium
101508404,29,124.21,2025-12-18 19:00:00,30.29,High
101511260,16,31.88,2025-12-18 11:00:00,30.12,Medium
101532356,27,52.3,2025-12-18 18:00:00,29.96,Medium
101534361,19,36.05,2025-12-12 15:00:00,24.17,Medium
101538639,14,22.43,2025-12-17 22:00:00,29.12,Medium
101560598,20,37.1,2025-12-18 11:00:00,30.08,Medium
101570549,31,107.23,2025-12-18 23:00:00,30.5,High
101601722,27,47.7,2025-12-17 13:00:00,29.29,Medium
101615370,9,22.89,2025-12-18 21:00:00,28.0,Low
101626587,5,13.4,2025-12-18 22:00:00,30.12,Low
101664376,22,80.86,2025-12-18 20:00:00,29.5,Medium
101682609,13,38.46,2025-12-18 23:00:00,22.54,Medium
101685919,13,24.69,2025-12-18 18:00:00,25.88,Medium
101689479,18,28.39,2025-12-17 15:00:00,28.75,Medium
101698393,27,144.85,2025-12-18 12:00:00,30.08,High
101708064,27,37.07,2025-12-18 13:00:00,30.25,Medium
101719830,3,19.67,2025-12-16 18:00:00,5.08,Low
101734993,29,90.69,2025-12-18 21:00:00,30.46,High
101748138,29,106.97,2025-12-18 23:00:00,30.54,High
101777748,20,24.0,2025-12-18 08:00:00,29.92,Medium
101778477,18,36.5,2025-12-12 23:00:00,24.96,Medium
101781721,9,38.22,2025-12-18 14:00:00,19.71,Medium
101791582,11,75.0,2025-12-18 20:00:00,16.04,Medium
101798575,21,15.62,2025-12-18 19:00:00,30.5,Medium
101828235,30,53.77,2025-12-18 21:00:00,30.58,Medium
101828853,27,78.0,2025-12-17 12:00:00,29.0,High
101833065,18,15.61,2025-12-18 21:00:00,30.0,Medium
101854346,13,27.0,2025-12-17 20:00:00,26.04,Medium
101857968,20,41.05,2025-12-18 23:00:00,29.38,Medium
101884100,10,35.3,2025-12-17 09:00:00,14.88,Medium
101898979,20,41.65,2025-12-18 22:00:00,30.42,Medium
101899044,26,23.31,2025-12-18 18:00:00,30.5,Medium
101903161,30,61.6,2025-12-18 20:00:00,30.67,Medium
101910216,26,35.5,2025-12-18 14:00:00,30.12,Medium
101970196,14,12.57,2025-12-18 09:00:00,25.96,Low
102011432,30,162.0,2025-12-18 09:00:00,29.54,High
102014015,31,80.52,2025-12-18 19:00:00,30.46,High
102028300,29,49.66,2025-12-17 12:00:00,29.12,Medium
102033461,30,103.93,2025-12-18 23:00:00,30.67,High
102033644,26,18.62,2025-12-18 23:00:00,30.25,Medium
102036262,14,22.57,2025-12-17 19:00:00,28.33,Medium
102036949,2,4.0,2025-11-25 23:00:00,6.17,Low
102042828,30,42.8,2025-12-18 21:00:00,30.58,Medium
102049484,22,20.23,2025-12-18 20:00:00,30.29,Medium
102050588,13,33.31,2025-12-18 22:00:00,30.08,Medium
102057111,20,25.3,2025-12-18 21:00:00,30.5,Medium
102064914,31,77.97,2025-12-18 23:00:00,30.54,High
102079739,20,58.55,2025-12-18 14:00:00,30.21,Medium
102113778,17,15.71,2025-12-18 23:00:00,29.62,Medium
102139569,19,25.42,2025-12-18 13:00:00,29.92,Medium
102157365,23,17.87,2025-12-18 15:00:00,30.08,Medium
102167269,20,71.15,2025-12-18 17:00:00,30.46,Medium
102168278,30,22.9,2025-12-18 20:00:00,29.0,Medium
102178411,19,24.84,2025-12-18 11:00:00,29.92,Medium
102243707,10,10.5,2025-12-18 13:00:00,21.67,Low
102244291,17,50.65,2025-12-18 10:00:00,28.58,Medium
102281568,27,217.78,2025-12-16 12:00:00,28.08,High
102303177,25,48.68,2025-12-17 07:00:00,24.5,Medium
102339954,13,24.77,2025-12-15 01:00:00,26.58,Medium
102350790,31,68.97,2025-12-18 17:00:00,30.67,High
102366872,18,36.0,2025-12-16 09:00:00,26.58,Medium
102404735,25,43.48,2025-12-18 02:00:00,29.71,Medium
102414182,3,4.0,2025-12-02 14:00:00,13.79,Low
102417042,20,93.75,2025-12-16 20:00:00,28.33,High
102418389,31,114.84,2025-12-18 23:00:00,30.0,High
102429532,21,19.05,2025-12-18 22:00:00,30.38,Medium
102434210,18,51.06,2025-12-18 17:00:00,25.88,Medium
102442034,15,14.8,2025-12-18 22:00:00,19.5,Low
102456563,31,57.74,2025-12-18 15:00:00,30.0,Medium
102477155,20,93.65,2025-12-18 17:00:00,30.0,High
102499292,12,30.0,2025-12-12 08:00:00,20.75,Medium
102550958,26,21.58,2025-12-18 23:00:00,28.46,Medium
102557821,10,12.0,2025-12-18 21:00:00,28.96,Low
102608728,13,17.62,2025-12-16 19:00:00,27.92,Low
102629009,20,56.2,2025-12-18 22:00:00,30.38,Medium
102649446,11,41.09,2025-12-16 22:00:00,28.08,Medium
102663288,29,143.72,2025-12-18 22:00:00,30.38,High
102689410,27,35.74,2025-12-17 13:00:00,28.67,Medium
102690418,14,10.64,2025-12-14 08:00:00,25.42,Low
102712222,23,52.39,2025-12-18 15:00:00,29.92,Medium
102727427,27,72.41,2025-12-18 20:00:00,30.38,High
102758797,27,58.07,2025-12-18 23:00:00,30.54,Medium
102767670,2,22.5,2025-12-18 11:00:00,12.04,Low
102814676,15,14.53,2025-12-15 12:00:00,26.88,Low
102825286,31,117.48,2025-12-18 23:00:00,30.96,High
102825414,10,6.3,2025-12-17 14:00:00,13.67,Low
102827853,31,87.26,2025-12-18 21:00:00,30.33,High
102833698,14,12.43,2025-12-18 14:00:00,28.96,Low
102868553,3,30.33,2025-12-17 11:00:00,2.96,Low
102881474,7,15.0,2025-12-13 14:00:00,5.79,Low
102897084,10,71.0,2025-12-15 16:00:00,25.79,Medium
102923008,16,131.12,2025-12-15 18:00:00,27.29,High
102927615,10,16.8,2025-12-18 12:00:00,21.17,Low
102929664,9,24.44,2025-12-18 22:00:00,10.58,Low
102930156,30,263.53,2025-12-17 22:00:00,29.92,High
102943049,4,6.0,2025-12-12 22:00:00,20.0,Low
102946950,26,37.58,2025-12-18 21:00:00,30.0,Medium
102974755,26,130.5,2025-12-18 11:00:00,30.08,High
102996286,24,103.33,2025-12-18 17:00:00,25.67,High
102999986,27,38.41,2025-12-17 07:00:00,27.33,Medium
103036341,14,20.0,2025-12-18 13:00:00,28.04,Medium
103038630,25,34.2,2025-12-18 15:00:00,28.79,Medium
103039905,11,17.27,2025-12-11 11:00:00,19.58,Low
103065950,9,107.33,2025-12-13 13:00:00,20.58,Medium
103089749,20,13.05,2025-12-18 07:00:00,29.96,Medium
103090935,31,134.9,2025-12-18 22:00:00,30.54,High
103094356,6,7.33,2025-12-18 10:00:00,17.54,Low
103100649,8,7.75,2025-12-16 10:00:00,27.04,Low
103133076,21,101.0,2025-12-15 02:00:00,26.5,High
103134579,26,75.12,2025-12-18 23:00:00,29.58,High
103141994,16,30.38,2025-12-18 20:00:00,26.25,Medium
103149203,29,44.59,2025-12-18 20:00:00,30.38,Medium
103174200,7,12.0,2025-12-07 22:00:00,15.58,Low
103195078,10,16.4,2025-12-18 19:00:00,30.58,Low
103254376,23,61.26,2025-12-18 13:00:00,29.12,Medium
103267275,11,18.27,2025-12-18 18:00:00,29.33,Low
103274179,28,27.64,2025-12-18 22:00:00,30.92,Medium
103275202,22,43.14,2025-12-15 22:00:00,27.17,Medium
103291357,26,23.85,2025-12-18 16:00:00,30.17,Medium
103318450,22,28.82,2025-12-16 21:00:00,28.54,Medium
103325972,24,26.71,2025-12-17 14:00:00,29.25,Medium
103331903,29,39.03,2025-12-18 22:00:00,30.62,Medium
103332966,9,25.33,2025-12-18 01:00:00,29.42,Low
103336492,28,36.46,2025-12-18 19:00:00,28.21,Medium
103370538,27,28.44,2025-12-17 12:00:00,29.25,Medium
103377341,17,26.59,2025-12-18 22:00:00,30.92,Medium
103412418,25,90.32,2025-12-18 14:00:00,30.33,High
103421620,14,18.29,2025-12-17 13:00:00,24.67,Medium
103439105,30,198.93,2025-12-18 19:00:00,30.79,High
103447009,28,19.29,2025-12-18 19:00:00,30.29,Medium
103472750,14,197.93,2025-12-18 12:00:00,18.71,High
103486499,23,26.87,2025-12-18 23:00:00,30.96,Medium
103489606,24,96.58,2025-12-18 23:00:00,29.12,High
103498808,17,45.12,2025-12-17 22:00:00,29.38,Medium
103499403,28,40.36,2025-12-18 12:00:00,30.0,Medium
103504610,31,178.23,2025-12-18 23:00:00,30.83,High
103523811,23,24.43,2025-12-18 21:00:00,30.88,Medium
103548522,22,27.5,2025-12-18 12:00:00,29.62,Medium
103582986,29,58.62,2025-12-18 21:00:00,30.62,Medium
103585097,22,77.0,2025-12-18 01:00:00,28.92,Medium
103592049,22,25.45,2025-12-18 21:00:00,28.96,Medium
103595250,30,85.63,2025-12-18 22:00:00,30.62,High
103600156,30,66.53,2025-12-18 19:00:00,29.21,High
103606020,15,53.47,2025-12-18 13:00:00,23.83,Medium
103606138,23,49.48,2025-12-18 22:00:00,29.96,Medium
103610059,31,109.32,2025-12-18 15:00:00,30.62,High
103633934,25,164.36,2025-12-18 21:00:00,30.58,High
103636959,14,19.07,2025-12-18 23:00:00,22.0,Medium
103653287,13,9.46,2025-12-16 12:00:00,26.88,Low
103664180,17,34.53,2025-12-17 14:00:00,28.96,Medium
103673316,24,52.25,2025-12-18 10:00:00,29.96,Medium
103696022,22,14.45,2025-12-18 20:00:00,30.29,Medium
103704577,18,31.94,2025-12-16 21:00:00,26.92,Medium
103728744,29,86.59,2025-12-18 23:00:00,29.38,High
103750164,27,37.07,2025-12-18 08:00:00,29.92,Medium
103767458,29,218.76,2025-12-18 23:00:00,30.42,High
103781365,27,141.93,2025-12-17 13:00:00,29.29,High
103802946,28,44.96,2025-12-18 22:00:00,30.29,Medium
103812524,28,50.29,2025-12-18 14:00:00,26.67,Medium
103842377,30,90.7,2025-12-18 18:00:00,30.46,High
103856044,5,11.6,2025-12-17 23:00:00,26.54,Low
103871858,31,49.19,2025-12-18 20:00:00,30.5,Medium
103891828,26,67.77,2025-12-17 20:00:00,28.96,Medium
103898055,23,18.43,2025-12-18 19:00:00,30.12,Medium
103929468,24,28.21,2025-12-18 17:00:00,30.12,Medium
103936681,23,48.61,2025-12-16 21:00:00,28.88,Medium
103947735,15,54.93,2025-12-18 22:00:00,30.21,Medium
103962421,31,95.45,2025-12-18 15:00:00,30.38,High
103963543,16,21.62,2025-12-18 13:00:00,24.33,Medium
103969154,26,44.92,2025-12-18 20:00:00,30.79,Medium
103980016,28,37.0,2025-12-18 23:00:00,30.5,Medium
103982848,30,88.6,2025-12-18 19:00:00,30.38,High
104003037,31,219.68,2025-12-18 22:00:00,30.5,High
104007279,25,14.84,2025-12-18 14:00:00,29.04,Medium
104014368,19,17.84,2025-12-18 21:00:00,29.25,Medium
104016986,26,32.85,2025-12-18 21:00:00,30.12,Medium
104084848,28,103.75,2025-12-17 21:00:00,29.08,High
104091023,21,60.48,2025-12-18 19:00:00,30.42,Medium
104103891,14,13.86,2025-12-14 11:00:00,23.83,Low
104117045,18,17.33,2025-12-18 12:00:00,27.79,Medium
104135842,29,122.28,2025-12-18 10:00:00,30.12,High
104139699,30,125.2,2025-12-18 16:00:00,30.21,High
104143619,15,42.93,2025-12-16 23:00:00,27.5,Medium
104164603,31,69.39,2025-12-18 17:00:00,30.42,High
104174972,23,51.78,2025-12-18 12:00:00,28.25,Medium
104191148,16,28.81,2025-12-17 17:00:00,29.38,Medium
104200605,12,23.17,2025-12-18 20:00:00,30.17,Medium
104221274,29,132.17,2025-12-18 21:00:00,30.08,High
104226556,16,9.62,2025-12-15 09:00:00,27.38,Low
104229897,8,75.88,2025-12-18 23:00:00,7.67,Medium
104250260,23,34.39,2025-12-18 15:00:00,30.38,Medium
104267191,15,13.93,2025-12-17 13:00:00,26.75,Low
104298835,29,58.83,2025-12-18 22:00:00,30.5,Medium
104321764,14,25.14,2025-12-18 22:00:00,30.0,Medium
104342607,29,21.52,2025-12-18 14:00:00,30.38,Medium
104356019,9,12.0,2025-12-14 21:00:00,19.58,Low
104394218,15,4.8,2025-12-14 17:00:00,25.83,Low
104411157,22,15.18,2025-12-16 11:00:00,28.46,Medium
104427635,11,65.0,2025-12-18 20:00:00,20.88,Medium
104456945,21,16.05,2025-12-18 22:00:00,30.42,Medium
104468262,18,12.11,2025-12-15 19:00:00,27.12,Low
104479798,19,28.37,2025-12-18 12:00:00,30.38,Medium
104533434,27,19.0,2025-12-18 21:00:00,29.96,Medium
104541497,27,54.96,2025-12-17 19:00:00,29.5,Medium
104551817,19,17.47,2025-12-18 21:00:00,30.0,Medium
104569658,29,235.14,2025-12-18 11:00:00,30.08,High
104587852,23,61.22,2025-12-15 18:00:00,27.42,Medium
104597620,30,54.47,2025-12-18 17:00:00,30.33,Medium
104611414,13,8.62,2025-12-10 11:00:00,20.08,Low
104613070,28,29.14,2025-12-18 07:00:00,30.04,Medium
104635996,23,27.91,2025-12-16 22:00:00,28.38,Medium
104639948,20,6.55,2025-12-18 12:00:00,29.67,Low
104641941,20,34.0,2025-12-16 15:00:00,25.88,Medium
104664128,24,22.62,2025-12-18 08:00:00,29.38,Medium
104683710,16,83.94,2025-12-18 14:00:00,21.88,Medium
104688634,23,27.74,2025-12-18 21:00:00,30.88,Medium
104728454,5,47.2,2025-12-12 21:00:00,19.0,Low
104732482,30,58.5,2025-12-18 23:00:00,30.67,Medium
104735935,31,126.48,2025-12-18 22:00:00,30.54,High
104775475,31,86.81,2025-12-18 22:00:00,30.54,High
104777513,29,47.83,2025-12-18 22:00:00,30.04,Medium
104790588,20,20.05,2025-12-18 22:00:00,27.12,Medium
104792616,30,125.17,2025-12-18 19:00:00,30.29,High
104794506,12,16.58,2025-12-15 22:00:00,21.0,Low
104797997,13,43.54,2025-12-17 20:00:00,29.5,Medium
104800287,21,35.19,2025-12-18 18:00:00,30.12,Medium
104804964,21,17.05,2025-12-17 20:00:00,29.29,Medium
104811265,7,24.0,2025-12-15 20:00:00,14.29,Low
104815377,26,43.0,2025-12-16 12:00:00,27.92,Medium
104816721,8,80.75,2025-12-14 15:00:00,26.17,Medium
104842277,28,55.75,2025-12-18 17:00:00,29.79,Medium
104849552,17,72.12,2025-12-17 13:00:00,29.0,Medium
104859881,13,13.0,2025-12-18 13:00:00,28.04,Low
104884471,19,19.89,2025-12-18 14:00:00,29.83,Medium
104937626,19,46.37,2025-12-18 22:00:00,30.92,Medium
104939761,29,32.1,2025-12-18 21:00:00,30.38,Medium
104976623,5,14.2,2025-12-17 19:00:00,21.42,Low
104994810,31,90.39,2025-12-18 12:00:00,30.12,High
104996018,10,7.7,2025-12-18 10:00:00,24.71,Low
104997704,4,36.25,2025-12-18 17:00:00,3.21,Low
105006722,7,22.43,2025-12-18 20:00:00,22.0,Low
105019487,16,20.44,2025-12-17 23:00:00,27.12,Medium
105026849,24,47.25,2025-12-18 07:00:00,29.62,Medium
105038469,15,23.33,2025-12-18 22:00:00,29.0,Medium
105069110,26,102.31,2025-12-18 21:00:00,27.12,High
105089571,19,35.84,2025-12-18 21:00:00,28.08,Medium
105105740,27,125.81,2025-12-18 23:00:00,30.58,High
105181025,19,64.05,2025-12-18 22:00:00,30.04,Medium
105190158,31,73.35,2025-12-18 14:00:00,30.0,High
105256165,9,17.56,2025-12-17 16:00:00,27.0,Low
105271091,21,12.29,2025-12-18 20:00:00,30.46,Medium
105278727,31,109.65,2025-12-18 14:00:00,30.29,High
105288851,25,26.08,2025-12-18 06:00:00,29.42,Medium
105309216,27,58.81,2025-12-18 14:00:00,30.0,Medium
105310641,30,21.2,2025-12-18 14:00:00,30.0,Medium
105313845,28,61.21,2025-12-18 16:00:00,30.29,Medium
105346865,31,67.0,2025-12-18 14:00:00,30.17,High
105397406,27,79.93,2025-12-18 23:00:00,28.5,High
105417760,14,16.21,2025-12-16 09:00:00,27.0,Low
105419801,29,42.9,2025-12-18 22:00:00,30.33,Medium
105424913,8,21.75,2025-12-03 18:00:00,15.29,Low
105425480,24,55.79,2025-12-17 18:00:00,27.83,Medium
105454547,24,25.88,2025-12-18 23:00:00,28.08,Medium
105460457,30,82.13,2025-12-18 21:00:00,30.54,High
105485068,28,88.18,2025-12-18 23:00:00,30.46,High
105548494,22,13.41,2025-12-16 20:00:00,28.42,Medium
105556357,16,61.31,2025-12-18 12:00:00,28.58,Medium
105591337,23,9.52,2025-12-18 12:00:00,30.04,Low
105591402,26,42.04,2025-12-18 23:00:00,30.71,Medium
105601174,8,22.75,2025-12-18 11:00:00,12.83,Low
105603256,9,19.67,2025-12-14 16:00:00,24.83,Low
105616401,27,210.33,2025-12-17 17:00:00,29.46,High
105617429,22,35.59,2025-12-17 11:00:00,28.67,Medium
105627255,9,7.0,2025-12-16 10:00:00,24.42,Low
105630599,12,6.0,2025-12-18 21:00:00,30.58,Low
105632814,8,18.75,2025-12-16 22:00:00,24.46,Low
105632849,30,16.77,2025-12-18 20:00:00,30.62,Medium
105638508,30,29.2,2025-12-18 20:00:00,30.42,Medium
105684766,21,20.52,2025-12-16 09:00:00,23.04,Medium
105696350,18,11.56,2025-12-18 11:00:00,28.62,Low
105724574,3,4.67,2025-12-18 07:00:00,8.54,Low
105732108,25,32.12,2025-12-16 22:00:00,28.92,Medium
105744471,30,148.3,2025-12-18 22:00:00,30.54,High
105766349,12,26.0,2025-12-17 15:00:00,29.04,Medium
105767363,29,55.41,2025-12-18 23:00:00,30.71,Medium
105770829,28,16.46,2025-12-17 00:00:00,28.58,Medium
105788199,26,53.08,2025-12-17 19:00:00,29.08,Medium
105805037,30,65.27,2025-12-18 19:00:00,30.67,High
105825066,8,12.25,2025-12-15 15:00:00,24.79,Low
105825623,11,10.73,2025-12-17 22:00:00,29.04,Low
105835220,16,20.44,2025-12-17 10:00:00,29.12,Medium
105836892,23,37.13,2025-12-17 20:00:00,28.04,Medium
105837655,17,41.65,2025-12-18 19:00:00,30.42,Medium
105863986,29,54.9,2025-12-18 21:00:00,30.33,Medium
105870926,8,25.12,2025-12-14 12:00:00,18.08,Low
105871343,27,52.67,2025-12-18 20:00:00,30.25,Medium
105875466,19,54.47,2025-12-18 22:00:00,30.54,Medium
105887770,31,86.71,2025-12-18 17:00:00,30.71,High
105913380,13,22.15,2025-12-15 23:00:00,26.12,Medium
105919960,28,104.21,2025-12-17 20:00:00,29.83,High
105923210,12,21.17,2025-12-15 23:00:00,26.5,Medium
105969268,10,38.2,2025-12-18 23:00:00,25.54,Medium
106021995,15,16.53,2025-12-17 00:00:00,25.42,Low
106025785,30,36.63,2025-12-18 14:00:00,29.79,Medium
106029601,10,29.2,2025-12-18 10:00:00,9.42,Medium
106053650,30,68.47,2025-12-18 21:00:00,30.33,High
106058919,14,29.79,2025-12-18 23:00:00,28.29,Medium
106083110,20,26.3,2025-12-18 22:00:00,30.12,Medium
106090167,30,213.97,2025-12-18 23:00:00,29.75,High
106108402,13,9.46,2025-12-12 20:00:00,23.96,Low
106109243,11,37.64,2025-12-18 15:00:00,30.12,Medium
106145444,24,35.71,2025-12-17 23:00:00,28.96,Medium
106175697,23,52.22,2025-12-18 21:00:00,27.54,Medium
106198386,19,49.53,2025-12-18 12:00:00,30.5,Medium
106230218,9,21.56,2025-12-15 15:00:00,22.08,Low
106281403,15,12.07,2025-12-17 20:00:00,16.67,Low
106286487,21,38.71,2025-12-18 16:00:00,30.08,Medium
106291812,1,15.0,2025-12-14 13:00:00,0.04,Low
106292982,13,32.92,2025-12-18 12:00:00,24.58,Medium
106295017,17,45.82,2025-12-14 01:00:00,25.21,Medium
106300508,23,131.13,2025-12-18 20:00:00,29.96,High
106316627,10,13.9,2025-12-18 22:00:00,30.08,Low
106320112,27,117.89,2025-12-18 18:00:00,30.21,High
106335674,27,17.56,2025-12-18 20:00:00,30.54,Medium
106341626,17,56.76,2025-12-15 07:00:00,26.38,Medium
106342906,30,135.2,2025-12-18 17:00:00,30.58,High
106349878,8,31.0,2025-12-05 23:00:00,15.08,Low
106383829,10,16.4,2025-12-17 22:00:00,20.46,Low
106397319,26,23.96,2025-12-18 21:00:00,30.33,Medium
106416249,21,214.62,2025-12-17 18:00:00,28.92,High
106422256,16,49.81,2025-12-18 20:00:00,30.42,Medium
106452871,18,30.06,2025-12-18 13:00:00,29.96,Medium
106457937,15,39.93,2025-12-18 19:00:00,30.79,Medium
106469828,28,63.29,2025-12-18 23:00:00,30.42,Medium
106498387,30,203.37,2025-12-17 21:00:00,29.83,High
106547164,4,65.5,2025-12-18 21:00:00,21.12,Medium
106551398,17,16.82,2025-12-17 19:00:00,29.33,Medium
106557109,30,80.5,2025-12-18 13:00:00,30.0,High
106573767,7,34.29,2025-12-18 21:00:00,16.5,Low
106586433,14,12.71,2025-12-18 15:00:00,28.0,Low
106605165,18,17.06,2025-12-18 13:00:00,30.08,Medium
106627467,18,49.06,2025-12-17 21:00:00,29.42,Medium
106634442,29,187.48,2025-12-17 05:00:00,29.21,High
106640087,18,15.33,2025-12-18 17:00:00,30.29,Medium
106645011,30,107.7,2025-12-18 23:00:00,30.54,High
106672791,23,33.87,2025-12-18 23:00:00,30.62,Medium
106679589,31,66.81,2025-12-18 15:00:00,30.33,High
106726676,15,43.93,2025-12-16 20:00:00,27.46,Medium
106747333,20,21.7,2025-12-18 11:00:00,24.5,Medium
106753864,17,15.0,2025-12-17 23:00:00,27.25,Medium
106783624,31,96.68,2025-12-18 20:00:00,30.42,High
106786729,22,14.64,2025-12-18 22:00:00,30.08,Medium
106815559,31,144.55,2025-12-18 22:00:00,30.58,High
106821106,10,13.1,2025-12-15 21:00:00,26.12,Low
106834015,23,58.61,2025-12-18 23:00:00,30.92,Medium
106863941,30,167.37,2025-12-18 23:00:00,30.67,High
106873777,18,41.89,2025-12-18 21:00:00,26.38,Medium
106896403,27,27.22,2025-12-16 21:00:00,28.83,Medium
106926411,31,54.32,2025-12-18 20:00:00,30.5,Medium
106937011,26,66.54,2025-12-18 16:00:00,29.88,Medium
106946112,5,15.8,2025-12-16 22:00:00,23.04,Low
106976106,25,37.12,2025-12-18 14:00:00,30.58,Medium
106998000,6,10.5,2025-12-17 14:00:00,28.04,Low
107034437,31,79.39,2025-12-18 22:00:00,30.5,High
107047436,22,80.59,2025-12-18 11:00:00,29.96,Medium
107066825,10,7.0,2025-12-15 16:00:00,24.21,Low
107102683,20,20.15,2025-12-18 20:00:00,29.46,Medium
107109917,18,32.94,2025-12-14 21:00:00,23.04,Medium
107113176,29,37.69,2025-12-18 22:00:00,30.29,Medium
107130996,8,30.12,2025-12-18 20:00:00,29.38,Low
107174628,19,56.84,2025-12-18 23:00:00,29.33,Medium
107201114,11,23.91,2025-12-18 05:00:00,30.04,Medium
107209058,30,221.47,2025-12-18 23:00:00,30.88,High
107223716,29,41.41,2025-12-18 17:00:00,30.58,Medium
107269703,9,25.22,2025-12-15 15:00:00,18.17,Low
107272478,15,37.8,2025-12-18 21:00:00,25.92,Medium
107287661,27,49.07,2025-12-17 22:00:00,29.25,Medium
107296130,5,30.0,2025-12-06 22:00:00,6.96,Low
107301929,29,37.38,2025-12-18 23:00:00,30.17,Medium
107315106,7,16.14,2025-12-16 22:00:00,14.46,Low
107318300,7,9.43,2025-12-17 22:00:00,26.29,Low
107322212,21,11.33,2025-12-18 03:00:00,29.83,Low
107323711,30,155.37,2025-12-18 22:00:00,30.92,High
107324439,15,36.73,2025-12-18 20:00:00,20.38,Medium
107351947,25,97.12,2025-12-18 15:00:00,30.62,High
107376041,15,37.2,2025-12-13 22:00:00,25.12,Medium
107376559,31,203.74,2025-12-18 23:00:00,30.88,High
107377446,30,126.2,2025-12-18 22:00:00,30.62,High
107389711,10,10.5,2025-12-16 10:00:00,25.62,Low
107391538,10,48.1,2025-12-17 16:00:00,22.25,Medium
107413843,25,24.4,2025-12-18 13:00:00,28.92,Medium
107416583,5,196.8,2025-12-18 16:00:00,4.33,Medium
107452984,22,30.41,2025-12-16 21:00:00,28.54,Medium
107453308,10,37.8,2025-12-14 00:00:00,22.67,Medium
107471039,20,53.15,2025-12-18 03:00:00,30.12,Medium
107471288,3,23.0,2025-12-16 21:00:00,24.54,Low
107475844,17,31.71,2025-12-15 08:00:00,26.96,Medium
107487112,27,110.07,2025-12-16 18:00:00,28.17,High
107552130,22,80.59,2025-12-18 12:00:00,29.92,Medium
107583783,30,68.27,2025-12-18 19:00:00,30.54,High
107604892,22,11.05,2025-12-18 22:00:00,30.08,Low
107621692,18,33.17,2025-12-14 08:00:00,26.04,Medium
107628666,14,48.57,2025-12-13 06:00:00,18.29,Medium
107653308,26,38.23,2025-12-18 22:00:00,30.67,Medium
107680357,13,65.15,2025-12-18 10:00:00,27.83,Medium
107683230,23,133.22,2025-12-13 19:00:00,25.79,High
107720462,17,7.65,2025-12-12 18:00:00,23.96,Low
107726623,30,73.8,2025-12-18 22:00:00,30.92,High
107754808,20,11.55,2025-12-16 13:00:00,27.88,Low
107756063,21,22.9,2025-12-18 13:00:00,28.67,Medium
107765078,24,97.88,2025-12-18 17:00:00,27.29,High
107765105,15,24.6,2025-12-18 22:00:00,26.12,Medium
107787981,7,14.14,2025-12-17 17:00:00,29.29,Low
107815602,16,14.12,2025-12-17 06:00:00,26.62,Low
107824319,17,14.0,2025-12-13 23:00:00,24.12,Low
107830601,12,17.0,2025-12-12 15:00:00,24.0,Low
107857272,28,35.36,2025-12-18 13:00:00,30.17,Medium
107859322,26,32.15,2025-12-18 19:00:00,30.21,Medium
107868172,29,105.69,2025-12-18 22:00:00,30.42,High
107874169,30,83.7,2025-12-18 23:00:00,30.67,High
107882320,23,67.91,2025-12-18 23:00:00,30.58,Medium
107936760,25,17.72,2025-12-18 22:00:00,30.17,Medium
107949449,10,6.3,2025-12-16 13:00:00,27.62,Low
107952284,27,66.7,2025-12-18 22:00:00,30.17,Medium
107954360,29,47.48,2025-12-18 19:00:00,30.5,Medium
107997857,17,23.06,2025-12-15 21:00:00,27.67,Medium
108039936,30,61.5,2025-12-18 21:00:00,30.88,Medium
108043652,3,74.67,2025-12-04 14:00:00,15.71,Low
108049747,28,59.39,2025-12-18 16:00:00,29.96,Medium
108051466,30,23.13,2025-12-18 23:00:00,30.96,Medium
108054413,12,2.75,2025-12-18 09:00:00,27.54,Low
108070698,31,166.26,2025-12-18 19:00:00,30.79,High
108078428,1,94.0,2025-12-10 17:00:00,0.21,Low
108087298,24,77.88,2025-12-17 09:00:00,28.92,High
108100952,17,28.59,2025-12-16 23:00:00,20.71,Medium
108129951,30,81.43,2025-12-18 16:00:00,30.38,High
108149624,21,62.14,2025-12-17 21:00:00,29.83,Medium
108154737,25,50.76,2025-12-18 09:00:00,30.0,Medium
108168148,25,94.08,2025-12-16 16:00:00,27.83,High
108179658,22,19.73,2025-12-18 20:00:00,27.42,Medium
108212684,31,275.29,2025-12-18 23:00:00,30.88,High
108260948,24,43.46,2025-12-18 17:00:00,30.12,Medium
108266017,28,71.18,2025-12-18 21:00:00,30.42,High
108287275,22,46.36,2025-12-15 14:00:00,26.71,Medium
108290167,9,28.44,2025-12-18 21:00:00,30.33,Medium
108317810,21,90.57,2025-12-17 10:00:00,28.12,High
108331566,16,9.44,2025-12-18 14:00:00,30.54,Low
108355591,16,27.06,2025-12-15 19:00:00,27.08,Medium
108369002,26,63.73,2025-12-17 11:00:00,29.46,Medium
108371838,8,16.5,2025-12-18 12:00:00,28.58,Low
108378461,17,18.88,2025-12-18 19:00:00,27.79,Medium
108382766,19,20.74,2025-12-18 14:00:00,29.08,Medium
108404535,31,41.81,2025-12-18 17:00:00,30.08,Medium
108427185,17,74.29,2025-12-18 00:00:00,25.12,Medium
108472858,21,34.62,2025-12-18 14:00:00,29.75,Medium
108473071,27,26.19,2025-12-18 20:00:00,30.54,Medium
108481171,15,67.47,2025-12-18 23:00:00,30.58,Medium
108506795,18,14.33,2025-12-18 02:00:00,29.38,Medium
108511715,5,7.6,2025-12-10 21:00:00,18.08,Low
108527493,26,21.81,2025-12-18 18:00:00,29.25,Medium
108535249,28,76.71,2025-12-18 14:00:00,30.58,High
108546559,22,22.5,2025-12-18 22:00:00,30.83,Medium
108551465,5,41.2,2025-12-15 20:00:00,22.29,Low
108583520,27,47.7,2025-12-18 21:00:00,30.79,Medium
108611069,1,10.0,2025-12-13 20:00:00,0.0,Low
108673661,19,66.47,2025-12-18 23:00:00,30.54,Medium
108704609,27,37.59,2025-12-18 14:00:00,30.08,Medium
108712668,23,39.39,2025-12-18 21:00:00,30.88,Medium
108728269,27,19.19,2025-12-18 12:00:00,29.71,Medium
108748058,28,124.0,2025-12-18 14:00:00,30.08,High
108750800,15,22.6,2025-12-12 21:00:00,24.46,Medium
108755598,31,114.71,2025-12-18 23:00:00,30.62,High
108770715,25,152.12,2025-12-18 15:00:00,27.29,High
108784707,12,14.42,2025-12-16 14:00:00,25.75,Low
108786121,15,22.07,2025-12-16 22:00:00,24.46,Medium
108789051,18,47.61,2025-12-16 13:00:00,28.12,Medium
108797805,30,54.6,2025-12-18 06:00:00,29.71,Medium
108810522,26,42.77,2025-12-18 19:00:00,30.42,Medium
108829095,30,154.37,2025-12-18 16:00:00,30.25,High
108846913,11,102.82,2025-12-14 16:00:00,14.96,Medium
108870608,17,65.35,2025-12-18 23:00:00,26.46,Medium
108871998,13,9.85,2025-12-18 15:00:00,25.0,Low
108879821,25,55.04,2025-12-18 23:00:00,29.33,Medium
108890194,17,60.47,2025-12-18 22:00:00,30.71,Medium
108903035,19,22.47,2025-12-18 12:00:00,29.71,Medium
108903107,18,49.0,2025-12-18 14:00:00,30.21,Medium
108912700,23,29.43,2025-12-18 12:00:00,28.96,Medium
108919322,18,30.06,2025-12-14 11:00:00,24.71,Medium
108945253,24,65.42,2025-12-18 20:00:00,29.96,Medium
108952067,30,54.13,2025-12-18 10:00:00,29.96,Medium
108957791,22,17.77,2025-12-18 21:00:00,29.42,Medium
108969823,18,34.06,2025-12-18 11:00:00,30.46,Medium
108983810,16,12.38,2025-12-15 15:00:00,24.83,Low
108995680,22,49.86,2025-12-18 23:00:00,30.29,Medium
109003876,23,22.87,2025-12-18 08:00:00,27.75,Medium
109005178,29,135.62,2025-12-18 22:00:00,30.88,High
109012414,13,23.54,2025-12-18 22:00:00,30.54,Medium
109016093,11,13.64,2025-12-18 22:00:00,30.12,Low
109048285,20,57.85,2025-12-18 23:00:00,27.5,Medium
109056742,31,113.35,2025-12-18 22:00:00,30.38,High
109059873,31,84.0,2025-12-18 15:00:00,30.33,High
109084676,25,107.96,2025-12-18 20:00:00,30.83,High
109097995,31,146.19,2025-12-18 22:00:00,30.42,High
109099701,16,41.25,2025-12-18 11:00:00,24.75,Medium
109127316,28,33.71,2025-12-18 18:00:00,30.25,Medium
109128473,27,30.19,2025-12-18 19:00:00,29.88,Medium
109129708,25,70.72,2025-12-18 17:00:00,29.0,Medium
109155337,31,143.81,2025-12-18 23:00:00,30.54,High
109179391,22,26.05,2025-12-18 22:00:00,30.42,Medium
109193357,20,32.4,2025-12-18 00:00:00,25.08,Medium
109197587,17,19.76,2025-12-18 11:00:00,27.79,Medium
109202768,6,45.5,2025-12-18 00:00:00,27.08,Medium
109211848,8,13.62,2025-12-18 14:00:00,23.5,Low
109226434,26,64.46,2025-12-18 16:00:00,30.29,Medium
109255415,8,9.75,2025-12-17 10:00:00,27.88,Low
109257851,19,39.11,2025-12-10 14:00:00,22.33,Medium
109258006,31,139.61,2025-12-18 23:00:00,30.46,High
109278492,15,30.73,2025-12-17 17:00:00,28.04,Medium
109280382,31,206.35,2025-12-18 23:00:00,30.46,High
109327598,24,32.46,2025-12-18 23:00:00,30.33,Medium
109331295,13,22.62,2025-12-16 00:00:00,27.67,Medium
109382445,4,10.0,2025-12-16 13:00:00,6.83,Low
109390378,15,40.67,2025-12-17 20:00:00,27.46,Medium
109400391,26,41.85,2025-12-17 21:00:00,29.42,Medium
109410073,13,18.23,2025-12-16 19:00:00,27.12,Low
109421576,10,7.0,2025-12-18 15:00:00,29.88,Low
109476189,4,7.25,2025-12-18 13:00:00,17.29,Low
109476383,18,17.56,2025-12-16 08:00:00,20.88,Medium
109493411,24,77.79,2025-12-18 21:00:00,28.46,High
109522308,25,19.76,2025-12-18 20:00:00,30.58,Medium
109522508,22,23.0,2025-12-18 22:00:00,30.92,Medium
109529376,23,42.57,2025-12-18 14:00:00,26.58,Medium
109533593,20,15.4,2025-12-18 20:00:00,27.04,Medium
109548579,26,93.42,2025-12-18 23:00:00,28.42,High
109553291,28,57.57,2025-12-18 12:00:00,29.79,Medium
109560964,17,49.94,2025-12-17 12:00:00,29.17,Medium
109562333,20,22.4,2025-12-18 20:00:00,30.79,Medium
109568364,31,79.39,2025-12-18 21:00:00,30.88,High
109597580,19,99.63,2025-12-18 21:00:00,29.21,High
109597718,20,24.0,2025-12-16 09:00:00,27.88,Medium
109613455,31,137.16,2025-12-18 23:00:00,30.96,High
109623749,23,34.22,2025-12-18 14:00:00,30.04,Medium
109639486,28,46.0,2025-12-18 22:00:00,29.42,Medium
109647745,31,81.87,2025-12-18 22:00:00,30.62,High
109657854,13,10.23,2025-12-17 14:00:00,27.12,Low
109662797,23,52.04,2025-12-12 18:00:00,24.38,Medium
109678791,12,14.5,2025-12-16 09:00:00,27.0,Low
109687773,23,77.39,2025-12-17 18:00:00,28.88,Medium
109689227,9,69.44,2025-12-18 12:00:00,28.58,Medium
109689683,30,48.5,2025-12-18 23:00:00,30.38,Medium
109698871,22,46.14,2025-12-18 16:00:00,30.0,Medium
109705911,19,36.58,2025-12-18 21:00:00,30.04,Medium
109711418,31,46.74,2025-12-18 21:00:00,30.21,Medium
109714912,29,55.21,2025-12-17 15:00:00,28.83,Medium
109716139,26,46.15,2025-12-18 23:00:00,30.96,Medium
109732215,26,52.0,2025-12-18 15:00:00,30.0,Medium
109772113,16,24.06,2025-12-14 12:00:00,22.17,Medium
109793878,27,38.7,2025-12-18 09:00:00,30.38,Medium
109809829,24,35.25,2025-12-18 19:00:00,28.21,Medium
109820331,19,13.84,2025-12-18 19:00:00,30.25,Medium
109823995,30,46.63,2025-12-18 19:00:00,29.54,Medium
109856177,22,33.95,2025-12-18 15:00:00,30.12,Medium
109856189,27,27.07,2025-12-18 20:00:00,30.0,Medium
109859583,24,87.42,2025-12-18 20:00:00,29.58,High
109870419,8,11.75,2025-12-18 21:00:00,30.29,Low
109891166,10,27.4,2025-12-13 19:00:00,13.92,Medium
109893417,30,88.6,2025-12-18 15:00:00,30.17,High
109911889,30,53.63,2025-12-18 16:00:00,29.29,Medium
109919014,1,159.0,2025-11-18 01:00:00,0.04,Low
109921488,18,48.28,2025-12-18 21:00:00,30.88,Medium
109927373,28,42.86,2025-12-18 21:00:00,30.88,Medium
109928088,29,230.62,2025-12-18 11:00:00,30.12,High
109938282,29,54.38,2025-12-18 21:00:00,30.58,Medium
109939909,31,177.94,2025-12-18 23:00:00,30.42,High
109944963,11,7.73,2025-12-14 15:00:00,24.83,Low
109978933,29,69.17,2025-12-18 22:00:00,30.54,High
110007607,27,108.78,2025-12-18 23:00:00,30.42,High
110017091,21,26.48,2025-12-18 12:00:00,28.96,Medium
110033398,29,85.79,2025-12-18 20:00:00,30.54,High
110037242,31,102.65,2025-12-18 21:00:00,30.88,High
110043519,22,28.91,2025-12-18 14:00:00,29.79,Medium
110047109,2,24.5,2025-12-16 00:00:00,13.54,Low
110058496,29,55.17,2025-12-18 23:00:00,30.96,Medium
110058610,26,23.5,2025-12-18 13:00:00,30.12,Medium
110061776,22,12.86,2025-12-15 20:00:00,27.04,Medium
110074552,13,13.15,2025-12-17 10:00:00,26.79,Low
110106082,27,101.93,2025-12-18 22:00:00,28.54,High
110122107,20,16.8,2025-12-17 12:00:00,27.08,Medium
110128323,20,20.9,2025-12-18 18:00:00,30.38,Medium
110137127,14,28.86,2025-12-18 10:00:00,23.75,Medium
110154099,8,13.88,2025-12-15 19:00:00,17.96,Low
110157491,2,7.0,2025-12-09 18:00:00,17.08,Low
110162881,5,8.2,2025-12-12 13:00:00,10.04,Low
110201893,29,42.07,2025-12-18 23:00:00,30.58,Medium
110205306,29,66.66,2025-12-18 23:00:00,30.21,High
110208146,30,49.77,2025-12-18 21:00:00,30.29,Medium
110229753,27,84.07,2025-12-18 20:00:00,26.54,High
110253038,19,25.0,2025-12-18 13:00:00,29.75,Medium
110258310,12,28.5,2025-12-11 20:00:00,23.21,Medium
110262333,23,40.65,2025-12-18 13:00:00,30.54,Medium
110276286,18,22.94,2025-12-16 16:00:00,28.67,Medium
110278377,29,82.1,2025-12-18 19:00:00,30.42,High
110285639,4,8.75,2025-11-30 19:00:00,9.29,Low
110297620,24,28.96,2025-12-17 16:00:00,28.75,Medium
110297710,16,25.94,2025-12-18 22:00:00,30.29,Medium
110299025,7,7.71,2025-12-18 22:00:00,9.04,Low
110309128,21,19.19,2025-12-18 19:00:00,27.08,Medium
110313549,6,51.17,2025-11-27 19:00:00,8.38,Medium
110327133,28,33.5,2025-12-18 23:00:00,29.5,Medium
110370435,6,16.33,2025-12-18 20:00:00,28.0,Low
110374516,25,127.08,2025-12-18 18:00:00,30.46,High
110378808,18,21.61,2025-12-16 14:00:00,27.71,Medium
110418606,5,12.0,2025-12-09 16:00:00,20.79,Low
110423160,26,37.69,2025-12-18 16:00:00,29.83,Medium
110430105,8,9.75,2025-12-17 21:00:00,22.83,Low
110434555,12,7.5,2025-12-12 07:00:00,22.21,Low
110437894,12,9.67,2025-12-17 23:00:00,29.17,Low
110450175,21,37.29,2025-12-16 20:00:00,27.96,Medium
110483148,29,57.97,2025-12-17 16:00:00,29.29,Medium
110496316,16,18.38,2025-12-18 21:00:00,30.21,Medium
110497780,4,12.5,2025-12-05 15:00:00,15.08,Low
110509780,22,216.09,2025-12-10 10:00:00,21.75,High
110522016,11,143.27,2025-12-18 21:00:00,25.08,Medium
110528286,15,30.33,2025-12-18 21:00:00,30.62,Medium
110528594,27,38.41,2025-12-18 20:00:00,30.33,Medium
110532180,10,32.0,2025-12-13 13:00:00,23.83,Medium
110561108,22,62.23,2025-12-16 11:00:00,27.62,Medium
110599932,7,31.71,2025-12-18 13:00:00,29.21,Low
110601488,21,30.1,2025-12-18 14:00:00,26.67,Medium
110603493,24,35.83,2025-12-18 13:00:00,30.21,Medium
110609527,6,27.5,2025-12-12 00:00:00,23.92,Low
110612304,21,45.05,2025-12-18 20:00:00,23.96,Medium
110615671,26,45.54,2025-12-18 20:00:00,29.58,Medium
110659116,7,110.29,2025-12-18 20:00:00,12.0,Medium
110664771,29,64.31,2025-12-18 23:00:00,30.96,High
110666558,12,42.25,2025-12-03 08:00:00,14.04,Medium
110672924,1,9.0,2025-11-28 13:00:00,0.0,Low
110690572,30,111.73,2025-12-18 22:00:00,30.71,High
110697285,9,9.89,2025-12-14 09:00:00,25.62,Low
110710438,8,24.12,2025-12-18 19:00:00,15.42,Low
110731834,11,5.82,2025-12-09 21:00:00,20.92,Low
110734521,21,34.29,2025-12-18 11:00:00,30.08,Medium
110754991,17,15.18,2025-12-14 21:00:00,26.38,Medium
110762953,13,24.77,2025-12-15 21:00:00,27.42,Medium
110828957,16,9.94,2025-12-16 22:00:00,26.33,Low
110844468,24,47.04,2025-12-18 19:00:00,30.38,Medium
110849747,25,74.76,2025-12-18 19:00:00,30.42,High
110873850,12,48.17,2025-12-17 09:00:00,28.92,Medium
110883373,28,291.04,2025-12-18 23:00:00,30.92,High
110893699,30,40.8,2025-12-18 08:00:00,30.04,Medium
110948075,29,97.17,2025-12-18 22:00:00,30.21,High
110954163,31,162.23,2025-12-18 22:00:00,30.92,High
110973740,19,60.58,2025-12-18 20:00:00,27.29,Medium
110976685,31,169.9,2025-12-18 23:00:00,30.12,High
110989739,31,85.32,2025-12-18 23:00:00,30.96,High
111035639,31,30.06,2025-12-18 22:00:00,30.67,Medium
111035741,15,16.47,2025-12-17 08:00:00,27.71,Low
111041160,23,17.22,2025-12-18 13:00:00,30.04,Medium
111041306,24,12.12,2025-12-15 23:00:00,27.33,Medium
111058819,17,53.24,2025-12-14 00:00:00,25.46,Medium
111073682,25,99.48,2025-12-18 21:00:00,28.12,High
111091971,8,11.88,2025-12-18 22:00:00,29.21,Low
111124413,31,76.97,2025-12-18 21:00:00,30.58,High
111144279,31,34.26,2025-12-18 23:00:00,30.62,Medium
111167137,20,28.4,2025-12-17 22:00:00,29.08,Medium
111173414,17,107.24,2025-12-18 21:00:00,30.12,Medium
111181181,26,55.12,2025-12-18 20:00:00,30.04,Medium
111195634,24,22.54,2025-12-18 22:00:00,29.42,Medium
111213707,29,128.1,2025-12-18 23:00:00,30.5,High
111232777,21,30.33,2025-12-18 18:00:00,30.0,Medium
111236021,21,21.9,2025-12-18 19:00:00,30.79,Medium
111238404,22,40.59,2025-12-17 17:00:00,29.12,Medium
111240351,17,21.06,2025-12-15 19:00:00,27.54,Medium
111244765,2,21.5,2025-11-28 13:00:00,2.08,Low
111246826,18,26.5,2025-12-17 14:00:00,28.92,Medium
111253705,10,39.0,2025-12-18 16:00:00,29.75,Medium
111276571,27,74.22,2025-12-18 17:00:00,30.25,High
111311037,28,22.18,2025-12-17 11:00:00,29.0,Medium
111322415,18,21.67,2025-12-18 23:00:00,28.04,Medium
111325865,31,136.87,2025-12-18 23:00:00,30.96,High
111343807,4,9.25,2025-12-18 08:00:00,23.92,Low
111363768,27,36.22,2025-12-17 08:00:00,29.04,Medium
111415929,18,34.67,2025-12-18 23:00:00,30.04,Medium
111459626,25,91.4,2025-12-18 21:00:00,30.12,High
111474212,2,111.0,2025-12-07 15:00:00,6.0,Low
111481622,9,35.0,2025-12-17 17:00:00,19.79,Medium
111486314,3,10.0,2025-12-14 09:00:00,10.46,Low
111486485,23,34.52,2025-12-18 15:00:00,30.33,Medium
111492650,28,37.57,2025-12-18 20:00:00,28.58,Medium
111497529,17,23.76,2025-12-18 23:00:00,23.17,Medium
111509835,20,6.6,2025-12-18 23:00:00,30.21,Low
111518720,24,42.5,2025-12-18 21:00:00,27.88,Medium
111527414,12,22.5,2025-12-18 09:00:00,26.04,Medium
111595300,30,113.27,2025-12-18 22:00:00,30.58,High
111598255,13,25.08,2025-12-18 20:00:00,27.42,Medium
111612020,14,22.64,2025-12-17 18:00:00,29.29,Medium
111616816,10,18.8,2025-12-16 22:00:00,28.75,Low
111665868,30,63.13,2025-12-18 21:00:00,30.04,High
111691361,13,13.77,2025-12-16 20:00:00,26.42,Low
111695487,23,38.35,2025-12-18 23:00:00,30.58,Medium
111714241,18,24.61,2025-12-17 15:00:00,26.67,Medium
111752966,17,18.29,2025-12-15 22:00:00,27.54,Medium
111768420,28,117.86,2025-12-18 22:00:00,30.0,High
111786935,30,97.63,2025-12-17 21:00:00,29.08,High
111800667,23,23.04,2025-12-17 17:00:00,29.17,Medium
111820958,22,61.64,2025-12-17 16:00:00,28.25,Medium
111823061,31,64.32,2025-12-18 23:00:00,30.42,High
111835944,17,21.12,2025-12-18 11:00:00,29.71,Medium
111842678,24,45.33,2025-12-18 18:00:00,29.83,Medium
111850848,23,38.74,2025-12-18 18:00:00,30.46,Medium
111866209,5,8.8,2025-12-07 21:00:00,13.04,Low
111886693,3,89.0,2025-12-17 01:00:00,7.25,Medium
111894319,14,35.0,2025-12-17 19:00:00,27.46,Medium
111901362,26,39.81,2025-12-18 22:00:00,30.54,Medium
111909694,19,27.32,2025-12-18 23:00:00,30.0,Medium
111922941,25,33.32,2025-12-17 00:00:00,29.0,Medium
111926750,27,86.41,2025-12-18 14:00:00,30.29,High
111943165,30,46.5,2025-12-18 18:00:00,30.25,Medium
111947361,19,8.32,2025-12-18 21:00:00,30.04,Low
111957230,31,117.42,2025-12-18 23:00:00,30.71,High
111961699,31,59.74,2025-12-18 05:00:00,29.96,Medium
111974132,15,33.4,2025-12-18 11:00:00,29.83,Medium
112000366,14,24.93,2025-12-16 18:00:00,22.21,Medium
112009033,16,92.62,2025-12-18 23:00:00,30.96,Medium
112037904,30,51.87,2025-12-18 23:00:00,30.92,Medium
112040827,15,20.27,2025-12-18 17:00:00,29.92,Medium
112044266,29,73.59,2025-12-18 21:00:00,30.5,High
112063876,27,16.59,2025-12-17 15:00:00,27.83,Medium
112125475,30,131.4,2025-12-18 22:00:00,30.25,High
112128042,24,28.46,2025-12-18 17:00:00,30.21,Medium
112131404,18,17.11,2025-12-18 15:00:00,30.25,Medium
112133723,23,50.83,2025-12-18 20:00:00,30.46,Medium
112142417,30,237.57,2025-12-18 22:00:00,30.92,High
112148241,16,30.56,2025-12-16 22:00:00,28.04,Medium
112171699,31,149.06,2025-12-18 21:00:00,30.62,High
112186714,24,22.62,2025-12-18 14:00:00,29.33,Medium
112198319,28,123.07,2025-12-16 22:00:00,27.96,High
112217162,5,7.2,2025-12-16 21:00:00,14.96,Low
112230173,23,38.65,2025-12-17 08:00:00,29.04,Medium
112284483,25,20.6,2025-12-18 18:00:00,30.29,Medium
112296733,12,65.67,2025-12-18 15:00:00,30.12,Medium
112303688,12,4.0,2025-12-18 23:00:00,26.46,Low
112317649,28,106.57,2025-12-18 20:00:00,30.17,High
112322814,18,21.11,2025-12-17 23:00:00,29.54,Medium
112329101,19,17.84,2025-12-18 08:00:00,28.5,Medium
112342350,31,69.35,2025-12-18 22:00:00,30.58,High
112345599,6,24.5,2025-12-18 20:00:00,5.04,Low
112382240,30,90.0,2025-12-18 20:00:00,30.42,High
112401993,20,42.1,2025-12-18 21:00:00,30.58,Medium
112417191,14,10.43,2025-12-16 15:00:00,25.12,Low
112424443,22,33.77,2025-12-18 21:00:00,30.38,Medium
112470845,29,90.72,2025-12-18 23:00:00,29.96,High
112479773,17,30.71,2025-12-18 23:00:00,30.08,Medium
112485959,5,16.8,2025-12-17 23:00:00,29.67,Low
112487640,22,58.14,2025-12-18 21:00:00,30.33,Medium
112499569,17,67.94,2025-12-14 14:00:00,25.62,Medium
112503956,27,37.41,2025-12-18 16:00:00,30.04,Medium
112504072,20,11.95,2025-12-18 09:00:00,26.75,Low
112539954,29,26.97,2025-12-18 22:00:00,28.0,Medium
112542930,6,23.67,2025-12-14 14:00:00,14.12,Low
112549071,30,71.9,2025-12-18 18:00:00,30.38,High
112550524,25,15.44,2025-12-17 16:00:00,28.79,Medium
112561774,25,14.68,2025-12-18 21:00:00,30.46,Medium
112570004,31,124.58,2025-12-18 16:00:00,30.12,High
112589064,9,19.0,2025-12-18 23:00:00,30.17,Low
112628188,16,17.19,2025-12-18 22:00:00,17.62,Medium
112632735,21,11.67,2025-12-18 19:00:00,30.17,Low
112642306,23,41.3,2025-12-18 09:00:00,30.0,Medium
112649389,19,31.0,2025-12-17 16:00:00,28.71,Medium
112673625,24,78.38,2025-12-16 23:00:00,28.38,High
112676402,13,13.62,2025-12-18 17:00:00,30.38,Low
112684530,2,18.0,2025-12-11 14:00:00,16.04,Low
112706018,29,55.83,2025-12-18 21:00:00,30.79,Medium
112707614,31,52.42,2025-12-18 23:00:00,30.96,Medium
112711623,31,145.16,2025-12-18 23:00:00,30.33,High
112747648,29,94.07,2025-12-17 23:00:00,29.5,High
112747800,22,20.36,2025-12-18 11:00:00,27.75,Medium
112747871,3,6.0,2025-12-06 11:00:00,12.75,Low
112771759,23,21.43,2025-12-18 19:00:00,30.21,Medium
112806422,8,32.88,2025-12-17 11:00:00,29.0,Medium
112819908,15,47.4,2025-12-18 21:00:00,30.38,Medium
112843988,25,9.84,2025-12-18 18:00:00,29.92,Low
112846816,13,32.46,2025-12-15 08:00:00,20.75,Medium
112891397,31,54.94,2025-12-18 22:00:00,30.88,Medium
112900189,25,16.2,2025-12-18 14:00:00,29.92,Medium
112907277,9,17.67,2025-12-14 19:00:00,26.0,Low
112913274,5,10.0,2025-12-18 23:00:00,21.08,Low
112915307,1,2.0,2025-12-05 00:00:00,0.0,Low
112917606,6,12.33,2025-12-17 22:00:00,29.08,Low
112938311,21,93.62,2025-12-17 23:00:00,29.29,High
112941292,30,45.73,2025-12-18 12:00:00,30.5,Medium
112944080,6,12.0,2025-12-18 17:00:00,29.83,Low
112955522,9,34.0,2025-11-30 08:00:00,11.58,Medium
112956623,17,11.94,2025-12-16 13:00:00,28.08,Low
112971020,10,144.5,2025-12-07 21:00:00,18.08,Medium
112976136,27,143.22,2025-12-18 20:00:00,30.5,High
113010441,22,37.32,2025-12-16 09:00:00,28.04,Medium
113025576,8,4.88,2025-12-16 16:00:00,26.71,Low
113043990,1,26.0,2025-12-09 20:00:00,0.04,Low
113050567,23,28.0,2025-12-18 23:00:00,30.17,Medium
113056510,23,54.13,2025-12-18 10:00:00,29.58,Medium
113078957,31,108.23,2025-12-18 18:00:00,30.58,High
113104667,20,88.75,2025-12-18 00:00:00,29.42,Medium
113114470,28,78.21,2025-12-18 18:00:00,30.0,High
113127968,28,39.68,2025-12-18 22:00:00,30.21,Medium
113134393,16,8.69,2025-12-18 13:00:00,28.12,Low
113135549,19,50.47,2025-12-18 14:00:00,28.75,Medium
113163428,7,15.86,2025-12-18 11:00:00,13.96,Low
113214758,6,7.0,2025-12-05 22:00:00,16.08,Low
113230398,21,68.52,2025-12-18 20:00:00,30.25,Medium
113248155,21,38.95,2025-12-18 23:00:00,29.33,Medium
113250631,27,69.52,2025-12-18 09:00:00,30.12,High
113278851,27,26.96,2025-12-18 21:00:00,30.5,Medium
113283932,22,415.73,2025-12-17 15:00:00,29.17,High
113285889,15,83.27,2025-12-18 04:00:00,23.58,Medium
113305568,12,70.5,2025-12-17 13:00:00,20.29,Medium
113309982,24,46.04,2025-12-18 23:00:00,30.96,Medium
113319009,16,51.62,2025-12-18 21:00:00,28.92,Medium
113323725,23,21.74,2025-12-18 21:00:00,26.42,Medium
113333255,22,18.64,2025-12-18 22:00:00,30.62,Medium
113367173,15,23.13,2025-12-16 18:00:00,23.29,Medium
113370250,21,48.43,2025-12-18 09:00:00,27.42,Medium
113395983,17,15.53,2025-12-18 21:00:00,30.88,Medium
113396592,28,76.21,2025-12-18 20:00:00,30.04,High
113397432,7,32.43,2025-12-14 01:00:00,20.96,Low
113398892,23,25.87,2025-12-18 23:00:00,29.46,Medium
113404246,13,24.85,2025-12-16 22:00:00,27.88,Medium
113410981,14,20.57,2025-12-17 07:00:00,24.46,Medium
113418436,8,55.12,2025-12-15 23:00:00,22.58,Medium
113421475,9,27.44,2025-12-18 15:00:00,18.12,Low
113431690,29,95.1,2025-12-18 22:00:00,30.92,High
113445602,11,86.36,2025-12-14 12:00:00,25.96,Medium
113461928,7,3.71,2025-12-07 19:00:00,12.33,Low
113469201,11,27.64,2025-12-17 16:00:00,26.12,Medium
113469489,8,18.38,2025-12-14 18:00:00,25.04,Low
113484173,27,27.0,2025-12-17 20:00:00,29.62,Medium
113512295,8,9.75,2025-12-18 20:00:00,29.92,Low
113516306,30,31.1,2025-12-18 21:00:00,30.42,Medium
113537369,24,52.21,2025-12-18 10:00:00,28.71,Medium
113551763,20,12.1,2025-12-14 20:00:00,25.83,Low
113552018,27,113.59,2025-12-18 21:00:00,30.42,High
113594399,17,40.47,2025-12-17 02:00:00,29.08,Medium
113611355,8,12.0,2025-12-18 22:00:00,17.08,Low
113619626,26,17.35,2025-12-18 18:00:00,30.75,Medium
113659431,10,25.4,2025-12-13 11:00:00,11.92,Medium
113674227,24,39.04,2025-12-18 16:00:00,30.33,Medium
113692463,24,86.08,2025-12-18 20:00:00,26.42,High
113693068,30,132.73,2025-12-18 08:00:00,29.96,High
113698622,14,22.0,2025-12-16 20:00:00,28.12,Medium
113702719,17,30.47,2025-12-18 16:00:00,27.96,Medium
113718238,4,8.25,2025-11-28 22:00:00,9.08,Low
113774016,12,39.17,2025-12-17 23:00:00,16.17,Medium
113801131,2,10.5,2025-11-26 21:00:00,8.0,Low
113830171,27,56.85,2025-12-18 16:00:00,30.0,Medium
113847593,31,133.61,2025-12-18 21:00:00,30.88,High
113848288,18,27.06,2025-12-18 21:00:00,30.5,Medium
113875234,27,42.41,2025-12-18 23:00:00,30.0,Medium
113888835,14,18.36,2025-12-18 20:00:00,29.0,Medium
113888901,2,30.0,2025-12-15 00:00:00,0.04,Low
113905943,17,19.24,2025-12-18 19:00:00,29.92,Medium
113920718,3,9.33,2025-11-25 09:00:00,7.0,Low
113922474,2,25.5,2025-11-27 20:00:00,0.92,Low
113957268,4,139.0,2025-12-08 22:00:00,20.83,Medium
113962885,20,13.25,2025-12-14 11:00:00,23.54,Medium
113972956,21,35.29,2025-12-18 11:00:00,28.88,Medium
113990647,28,99.0,2025-12-18 22:00:00,30.62,High
114002389,30,31.7,2025-12-18 23:00:00,30.71,Medium
114008857,28,22.68,2025-12-18 21:00:00,30.38,Medium
114027385,17,31.94,2025-12-18 09:00:00,27.42,Medium
114052885,18,38.0,2025-12-16 12:00:00,28.08,Medium
114054067,31,65.81,2025-12-18 21:00:00,30.67,High
114083355,30,74.03,2025-12-18 10:00:00,30.42,High
114101799,24,20.96,2025-12-17 16:00:00,29.04,Medium
114115113,18,31.5,2025-12-18 17:00:00,21.83,Medium
114115623,27,27.52,2025-12-18 10:00:00,30.0,Medium
114121871,28,87.14,2025-12-17 23:00:00,29.58,High
114147715,17,5.76,2025-12-17 19:00:00,28.08,Low
114147733,28,56.43,2025-12-18 17:00:00,30.04,Medium
114157234,21,25.48,2025-12-16 17:00:00,27.29,Medium
114203064,14,50.43,2025-12-18 21:00:00,28.46,Medium
114211505,13,212.54,2025-12-18 21:00:00,12.17,High
114233479,29,54.9,2025-12-17 23:00:00,29.04,Medium
114249224,25,35.08,2025-12-17 21:00:00,29.5,Medium
114253675,27,39.7,2025-12-18 11:00:00,29.92,Medium
114256023,13,75.69,2025-12-18 21:00:00,18.08,Medium
114287271,24,26.79,2025-12-17 20:00:00,29.38,Medium
114290242,29,27.07,2025-12-18 12:00:00,28.92,Medium
114305854,29,65.69,2025-12-18 21:00:00,29.5,High
114307712,26,49.27,2025-12-15 13:00:00,27.29,Medium
114341373,20,73.4,2025-12-17 09:00:00,28.42,Medium
114351223,24,55.75,2025-12-18 20:00:00,30.12,Medium
114352631,23,70.17,2025-12-18 10:00:00,30.08,Medium
114354173,21,9.71,2025-12-16 21:00:00,27.08,Low
114368942,4,21.75,2025-12-14 20:00:00,25.33,Low
114377254,27,62.59,2025-12-18 20:00:00,30.04,Medium
114390324,27,41.3,2025-12-18 22:00:00,30.08,Medium
114413180,27,33.22,2025-12-18 22:00:00,30.54,Medium
114419322,9,19.11,2025-12-13 10:00:00,13.96,Low
114465851,12,8.33,2025-12-18 17:00:00,30.25,Low
114493153,22,16.82,2025-12-18 19:00:00,30.46,Medium
114494540,12,16.33,2025-12-17 19:00:00,26.92,Low
114497121,19,16.74,2025-12-18 13:00:00,29.0,Medium
114505674,26,74.27,2025-12-18 17:00:00,29.96,High
114515435,16,105.38,2025-12-16 15:00:00,27.54,Medium
114517173,22,14.32,2025-12-15 16:00:00,26.17,Medium
114529391,29,100.76,2025-12-18 19:00:00,30.46,High
114596559,17,63.82,2025-12-17 21:00:00,18.88,Medium
114598114,23,36.91,2025-12-18 18:00:00,30.21,Medium
114633181,27,58.56,2025-12-18 21:00:00,30.62,Medium
114650712,25,16.8,2025-12-18 19:00:00,29.08,Medium
114653102,27,15.22,2025-12-18 07:00:00,29.96,Medium
114664281,12,29.25,2025-12-17 11:00:00,28.79,Medium
114681302,10,9.4,2025-12-18 12:00:00,29.83,Low
114717793,21,20.24,2025-12-18 20:00:00,30.38,Medium
114722645,21,7.05,2025-12-18 09:00:00,29.79,Low
114726208,26,113.96,2025-12-18 20:00:00,30.42,High
114734197,25,98.64,2025-12-17 21:00:00,29.5,High
114737900,28,125.61,2025-12-18 06:00:00,29.08,High
114745929,10,24.8,2025-12-18 19:00:00,20.83,Low
114771809,22,25.82,2025-12-18 19:00:00,29.29,Medium
114773562,15,84.27,2025-12-18 17:00:00,15.71,Medium
114779189,20,36.9,2025-12-17 21:00:00,27.12,Medium
114785776,2,40.0,2025-12-14 18:00:00,2.71,Low
114790451,15,46.2,2025-12-16 15:00:00,28.12,Medium
114802994,30,44.83,2025-12-18 21:00:00,30.33,Medium
114810344,27,35.19,2025-12-18 21:00:00,30.62,Medium
114844461,18,26.94,2025-12-18 08:00:00,29.79,Medium
114845984,31,81.0,2025-12-18 22:00:00,30.25,High
114851398,19,39.16,2025-12-18 20:00:00,30.08,Medium
114861591,9,3.78,2025-12-15 20:00:00,24.46,Low
114896102,17,50.35,2025-12-18 22:00:00,29.54,Medium
114923282,3,114.33,2025-12-17 22:00:00,9.04,Medium
114926003,16,21.31,2025-12-18 10:00:00,27.38,Medium
114930910,29,28.0,2025-12-18 10:00:00,29.62,Medium
114931013,29,64.93,2025-12-18 21:00:00,30.42,High
114934780,4,35.25,2025-12-16 03:00:00,7.04,Low
114946034,31,40.35,2025-12-18 23:00:00,30.67,Medium
114955187,11,50.0,2025-12-16 15:00:00,28.04,Medium
114968456,27,67.26,2025-12-18 22:00:00,30.42,Medium
114971408,27,63.07,2025-12-18 22:00:00,29.46,Medium
114995751,26,84.65,2025-12-18 18:00:00,30.08,High
115001382,17,10.18,2025-12-17 00:00:00,28.46,Low
115003339,18,39.78,2025-12-14 17:00:00,26.29,Medium
115003511,11,11.91,2025-12-17 15:00:00,20.25,Low
115078779,31,81.16,2025-12-18 17:00:00,30.42,High
115100960,4,34.75,2025-12-18 21:00:00,5.54,Low
115121430,29,93.24,2025-12-18 12:00:00,30.21,High
115129419,19,67.32,2025-12-18 23:00:00,23.33,Medium
115153145,26,44.42,2025-12-16 10:00:00,28.42,Medium
115159934,21,158.1,2025-12-18 08:00:00,30.0,High
115164360,5,91.8,2025-12-16 16:00:00,21.88,Medium
115218563,28,53.86,2025-12-18 10:00:00,29.71,Medium
115226000,27,11.33,2025-12-17 20:00:00,29.42,Medium
115239516,26,56.38,2025-12-18 07:00:00,30.25,Medium
115244645,31,32.13,2025-12-18 21:00:00,30.88,Medium
115260391,18,40.89,2025-12-18 11:00:00,29.58,Medium
115275150,24,66.92,2025-12-18 19:00:00,28.88,Medium
115299510,16,17.81,2025-12-18 00:00:00,29.33,Medium
115304753,17,21.94,2025-12-18 12:00:00,30.21,Medium
115338197,26,55.04,2025-12-18 17:00:00,30.67,Medium
115338753,28,51.14,2025-12-18 21:00:00,30.58,Medium
115340399,1,15.0,2025-11-24 19:00:00,0.0,Low
115343862,26,157.54,2025-12-18 19:00:00,29.12,High
115362427,6,29.0,2025-12-16 15:00:00,27.83,Low
115368454,21,32.9,2025-12-18 23:00:00,27.17,Medium
115374204,27,103.56,2025-12-18 19:00:00,30.08,High
115374248,26,46.15,2025-12-17 10:00:00,29.42,Medium
115374435,5,19.6,2025-12-16 09:00:00,9.75,Low
115378138,29,47.52,2025-12-17 22:00:00,29.62,Medium
115385050,27,74.96,2025-12-18 08:00:00,29.92,High
115393096,21,33.48,2025-12-18 22:00:00,26.0,Medium
115403230,14,21.57,2025-12-17 00:00:00,28.58,Medium
115452492,24,50.75,2025-12-15 20:00:00,27.54,Medium
115457118,27,40.93,2025-12-18 23:00:00,30.5,Medium
115462596,20,13.35,2025-12-17 14:00:00,29.54,Medium
115499141,5,7.4,2025-12-12 17:00:00,23.42,Low
115520739,15,17.4,2025-12-18 14:00:00,30.17,Medium
115540691,26,117.23,2025-12-18 08:00:00,29.83,High
115557934,30,99.07,2025-12-18 22:00:00,30.42,High
115562846,22,27.59,2025-12-18 14:00:00,30.29,Medium
115581614,2,2.0,2025-12-11 19:00:00,7.12,Low
115590327,16,36.44,2025-12-18 20:00:00,30.46,Medium
115614893,21,23.33,2025-12-17 21:00:00,28.33,Medium
115617376,5,18.0,2025-12-14 10:00:00,8.08,Low
115621707,29,41.97,2025-12-18 18:00:00,30.75,Medium
115623839,16,21.88,2025-12-18 00:00:00,29.25,Medium
115628589,24,7.5,2025-12-18 20:00:00,30.46,Low
115634728,27,73.04,2025-12-18 18:00:00,30.42,High
115636067,30,46.53,2025-12-18 20:00:00,30.33,Medium
115651143,1,16.0,2025-12-18 19:00:00,0.0,Low
115670233,22,31.86,2025-12-18 16:00:00,30.04,Medium
115678613,16,32.31,2025-12-13 09:00:00,25.17,Medium
115702436,5,10.0,2025-12-12 23:00:00,24.04,Low
115754252,28,22.11,2025-12-18 10:00:00,29.88,Medium
115754404,9,17.0,2025-12-18 22:00:00,27.38,Low
115757977,31,85.77,2025-12-18 23:00:00,30.96,High
115783585,18,41.78,2025-12-18 11:00:00,29.92,Medium
115792807,7,30.71,2025-12-17 16:00:00,22.29,Low
115802990,17,42.06,2025-12-18 17:00:00,30.38,Medium
115809291,17,11.71,2025-12-17 10:00:00,28.75,Low
115834991,28,124.18,2025-12-18 15:00:00,29.75,High
115847256,29,83.38,2025-12-18 22:00:00,30.5,High
115867129,18,19.56,2025-12-18 12:00:00,29.0,Medium
115876596,16,63.62,2025-12-18 16:00:00,30.17,Medium
115899915,29,49.59,2025-12-18 23:00:00,30.67,Medium
115912928,28,50.75,2025-12-18 20:00:00,30.42,Medium
115923281,10,25.2,2025-12-18 17:00:00,30.46,Low
115949891,15,19.73,2025-12-18 16:00:00,30.42,Medium
116014140,30,89.8,2025-12-18 19:00:00,30.29,High
116049086,31,394.0,2025-12-18 23:00:00,30.58,High
116059925,26,29.04,2025-12-18 23:00:00,30.5,Medium
116071825,26,15.69,2025-12-17 17:00:00,29.33,Medium
116101597,26,196.88,2025-12-16 09:00:00,28.38,High
116113058,22,46.91,2025-12-18 10:00:00,27.79,Medium
116114060,25,149.6,2025-12-14 20:00:00,26.5,High
116123751,11,17.45,2025-12-17 21:00:00,28.92,Low
116142598,26,29.58,2025-12-17 16:00:00,29.38,Medium
116162717,5,14.2,2025-12-04 15:00:00,10.83,Low
116166066,28,37.04,2025-12-18 22:00:00,30.54,Medium
116187349,21,26.43,2025-12-18 15:00:00,28.83,Medium
116202034,11,14.36,2025-12-12 10:00:00,23.0,Low
116217587,3,92.67,2025-12-18 22:00:00,7.33,Medium
116217792,23,41.91,2025-12-17 16:00:00,29.21,Medium
116218729,25,43.24,2025-12-18 13:00:00,30.17,Medium
116223148,29,72.52,2025-12-18 18:00:00,30.29,High
116230289,19,31.21,2025-12-16 20:00:00,28.83,Medium
116232438,30,117.1,2025-12-18 23:00:00,30.71,High
116251035,7,4.14,2025-12-17 12:00:00,25.88,Low
116252021,31,27.55,2025-12-18 07:00:00,29.96,Medium
116259421,18,95.94,2025-12-17 05:00:00,29.21,Medium
116264632,29,60.31,2025-12-18 19:00:00,30.54,Medium
116277143,16,39.19,2025-12-18 07:00:00,26.58,Medium
116288141,29,34.79,2025-12-18 08:00:00,29.83,Medium
116307746,23,31.65,2025-12-18 14:00:00,30.12,Medium
116324656,27,125.96,2025-12-18 23:00:00,30.38,High
116329106,27,86.96,2025-12-18 22:00:00,30.54,High
116331874,26,45.42,2025-12-18 21:00:00,29.96,Medium
116349225,30,40.1,2025-12-18 23:00:00,30.67,Medium
116355229,25,79.16,2025-12-18 23:00:00,29.54,High
116369265,3,48.0,2025-12-18 19:00:00,2.92,Low
116383415,13,43.15,2025-12-18 16:00:00,19.96,Medium
116384466,15,166.13,2025-12-18 23:00:00,30.58,High
116399303,19,20.47,2025-12-17 12:00:00,29.12,Medium
116409191,26,84.04,2025-12-18 23:00:00,30.42,High
116421782,21,50.9,2025-12-17 20:00:00,29.29,Medium
116434661,12,7.67,2025-12-18 07:00:00,23.04,Low
116435616,17,39.0,2025-12-14 16:00:00,25.96,Medium
116439419,12,11.25,2025-12-18 06:00:00,29.54,Low
116457916,5,19.0,2025-12-16 20:00:00,18.5,Low
116473435,26,28.85,2025-12-18 20:00:00,30.38,Medium
116476393,20,14.5,2025-12-18 09:00:00,28.71,Medium
116481997,28,95.0,2025-12-18 20:00:00,30.38,High
116489495,9,10.44,2025-12-18 22:00:00,19.29,Low
116509312,24,83.33,2025-12-18 23:00:00,30.96,High
116511286,4,13.5,2025-12-17 21:00:00,12.08,Low
116520218,30,48.27,2025-12-18 22:00:00,30.29,Medium
116527079,30,50.37,2025-12-18 21:00:00,30.46,Medium
116554148,17,25.06,2025-12-18 16:00:00,30.17,Medium
116566595,8,7.12,2025-12-17 19:00:00,27.25,Low
116566844,25,26.84,2025-12-18 16:00:00,30.04,Medium
116567678,30,44.2,2025-12-17 20:00:00,29.38,Medium
116601750,29,99.97,2025-12-18 16:00:00,30.38,High
116601793,15,49.33,2025-12-18 23:00:00,30.25,Medium
116625593,14,37.07,2025-12-17 23:00:00,28.33,Medium
116660455,22,25.27,2025-12-18 13:00:00,30.21,Medium
116678892,18,56.06,2025-12-18 08:00:00,25.54,Medium
116695180,25,38.8,2025-12-18 17:00:00,30.0,Medium
116718712,24,36.04,2025-12-18 23:00:00,30.67,Medium
116718992,28,51.68,2025-12-18 17:00:00,30.42,Medium
116720981,30,123.2,2025-12-18 20:00:00,30.46,High
116723232,25,21.6,2025-12-18 18:00:00,29.38,Medium
116730636,29,45.86,2025-12-18 22:00:00,29.38,Medium
116731919,17,17.53,2025-12-18 11:00:00,28.75,Medium
116746068,13,16.62,2025-12-13 15:00:00,24.75,Low
116746209,31,67.52,2025-12-18 23:00:00,30.62,High
116751277,13,30.46,2025-12-04 09:00:00,16.38,Medium
116752723,26,26.65,2025-12-18 16:00:00,29.75,Medium
116760272,7,7.71,2025-12-18 20:00:00,25.08,Low
116763688,28,28.46,2025-12-18 09:00:00,30.0,Medium
116772653,31,84.74,2025-12-18 17:00:00,30.46,High
116778753,5,10.0,2025-12-17 09:00:00,23.67,Low
116799988,11,38.82,2025-12-11 02:00:00,21.29,Medium
116836049,30,56.7,2025-12-18 22:00:00,30.67,Medium
116849663,16,19.44,2025-12-18 08:00:00,23.75,Medium
116851361,20,93.8,2025-12-16 20:00:00,27.17,High
116852827,26,37.19,2025-12-18 20:00:00,30.5,Medium
116867259,31,145.23,2025-12-18 23:00:00,30.96,High
116878499,13,20.85,2025-12-18 21:00:00,27.62,Medium
116888859,9,33.89,2025-12-18 17:00:00,27.0,Medium
116896377,16,36.69,2025-12-14 23:00:00,26.0,Medium
116918377,23,38.74,2025-12-15 06:00:00,27.25,Medium
116931309,24,46.79,2025-12-18 18:00:00,30.17,Medium
116936170,28,39.71,2025-12-18 21:00:00,29.54,Medium
116936810,31,82.16,2025-12-18 23:00:00,30.54,High
117003325,31,57.42,2025-12-18 22:00:00,30.33,Medium
117006290,31,140.45,2025-12-18 23:00:00,30.0,High
117026591,31,301.06,2025-12-18 23:00:00,30.58,High
117044327,29,70.66,2025-12-18 20:00:00,30.38,High
117044710,22,51.32,2025-12-18 20:00:00,30.46,Medium
117063879,10,24.9,2025-12-12 21:00:00,15.96,Low
117111233,20,14.2,2025-12-17 10:00:00,29.21,Medium
117112100,4,4.25,2025-12-16 23:00:00,28.62,Low
117155106,17,42.59,2025-12-16 23:00:00,28.12,Medium
117184380,23,57.04,2025-12-18 23:00:00,30.12,Medium
117196810,5,18.6,2025-12-04 11:00:00,11.08,Low
117221482,12,91.5,2025-12-18 19:00:00,29.29,Medium
117222178,26,64.46,2025-12-18 23:00:00,30.62,Medium
117226243,11,22.73,2025-12-17 21:00:00,29.46,Low
117228712,20,29.55,2025-12-18 19:00:00,30.29,Medium
117257401,20,20.6,2025-12-18 23:00:00,30.29,Medium
117260033,17,27.18,2025-12-18 12:00:00,30.5,Medium
117262198,19,34.05,2025-12-18 18:00:00,29.96,Medium
117269642,29,48.07,2025-12-18 20:00:00,30.38,Medium
117274933,30,65.57,2025-12-18 22:00:00,30.58,High
117287549,24,66.67,2025-12-18 18:00:00,28.17,Medium
117293466,27,50.22,2025-12-18 23:00:00,30.17,Medium
117300067,9,22.89,2025-12-13 13:00:00,22.83,Low
117301497,31,241.94,2025-12-18 23:00:00,30.46,High
117327134,31,86.94,2025-12-18 23:00:00,30.75,High
117336781,24,21.29,2025-12-17 06:00:00,28.71,Medium
117347969,27,48.85,2025-12-18 07:00:00,29.46,Medium
117373774,18,47.72,2025-12-11 09:00:00,22.88,Medium
117396268,31,60.13,2025-12-18 20:00:00,30.75,High
117418421,29,35.34,2025-12-18 20:00:00,30.71,Medium
117419378,28,52.71,2025-12-18 13:00:00,30.12,Medium
117484104,6,61.33,2025-12-16 08:00:00,9.71,Medium
117489231,2,4.0,2025-12-14 08:00:00,25.75,Low
117502210,18,21.89,2025-12-18 21:00:00,29.0,Medium
117517120,5,8.4,2025-12-18 15:00:00,15.25,Low
117521652,10,54.1,2025-12-18 09:00:00,29.83,Medium
117523208,10,72.7,2025-12-08 18:00:00,20.25,Medium
117544930,30,110.6,2025-12-18 23:00:00,30.96,High
117547978,26,13.73,2025-12-18 21:00:00,30.88,Medium
117551753,9,9.78,2025-12-17 07:00:00,28.42,Low
117554302,15,27.47,2025-12-18 23:00:00,29.33,Medium
117597296,19,77.0,2025-12-18 04:00:00,28.25,Medium
117606829,23,15.96,2025-12-18 10:00:00,30.0,Medium
117643320,29,52.0,2025-12-18 16:00:00,30.38,Medium
117659143,29,120.34,2025-12-18 23:00:00,30.54,High
117659423,13,34.85,2025-12-18 23:00:00,28.58,Medium
117674807,26,43.65,2025-12-18 21:00:00,30.12,Medium
117681959,23,37.13,2025-12-18 22:00:00,30.25,Medium
117684032,27,20.96,2025-12-18 23:00:00,29.04,Medium
117694161,30,22.53,2025-12-18 22:00:00,30.12,Medium
117718025,27,169.37,2025-12-18 22:00:00,28.46,High
117743125,12,24.83,2025-12-15 10:00:00,27.08,Medium
117765542,23,36.35,2025-12-18 23:00:00,29.42,Medium
117779747,23,32.83,2025-12-18 23:00:00,30.71,Medium
117785317,25,72.76,2025-12-18 21:00:00,30.29,Medium
117801453,30,130.9,2025-12-18 23:00:00,30.04,High
117829483,19,44.11,2025-12-14 19:00:00,25.96,Medium
117835170,6,19.17,2025-12-18 23:00:00,7.17,Low
117847636,4,3.25,2025-12-05 11:00:00,15.54,Low
117849060,17,12.53,2025-12-18 14:00:00,29.04,Low
117863267,30,51.5,2025-12-18 21:00:00,30.29,Medium
117873394,23,57.22,2025-12-12 20:00:00,24.42,Medium
117888464,26,34.77,2025-12-18 14:00:00,30.21,Medium
117902605,30,207.63,2025-12-18 20:00:00,30.17,High
117903708,29,94.21,2025-12-18 12:00:00,30.5,High
117929882,30,78.37,2025-12-18 22:00:00,29.58,High
117932070,5,19.8,2025-12-17 23:00:00,16.21,Low
117954942,19,24.95,2025-12-18 08:00:00,20.75,Medium
117956367,23,38.3,2025-12-17 12:00:00,29.12,Medium
117957849,28,16.18,2025-12-18 23:00:00,30.58,Medium
117961451,31,186.94,2025-12-18 19:00:00,30.54,High
117961527,3,20.0,2025-12-10 15:00:00,10.04,Low
117968156,28,89.54,2025-12-18 23:00:00,30.5,High
117970006,30,53.07,2025-12-18 11:00:00,29.83,Medium
117970569,25,27.04,2025-12-18 17:00:00,29.88,Medium
117973406,23,49.91,2025-12-18 17:00:00,30.67,Medium
117977942,31,103.94,2025-12-18 23:00:00,30.67,High
117978928,6,5.0,2025-12-17 19:00:00,27.25,Low
117992339,27,40.11,2025-12-18 16:00:00,30.38,Medium
118051332,20,23.55,2025-12-18 15:00:00,29.71,Medium
118051628,20,107.55,2025-12-18 21:00:00,25.12,High
118056074,12,34.33,2025-12-16 07:00:00,13.54,Medium
118056913,31,125.06,2025-12-18 23:00:00,30.33,High
118057214,17,18.0,2025-12-18 18:00:00,29.96,Medium
118061360,27,106.96,2025-12-18 23:00:00,30.83,High
118065338,13,24.54,2025-12-14 00:00:00,25.67,Medium
118077093,11,112.91,2025-12-16 19:00:00,25.42,Medium
118095983,25,49.04,2025-12-18 19:00:00,30.5,Medium
118108228,20,36.3,2025-12-16 19:00:00,28.17,Medium
118149559,6,18.83,2025-12-18 22:00:00,25.17,Low
118152898,29,63.24,2025-12-18 18:00:00,30.08,Medium
118155586,30,70.7,2025-12-18 20:00:00,30.17,High
118159372,12,7.5,2025-12-18 20:00:00,30.42,Low
118168018,28,23.0,2025-12-18 14:00:00,30.25,Medium
118193939,31,25.42,2025-12-18 16:00:00,29.96,Medium
118194231,24,32.08,2025-12-18 11:00:00,30.04,Medium
118208713,24,33.33,2025-12-17 21:00:00,28.58,Medium
118213394,18,34.78,2025-12-18 22:00:00,29.0,Medium
118228924,13,45.62,2025-12-18 21:00:00,25.54,Medium
118282748,26,86.38,2025-12-18 22:00:00,30.92,High
118289685,2,13.5,2025-12-03 21:00:00,11.17,Low
118309715,19,18.05,2025-12-16 22:00:00,28.04,Medium
118310551,29,29.79,2025-12-17 21:00:00,29.33,Medium
118330286,31,264.61,2025-12-18 20:00:00,30.54,High
118356281,28,77.21,2025-12-18 21:00:00,30.21,High
118372628,2,10.5,2025-11-30 15:00:00,6.96,Low
118402025,17,10.12,2025-12-16 21:00:00,27.25,Low
118425520,31,58.87,2025-12-18 23:00:00,30.67,Medium
118427343,16,17.75,2025-12-16 14:00:00,26.83,Medium
118433993,30,80.6,2025-12-18 19:00:00,30.33,High
118460273,18,14.28,2025-12-18 23:00:00,30.38,Medium
118461733,24,44.33,2025-12-18 18:00:00,29.79,Medium
118465665,25,56.84,2025-12-18 23:00:00,30.38,Medium
118476662,1,14.0,2025-11-30 10:00:00,0.0,Low
118495978,20,62.3,2025-12-18 19:00:00,29.46,Medium
118506832,18,32.5,2025-12-18 12:00:00,24.0,Medium
118516573,13,53.23,2025-12-17 21:00:00,28.25,Medium
118522478,30,34.07,2025-12-18 21:00:00,30.38,Medium
118525064,24,138.88,2025-12-18 21:00:00,30.29,High
118536510,22,41.59,2025-12-18 09:00:00,30.0,Medium
118539630,24,20.0,2025-12-18 18:00:00,30.04,Medium
118545642,28,50.96,2025-12-18 07:00:00,30.04,Medium
118562385,12,23.83,2025-12-18 17:00:00,16.12,Medium
118562608,30,87.23,2025-12-18 16:00:00,30.08,High
118582594,18,37.39,2025-12-18 20:00:00,30.12,Medium
118594705,12,8.17,2025-12-18 03:00:00,28.5,Low
118635428,27,98.56,2025-12-18 23:00:00,30.42,High
118639068,17,32.65,2025-12-12 08:00:00,23.92,Medium
118660140,7,9.71,2025-12-18 21:00:00,23.96,Low
118661338,16,12.62,2025-12-18 12:00:00,30.04,Low
118693328,10,45.1,2025-12-18 23:00:00,19.46,Medium
118700439,17,42.41,2025-12-17 22:00:00,29.5,Medium
118710828,6,31.5,2025-12-11 11:00:00,19.79,Low
118716181,26,35.54,2025-12-18 19:00:00,30.25,Medium
118741945,3,19.33,2025-12-11 21:00:00,11.17,Low
118745234,17,27.12,2025-12-15 22:00:00,21.12,Medium
118767149,2,3.0,2025-12-18 21:00:00,20.25,Low
118770004,26,56.27,2025-12-18 21:00:00,29.5,Medium
118774009,21,36.95,2025-12-16 09:00:00,28.12,Medium
118779051,13,12.85,2025-12-18 09:00:00,29.92,Low
118781454,29,45.86,2025-12-18 21:00:00,29.96,Medium
118802168,23,51.91,2025-12-18 21:00:00,27.38,Medium
118807074,25,52.96,2025-12-18 22:00:00,30.0,Medium
118814309,31,163.16,2025-12-18 22:00:00,30.62,High
118836508,5,7.8,2025-11-26 08:00:00,6.0,Low
118839375,16,83.75,2025-12-18 23:00:00,25.21,Medium
118888496,20,14.8,2025-12-14 20:00:00,23.0,Medium
118911721,20,26.95,2025-12-18 16:00:00,30.08,Medium
118915419,19,5.74,2025-12-17 13:00:00,25.92,Low
118960775,26,60.58,2025-12-14 20:00:00,26.25,Medium
118986002,27,76.41,2025-12-18 14:00:00,30.17,High
118994463,3,6.33,2025-11-25 00:00:00,2.04,Low
118996710,21,52.86,2025-12-17 01:00:00,27.33,Medium
119053698,29,40.62,2025-12-18 00:00:00,29.92,Medium
119084219,25,62.08,2025-12-18 23:00:00,30.0,Medium
119091459,11,13.18,2025-12-17 19:00:00,17.88,Low
119092054,16,23.62,2025-12-16 22:00:00,27.29,Medium
119112558,12,31.5,2025-12-15 21:00:00,27.54,Medium
119113372,21,37.1,2025-12-18 17:00:00,28.25,Medium
119115304,30,108.33,2025-12-18 22:00:00,30.92,High
119121582,30,78.83,2025-12-18 22:00:00,30.17,High
119122882,27,41.11,2025-12-18 14:00:00,30.12,Medium
119125010,4,15.25,2025-12-18 22:00:00,27.67,Low
119133751,31,75.81,2025-12-18 15:00:00,30.33,High
119137734,22,98.5,2025-12-17 20:00:00,28.04,High
119149297,31,164.84,2025-12-18 19:00:00,30.46,High
119157607,24,23.79,2025-12-17 07:00:00,28.71,Medium
119160278,30,93.4,2025-12-18 21:00:00,30.88,High
119168750,9,12.0,2025-12-13 01:00:00,22.08,Low
119191477,31,99.29,2025-12-18 22:00:00,30.54,High
119257966,26,20.15,2025-12-18 21:00:00,30.25,Medium
119278510,29,42.76,2025-12-18 22:00:00,30.54,Medium
119318284,22,31.09,2025-12-17 20:00:00,28.54,Medium
119337753,18,41.44,2025-12-18 17:00:00,30.0,Medium
119373765,14,12.64,2025-12-18 21:00:00,30.04,Low
119377973,31,94.06,2025-12-18 23:00:00,30.58,High
119389169,28,26.39,2025-12-18 17:00:00,30.17,Medium
119389676,29,70.41,2025-12-18 23:00:00,30.83,High
119401585,29,83.72,2025-12-18 20:00:00,29.33,High
119416849,26,76.96,2025-12-17 20:00:00,29.17,High
119432472,29,24.86,2025-12-18 11:00:00,30.08,Medium
119470128,13,22.69,2025-12-15 22:00:00,23.21,Medium
119500931,27,52.78,2025-12-18 14:00:00,30.21,Medium
119510763,4,25.0,2025-12-17 17:00:00,12.33,Low
119531521,26,39.58,2025-12-18 16:00:00,30.38,Medium
119536261,25,10.04,2025-12-18 20:00:00,30.71,Low
119590306,18,43.5,2025-12-18 23:00:00,29.5,Medium
119613555,3,13.67,2025-12-10 14:00:00,15.62,Low
119616442,26,17.62,2025-12-18 16:00:00,30.38,Medium
119622861,13,13.77,2025-12-16 02:00:00,21.21,Low
119625026,24,18.12,2025-12-18 12:00:00,30.17,Medium
119627646,29,108.07,2025-12-18 23:00:00,30.58,High
119638820,16,10.5,2025-12-18 15:00:00,28.96,Low
119645898,29,61.41,2025-12-18 18:00:00,30.21,Medium
119652192,26,177.92,2025-12-18 00:00:00,30.0,High
119653720,31,171.03,2025-12-18 22:00:00,30.75,High
119661272,11,13.64,2025-12-18 21:00:00,28.96,Low
119675939,26,113.81,2025-12-18 19:00:00,30.54,High
119680525,9,50.78,2025-12-18 22:00:00,27.5,Medium
119680979,19,27.84,2025-12-18 22:00:00,30.29,Medium
119681430,30,200.87,2025-12-18 15:00:00,30.25,High
119687214,30,113.0,2025-12-18 21:00:00,30.62,High
119687381,5,13.0,2025-12-16 20:00:00,6.04,Low
119725932,23,52.35,2025-12-18 22:00:00,29.29,Medium
119732530,10,33.6,2025-12-14 20:00:00,26.42,Medium
119759842,25,28.08,2025-12-18 23:00:00,30.12,Medium
119765198,20,18.25,2025-12-17 21:00:00,29.0,Medium
119765398,14,22.86,2025-12-13 19:00:00,19.08,Medium
119773138,11,35.91,2025-12-18 20:00:00,29.5,Medium
119783832,27,50.52,2025-12-18 21:00:00,29.33,Medium
119793858,26,86.04,2025-12-17 22:00:00,28.21,High
119820357,2,37.5,2025-12-12 21:00:00,6.29,Low
119836118,7,10.43,2025-12-18 21:00:00,26.08,Low
119841558,14,17.79,2025-12-18 22:00:00,29.17,Low
119865308,24,14.54,2025-12-18 16:00:00,29.12,Medium
119879079,29,85.52,2025-12-18 23:00:00,30.96,High
119916622,12,17.42,2025-12-18 14:00:00,29.79,Low
119945707,29,37.03,2025-12-18 23:00:00,30.42,Medium
119949716,25,22.32,2025-12-16 12:00:00,28.04,Medium
119957219,27,45.7,2025-12-17 18:00:00,29.25,Medium
119990802,28,105.29,2025-12-18 20:00:00,30.58,High
120013837,18,39.11,2025-12-15 12:00:00,24.12,Medium
120038389,7,41.0,2025-12-11 03:00:00,21.21,Medium
120060551,8,39.25,2025-12-09 07:00:00,12.58,Medium
120078898,18,28.89,2025-12-14 20:00:00,25.29,Medium
120088923,29,51.62,2025-12-18 20:00:00,29.83,Medium
120142224,21,20.43,2025-12-18 13:00:00,30.08,Medium
120148968,20,63.6,2025-12-18 16:00:00,30.67,Medium
120154530,28,15.29,2025-12-17 07:00:00,28.38,Medium
120159915,7,19.71,2025-12-14 18:00:00,17.21,Low
120169983,6,7.33,2025-12-10 11:00:00,19.04,Low
120179448,26,23.62,2025-12-18 22:00:00,29.46,Medium
120193112,18,36.61,2025-12-18 23:00:00,30.79,Medium
120206620,23,47.13,2025-12-17 22:00:00,29.08,Medium
120212107,7,38.86,2025-12-15 23:00:00,7.08,Medium
120215742,25,68.04,2025-12-18 00:00:00,29.62,Medium
120305341,31,92.29,2025-12-18 23:00:00,30.46,High
120313286,27,86.33,2025-12-18 15:00:00,29.75,High
120321894,30,153.33,2025-12-18 21:00:00,30.88,High
120323515,22,18.23,2025-12-18 15:00:00,30.0,Medium
120329032,31,157.42,2025-12-18 13:00:00,30.54,High
120330409,26,44.23,2025-12-18 14:00:00,29.0,Medium
120337889,23,41.48,2025-12-18 15:00:00,29.21,Medium
120346962,31,95.55,2025-12-18 22:00:00,30.46,High
120347417,28,31.82,2025-12-18 21:00:00,30.5,Medium
120371298,13,37.62,2025-12-17 00:00:00,27.62,Medium
120377968,31,62.23,2025-12-18 19:00:00,30.54,High
120378933,30,116.93,2025-12-18 21:00:00,30.42,High
120392116,16,7.94,2025-12-18 22:00:00,30.25,Low
120416898,27,18.26,2025-12-18 21:00:00,30.29,Medium
120426603,16,13.25,2025-12-13 11:00:00,25.0,Low
120433755,30,107.07,2025-12-18 13:00:00,30.54,High
120443445,28,62.89,2025-12-18 14:00:00,30.25,Medium
120447169,21,30.0,2025-12-18 09:00:00,28.92,Medium
120450577,26,63.38,2025-12-18 20:00:00,30.46,Medium
120455996,15,37.73,2025-12-16 10:00:00,18.88,Medium
120457819,27,143.78,2025-12-18 21:00:00,30.42,High
120512456,13,20.46,2025-12-18 13:00:00,30.0,Medium
120513537,7,49.57,2025-12-17 12:00:00,15.71,Medium
120520313,15,17.73,2025-12-16 20:00:00,28.83,Medium
120530344,9,32.0,2025-12-15 18:00:00,23.38,Medium
120560904,28,36.57,2025-12-18 21:00:00,30.38,Medium
120594014,27,98.74,2025-12-17 23:00:00,29.96,High
120594609,31,51.58,2025-12-18 20:00:00,30.83,Medium
120609448,26,34.15,2025-12-18 21:00:00,30.58,Medium
120613535,9,33.11,2025-12-16 20:00:00,27.25,Medium
120622797,8,3.75,2025-12-12 12:00:00,22.79,Low
120622810,31,78.74,2025-12-18 18:00:00,30.25,High
120644916,3,10.0,2025-12-09 01:00:00,10.33,Low
120651840,19,27.11,2025-12-18 22:00:00,30.54,Medium
120662972,21,32.57,2025-12-17 14:00:00,29.21,Medium
120668928,19,66.32,2025-12-18 23:00:00,30.54,Medium
120682885,23,38.3,2025-12-18 21:00:00,30.46,Medium
120685346,28,66.64,2025-12-18 02:00:00,29.79,High
120698813,30,55.9,2025-12-18 21:00:00,30.58,Medium
120698986,11,39.55,2025-12-15 17:00:00,20.83,Medium
120717576,8,7.5,2025-12-15 22:00:00,26.21,Low
120777483,14,20.57,2025-12-18 18:00:00,28.29,Medium
120812517,24,84.58,2025-12-17 00:00:00,28.21,High
120818681,10,26.4,2025-12-16 20:00:00,28.54,Medium
120839939,26,70.42,2025-12-16 18:00:00,28.58,Medium
120841661,16,13.69,2025-12-17 15:00:00,29.08,Low
120845902,24,18.12,2025-12-13 13:00:00,25.04,Medium
120852545,29,117.79,2025-12-18 03:00:00,29.54,High
120925583,7,10.0,2025-12-13 09:00:00,19.67,Low
120927472,24,16.67,2025-12-18 21:00:00,30.04,Medium
120930204,8,17.88,2025-12-18 20:00:00,7.42,Low
120938470,6,20.0,2025-12-07 23:00:00,15.12,Low
120942715,28,43.89,2025-12-18 23:00:00,30.67,Medium
120962802,25,147.52,2025-12-18 07:00:00,29.75,High
120964894,20,11.95,2025-12-18 22:00:00,30.29,Low
120977495,27,56.59,2025-12-18 17:00:00,29.83,Medium
120983136,28,32.96,2025-12-18 23:00:00,30.62,Medium
120986091,31,160.9,2025-12-18 22:00:00,30.62,High
120992701,31,50.42,2025-12-18 20:00:00,30.58,Medium
121000384,23,244.7,2025-12-18 21:00:00,30.88,High
121000755,25,50.88,2025-12-18 22:00:00,29.96,Medium
121006999,30,35.7,2025-12-18 18:00:00,30.62,Medium
121034306,25,47.68,2025-12-17 21:00:00,29.88,Medium
121036026,9,28.89,2025-12-18 21:00:00,21.04,Medium
121036377,14,65.36,2025-12-18 19:00:00,22.25,Medium
121055099,22,17.77,2025-12-18 13:00:00,29.96,Medium
121058789,23,23.78,2025-12-17 21:00:00,29.38,Medium
121064234,27,26.3,2025-12-18 21:00:00,28.04,Medium
121079854,2,2.5,2025-12-01 21:00:00,11.33,Low
121083008,28,81.96,2025-12-18 17:00:00,30.29,High
121085565,31,39.13,2025-12-18 22:00:00,30.33,Medium
121148622,28,63.0,2025-12-18 23:00:00,30.62,Medium
121148690,24,44.38,2025-12-18 22:00:00,30.0,Medium
121167820,14,15.57,2025-12-18 11:00:00,24.58,Low
121185603,27,50.85,2025-12-18 17:00:00,29.67,Medium
121215883,16,57.69,2025-12-18 20:00:00,30.21,Medium
121240369,22,41.14,2025-12-14 20:00:00,25.0,Medium
121255158,30,96.07,2025-12-18 19:00:00,30.5,High
121262971,10,39.9,2025-12-17 14:00:00,27.75,Medium
121273095,14,69.36,2025-12-18 23:00:00,30.08,Medium
121306092,29,245.52,2025-12-18 23:00:00,30.92,High
121314594,23,20.04,2025-12-18 21:00:00,30.38,Medium
121325088,19,29.16,2025-12-18 21:00:00,28.38,Medium
121327008,13,30.08,2025-12-18 10:00:00,30.0,Medium
121339632,20,17.05,2025-12-18 15:00:00,29.79,Medium
121339853,27,28.0,2025-12-18 13:00:00,30.54,Medium
121357428,20,50.4,2025-12-18 19:00:00,25.96,Medium
121368242,5,38.8,2025-12-06 17:00:00,9.42,Low
121395815,11,14.55,2025-12-12 01:00:00,24.04,Low
121428573,24,26.29,2025-12-17 22:00:00,29.42,Medium
121456686,14,33.57,2025-12-18 23:00:00,28.17,Medium
121469302,12,11.58,2025-12-14 08:00:00,25.79,Low
121474035,22,13.95,2025-12-18 21:00:00,29.04,Medium
121498660,19,20.95,2025-12-17 16:00:00,28.04,Medium
121501586,30,52.0,2025-12-18 18:00:00,30.75,Medium
121528560,31,215.65,2025-12-18 18:00:00,30.75,High
121539441,31,39.42,2025-12-18 22:00:00,30.17,Medium
121550598,15,19.0,2025-12-18 17:00:00,28.88,Medium
121593952,31,33.71,2025-12-18 23:00:00,30.96,Medium
121632160,30,65.87,2025-12-17 23:00:00,29.58,High
121637419,25,60.0,2025-12-18 19:00:00,29.79,Medium
121639491,17,53.06,2025-12-16 21:00:00,28.62,Medium
121648342,24,17.88,2025-12-18 22:00:00,30.79,Medium
121675454,5,5.8,2025-12-14 02:00:00,23.46,Low
121680466,30,84.63,2025-12-18 23:00:00,30.5,High
121687827,24,54.62,2025-12-18 23:00:00,30.12,Medium
121693940,30,51.07,2025-12-18 23:00:00,30.71,Medium
121704401,10,15.8,2025-12-18 22:00:00,30.08,Low
121711639,14,24.21,2025-12-12 16:00:00,23.75,Medium
121736351,16,8.25,2025-12-16 19:00:00,27.29,Low
121752508,27,80.04,2025-12-18 23:00:00,29.42,High
121756245,25,68.12,2025-12-18 21:00:00,26.08,Medium
121773253,25,52.96,2025-12-18 16:00:00,29.88,Medium
121777817,27,130.22,2025-12-18 23:00:00,30.5,High
121782132,27,51.07,2025-12-18 13:00:00,30.0,Medium
121797288,8,17.5,2025-12-18 19:00:00,26.17,Low
121814113,28,69.43,2025-12-18 23:00:00,30.38,High
121823128,29,75.14,2025-12-18 21:00:00,30.38,High
121886720,1,8.0,2025-12-16 14:00:00,0.0,Low
121914104,18,18.06,2025-12-17 11:00:00,29.12,Medium
121933909,28,17.18,2025-12-18 22:00:00,30.25,Medium
121939330,29,90.28,2025-12-18 21:00:00,30.54,High
121948387,28,22.75,2025-12-18 19:00:00,30.46,Medium
121952115,20,21.3,2025-12-18 21:00:00,30.46,Medium
121970896,23,49.52,2025-12-18 20:00:00,30.0,Medium
121979409,26,39.35,2025-12-18 18:00:00,29.21,Medium
121984122,18,28.11,2025-12-18 14:00:00,27.71,Medium
121985878,27,45.89,2025-12-18 21:00:00,30.33,Medium
121986222,28,21.11,2025-12-18 15:00:00,30.0,Medium
122003638,26,39.54,2025-12-18 21:00:00,30.42,Medium
122021278,9,31.89,2025-12-17 15:00:00,26.71,Medium
122030046,17,28.12,2025-12-15 08:00:00,26.38,Medium
122036580,18,69.39,2025-12-16 18:00:00,25.04,Medium
122079464,22,55.73,2025-12-17 00:00:00,28.58,Medium
122081386,27,44.07,2025-12-18 15:00:00,30.0,Medium
122102339,31,92.55,2025-12-18 17:00:00,30.38,High
122127516,11,11.82,2025-12-18 08:00:00,28.38,Low
122129011,14,40.64,2025-12-18 21:00:00,24.08,Medium
122129618,30,36.2,2025-12-18 21:00:00,30.67,Medium
122129755,28,35.32,2025-12-18 23:00:00,30.54,Medium
122136651,19,72.79,2025-12-17 17:00:00,28.33,Medium
122141696,17,47.18,2025-12-18 20:00:00,29.08,Medium
122150914,31,196.16,2025-12-18 22:00:00,30.62,High
122151307,31,68.9,2025-12-18 18:00:00,30.17,High
122169205,19,27.95,2025-12-18 11:00:00,28.21,Medium
122183715,29,119.52,2025-12-18 08:00:00,29.62,High
122195291,19,52.53,2025-12-18 16:00:00,30.29,Medium
122231018,29,56.86,2025-12-18 19:00:00,30.42,Medium
122231680,20,58.3,2025-12-18 20:00:00,28.96,Medium
122241072,28,19.0,2025-12-18 20:00:00,30.33,Medium
122253338,5,6.4,2025-12-18 18:00:00,26.25,Low
122259561,13,4.15,2025-12-17 09:00:00,27.62,Low
122266056,25,75.88,2025-12-18 21:00:00,30.62,High
122269318,18,43.11,2025-12-09 16:00:00,21.17,Medium
122301567,13,7.31,2025-12-12 09:00:00,23.92,Low
122304524,19,40.42,2025-12-18 23:00:00,29.29,Medium
122325961,7,27.29,2025-12-15 23:00:00,21.04,Low
122330781,18,47.06,2025-12-18 10:00:00,28.5,Medium
122338823,31,339.65,2025-12-18 20:00:00,30.83,High
122372539,30,18.8,2025-12-18 19:00:00,30.25,Medium
122372687,24,35.17,2025-12-17 18:00:00,27.0,Medium
122372873,7,21.14,2025-12-14 16:00:00,16.67,Low
122378590,15,113.73,2025-12-18 15:00:00,17.75,Medium
122382368,21,29.33,2025-12-18 18:00:00,29.46,Medium
122383360,19,85.53,2025-12-18 15:00:00,29.96,Medium
122383497,21,23.9,2025-12-18 23:00:00,30.33,Medium
122388121,25,279.32,2025-12-17 14:00:00,29.58,High
122421140,29,90.9,2025-12-18 21:00:00,30.58,High
122430841,28,182.39,2025-12-18 23:00:00,30.96,High
122443173,19,39.05,2025-12-16 13:00:00,27.92,Medium
122447104,17,54.18,2025-12-17 21:00:00,25.04,Medium
122454259,12,10.75,2025-12-13 00:00:00,25.0,Low
122458300,6,32.33,2025-12-13 21:00:00,19.88,Low
122459019,31,46.81,2025-12-18 23:00:00,30.21,Medium
122462305,29,115.9,2025-12-18 21:00:00,30.79,High
122472982,24,20.88,2025-12-18 22:00:00,30.42,Medium
122474803,26,23.0,2025-12-18 23:00:00,30.12,Medium
122512765,28,65.29,2025-12-18 09:00:00,27.54,Medium
122566052,4,19.0,2025-12-14 09:00:00,20.96,Low
122579585,20,35.5,2025-12-17 16:00:00,29.58,Medium
122679643,31,55.42,2025-12-18 11:00:00,30.04,Medium
122694692,19,31.95,2025-12-15 14:00:00,26.62,Medium
122721008,27,141.59,2025-12-18 22:00:00,30.42,High
122740147,22,70.0,2025-12-18 19:00:00,30.79,Medium
122740449,7,9.0,2025-12-18 12:00:00,29.62,Low
122742392,24,68.17,2025-12-18 07:00:00,29.96,Medium
122779299,29,29.55,2025-12-18 16:00:00,29.62,Medium
122786384,26,31.23,2025-12-18 23:00:00,30.67,Medium
122803562,13,60.0,2025-12-14 23:00:00,26.21,Medium
122807268,13,104.38,2025-12-11 13:00:00,22.12,Medium
122807356,14,20.21,2025-12-18 14:00:00,29.17,Medium
122818954,26,40.31,2025-12-18 21:00:00,30.25,Medium
122822446,31,138.16,2025-12-18 10:00:00,30.42,High
122823587,26,122.42,2025-12-18 18:00:00,30.12,High
122834365,20,15.6,2025-12-17 06:00:00,26.42,Medium
122841371,11,10.73,2025-12-10 01:00:00,20.25,Low
122850858,15,19.13,2025-12-18 03:00:00,21.25,Medium
122867103,25,137.68,2025-12-18 20:00:00,30.83,High
122871697,8,26.12,2025-12-14 14:00:00,15.83,Low
122876959,14,26.21,2025-12-18 02:00:00,29.54,Medium
122885474,25,22.72,2025-12-18 23:00:00,29.58,Medium
122889226,10,52.3,2025-12-18 18:00:00,18.96,Medium
122895588,13,26.69,2025-12-18 11:00:00,19.79,Medium
122913404,8,11.38,2025-12-16 21:00:00,28.08,Low
122915570,26,37.15,2025-12-18 21:00:00,29.96,Medium
122920831,16,28.44,2025-12-18 16:00:00,30.12,Medium
122921831,7,7.57,2025-12-11 18:00:00,18.08,Low
122948572,22,45.45,2025-12-18 23:00:00,30.21,Medium
122990070,28,55.96,2025-12-18 21:00:00,30.5,Medium
123006501,17,41.94,2025-12-18 22:00:00,24.29,Medium
123006863,20,112.1,2025-12-15 15:00:00,22.88,High
123035338,31,62.35,2025-12-18 18:00:00,29.92,High
123036637,18,21.0,2025-12-18 19:00:00,25.42,Medium
123062624,29,89.14,2025-12-18 23:00:00,30.33,High
123063109,9,16.78,2025-12-18 17:00:00,26.21,Low
123066341,29,40.86,2025-12-18 17:00:00,30.08,Medium
123082064,17,7.71,2025-12-18 22:00:00,30.33,Low
123108236,30,78.97,2025-12-18 22:00:00,30.58,High
123118241,18,18.28,2025-12-18 20:00:00,30.25,Medium
123136413,6,7.83,2025-12-13 10:00:00,21.5,Low
123140704,6,17.0,2025-12-15 12:00:00,20.67,Low
123157899,20,48.55,2025-12-18 17:00:00,30.21,Medium
123188632,30,58.07,2025-12-18 23:00:00,30.08,Medium
123191883,30,62.77,2025-12-18 22:00:00,30.38,High
123216227,9,6.67,2025-12-17 21:00:00,29.17,Low
123226008,29,40.83,2025-12-18 18:00:00,29.88,Medium
123227202,30,183.4,2025-12-18 22:00:00,29.88,High
123228922,3,9.0,2025-12-18 12:00:00,4.67,Low
123237592,13,138.23,2025-12-03 18:00:00,14.12,Medium
123250328,29,157.76,2025-12-17 18:00:00,29.42,High
123257150,30,28.9,2025-12-18 13:00:00,29.88,Medium
123257288,10,10.5,2025-12-18 17:00:00,19.29,Low
123257526,15,21.07,2025-12-18 13:00:00,28.12,Medium
123307150,16,14.62,2025-12-18 09:00:00,29.92,Low
123326452,6,66.5,2025-12-14 09:00:00,6.08,Medium
123394263,10,40.7,2025-12-18 22:00:00,29.25,Medium
123395094,27,56.15,2025-12-18 21:00:00,30.38,Medium
123433447,25,40.8,2025-12-18 17:00:00,30.71,Medium
123442458,28,32.32,2025-12-18 22:00:00,29.46,Medium
123446005,27,96.44,2025-12-18 07:00:00,28.71,High
123450171,31,234.03,2025-12-18 19:00:00,30.46,High
123464110,5,43.8,2025-12-18 15:00:00,8.25,Low
123542262,5,27.4,2025-12-16 19:00:00,14.21,Low
123553065,15,21.33,2025-12-17 13:00:00,29.0,Medium
123562447,29,96.0,2025-12-18 22:00:00,30.67,High
123562843,16,10.94,2025-12-18 21:00:00,29.5,Low
123577855,10,18.1,2025-12-12 19:00:00,23.0,Low
123588093,22,20.59,2025-12-18 12:00:00,28.92,Medium
123596663,27,101.41,2025-12-18 19:00:00,29.42,High
123620434,11,7.09,2025-12-17 19:00:00,26.83,Low
123631012,6,12.17,2025-12-02 12:00:00,11.42,Low
123679342,19,22.63,2025-12-18 19:00:00,29.96,Medium
123700872,23,17.65,2025-12-17 11:00:00,27.67,Medium
123701491,17,15.47,2025-12-18 19:00:00,30.08,Medium
123710751,9,10.44,2025-12-17 08:00:00,29.0,Low
123746892,2,20.0,2025-12-04 15:00:00,8.33,Low
123751545,17,15.41,2025-12-18 20:00:00,27.12,Medium
123790825,26,5.31,2025-12-17 19:00:00,29.29,Low
123829617,15,27.93,2025-12-18 15:00:00,29.67,Medium
123842164,31,409.84,2025-12-18 23:00:00,30.96,High
123848007,31,241.06,2025-12-18 20:00:00,30.38,High
123848513,31,141.35,2025-12-18 17:00:00,30.33,High
123867870,30,74.03,2025-12-18 21:00:00,29.96,High
123869915,31,23.97,2025-12-18 07:00:00,30.25,Medium
123874325,15,13.4,2025-12-14 11:00:00,26.17,Low
123879519,6,21.33,2025-12-13 07:00:00,24.54,Low
123889295,30,65.23,2025-12-18 20:00:00,30.29,High
123892536,17,29.29,2025-12-18 07:00:00,28.88,Medium
123899957,17,30.18,2025-12-18 21:00:00,30.0,Medium
123922959,6,14.83,2025-12-17 00:00:00,28.96,Low
123930346,8,30.62,2025-12-18 17:00:00,27.92,Low
123952685,27,58.59,2025-12-18 12:00:00,30.04,Medium
123958666,14,15.57,2025-12-17 01:00:00,28.46,Low
123963959,20,32.6,2025-12-18 21:00:00,30.21,Medium
123969946,4,11.25,2025-12-12 17:00:00,8.21,Low
123978537,10,11.8,2025-12-16 16:00:00,27.17,Low
123989115,5,6.8,2025-12-18 19:00:00,17.21,Low
123995552,28,145.14,2025-12-17 00:00:00,28.29,High
124016530,24,35.38,2025-12-18 08:00:00,27.96,Medium
124052343,24,52.75,2025-12-18 23:00:00,29.5,Medium
124063835,29,151.79,2025-12-18 22:00:00,30.12,High
124070707,13,22.46,2025-12-16 21:00:00,27.38,Medium
124073716,5,11.4,2025-12-18 23:00:00,30.54,Low
124080537,18,37.44,2025-12-17 07:00:00,28.88,Medium
124086011,7,25.14,2025-12-16 13:00:00,20.71,Low
124093640,15,14.73,2025-12-18 14:00:00,27.96,Low
124107376,28,66.25,2025-12-18 23:00:00,30.62,Medium
124128236,8,34.12,2025-12-17 11:00:00,20.46,Medium
124142179,28,40.54,2025-12-18 18:00:00,30.38,Medium
124161111,28,33.29,2025-12-18 22:00:00,30.46,Medium
124168749,29,11.55,2025-12-18 23:00:00,30.42,Medium
124191041,29,45.03,2025-12-18 22:00:00,30.67,Medium
124196795,14,22.0,2025-12-17 10:00:00,25.54,Medium
124198625,7,13.57,2025-12-15 14:00:00,20.21,Low
124210329,21,158.43,2025-12-18 20:00:00,29.92,High
124217111,15,24.07,2025-12-17 18:00:00,29.38,Medium
124221192,31,32.58,2025-12-18 18:00:00,30.5,Medium
124230409,18,8.0,2025-12-18 22:00:00,30.21,Low
124259296,27,100.85,2025-12-18 23:00:00,30.46,High
124261357,30,81.37,2025-12-18 19:00:00,30.5,High
124269975,31,98.55,2025-12-18 21:00:00,30.29,High
124291848,31,261.77,2025-12-18 23:00:00,30.62,High
124299878,30,60.37,2025-12-18 22:00:00,30.42,Medium
124303059,31,120.71,2025-12-18 23:00:00,30.33,High
124323271,22,40.64,2025-12-17 22:00:00,28.0,Medium
124382480,24,27.12,2025-12-17 17:00:00,28.83,Medium
124409414,29,116.21,2025-12-18 22:00:00,29.21,High
124506198,12,16.58,2025-12-17 08:00:00,26.54,Low
124506934,22,19.36,2025-12-18 17:00:00,30.33,Medium
124540806,16,39.31,2025-12-18 21:00:00,30.5,Medium
124546232,26,21.62,2025-12-18 19:00:00,30.33,Medium
124559254,25,25.52,2025-12-18 19:00:00,26.96,Medium
124560028,29,29.24,2025-12-18 21:00:00,30.62,Medium
124561281,28,158.25,2025-12-18 23:00:00,30.62,High
124563826,24,30.88,2025-12-18 15:00:00,30.29,Medium
124600027,22,54.5,2025-12-12 13:00:00,23.96,Medium
124614349,31,195.1,2025-12-18 17:00:00,30.33,High
124615807,18,62.72,2025-12-16 22:00:00,25.96,Medium
124633651,20,41.55,2025-12-15 20:00:00,25.17,Medium
124640575,10,22.4,2025-12-15 15:00:00,24.92,Low
124660415,10,39.9,2025-12-18 21:00:00,28.08,Medium
124660776,17,32.59,2025-12-18 22:00:00,28.58,Medium
124674826,4,46.75,2025-12-18 20:00:00,3.62,Low
124692051,17,18.41,2025-12-18 20:00:00,30.29,Medium
124716557,13,23.38,2025-12-14 12:00:00,25.58,Medium
124719016,25,50.24,2025-12-18 21:00:00,27.42,Medium
124728821,19,23.53,2025-12-18 14:00:00,27.75,Medium
124729533,13,19.15,2025-12-18 23:00:00,30.62,Low
124743027,9,8.22,2025-12-18 17:00:00,22.83,Low
124755978,31,62.26,2025-12-18 22:00:00,30.62,High
124790821,20,45.75,2025-12-17 16:00:00,28.75,Medium
124793990,25,29.32,2025-12-18 22:00:00,30.12,Medium
124799559,15,21.67,2025-12-18 23:00:00,27.12,Medium
124804034,23,55.74,2025-12-16 11:00:00,27.83,Medium
124822888,14,19.5,2025-12-18 09:00:00,29.54,Medium
124830295,18,118.94,2025-12-15 17:00:00,24.88,High
124832591,17,31.88,2025-12-18 14:00:00,29.54,Medium
124836406,24,35.21,2025-12-18 23:00:00,30.08,Medium
124849024,18,11.06,2025-12-17 08:00:00,27.92,Low
124856265,24,22.75,2025-12-18 19:00:00,30.42,Medium
124866567,21,39.95,2025-12-11 07:00:00,22.92,Medium
124875172,24,49.58,2025-12-18 22:00:00,29.54,Medium
124882030,16,9.88,2025-12-18 16:00:00,30.0,Low
124890974,4,13.75,2025-11-22 11:00:00,4.04,Low
124912719,2,11.0,2025-11-26 12:00:00,7.79,Low
124926433,26,115.04,2025-12-18 23:00:00,30.38,High
124935727,22,22.68,2025-12-18 21:00:00,29.08,Medium
124941936,12,11.25,2025-12-17 15:00:00,29.58,Low
124946491,15,102.0,2025-12-17 20:00:00,19.17,Medium
124959202,15,39.0,2025-12-18 12:00:00,18.88,Medium
124962693,31,78.42,2025-12-18 17:00:00,30.71,High
124980614,22,27.59,2025-12-12 03:00:00,23.29,Medium
124982206,26,53.23,2025-12-18 22:00:00,30.42,Medium
124992372,31,204.94,2025-12-18 23:00:00,30.92,High
125039447,22,29.27,2025-12-18 18:00:00,29.88,Medium
125042644,30,64.47,2025-12-17 21:00:00,29.04,High
125048047,7,35.43,2025-12-05 23:00:00,13.25,Low
125064940,30,42.9,2025-12-18 21:00:00,30.62,Medium
125067299,23,24.09,2025-12-17 05:00:00,28.88,Medium
125070791,22,66.82,2025-12-18 22:00:00,30.62,Medium
125083491,22,108.18,2025-12-18 16:00:00,30.33,High
125110045,31,107.35,2025-12-18 21:00:00,30.54,High
125135169,31,109.55,2025-12-18 21:00:00,30.46,High
125141227,19,45.47,2025-12-17 10:00:00,29.12,Medium
125157200,22,12.95,2025-12-18 23:00:00,30.62,Medium
125186578,17,5.76,2025-12-18 20:00:00,30.12,Low
125193088,27,178.74,2025-12-18 22:00:00,30.08,High
125220499,19,21.53,2025-12-17 19:00:00,27.38,Medium
125225379,4,11.75,2025-12-12 11:00:00,23.92,Low
125227357,20,36.3,2025-12-18 16:00:00,23.21,Medium
125253109,30,108.77,2025-12-18 20:00:00,30.0,High
125255404,29,56.03,2025-12-17 23:00:00,29.62,Medium
125293142,31,42.0,2025-12-18 19:00:00,30.38,Medium
125301071,11,8.55,2025-12-17 19:00:00,27.38,Low
125309659,20,73.85,2025-12-18 21:00:00,30.54,Medium
125313573,16,39.12,2025-12-17 19:00:00,28.42,Medium
125316855,31,80.74,2025-12-18 21:00:00,30.62,High
125368789,26,55.31,2025-12-18 22:00:00,30.62,Medium
125409680,1,15.0,2025-12-06 19:00:00,0.0,Low
125411948,27,298.22,2025-12-17 21:00:00,29.88,High
125417828,21,55.43,2025-12-18 13:00:00,29.79,Medium
125441035,25,53.0,2025-12-17 18:00:00,29.46,Medium
125444720,17,12.88,2025-12-17 21:00:00,24.54,Low
125455488,16,57.0,2025-12-18 21:00:00,27.17,Medium
125459343,9,27.78,2025-12-12 22:00:00,21.0,Low
125467339,18,11.67,2025-12-18 22:00:00,30.67,Low
125482009,29,90.34,2025-12-18 21:00:00,30.08,High
125493701,22,17.36,2025-12-17 15:00:00,29.12,Medium
125498107,14,24.21,2025-12-18 20:00:00,30.75,Medium
125520300,12,17.83,2025-12-18 14:00:00,30.54,Low
125547509,27,64.11,2025-12-18 17:00:00,30.62,Medium
125572934,17,9.41,2025-12-17 15:00:00,29.17,Low
125577545,23,39.39,2025-12-18 17:00:00,28.92,Medium
125601528,10,9.0,2025-12-17 23:00:00,23.04,Low
125603258,9,15.89,2025-12-16 21:00:00,21.92,Low
125615177,12,16.58,2025-12-15 08:00:00,25.79,Low
125617065,17,32.0,2025-12-09 00:00:00,19.12,Medium
125628938,4,7.75,2025-12-17 20:00:00,23.0,Low
125634150,21,40.29,2025-12-18 22:00:00,29.29,Medium
125651053,20,105.3,2025-12-17 13:00:00,28.92,High
125667859,23,16.04,2025-12-17 22:00:00,29.58,Medium
125759978,5,12.0,2025-12-12 11:00:00,22.58,Low
125776984,26,56.5,2025-12-18 17:00:00,30.71,Medium
125817021,11,8.09,2025-12-12 18:00:00,24.04,Low
125820294,7,13.14,2025-12-16 08:00:00,27.83,Low
125823342,20,153.25,2025-12-18 13:00:00,29.38,High
125871688,29,80.59,2025-12-18 23:00:00,30.92,High
125871904,29,84.1,2025-12-18 21:00:00,30.88,High
125879991,12,40.75,2025-12-14 10:00:00,25.79,Medium
125889163,10,28.9,2025-11-29 11:00:00,11.46,Medium
125891448,28,50.07,2025-12-18 14:00:00,30.17,Medium
125908359,22,43.68,2025-12-18 22:00:00,29.38,Medium
125912657,31,197.97,2025-12-18 22:00:00,30.62,High
125935855,18,26.0,2025-12-17 18:00:00,28.0,Medium
125944918,17,50.82,2025-12-17 19:00:00,29.12,Medium
125988015,20,36.55,2025-12-17 08:00:00,28.83,Medium
125998841,13,12.08,2025-12-18 01:00:00,29.67,Low
126004091,20,30.7,2025-12-18 15:00:00,30.62,Medium
126010230,25,107.8,2025-12-17 20:00:00,29.04,High
126014360,29,51.1,2025-12-18 23:00:00,30.21,Medium
126024699,31,59.65,2025-12-18 21:00:00,30.33,Medium
126025982,12,86.83,2025-12-17 23:00:00,19.12,Medium
126046148,30,163.73,2025-12-18 23:00:00,30.67,High
126054635,19,34.32,2025-12-18 13:00:00,30.17,Medium
126070926,13,61.23,2025-12-17 15:00:00,28.96,Medium
126077020,15,22.87,2025-12-18 22:00:00,27.12,Medium
126086100,21,24.14,2025-12-18 23:00:00,30.08,Medium
126094939,27,30.63,2025-12-18 14:00:00,29.58,Medium
126104947,10,8.6,2025-12-15 22:00:00,27.21,Low
126143015,28,99.64,2025-12-18 19:00:00,30.38,High
126157375,9,21.78,2025-12-13 23:00:00,25.38,Low
126192461,26,82.62,2025-12-15 15:00:00,27.04,High
126205267,19,34.16,2025-12-15 18:00:00,24.21,Medium
126205303,30,100.03,2025-12-18 21:00:00,30.12,High
126215864,25,42.56,2025-12-18 23:00:00,30.54,Medium
126270267,22,30.95,2025-12-18 23:00:00,30.96,Medium
126317702,25,71.52,2025-12-18 21:00:00,29.46,Medium
126323626,25,41.92,2025-12-18 20:00:00,29.62,Medium
126327630,12,11.42,2025-12-16 15:00:00,23.12,Low
126328224,12,20.58,2025-12-17 22:00:00,27.88,Low
126336907,22,44.77,2025-12-18 19:00:00,29.08,Medium
126360137,9,25.33,2025-12-13 10:00:00,23.04,Low
126381859,21,67.52,2025-12-16 13:00:00,27.96,Medium
126385619,14,19.43,2025-12-18 17:00:00,29.25,Medium
126399162,20,208.35,2025-12-18 23:00:00,28.12,High
126403200,20,26.25,2025-12-17 11:00:00,28.88,Medium
126406308,6,19.5,2025-12-18 13:00:00,27.83,Low
126412579,1,3.0,2025-11-30 12:00:00,0.0,Low
126456827,7,11.0,2025-12-18 12:00:00,6.88,Low
126485355,12,19.25,2025-12-17 20:00:00,28.5,Low
126498373,25,38.24,2025-12-18 23:00:00,30.38,Medium
126498936,14,24.14,2025-12-16 21:00:00,24.58,Medium
126505815,3,1.33,2025-12-18 16:00:00,14.71,Low
126544321,18,24.78,2025-12-18 10:00:00,29.5,Medium
126550215,31,34.87,2025-12-18 21:00:00,29.96,Medium
126551577,18,22.39,2025-12-18 20:00:00,30.0,Medium
126551956,29,82.62,2025-12-18 21:00:00,30.42,High
126555091,8,27.38,2025-12-17 18:00:00,26.88,Low
126555406,17,23.24,2025-12-18 13:00:00,30.04,Medium
126557328,2,10.0,2025-11-28 22:00:00,3.0,Low
126576453,21,104.71,2025-12-17 18:00:00,29.33,High
126576552,22,66.36,2025-12-18 09:00:00,28.96,Medium
126592405,10,27.7,2025-12-11 12:00:00,14.83,Medium
126596574,14,11.14,2025-12-07 10:00:00,17.83,Low
126611664,7,11.14,2025-12-14 21:00:00,25.25,Low
126663180,15,40.8,2025-12-15 15:00:00,26.0,Medium
126665202,18,48.39,2025-12-18 23:00:00,30.46,Medium
126666346,8,27.88,2025-12-10 22:00:00,13.08,Low
126669454,26,39.27,2025-12-16 23:00:00,28.42,Medium
126683432,8,19.62,2025-12-17 21:00:00,27.46,Low
126685028,7,114.86,2025-12-18 20:00:00,10.04,Medium
126690366,23,83.91,2025-12-18 23:00:00,30.17,High
126707482,23,58.35,2025-12-18 23:00:00,30.58,Medium
126707666,23,58.35,2025-12-18 15:00:00,25.79,Medium
126721630,19,52.74,2025-12-17 20:00:00,29.0,Medium
126735858,18,12.56,2025-12-18 21:00:00,30.33,Low
126758793,8,30.88,2025-12-18 16:00:00,14.58,Low
126761012,29,27.83,2025-12-18 22:00:00,30.54,Medium
126768074,24,29.75,2025-12-18 23:00:00,29.5,Medium
126784328,26,243.92,2025-12-17 16:00:00,29.29,High
126796809,5,16.0,2025-12-18 14:00:00,28.88,Low
126808944,14,17.5,2025-12-16 16:00:00,26.25,Low
126839170,16,28.06,2025-12-17 22:00:00,28.88,Medium
126862652,26,85.77,2025-12-18 19:00:00,30.38,High
126883251,23,36.13,2025-12-18 19:00:00,30.42,Medium
126884557,8,23.25,2025-12-18 20:00:00,29.83,Low
126925524,28,52.54,2025-12-18 23:00:00,30.96,Medium
126940947,25,19.64,2025-12-18 20:00:00,30.25,Medium
126943639,26,45.15,2025-12-18 19:00:00,30.5,Medium
126951542,26,37.96,2025-12-18 23:00:00,30.67,Medium
126966556,12,9.75,2025-12-18 20:00:00,17.0,Low
126968439,14,15.71,2025-12-16 18:00:00,26.12,Low
126970629,8,9.88,2025-12-18 14:00:00,24.96,Low
127020156,11,8.0,2025-12-14 10:00:00,25.5,Low
127020436,4,57.0,2025-12-16 10:00:00,13.96,Low
127025814,23,73.96,2025-12-18 17:00:00,25.75,Medium
127035270,6,9.83,2025-12-08 13:00:00,17.04,Low
127071641,27,48.3,2025-12-18 09:00:00,29.58,Medium
127089112,29,154.41,2025-12-17 12:00:00,28.88,High
127097520,29,33.21,2025-12-18 16:00:00,30.38,Medium
127112658,18,13.28,2025-12-18 16:00:00,24.75,Low
127130413,27,51.07,2025-12-18 00:00:00,29.58,Medium
127131314,12,42.5,2025-12-17 13:00:00,25.96,Medium
127142437,19,35.84,2025-12-18 20:00:00,26.17,Medium
127168253,30,105.03,2025-12-17 21:00:00,29.5,High
127219644,26,43.38,2025-12-18 22:00:00,29.04,Medium
127238930,9,15.44,2025-12-17 22:00:00,29.17,Low
127311111,22,68.68,2025-12-18 21:00:00,29.38,Medium
127311966,23,28.3,2025-12-17 22:00:00,28.5,Medium
127312554,3,12.0,2025-12-17 23:00:00,14.46,Low
127316852,18,18.28,2025-12-18 16:00:00,28.92,Medium
127336259,23,31.43,2025-12-18 23:00:00,30.96,Medium
127341390,7,7.71,2025-12-15 20:00:00,25.17,Low
127377977,25,46.0,2025-12-18 23:00:00,30.96,Medium
127385366,16,33.31,2025-12-16 12:00:00,28.38,Medium
127395876,25,49.88,2025-12-15 21:00:00,27.88,Medium
127429787,26,60.0,2025-12-18 22:00:00,28.5,Medium
127437540,9,15.89,2025-12-15 12:00:00,27.42,Low
127476105,15,16.93,2025-12-18 22:00:00,30.71,Medium
127479589,18,17.61,2025-12-17 08:00:00,24.54,Medium
127521344,17,32.41,2025-12-16 21:00:00,28.21,Medium
127524049,28,73.79,2025-12-18 23:00:00,29.58,High
127540574,28,33.68,2025-12-18 19:00:00,30.04,Medium
127552225,28,43.43,2025-12-18 23:00:00,30.42,Medium
127579158,20,27.15,2025-12-14 18:00:00,25.46,Medium
127584816,17,16.88,2025-12-18 21:00:00,29.42,Medium
127596499,12,21.58,2025-12-14 17:00:00,26.25,Medium
127599272,22,31.68,2025-12-18 21:00:00,30.75,Medium
127619887,29,211.55,2025-12-18 23:00:00,30.83,High
127641352,3,55.0,2025-12-18 22:00:00,12.12,Low
127641845,28,106.61,2025-12-18 23:00:00,29.58,High
127654834,27,37.81,2025-12-18 06:00:00,29.46,Medium
127660246,24,10.96,2025-12-18 21:00:00,30.54,Medium
127666689,21,14.48,2025-12-17 18:00:00,29.29,Medium
127668936,23,48.48,2025-12-18 19:00:00,26.92,Medium
127691807,17,69.88,2025-12-15 19:00:00,23.17,Medium
127698085,29,100.69,2025-12-18 21:00:00,30.04,High
127701396,12,9.67,2025-12-17 13:00:00,27.79,Low
127712668,21,98.19,2025-12-18 23:00:00,30.96,High
127719617,10,8.2,2025-12-18 16:00:00,30.25,Low
127760767,25,44.32,2025-12-18 22:00:00,28.08,Medium
127771332,22,9.23,2025-12-18 09:00:00,30.38,Low
127779869,25,24.16,2025-12-18 12:00:00,27.79,Medium
127795742,24,60.04,2025-12-17 08:00:00,28.58,Medium
127806965,5,52.6,2025-12-17 10:00:00,8.0,Medium
127825359,29,49.28,2025-12-18 21:00:00,30.25,Medium
127896334,24,35.88,2025-12-18 02:00:00,28.17,Medium
127909205,24,61.79,2025-12-17 19:00:00,29.46,Medium
127914444,7,5.29,2025-12-18 23:00:00,28.42,Low
127917062,19,65.79,2025-12-18 22:00:00,30.0,Medium
127935117,4,13.5,2025-12-06 10:00:00,13.79,Low
127939985,12,29.33,2025-12-18 22:00:00,27.42,Medium
127946843,27,19.74,2025-12-18 15:00:00,30.17,Medium
127958351,31,137.58,2025-12-18 18:00:00,30.42,High
127960676,1,26.0,2025-11-30 14:00:00,0.04,Low
127973228,16,51.25,2025-12-17 17:00:00,29.25,Medium
128002749,21,132.19,2025-12-15 21:00:00,27.04,High
128009906,29,77.03,2025-12-18 14:00:00,30.21,High
128039265,20,46.6,2025-12-18 22:00:00,29.42,Medium
128050388,25,52.2,2025-12-18 21:00:00,30.88,Medium
128052603,8,27.62,2025-12-18 12:00:00,7.62,Low
128055612,31,150.68,2025-12-18 02:00:00,30.04,High
128059164,31,67.16,2025-12-18 15:00:00,29.92,High
128066004,22,47.27,2025-12-15 01:00:00,26.08,Medium
128081640,25,18.24,2025-12-18 00:00:00,29.75,Medium
128090856,28,43.54,2025-12-18 20:00:00,30.54,Medium
128104640,6,52.5,2025-12-18 21:00:00,6.0,Medium
128108757,31,42.03,2025-12-18 22:00:00,30.58,Medium
128120137,22,93.91,2025-12-18 22:00:00,29.04,High
128132115,4,30.25,2025-12-18 21:00:00,6.46,Low
128135959,30,115.23,2025-12-18 15:00:00,30.62,High
128140192,30,22.87,2025-12-18 21:00:00,30.83,Medium
128161862,29,52.14,2025-12-18 21:00:00,30.29,Medium
128172519,26,52.92,2025-12-18 13:00:00,30.54,Medium
128177124,22,13.95,2025-12-18 21:00:00,29.04,Medium
128180595,27,60.63,2025-12-18 22:00:00,30.58,Medium
128197330,13,33.0,2025-12-16 19:00:00,28.75,Medium
128213972,28,81.0,2025-12-18 07:00:00,28.75,High
128217950,30,123.53,2025-12-18 20:00:00,30.79,High
128230647,4,139.0,2025-12-18 22:00:00,3.21,Medium
128246403,30,108.4,2025-12-18 18:00:00,30.46,High
128265537,9,10.44,2025-12-16 21:00:00,28.21,Low
128268006,16,20.62,2025-12-15 17:00:00,24.21,Medium
128289511,29,112.38,2025-12-18 23:00:00,29.12,High
128323172,22,36.41,2025-12-18 21:00:00,30.17,Medium
128372503,20,22.1,2025-12-18 15:00:00,30.58,Medium
128394404,18,8.0,2025-12-18 06:00:00,28.96,Low
128396032,31,46.42,2025-12-18 22:00:00,30.54,Medium
128397777,23,43.48,2025-12-17 19:00:00,27.92,Medium
128452938,11,51.09,2025-12-16 01:00:00,25.33,Medium
128476994,31,173.1,2025-12-18 22:00:00,30.92,High
128500027,29,92.07,2025-12-18 22:00:00,30.54,High
128514431,13,47.38,2025-12-18 16:00:00,18.92,Medium
128519267,31,78.48,2025-12-18 20:00:00,30.33,High
128519725,30,119.07,2025-12-18 19:00:00,30.33,High
128521783,30,126.3,2025-12-18 20:00:00,30.33,High
128576282,28,65.68,2025-12-17 22:00:00,29.92,Medium
128578278,17,38.12,2025-12-18 21:00:00,29.38,Medium
128589059,26,39.81,2025-12-17 16:00:00,29.17,Medium
128613595,28,78.25,2025-12-18 10:00:00,30.21,High
128637327,15,52.87,2025-12-15 21:00:00,24.92,Medium
128671783,31,163.0,2025-12-18 23:00:00,30.5,High
128675125,29,53.76,2025-12-18 06:00:00,29.92,Medium
128699245,28,26.64,2025-12-18 21:00:00,30.5,Medium
128719503,10,16.5,2025-12-18 17:00:00,29.12,Low
128728507,17,6.41,2025-12-18 07:00:00,28.67,Low
128733919,24,26.83,2025-12-18 10:00:00,26.88,Medium
128814993,16,18.19,2025-12-18 21:00:00,21.0,Medium
128823983,17,23.94,2025-12-16 21:00:00,26.88,Medium
128826910,27,70.93,2025-12-18 13:00:00,30.12,High
128838543,28,17.89,2025-12-18 20:00:00,30.0,Medium
128851538,23,27.04,2025-12-18 22:00:00,30.42,Medium
128861920,29,51.59,2025-12-17 15:00:00,28.79,Medium
128865557,13,8.38,2025-12-18 22:00:00,23.12,Low
128867621,18,35.61,2025-12-16 11:00:00,27.83,Medium
128878698,27,180.44,2025-12-18 17:00:00,30.42,High
128900202,17,4.35,2025-12-18 08:00:00,30.29,Low
128914790,22,35.23,2025-12-18 22:00:00,30.92,Medium
128929741,4,13.25,2025-12-11 11:00:00,11.79,Low
128941078,25,13.24,2025-12-18 16:00:00,30.42,Medium
128960133,30,126.67,2025-12-18 22:00:00,30.33,High
128967101,20,26.25,2025-12-18 22:00:00,29.38,Medium
128969098,22,94.91,2025-12-18 23:00:00,30.46,High
128992470,12,50.33,2025-12-17 17:00:00,28.17,Medium
128997569,14,86.79,2025-12-13 20:00:00,15.12,Medium
129011195,31,37.19,2025-12-18 22:00:00,30.0,Medium
129022531,18,11.39,2025-12-18 22:00:00,30.12,Low
129029482,10,19.9,2025-12-15 10:00:00,21.0,Low
129039779,2,70.0,2025-12-14 07:00:00,0.54,Low
129046432,17,18.0,2025-12-15 15:00:00,25.75,Medium
129070018,6,26.0,2025-12-11 21:00:00,16.46,Low
129072372,25,56.44,2025-12-18 17:00:00,29.96,Medium
129072827,14,39.21,2025-12-18 20:00:00,26.96,Medium
129073019,7,8.29,2025-12-11 20:00:00,23.46,Low
129076681,26,12.69,2025-12-18 22:00:00,30.92,Medium
129082819,10,11.9,2025-12-17 17:00:00,29.25,Low
129141421,16,33.44,2025-12-18 14:00:00,24.79,Medium
129157768,5,27.0,2025-12-12 20:00:00,24.0,Low
129177653,4,16.0,2025-12-18 21:00:00,28.0,Low
129189293,24,26.54,2025-12-18 21:00:00,30.25,Medium
129191119,26,65.04,2025-12-18 21:00:00,30.54,Medium
129226331,25,68.84,2025-12-18 17:00:00,30.04,Medium
129235379,11,12.27,2025-12-12 21:00:00,22.04,Low
129236851,14,110.29,2025-12-18 00:00:00,29.17,Medium
129258298,10,5.1,2025-12-18 23:00:00,18.42,Low
129265493,13,34.38,2025-12-17 15:00:00,29.25,Medium
129288665,11,122.82,2025-12-18 22:00:00,10.0,Medium
129303952,27,21.41,2025-12-18 16:00:00,30.17,Medium
129308119,17,8.76,2025-12-18 22:00:00,30.88,Low
129316424,28,33.29,2025-12-18 18:00:00,29.38,Medium
129332364,11,14.27,2025-12-18 21:00:00,18.5,Low
129333920,2,36.5,2025-12-06 16:00:00,14.21,Low
129344577,6,9.83,2025-12-13 20:00:00,13.46,Low
129377104,29,183.03,2025-12-18 23:00:00,30.5,High
129489291,31,125.87,2025-12-18 21:00:00,30.83,High
129516472,17,31.94,2025-12-18 14:00:00,23.83,Medium
129525953,9,21.33,2025-12-18 15:00:00,7.96,Low
129527037,22,49.95,2025-12-18 22:00:00,28.29,Medium
129528383,23,11.7,2025-12-18 11:00:00,30.21,Medium
129533061,12,14.25,2025-12-18 21:00:00,29.42,Low
129535209,12,14.25,2025-12-18 23:00:00,30.62,Low
129543456,14,39.36,2025-12-17 11:00:00,27.83,Medium
129545728,1,59.0,2025-12-17 11:00:00,0.04,Low
129558614,28,97.57,2025-12-18 20:00:00,30.25,High
129572489,12,51.58,2025-12-13 12:00:00,24.83,Medium
129583911,25,56.6,2025-12-18 20:00:00,30.17,Medium
129589867,5,29.2,2025-12-16 14:00:00,3.79,Low
129646723,10,40.4,2025-12-18 23:00:00,28.46,Medium
129675564,21,27.43,2025-12-15 20:00:00,25.83,Medium
129676722,19,36.21,2025-12-18 21:00:00,30.04,Medium
129685421,30,63.97,2025-12-18 18:00:00,30.38,High
129706841,16,26.31,2025-12-18 22:00:00,30.42,Medium
129731705,30,89.13,2025-12-18 20:00:00,30.46,High
129809988,27,197.11,2025-12-18 13:00:00,30.21,High
129811530,28,38.5,2025-12-18 08:00:00,30.04,Medium
129814737,19,25.95,2025-12-17 07:00:00,28.96,Medium
129822096,18,57.11,2025-12-17 21:00:00,22.33,Medium
129843235,7,28.0,2025-12-18 18:00:00,30.21,Low
129860246,5,48.0,2025-12-08 10:00:00,4.75,Low
129873757,26,50.27,2025-12-18 18:00:00,30.12,Medium
129878874,28,71.46,2025-12-18 23:00:00,30.17,High
129894791,31,122.16,2025-12-18 20:00:00,30.08,High
129903163,29,151.59,2025-12-18 20:00:00,30.67,High
129915492,9,13.89,2025-12-12 10:00:00,24.0,Low
129922025,30,98.43,2025-12-18 22:00:00,30.58,High
129928146,19,21.05,2025-12-18 12:00:00,23.79,Medium
129984624,27,8.74,2025-12-18 15:00:00,30.33,Low
129998972,17,16.0,2025-12-18 20:00:00,29.88,Medium
130000301,12,24.67,2025-12-16 13:00:00,24.88,Medium
130011402,29,88.07,2025-12-18 22:00:00,30.62,High
130024029,27,32.44,2025-12-18 20:00:00,30.12,Medium
130031214,30,78.8,2025-12-18 20:00:00,30.33,High
130040744,19,21.11,2025-12-18 23:00:00,30.08,Medium
130041655,29,169.52,2025-12-18 11:00:00,30.12,High
130068403,20,63.2,2025-12-12 12:00:00,23.79,Medium
130070214,5,57.8,2025-12-18 14:00:00,7.04,Medium
130079327,14,27.21,2025-12-13 17:00:00,23.71,Medium
130079335,17,15.82,2025-12-15 08:00:00,25.46,Medium
130082553,17,13.94,2025-12-18 23:00:00,29.38,Low
130107482,30,73.87,2025-12-18 22:00:00,30.33,High
130125431,20,18.9,2025-12-16 23:00:00,27.33,Medium
130132447,30,157.37,2025-12-18 22:00:00,30.54,High
130134707,22,21.68,2025-12-15 21:00:00,26.96,Medium
130139823,20,63.8,2025-12-16 08:00:00,27.5,Medium
130201914,8,22.75,2025-12-12 13:00:00,23.58,Low
130216411,24,22.29,2025-12-18 20:00:00,30.38,Medium
130242045,19,9.79,2025-12-18 23:00:00,30.67,Low
130260577,14,30.5,2025-12-17 18:00:00,25.88,Medium
130265990,25,23.68,2025-12-18 17:00:00,29.71,Medium
130270245,28,706.64,2025-12-18 23:00:00,30.96,High
130283517,19,25.32,2025-12-17 01:00:00,29.04,Medium
130289104,26,52.85,2025-12-18 22:00:00,30.92,Medium
130313708,13,12.0,2025-12-10 21:00:00,16.04,Low
130314976,31,73.94,2025-12-18 21:00:00,30.33,High
130317446,29,81.62,2025-12-18 15:00:00,30.62,High
130334651,15,9.93,2025-12-18 14:00:00,29.17,Low
130346118,28,37.71,2025-12-18 23:00:00,30.88,Medium
130347983,23,26.3,2025-12-18 19:00:00,30.38,Medium
130354103,15,16.8,2025-12-18 20:00:00,30.38,Low
130368376,15,7.53,2025-12-18 07:00:00,27.42,Low
130400029,24,30.17,2025-12-18 21:00:00,30.58,Medium
130457432,31,54.9,2025-12-18 19:00:00,30.33,Medium
130461158,8,68.88,2025-12-18 23:00:00,19.67,Medium
130461388,6,4.83,2025-12-17 19:00:00,21.04,Low
130462468,19,19.79,2025-12-13 16:00:00,23.88,Medium
130497558,30,55.87,2025-12-18 17:00:00,30.38,Medium
130498110,28,82.68,2025-12-18 22:00:00,30.62,High
130499060,30,173.93,2025-12-18 23:00:00,30.96,High
130528059,4,75.5,2025-12-12 12:00:00,2.75,Medium
130529975,31,75.68,2025-12-18 22:00:00,30.54,High
130540064,31,225.58,2025-12-18 21:00:00,30.58,High
130540609,12,7.42,2025-12-16 19:00:00,27.96,Low
130547450,31,240.06,2025-12-18 20:00:00,30.62,High
130567891,31,107.9,2025-12-18 19:00:00,30.75,High
130572539,23,46.13,2025-12-18 23:00:00,30.42,Medium
130573524,9,6.67,2025-12-11 23:00:00,22.29,Low
130576689,26,223.0,2025-12-17 16:00:00,29.67,High
130594670,21,59.43,2025-12-18 09:00:00,30.33,Medium
130620874,15,65.67,2025-12-17 21:00:00,29.62,Medium
130625319,6,14.5,2025-12-18 21:00:00,15.38,Low
130638372,13,22.23,2025-12-18 12:00:00,29.12,Medium
130688344,17,10.35,2025-12-18 23:00:00,29.5,Low
130688646,21,22.24,2025-12-17 12:00:00,29.12,Medium
130701117,23,36.7,2025-12-18 19:00:00,30.25,Medium
130739831,29,61.41,2025-12-18 23:00:00,30.0,Medium
130743379,16,24.69,2025-12-18 23:00:00,27.17,Medium
130765659,14,7.93,2025-12-12 15:00:00,21.04,Low
130766413,26,37.35,2025-12-18 20:00:00,30.75,Medium
130796999,24,14.29,2025-12-18 15:00:00,29.71,Medium
130806899,30,126.03,2025-12-18 22:00:00,30.46,High
130820048,23,30.35,2025-12-18 18:00:00,29.79,Medium
130831293,6,45.33,2025-12-17 19:00:00,16.96,Medium
130844739,28,109.25,2025-12-18 22:00:00,30.5,High
130862398,15,11.07,2025-12-18 17:00:00,30.42,Low
130868549,6,21.0,2025-12-13 19:00:00,25.25,Low
130876256,6,10.0,2025-12-08 19:00:00,18.96,Low
130882473,2,4.0,2025-12-12 15:00:00,10.29,Low
130890986,10,23.0,2025-12-16 17:00:00,25.79,Low
130894601,28,38.86,2025-12-18 23:00:00,30.88,Medium
130897289,21,65.1,2025-12-18 22:00:00,30.21,Medium
130946680,6,141.83,2025-12-18 22:00:00,10.33,Medium
130946866,4,158.0,2025-12-16 23:00:00,10.08,Medium
130972559,28,22.57,2025-12-18 22:00:00,28.08,Medium
130987421,30,61.37,2025-12-18 21:00:00,30.79,Medium
130998493,19,17.95,2025-12-18 00:00:00,29.54,Medium
131021395,11,26.45,2025-12-16 23:00:00,19.54,Medium
131035236,24,64.58,2025-12-17 23:00:00,29.21,Medium
131040203,17,92.06,2025-12-18 09:00:00,27.46,Medium
131053983,15,45.67,2025-12-18 23:00:00,28.0,Medium
131096833,9,26.56,2025-12-18 10:00:00,30.42,Low
131097518,25,41.28,2025-12-18 13:00:00,29.12,Medium
131112654,31,35.87,2025-12-18 23:00:00,30.67,Medium
131153046,10,36.6,2025-12-17 10:00:00,15.75,Medium
131193444,18,20.89,2025-12-17 19:00:00,29.5,Medium
131201465,24,67.29,2025-12-18 15:00:00,29.92,Medium
131228564,6,24.67,2025-12-18 16:00:00,28.12,Low
131231135,28,87.25,2025-12-18 19:00:00,27.38,High
131240843,29,49.79,2025-12-18 23:00:00,30.96,Medium
131254719,31,89.03,2025-12-18 22:00:00,30.38,High
131271151,22,52.36,2025-12-18 07:00:00,29.46,Medium
131275408,30,155.27,2025-12-18 18:00:00,30.75,High
131281998,14,18.64,2025-12-18 09:00:00,26.92,Medium
131283302,30,310.43,2025-12-18 22:00:00,30.92,High
131283996,17,12.18,2025-12-18 15:00:00,30.12,Low
131293826,31,26.1,2025-12-18 14:00:00,30.21,Medium
131302242,23,34.48,2025-12-18 15:00:00,28.21,Medium
131303989,27,31.7,2025-12-17 14:00:00,29.17,Medium
131308801,17,17.71,2025-12-16 18:00:00,28.38,Medium
131310532,14,32.14,2025-12-18 02:00:00,15.08,Medium
131318750,21,53.33,2025-12-17 17:00:00,26.21,Medium
131344898,30,75.53,2025-12-18 23:00:00,30.25,High
131347168,12,34.0,2025-12-17 19:00:00,29.42,Medium
131354626,5,5.0,2025-12-17 19:00:00,10.96,Low
131359754,25,20.28,2025-12-18 21:00:00,29.42,Medium
131369783,7,33.57,2025-12-17 13:00:00,29.25,Low
131405782,23,62.7,2025-12-18 16:00:00,30.29,Medium
131424381,22,28.68,2025-12-17 22:00:00,28.54,Medium
131439469,16,10.5,2025-12-16 16:00:00,25.33,Low
131449826,19,45.58,2025-12-18 21:00:00,28.12,Medium
131466845,26,75.58,2025-12-18 17:00:00,29.75,High
131472598,29,208.41,2025-12-18 22:00:00,30.75,High
131494546,22,27.73,2025-12-17 21:00:00,29.5,Medium
131504487,22,72.5,2025-12-18 23:00:00,30.25,Medium
131506912,26,23.69,2025-12-18 19:00:00,30.17,Medium
131514258,30,87.73,2025-12-18 22:00:00,30.92,High
131534140,24,83.83,2025-12-17 05:00:00,29.21,High
131538712,29,194.31,2025-12-18 08:00:00,30.0,High
131554806,23,36.61,2025-12-17 21:00:00,29.38,Medium
131563223,19,57.05,2025-12-17 18:00:00,28.96,Medium
131565054,16,23.81,2025-12-18 22:00:00,30.62,Medium
131566572,18,35.72,2025-12-18 08:00:00,29.75,Medium
131570651,22,78.95,2025-12-17 18:00:00,29.25,Medium
131572425,12,11.0,2025-12-18 22:00:00,30.54,Low
131573117,31,366.16,2025-12-18 23:00:00,30.62,High
131595557,16,16.81,2025-12-18 17:00:00,30.25,Medium
131595891,27,40.07,2025-12-18 12:00:00,29.62,Medium
131596907,29,50.03,2025-12-18 22:00:00,30.58,Medium
131612590,13,22.92,2025-12-18 18:00:00,22.79,Medium
131631344,5,7.6,2025-12-14 13:00:00,23.62,Low
131637785,30,127.57,2025-12-18 19:00:00,30.5,High
131646739,29,33.59,2025-12-18 20:00:00,30.5,Medium
131662415,14,17.79,2025-12-15 16:00:00,27.33,Low
131666031,12,24.17,2025-12-17 06:00:00,28.62,Medium
131670570,27,72.41,2025-12-18 22:00:00,30.25,High
131681471,23,7.7,2025-12-18 12:00:00,29.79,Low
131682069,18,18.83,2025-12-16 12:00:00,27.88,Medium
131695311,17,34.47,2025-12-18 20:00:00,28.92,Medium
131696808,16,24.5,2025-12-16 21:00:00,27.04,Medium
131701813,24,25.04,2025-12-18 21:00:00,30.04,Medium
131702468,29,112.41,2025-12-18 22:00:00,30.62,High
131719920,25,40.76,2025-12-18 15:00:00,30.21,Medium
131743040,7,7.57,2025-12-15 11:00:00,22.0,Low
131766510,11,14.64,2025-12-12 10:00:00,23.5,Low
131767978,19,36.0,2025-12-18 21:00:00,28.42,Medium
131785898,24,82.0,2025-12-18 21:00:00,27.04,High
131787268,29,130.03,2025-12-18 08:00:00,30.33,High
131790847,31,85.65,2025-12-18 21:00:00,30.54,High
131826831,11,31.45,2025-12-18 12:00:00,29.88,Medium
131829621,25,26.24,2025-12-17 09:00:00,28.38,Medium
131851410,31,64.03,2025-12-18 22:00:00,30.42,High
131881789,26,59.23,2025-12-18 08:00:00,30.0,Medium
131890544,11,16.27,2025-12-11 01:00:00,20.62,Low
131903746,23,36.78,2025-12-17 18:00:00,29.75,Medium
131917996,7,37.86,2025-12-16 13:00:00,28.12,Medium
131930045,29,168.79,2025-12-18 23:00:00,30.21,High
131932310,25,54.8,2025-12-18 08:00:00,29.42,Medium
131959781,28,84.79,2025-12-17 22:00:00,29.04,High
131961100,14,33.43,2025-12-17 23:00:00,29.96,Medium
131962004,12,23.42,2025-12-18 22:00:00,30.42,Medium
131965938,20,22.45,2025-12-18 20:00:00,30.58,Medium
131997583,21,24.81,2025-12-18 20:00:00,30.04,Medium
132019582,18,37.11,2025-12-18 15:00:00,22.54,Medium
132039263,12,41.58,2025-12-13 18:00:00,23.0,Medium
132048401,26,80.0,2025-12-18 21:00:00,25.42,High
132057506,30,87.6,2025-12-18 09:00:00,30.38,High
132058405,19,89.16,2025-12-18 16:00:00,30.25,Medium
132061340,31,127.65,2025-12-18 23:00:00,30.71,High
132063494,22,62.0,2025-12-16 20:00:00,28.33,Medium
132125936,25,69.44,2025-12-18 19:00:00,29.92,Medium
132155086,23,56.61,2025-12-17 20:00:00,28.33,Medium
132156365,21,28.57,2025-12-17 11:00:00,27.38,Medium
132203237,30,167.93,2025-12-18 21:00:00,30.71,High
132203647,30,92.43,2025-12-18 18:00:00,30.38,High
132210450,31,68.77,2025-12-18 14:00:00,30.29,High
132223788,26,20.19,2025-12-18 23:00:00,30.42,Medium
132229788,28,30.86,2025-12-18 22:00:00,30.08,Medium
132231447,31,79.94,2025-12-18 18:00:00,30.29,High
132233475,26,25.54,2025-12-17 11:00:00,29.25,Medium
132252054,18,11.5,2025-12-18 16:00:00,30.17,Low
132285491,30,71.3,2025-12-18 17:00:00,30.58,High
132297101,18,25.94,2025-12-17 21:00:00,28.0,Medium
132297842,8,15.25,2025-12-16 15:00:00,22.75,Low
132308943,28,90.79,2025-12-18 13:00:00,30.21,High
132321221,17,15.59,2025-12-18 18:00:00,29.0,Medium
132323947,29,50.31,2025-12-18 23:00:00,30.79,Medium
132326665,30,86.2,2025-12-18 22:00:00,30.67,High
132347980,24,29.67,2025-12-18 13:00:00,30.0,Medium
132368806,19,49.26,2025-12-18 12:00:00,29.17,Medium
132379480,19,51.47,2025-12-18 20:00:00,30.08,Medium
132397628,20,45.3,2025-12-18 21:00:00,22.83,Medium
132399646,2,49.5,2025-11-26 00:00:00,3.75,Low
132420118,29,87.03,2025-12-18 19:00:00,30.54,High
132455644,15,30.07,2025-12-18 14:00:00,30.25,Medium
132469710,29,58.9,2025-12-18 16:00:00,29.67,Medium
132509354,3,90.67,2025-12-16 16:00:00,2.04,Medium
132521601,22,12.86,2025-12-18 20:00:00,30.12,Medium
132540273,28,47.75,2025-12-18 23:00:00,30.67,Medium
132564529,28,53.61,2025-12-18 18:00:00,30.5,Medium
132575491,31,31.97,2025-12-18 19:00:00,30.5,Medium
132579775,22,25.55,2025-12-17 22:00:00,29.29,Medium
132590261,23,35.65,2025-12-17 06:00:00,28.54,Medium
132614507,26,18.77,2025-12-16 23:00:00,28.58,Medium
132614903,16,28.06,2025-12-18 16:00:00,28.88,Medium
132617033,30,57.87,2025-12-18 15:00:00,30.62,Medium
132627681,17,45.24,2025-12-18 18:00:00,30.33,Medium
132646666,18,68.39,2025-12-17 22:00:00,29.08,Medium
132653097,30,119.73,2025-12-18 23:00:00,29.29,High
132653708,7,26.29,2025-12-18 11:00:00,26.83,Low
132661158,12,12.0,2025-12-14 11:00:00,24.21,Low
132672202,5,8.6,2025-12-14 08:00:00,20.33,Low
132675359,21,77.24,2025-12-17 05:00:00,23.38,Medium
132680679,7,10.57,2025-12-17 13:00:00,28.92,Low
132688030,26,23.85,2025-12-18 21:00:00,30.62,Medium
132692996,22,31.55,2025-12-16 17:00:00,25.29,Medium
132700623,10,61.2,2025-12-14 13:00:00,23.08,Medium
132711863,20,69.5,2025-12-18 19:00:00,30.38,Medium
132718416,19,45.16,2025-12-18 13:00:00,30.17,Medium
132727149,1,25.0,2025-12-09 16:00:00,0.04,Low
132729970,21,52.24,2025-12-18 22:00:00,30.04,Medium
132731360,30,136.47,2025-12-18 16:00:00,30.67,High
132737494,29,30.66,2025-12-18 12:00:00,30.25,Medium
132747248,28,39.36,2025-12-18 22:00:00,28.62,Medium
132763181,28,17.46,2025-12-17 22:00:00,29.21,Medium
132782427,30,56.93,2025-12-18 09:00:00,29.96,Medium
132800946,18,21.39,2025-12-18 20:00:00,28.17,Medium
132812306,15,28.53,2025-12-18 19:00:00,30.79,Medium
132815324,13,22.85,2025-12-18 21:00:00,29.54,Medium
132884009,22,21.5,2025-12-17 18:00:00,29.33,Medium
132916687,18,16.83,2025-12-16 21:00:00,28.42,Medium
132917171,23,30.7,2025-12-18 21:00:00,30.58,Medium
132928999,15,49.13,2025-12-17 23:00:00,28.12,Medium
132966536,23,86.04,2025-12-18 23:00:00,28.96,High
132984948,16,6.12,2025-12-15 17:00:00,21.83,Low
132991979,18,20.94,2025-12-11 22:00:00,23.04,Medium
133001287,15,29.53,2025-12-18 18:00:00,27.0,Medium
133002039,17,38.53,2025-12-17 23:00:00,28.17,Medium
133003311,31,59.9,2025-12-18 22:00:00,30.42,Medium
133007823,2,12.0,2025-12-17 00:00:00,0.38,Low
133072400,3,7.33,2025-11-26 16:00:00,7.21,Low
133088851,8,39.38,2025-12-13 11:00:00,22.58,Medium
133089485,23,59.7,2025-12-18 23:00:00,28.71,Medium
133113110,22,25.5,2025-12-18 23:00:00,30.21,Medium
133125036,23,40.43,2025-12-18 21:00:00,29.25,Medium
133151533,28,93.04,2025-12-18 23:00:00,30.25,High
133152667,29,162.97,2025-12-18 22:00:00,30.67,High
133157830,23,35.35,2025-12-14 21:00:00,26.5,Medium
133203992,28,52.68,2025-12-18 21:00:00,30.5,Medium
133240213,24,377.12,2025-12-18 19:00:00,29.79,High
133262618,29,30.93,2025-12-18 12:00:00,30.0,Medium
133271218,25,31.84,2025-12-18 22:00:00,30.62,Medium
133296696,20,54.5,2025-12-18 22:00:00,30.12,Medium
133306897,20,21.55,2025-12-17 18:00:00,29.75,Medium
133314380,8,14.25,2025-11-26 14:00:00,7.96,Low
133378051,30,44.33,2025-12-18 23:00:00,30.25,Medium
133391467,30,85.8,2025-12-18 23:00:00,30.67,High
133417766,22,13.09,2025-12-18 13:00:00,29.58,Medium
133425852,29,131.66,2025-12-18 18:00:00,30.17,High
133428730,11,18.64,2025-12-15 06:00:00,26.5,Low
133429407,31,110.39,2025-12-18 21:00:00,30.46,High
133480628,23,58.48,2025-12-18 08:00:00,26.92,Medium
133488208,11,11.64,2025-12-18 14:00:00,28.92,Low
133519239,13,17.62,2025-12-18 21:00:00,30.25,Low
133528960,22,20.91,2025-12-18 23:00:00,30.54,Medium
133541311,25,17.52,2025-12-18 19:00:00,30.17,Medium
133559789,16,18.06,2025-12-17 22:00:00,29.92,Medium
133581105,18,16.17,2025-12-18 07:00:00,29.67,Medium
133612359,1,4.0,2025-12-15 22:00:00,0.0,Low
133621051,17,24.65,2025-12-17 16:00:00,29.04,Medium
133651025,18,29.56,2025-12-18 07:00:00,29.38,Medium
133664832,15,6.67,2025-12-17 11:00:00,28.67,Low
133665536,30,124.4,2025-12-18 20:00:00,30.5,High
133680584,31,150.03,2025-12-18 23:00:00,30.54,High
133701009,25,38.96,2025-12-17 23:00:00,28.04,Medium
133710160,26,25.5,2025-12-18 13:00:00,30.54,Medium
133723007,24,41.08,2025-12-17 19:00:00,29.42,Medium
133723602,24,29.38,2025-12-18 12:00:00,30.08,Medium
133744457,11,19.09,2025-12-16 08:00:00,26.92,Low
133754248,23,24.74,2025-12-17 01:00:00,22.33,Medium
133755018,27,16.33,2025-12-18 09:00:00,29.58,Medium
133788184,24,26.88,2025-12-18 00:00:00,29.12,Medium
133789905,12,32.5,2025-12-16 23:00:00,22.38,Medium
133809580,2,8.5,2025-11-30 13:00:00,4.25,Low
133825480,24,32.17,2025-12-17 22:00:00,29.46,Medium
133838164,26,52.96,2025-12-18 23:00:00,30.88,Medium
133840323,16,28.19,2025-12-15 07:00:00,24.38,Medium
133849127,31,93.48,2025-12-18 23:00:00,30.62,High
133856338,10,7.4,2025-12-18 19:00:00,30.38,Low
133866163,26,25.85,2025-12-18 23:00:00,30.58,Medium
133876177,18,30.28,2025-12-18 18:00:00,27.25,Medium
133888509,31,225.71,2025-12-18 23:00:00,30.58,High
133912341,7,15.71,2025-12-18 21:00:00,29.25,Low
133922654,14,86.43,2025-12-18 13:00:00,16.62,Medium
133933227,27,79.15,2025-12-18 21:00:00,30.17,High
133939609,24,68.58,2025-12-18 11:00:00,30.08,Medium
133946364,27,75.41,2025-12-18 21:00:00,30.25,High
133968486,8,27.75,2025-12-18 19:00:00,30.42,Low
133970038,4,25.0,2025-12-18 13:00:00,14.71,Low
133994360,25,43.0,2025-12-18 13:00:00,29.92,Medium
134010761,29,127.07,2025-12-18 17:00:00,30.71,High
134014289,17,10.06,2025-12-17 21:00:00,29.0,Low
134020041,14,9.0,2025-12-18 19:00:00,30.17,Low
134032957,2,21.5,2025-11-26 20:00:00,7.58,Low
134042583,11,42.45,2025-12-16 21:00:00,26.04,Medium
134051339,29,65.14,2025-12-18 22:00:00,30.58,High
134058935,25,39.96,2025-12-18 18:00:00,30.54,Medium
134060411,12,23.67,2025-12-10 16:00:00,22.25,Medium
134072973,21,33.57,2025-12-18 13:00:00,30.21,Medium
134073831,11,22.18,2025-12-17 17:00:00,24.79,Low
134077305,27,31.04,2025-12-18 23:00:00,29.21,Medium
134097431,23,33.87,2025-12-18 23:00:00,30.12,Medium
134109810,29,181.41,2025-12-18 23:00:00,30.46,High
134118557,25,72.36,2025-12-18 19:00:00,30.42,Medium
134120527,23,41.7,2025-12-17 23:00:00,29.96,Medium
134152329,25,53.12,2025-12-18 23:00:00,29.0,Medium
134165117,15,19.2,2025-12-17 09:00:00,26.88,Medium
134166701,15,45.07,2025-12-10 21:00:00,20.38,Medium
134217738,11,9.27,2025-12-13 22:00:00,23.12,Low
134225812,22,44.05,2025-12-17 10:00:00,28.79,Medium
134232421,26,53.58,2025-12-18 20:00:00,30.83,Medium
134233776,30,105.1,2025-12-18 22:00:00,30.58,High
134259827,25,34.48,2025-12-18 15:00:00,29.75,Medium
134279547,5,25.4,2025-12-17 18:00:00,17.92,Low
134294014,17,29.0,2025-12-18 22:00:00,30.5,Medium
134319759,18,52.33,2025-12-18 21:00:00,30.54,Medium
134352095,14,45.07,2025-12-18 23:00:00,30.04,Medium
134358011,27,138.19,2025-12-18 22:00:00,29.04,High
134369588,27,54.78,2025-12-18 21:00:00,30.04,Medium
134377639,26,56.31,2025-12-18 19:00:00,30.21,Medium
134424507,31,67.61,2025-12-18 22:00:00,30.92,High
134431676,19,35.47,2025-12-18 23:00:00,30.54,Medium
134437265,15,128.93,2025-12-17 23:00:00,14.0,High
134438519,30,71.27,2025-12-18 23:00:00,30.33,High
134462614,2,6.5,2025-12-18 22:00:00,16.62,Low
134473569,20,10.85,2025-12-18 10:00:00,30.04,Low
134473908,26,107.65,2025-12-18 17:00:00,28.12,High
134479240,23,75.3,2025-12-18 23:00:00,27.25,Medium
134496896,27,63.78,2025-12-18 15:00:00,30.04,Medium
134499562,17,18.94,2025-12-12 06:00:00,22.83,Medium
134502976,21,44.71,2025-12-18 00:00:00,29.21,Medium
134508917,9,13.33,2025-12-18 22:00:00,22.21,Low
134512473,22,55.91,2025-12-16 14:00:00,28.25,Medium
134525138,10,26.1,2025-12-12 21:00:00,24.62,Medium
134556226,31,58.61,2025-12-18 13:00:00,29.83,Medium
134580497,30,168.47,2025-12-18 22:00:00,30.92,High
134621791,25,83.36,2025-12-18 23:00:00,30.58,High
134630812,21,49.05,2025-12-18 23:00:00,30.96,Medium
134636593,30,93.47,2025-12-18 23:00:00,30.88,High
134658118,23,28.17,2025-12-18 11:00:00,30.17,Medium
134681866,9,36.44,2025-12-14 23:00:00,25.42,Medium
134793545,13,42.0,2025-12-17 13:00:00,28.71,Medium
134806923,29,40.0,2025-12-17 11:00:00,29.04,Medium
134866422,11,26.73,2025-12-16 15:00:00,28.0,Medium
134882545,4,23.0,2025-12-11 14:00:00,17.38,Low
134904941,30,96.33,2025-12-18 21:00:00,30.12,High
134928476,27,106.04,2025-12-18 11:00:00,29.58,High
134936620,23,59.96,2025-12-18 23:00:00,30.92,Medium
134948525,28,38.82,2025-12-18 20:00:00,29.46,Medium
134953389,1,56.0,2025-12-10 20:00:00,0.62,Low
134959857,27,66.93,2025-12-18 23:00:00,30.17,Medium
134977820,8,10.12,2025-12-17 18:00:00,25.08,Low
134979241,6,32.5,2025-12-06 16:00:00,17.04,Low
134993021,18,23.39,2025-12-17 21:00:00,26.96,Medium
135007277,9,11.22,2025-12-16 13:00:00,24.71,Low
135015170,16,30.5,2025-12-18 14:00:00,30.21,Medium
135016636,23,19.96,2025-12-18 13:00:00,30.12,Medium
135020964,18,44.5,2025-12-17 23:00:00,26.54,Medium
135050406,19,29.32,2025-12-18 20:00:00,29.83,Medium
135060562,18,32.33,2025-12-18 17:00:00,30.08,Medium
135068151,27,24.67,2025-12-18 21:00:00,30.0,Medium
135076585,13,22.23,2025-12-18 10:00:00,29.92,Medium
135077497,10,29.0,2025-12-16 19:00:00,20.08,Medium
135080969,29,48.86,2025-12-18 16:00:00,30.25,Medium
135099670,22,13.68,2025-12-18 13:00:00,29.83,Medium
135100729,2,16.5,2025-12-04 11:00:00,1.0,Low
135124427,27,39.78,2025-12-18 17:00:00,30.54,Medium
135131647,11,7.64,2025-12-05 22:00:00,16.21,Low
135144517,31,71.87,2025-12-18 20:00:00,30.58,High
135154572,9,24.33,2025-12-18 17:00:00,30.71,Low
135157689,29,116.38,2025-12-18 12:00:00,30.08,High
135159590,21,53.29,2025-12-18 23:00:00,23.5,Medium
135171817,29,49.72,2025-12-18 16:00:00,30.29,Medium
135187545,30,83.67,2025-12-18 22:00:00,30.58,High
135196347,16,60.94,2025-12-18 23:00:00,28.29,Medium
135288694,29,28.45,2025-12-18 22:00:00,30.58,Medium
135299374,7,27.43,2025-12-18 21:00:00,6.88,Low
135312215,2,4.0,2025-12-15 14:00:00,25.58,Low
135321413,21,21.0,2025-12-17 20:00:00,29.08,Medium
135345840,26,83.88,2025-12-18 18:00:00,30.08,High
135347247,31,150.19,2025-12-18 22:00:00,30.33,High
135377046,29,43.86,2025-12-18 19:00:00,30.38,Medium
135387051,11,13.27,2025-12-17 15:00:00,27.08,Low
135389236,7,15.71,2025-12-17 17:00:00,22.88,Low
135402088,31,309.87,2025-12-18 23:00:00,30.58,High
135408101,10,37.8,2025-12-11 18:00:00,22.96,Medium
135410830,21,41.71,2025-12-18 22:00:00,30.21,Medium
135414688,12,26.5,2025-12-16 11:00:00,26.08,Medium
135419930,2,24.0,2025-11-22 12:00:00,3.96,Low
135454126,31,77.03,2025-12-18 22:00:00,30.62,High
135455673,25,77.32,2025-12-16 15:00:00,28.58,High
135481793,27,12.19,2025-12-18 22:00:00,30.92,Medium
135487299,23,22.26,2025-12-18 10:00:00,29.58,Medium
135488940,28,80.61,2025-12-18 23:00:00,30.62,High
135517697,18,27.72,2025-12-17 16:00:00,28.92,Medium
135537004,29,85.38,2025-12-18 18:00:00,30.33,High
135539714,24,45.25,2025-12-18 12:00:00,29.83,Medium
135556729,20,18.85,2025-12-17 19:00:00,29.42,Medium
135565094,21,21.71,2025-12-18 06:00:00,30.25,Medium
135566570,21,23.05,2025-12-18 14:00:00,29.71,Medium
135571612,5,16.0,2025-12-16 16:00:00,25.38,Low
135582975,23,72.09,2025-12-18 21:00:00,25.54,Medium
135589495,24,79.38,2025-12-18 22:00:00,30.46,High
135639209,29,126.76,2025-12-18 23:00:00,30.33,High
135665686,30,78.7,2025-12-18 22:00:00,30.54,High
135667654,7,26.71,2025-12-08 18:00:00,20.42,Low
135680385,13,21.54,2025-12-17 16:00:00,29.04,Medium
135687750,18,55.83,2025-12-18 22:00:00,25.33,Medium
135721617,31,21.45,2025-12-18 15:00:00,30.17,Medium
135731834,18,50.67,2025-12-17 17:00:00,29.33,Medium
135749481,24,30.38,2025-12-17 18:00:00,29.75,Medium
135756066,31,101.9,2025-12-18 19:00:00,30.67,High
135802457,27,52.59,2025-12-18 22:00:00,30.38,Medium
135802732,16,51.25,2025-12-13 22:00:00,20.46,Medium
135803085,31,72.48,2025-12-18 08:00:00,30.04,High
135842891,18,47.5,2025-12-16 20:00:00,25.67,Medium
135845099,22,87.5,2025-12-17 00:00:00,26.46,High
135846824,15,17.53,2025-12-18 01:00:00,25.04,Medium
135846989,22,51.41,2025-12-18 16:00:00,29.83,Medium
135857964,12,36.67,2025-12-16 00:00:00,27.42,Medium
135858331,27,48.19,2025-12-16 15:00:00,26.88,Medium
135861598,28,51.64,2025-12-18 14:00:00,30.0,Medium
135889836,18,162.56,2025-12-18 13:00:00,29.04,High
135895823,21,28.48,2025-12-18 22:00:00,29.12,Medium
135897410,15,26.13,2025-12-14 15:00:00,26.21,Medium
135916314,25,48.16,2025-12-18 14:00:00,30.58,Medium
135927109,14,24.0,2025-12-17 18:00:00,29.33,Medium
135928388,23,32.7,2025-12-17 10:00:00,27.12,Medium
135934881,30,74.23,2025-12-18 22:00:00,29.08,High
135955934,31,33.9,2025-12-18 18:00:00,30.5,Medium
135968605,29,30.14,2025-12-18 20:00:00,30.42,Medium
135981623,27,50.48,2025-12-18 23:00:00,30.29,Medium
136001495,28,33.82,2025-12-18 16:00:00,30.38,Medium
136009227,31,105.97,2025-12-18 21:00:00,30.58,High
136018515,20,49.4,2025-12-17 12:00:00,29.08,Medium
136062420,29,40.83,2025-12-18 21:00:00,30.54,Medium
136085033,26,38.77,2025-12-18 21:00:00,30.5,Medium
136091846,11,9.55,2025-12-18 21:00:00,18.25,Low
136108072,25,64.48,2025-12-18 21:00:00,30.29,Medium
136197283,9,22.44,2025-12-18 21:00:00,24.04,Low
136204332,14,15.0,2025-12-17 00:00:00,26.04,Low
136220191,30,74.73,2025-12-18 22:00:00,30.54,High
136227449,23,37.13,2025-12-18 18:00:00,30.17,Medium
136232385,9,14.44,2025-12-16 21:00:00,26.96,Low
136244610,21,14.95,2025-12-18 16:00:00,30.0,Medium
136249926,9,37.89,2025-12-17 18:00:00,29.0,Medium
136290703,8,36.25,2025-12-16 01:00:00,27.38,Medium
136302349,9,25.0,2025-12-06 09:00:00,14.21,Low
136327444,31,26.65,2025-12-18 19:00:00,30.67,Medium
136342745,30,94.53,2025-12-18 21:00:00,30.21,High
136347831,26,75.19,2025-12-18 23:00:00,30.67,High
136374136,27,57.48,2025-12-18 21:00:00,30.5,Medium
136394248,23,25.22,2025-12-18 15:00:00,30.21,Medium
136425962,31,128.45,2025-12-18 21:00:00,30.46,High
136470861,27,41.3,2025-12-18 13:00:00,30.17,Medium
136482450,30,66.3,2025-12-18 18:00:00,30.04,High
136482907,12,99.75,2025-12-17 22:00:00,16.04,Medium
136487187,27,44.63,2025-12-18 16:00:00,29.0,Medium
136496700,16,33.69,2025-12-18 18:00:00,24.92,Medium
136506198,20,44.4,2025-12-17 16:00:00,29.67,Medium
136507295,12,20.92,2025-12-10 20:00:00,22.42,Low
136514003,6,30.5,2025-12-18 23:00:00,6.5,Low
136547699,29,66.79,2025-12-18 19:00:00,29.96,High
136571906,28,97.0,2025-12-18 19:00:00,28.08,High
136576184,17,42.29,2025-12-15 03:00:00,26.25,Medium
136588388,8,7.38,2025-12-17 10:00:00,24.0,Low
136606000,4,16.25,2025-12-07 13:00:00,17.96,Low
136613109,11,9.73,2025-12-12 16:00:00,24.12,Low
136616127,31,162.9,2025-12-18 21:00:00,30.5,High
136649602,16,51.12,2025-12-17 22:00:00,25.58,Medium
136652360,29,65.79,2025-12-18 23:00:00,30.25,High
136668031,17,15.0,2025-12-18 13:00:00,30.04,Medium
136677136,17,29.41,2025-12-17 23:00:00,29.96,Medium
136677781,8,24.75,2025-12-12 22:00:00,24.04,Low
136742304,13,11.23,2025-12-10 11:00:00,22.08,Low
136754847,21,71.14,2025-12-18 12:00:00,30.21,Medium
136769457,31,180.06,2025-12-18 21:00:00,30.5,High
136788174,31,111.39,2025-12-18 18:00:00,30.67,High
136794879,22,59.82,2025-12-18 11:00:00,29.71,Medium
136795659,28,93.18,2025-12-18 16:00:00,30.21,High
136797243,20,22.2,2025-12-17 17:00:00,28.79,Medium
136843034,4,2.25,2025-12-17 11:00:00,29.46,Low
136870062,28,19.11,2025-12-18 21:00:00,28.96,Medium
136882508,27,50.63,2025-12-18 21:00:00,30.42,Medium
136916020,25,23.2,2025-12-18 18:00:00,29.21,Medium
136952642,19,42.42,2025-12-17 16:00:00,29.38,Medium
136957532,7,24.29,2025-12-16 15:00:00,12.33,Low
136958026,24,31.12,2025-12-18 20:00:00,29.96,Medium
137007501,23,16.65,2025-12-14 13:00:00,26.29,Medium
137031066,29,29.17,2025-12-18 18:00:00,30.12,Medium
137042532,2,25.0,2025-12-04 18:00:00,15.29,Low
137044962,19,26.42,2025-12-15 21:00:00,27.38,Medium
137068806,23,42.13,2025-12-16 18:00:00,26.0,Medium
137071488,4,32.75,2025-12-15 18:00:00,21.92,Low
137089292,7,9.0,2025-12-06 18:00:00,18.46,Low
137092015,10,13.0,2025-12-18 22:00:00,30.88,Low
137107726,24,30.0,2025-12-15 15:00:00,26.75,Medium
137110644,22,58.82,2025-12-18 00:00:00,30.0,Medium
137115052,27,56.89,2025-12-18 23:00:00,30.67,Medium
137116717,14,8.29,2025-12-15 18:00:00,25.25,Low
137120980,24,18.25,2025-12-18 12:00:00,30.17,Medium
137129187,11,12.18,2025-12-18 17:00:00,27.71,Low
137129651,23,34.7,2025-12-18 22:00:00,30.04,Medium
137132350,22,19.5,2025-12-18 19:00:00,29.75,Medium
137154848,13,27.15,2025-12-10 17:00:00,19.92,Medium
137175187,31,416.39,2025-12-18 23:00:00,30.92,High
137182431,29,83.17,2025-12-18 20:00:00,30.75,High
137183654,29,38.24,2025-12-18 23:00:00,29.08,Medium
137204928,29,168.83,2025-12-18 21:00:00,30.04,High
137213849,26,31.77,2025-12-18 21:00:00,30.54,Medium
137234632,8,24.88,2025-11-25 16:00:00,7.25,Low
137270307,25,42.64,2025-12-18 23:00:00,30.25,Medium
137280366,24,27.71,2025-12-18 20:00:00,30.04,Medium
137284530,25,81.44,2025-12-18 18:00:00,30.25,High
137314781,27,44.81,2025-12-18 20:00:00,28.17,Medium
137328784,8,18.38,2025-12-18 19:00:00,30.04,Low
137333703,17,27.47,2025-12-17 19:00:00,28.21,Medium
137340803,25,112.76,2025-12-18 17:00:00,30.62,High
137344822,16,13.75,2025-12-18 15:00:00,29.71,Low
137345401,31,49.48,2025-12-18 23:00:00,30.5,Medium
137359772,12,22.92,2025-12-18 16:00:00,15.12,Medium
137362349,30,85.17,2025-12-18 20:00:00,30.38,High
137384149,28,46.71,2025-12-18 12:00:00,30.17,Medium
137385958,28,55.14,2025-12-18 19:00:00,30.25,Medium
137413051,27,14.04,2025-12-18 21:00:00,30.12,Medium
137428887,15,19.8,2025-12-17 13:00:00,25.21,Medium
137435556,14,20.29,2025-12-17 23:00:00,20.62,Medium
137443248,19,8.95,2025-12-16 18:00:00,28.25,Low
137463180,23,169.35,2025-12-18 12:00:00,30.0,High
137484826,29,130.93,2025-12-18 12:00:00,30.21,High
137513013,23,41.74,2025-12-18 22:00:00,29.0,Medium
137531842,24,66.96,2025-12-18 23:00:00,24.21,Medium
137536017,22,24.41,2025-12-18 12:00:00,30.04,Medium
137538791,21,12.48,2025-12-17 17:00:00,28.5,Medium
137545874,23,12.26,2025-12-17 10:00:00,29.0,Medium
137563818,13,24.23,2025-12-17 21:00:00,24.46,Medium
137585300,21,13.29,2025-12-17 16:00:00,28.79,Medium
137608771,27,41.85,2025-12-18 21:00:00,29.12,Medium
137612644,26,28.23,2025-12-18 21:00:00,29.29,Medium
137625581,17,17.18,2025-12-18 23:00:00,30.17,Medium
137663887,17,7.71,2025-12-18 15:00:00,23.25,Low
137670106,8,30.5,2025-12-18 19:00:00,7.88,Low
137675507,31,59.84,2025-12-18 22:00:00,30.5,Medium
137690090,21,20.43,2025-12-18 20:00:00,29.92,Medium
137725903,13,27.0,2025-12-17 23:00:00,27.04,Medium
137760555,22,15.86,2025-12-18 10:00:00,29.5,Medium
137764831,31,29.55,2025-12-18 22:00:00,30.29,Medium
137765713,8,9.5,2025-12-12 09:00:00,23.62,Low
137829350,26,91.23,2025-12-18 18:00:00,29.29,High
137850156,30,172.97,2025-12-18 08:00:00,30.0,High
137853857,26,46.77,2025-12-18 15:00:00,30.25,Medium
137905112,31,154.29,2025-12-18 22:00:00,30.5,High
137944523,17,16.18,2025-12-18 22:00:00,27.0,Medium
137970629,30,104.6,2025-12-18 22:00:00,30.25,High
137974537,26,68.92,2025-12-18 21:00:00,29.08,Medium
137982775,15,23.4,2025-12-18 18:00:00,15.83,Medium
137996255,28,39.86,2025-12-18 22:00:00,30.08,Medium
137996912,30,45.23,2025-12-18 19:00:00,30.79,Medium
137998405,29,189.59,2025-12-18 22:00:00,30.92,High
138003090,21,29.62,2025-12-18 11:00:00,30.08,Medium
138008005,24,65.54,2025-12-17 21:00:00,28.17,Medium
138008976,9,39.89,2025-12-17 06:00:00,29.21,Medium
138061024,14,11.5,2025-12-18 13:00:00,27.0,Low
138090536,13,19.62,2025-12-10 12:00:00,17.83,Medium
138100684,28,136.46,2025-12-18 18:00:00,30.38,High
138108608,17,13.94,2025-12-16 05:00:00,26.33,Low
138118243,28,26.46,2025-12-18 13:00:00,29.62,Medium
138137472,18,16.61,2025-12-18 11:00:00,30.08,Medium
138153893,28,27.61,2025-12-18 21:00:00,30.38,Medium
138161959,13,28.77,2025-12-18 19:00:00,30.08,Medium
138162465,23,35.35,2025-12-17 16:00:00,29.17,Medium
138164167,29,53.34,2025-12-18 19:00:00,30.46,Medium
138184722,1,205.0,2025-12-18 20:00:00,0.25,Low
138187775,17,6.59,2025-12-18 13:00:00,29.67,Low
138188210,10,7.4,2025-12-16 00:00:00,23.5,Low
138214018,25,23.6,2025-12-18 17:00:00,30.04,Medium
138243943,15,66.8,2025-12-17 10:00:00,25.83,Medium
138244218,3,6.33,2025-11-26 10:00:00,6.58,Low
138245425,14,15.57,2025-12-14 21:00:00,24.96,Low
138254559,27,18.04,2025-12-18 17:00:00,30.12,Medium
138265467,7,7.14,2025-12-16 21:00:00,27.17,Low
138266735,22,32.73,2025-12-18 21:00:00,30.38,Medium
138301582,30,96.67,2025-12-18 20:00:00,30.12,High
138315730,15,25.0,2025-12-17 19:00:00,27.96,Medium
138323461,30,61.9,2025-12-18 18:00:00,30.17,Medium
138324819,20,40.7,2025-12-18 14:00:00,30.33,Medium
138337202,27,71.11,2025-12-18 18:00:00,28.71,High
138387712,28,134.96,2025-12-18 23:00:00,30.58,High
138390959,27,69.44,2025-12-18 23:00:00,30.62,High
138399730,22,22.64,2025-12-17 22:00:00,28.08,Medium
138434510,16,35.56,2025-12-17 19:00:00,29.21,Medium
138442756,9,34.67,2025-12-18 21:00:00,27.21,Medium
138452331,7,41.0,2025-12-07 22:00:00,11.46,Medium
138467876,23,58.39,2025-12-17 17:00:00,29.29,Medium
138505346,29,96.86,2025-12-18 23:00:00,30.96,High
138524216,27,81.33,2025-12-18 17:00:00,30.38,High
138543797,17,30.82,2025-12-17 06:00:00,26.83,Medium
138551234,13,21.0,2025-12-13 22:00:00,25.17,Medium
138554874,21,51.1,2025-12-18 20:00:00,30.21,Medium
138559280,8,9.0,2025-12-17 22:00:00,23.33,Low
138590345,17,7.0,2025-12-16 14:00:00,27.71,Low
138590516,30,60.93,2025-12-18 23:00:00,30.62,Medium
138635225,27,69.89,2025-12-18 18:00:00,30.04,High
138643458,27,91.37,2025-12-18 09:00:00,29.92,High
138654093,10,17.7,2025-12-18 21:00:00,30.12,Low
138666658,9,14.44,2025-12-17 03:00:00,28.79,Low
138675523,8,7.0,2025-12-16 13:00:00,27.92,Low
138675868,16,33.12,2025-12-18 23:00:00,29.42,Medium
138690511,27,33.7,2025-12-18 17:00:00,30.29,Medium
138712753,30,55.5,2025-12-18 16:00:00,30.42,Medium
138713271,16,17.69,2025-12-18 23:00:00,30.12,Medium
138720115,11,29.91,2025-12-17 19:00:00,22.12,Medium
138735272,30,150.63,2025-12-18 23:00:00,30.96,High
138737144,28,87.04,2025-12-17 21:00:00,29.25,High
138749285,29,64.97,2025-12-18 15:00:00,30.21,High
138753048,28,74.96,2025-12-18 22:00:00,30.62,High
138765963,6,39.0,2025-12-12 20:00:00,7.17,Low
138793462,19,197.37,2025-12-18 21:00:00,20.38,High
138823535,28,59.0,2025-12-17 20:00:00,28.96,Medium
138843810,29,122.62,2025-12-18 20:00:00,30.46,High
138856127,23,12.57,2025-12-18 22:00:00,30.46,Medium
138856687,26,87.23,2025-12-18 16:00:00,29.67,High
138862609,14,10.93,2025-12-18 22:00:00,29.12,Low
138867561,29,200.03,2025-12-18 23:00:00,30.58,High
138891580,30,115.53,2025-12-18 21:00:00,30.46,High
138949663,9,32.0,2025-12-18 17:00:00,19.21,Medium
138964981,6,49.33,2025-12-18 22:00:00,5.5,Medium
138976435,19,15.53,2025-12-18 14:00:00,30.58,Medium
138977388,31,175.45,2025-12-18 23:00:00,30.96,High
138981037,26,24.12,2025-12-18 22:00:00,30.0,Medium
139003263,24,130.75,2025-12-18 23:00:00,30.62,High
139014554,14,23.71,2025-12-18 22:00:00,30.12,Medium
139019375,29,34.52,2025-12-18 23:00:00,30.96,Medium
139030112,23,58.7,2025-12-18 22:00:00,28.04,Medium
139059745,28,76.32,2025-12-18 17:00:00,30.29,High
139061840,12,33.42,2025-12-17 14:00:00,22.71,Medium
139068649,11,41.36,2025-12-14 15:00:00,26.08,Medium
139090437,21,58.62,2025-12-16 22:00:00,28.38,Medium
139104982,31,150.81,2025-12-18 23:00:00,30.62,High
139124962,28,49.57,2025-12-18 23:00:00,30.12,Medium
139145544,30,81.73,2025-12-18 23:00:00,30.54,High
139174569,17,42.0,2025-12-18 20:00:00,30.25,Medium
139199517,22,9.05,2025-12-18 11:00:00,30.12,Low
139207603,8,105.25,2025-12-17 01:00:00,13.12,Medium
139214877,14,17.14,2025-12-18 22:00:00,29.04,Low
139220719,22,177.23,2025-12-15 21:00:00,27.04,High
139250001,21,42.29,2025-12-17 23:00:00,26.96,Medium
139261152,19,19.79,2025-12-18 19:00:00,25.29,Medium
139262063,27,45.26,2025-12-18 18:00:00,29.38,Medium
139263046,25,29.24,2025-12-18 20:00:00,30.42,Medium
139268036,13,8.46,2025-12-16 21:00:00,25.04,Low
139275985,6,41.33,2025-11-24 13:00:00,5.12,Low
139333186,20,49.1,2025-12-17 23:00:00,29.04,Medium
139401388,4,8.0,2025-12-17 20:00:00,5.33,Low
139413160,31,117.16,2025-12-18 21:00:00,30.04,High
139423598,23,42.52,2025-12-18 15:00:00,30.33,Medium
139435539,31,400.42,2025-12-18 21:00:00,30.58,High
139443041,20,28.15,2025-12-14 22:00:00,26.58,Medium
139455432,11,10.55,2025-12-15 21:00:00,27.42,Low
139458443,6,44.0,2025-12-13 11:00:00,14.79,Medium
139462332,31,116.42,2025-12-18 19:00:00,30.38,High
139471492,15,113.4,2025-12-15 17:00:00,25.88,Medium
139473011,16,7.56,2025-12-09 22:00:00,21.46,Low
139475729,17,42.59,2025-12-17 20:00:00,29.25,Medium
139479952,25,29.72,2025-12-18 11:00:00,28.25,Medium
139493879,26,66.42,2025-12-18 08:00:00,29.83,Medium
139544053,3,27.33,2025-12-03 18:00:00,15.17,Low
139590290,29,56.34,2025-12-18 19:00:00,30.42,Medium
139592313,11,122.18,2025-11-29 02:00:00,10.04,Medium
139637127,16,79.31,2025-12-18 23:00:00,27.46,Medium
139641075,3,32.67,2025-12-14 15:00:00,25.29,Low
139654010,5,7.2,2025-12-17 08:00:00,17.83,Low
139691381,12,14.75,2025-12-13 22:00:00,24.08,Low
139698902,20,20.25,2025-12-18 22:00:00,29.46,Medium
139707991,19,29.68,2025-12-18 21:00:00,28.5,Medium
139725346,30,119.3,2025-12-18 17:00:00,30.21,High
139750127,14,31.07,2025-12-18 19:00:00,26.17,Medium
139752048,24,31.67,2025-12-17 22:00:00,29.46,Medium
139756567,29,54.21,2025-12-18 20:00:00,30.42,Medium
139774311,15,39.6,2025-12-18 19:00:00,30.42,Medium
139774835,31,46.39,2025-12-18 15:00:00,30.29,Medium
139780128,18,17.56,2025-12-16 21:00:00,28.0,Medium
139792009,2,25.0,2025-12-15 20:00:00,2.38,Low
139793464,29,104.24,2025-12-18 20:00:00,30.46,High
139795059,23,47.04,2025-12-17 19:00:00,29.46,Medium
139808909,30,36.27,2025-12-18 21:00:00,30.12,Medium
139871684,14,26.86,2025-12-17 12:00:00,28.54,Medium
139878247,9,5.67,2025-12-18 18:00:00,25.79,Low
139885879,18,39.61,2025-12-18 22:00:00,30.54,Medium
139891563,31,134.19,2025-12-18 19:00:00,30.04,High
139892587,6,19.5,2025-12-16 04:00:00,8.29,Low
139896291,24,30.12,2025-12-18 15:00:00,30.62,Medium
139904361,19,12.84,2025-12-16 23:00:00,28.46,Low
139944915,6,33.5,2025-12-18 18:00:00,24.96,Low
139946254,20,22.05,2025-12-18 05:00:00,25.88,Medium
139948662,15,27.47,2025-12-17 12:00:00,24.54,Medium
139954377,20,16.25,2025-12-18 22:00:00,25.38,Medium
139961106,23,73.78,2025-12-18 04:00:00,29.75,Medium
139964980,7,8.29,2025-12-12 12:00:00,16.17,Low
139986994,23,17.57,2025-12-17 11:00:00,28.92,Medium
139991891,11,23.55,2025-12-15 19:00:00,23.12,Medium
140040145,23,43.22,2025-12-18 20:00:00,30.46,Medium
140070019,17,18.47,2025-12-17 15:00:00,26.79,Medium
140131230,17,27.76,2025-12-16 00:00:00,27.04,Medium
140144743,31,44.03,2025-12-18 20:00:00,30.5,Medium
140145748,20,35.7,2025-12-17 15:00:00,28.75,Medium
140158728,30,81.33,2025-12-18 21:00:00,30.33,High
140227692,22,28.5,2025-12-17 16:00:00,26.79,Medium
140230525,28,45.89,2025-12-18 19:00:00,30.25,Medium
140257001,30,120.73,2025-12-18 23:00:00,30.96,High
140305505,26,42.27,2025-12-18 23:00:00,30.21,Medium
140332109,26,23.35,2025-12-18 21:00:00,30.54,Medium
140351939,31,29.87,2025-12-18 14:00:00,30.54,Medium
140356732,19,94.16,2025-12-11 19:00:00,23.29,Medium
140372438,7,22.29,2025-12-13 20:00:00,23.04,Low
140394724,24,38.71,2025-12-18 15:00:00,29.08,Medium
140397235,22,17.05,2025-12-18 23:00:00,29.75,Medium
140409125,28,80.18,2025-12-18 10:00:00,28.92,High
140423268,31,198.71,2025-12-18 22:00:00,30.58,High
140452690,31,147.06,2025-12-18 21:00:00,30.42,High
140469244,8,13.75,2025-12-17 23:00:00,25.12,Low
140483725,22,90.27,2025-12-16 21:00:00,26.25,High
140489209,10,4.3,2025-12-17 08:00:00,28.75,Low
140502795,24,28.21,2025-12-18 19:00:00,28.08,Medium
140515194,25,34.32,2025-12-18 21:00:00,30.46,Medium
140535667,30,128.93,2025-12-18 21:00:00,30.54,High
140546553,21,47.24,2025-12-14 22:00:00,26.67,Medium
140548532,8,16.62,2025-12-18 16:00:00,28.33,Low
140563378,12,34.92,2025-12-02 21:00:00,11.0,Medium
140606196,30,50.3,2025-12-18 12:00:00,30.12,Medium
140627651,22,40.0,2025-12-14 23:00:00,26.0,Medium
140628062,21,21.43,2025-12-16 15:00:00,27.08,Medium
140643525,22,18.82,2025-12-17 17:00:00,29.42,Medium
140651069,13,10.0,2025-12-15 15:00:00,26.96,Low
140661231,31,79.0,2025-12-18 22:00:00,30.08,High
140662618,30,137.43,2025-12-18 23:00:00,30.5,High
140671079,15,51.27,2025-12-15 23:00:00,26.54,Medium
140679789,7,6.43,2025-12-16 09:00:00,24.71,Low
140723279,27,70.44,2025-12-18 22:00:00,30.29,High
140730073,19,12.58,2025-12-18 21:00:00,30.25,Low
140732064,19,71.58,2025-12-14 20:00:00,26.17,Medium
140734558,4,25.5,2025-12-16 03:00:00,27.79,Low
140735769,26,85.88,2025-12-18 22:00:00,30.58,High
140739491,22,17.82,2025-12-18 19:00:00,28.88,Medium
140747079,31,92.74,2025-12-18 12:00:00,29.83,High
140759237,29,55.76,2025-12-18 08:00:00,29.96,Medium
140770379,22,43.82,2025-12-18 21:00:00,29.62,Medium
140774910,13,18.46,2025-12-08 21:00:00,19.96,Low
140777465,28,46.57,2025-12-18 07:00:00,30.04,Medium
140780237,31,184.61,2025-12-18 23:00:00,30.62,High
140781295,25,41.56,2025-12-18 17:00:00,29.79,Medium
140790174,13,22.15,2025-12-14 11:00:00,25.75,Medium
140801686,18,14.39,2025-12-18 08:00:00,30.0,Medium
140825250,28,22.64,2025-12-18 23:00:00,30.96,Medium
140827248,21,24.76,2025-12-18 11:00:00,28.62,Medium
140863269,26,30.54,2025-12-18 20:00:00,30.04,Medium
140869856,31,23.97,2025-12-18 21:00:00,30.62,Medium
140906142,27,85.67,2025-12-18 22:00:00,30.46,High
140910777,26,12.65,2025-12-18 22:00:00,29.5,Medium
140935086,9,9.89,2025-12-15 13:00:00,23.12,Low
140944295,26,20.85,2025-12-18 14:00:00,29.21,Medium
140951912,28,39.5,2025-12-18 21:00:00,30.21,Medium
140972534,11,35.91,2025-12-18 23:00:00,30.46,Medium
140990654,31,134.84,2025-12-18 21:00:00,30.88,High
141003659,30,45.33,2025-12-18 20:00:00,30.29,Medium
141016162,26,108.0,2025-12-18 21:00:00,30.46,High
141083736,27,41.26,2025-12-18 21:00:00,30.0,Medium
141085465,20,17.4,2025-12-18 08:00:00,30.33,Medium
141094962,29,35.76,2025-12-18 23:00:00,30.29,Medium
141116266,19,36.63,2025-12-18 21:00:00,30.08,Medium
141116365,16,34.38,2025-12-18 21:00:00,30.46,Medium
141127578,28,26.11,2025-12-18 19:00:00,30.33,Medium
141142627,20,58.8,2025-12-18 21:00:00,30.62,Medium
141143284,27,92.96,2025-12-16 22:00:00,27.5,High
141187200,31,24.74,2025-12-18 23:00:00,30.25,Medium
141226151,26,51.81,2025-12-18 23:00:00,30.5,Medium
141232955,12,23.75,2025-12-16 10:00:00,27.62,Medium
141266970,13,21.69,2025-12-18 13:00:00,30.38,Medium
141284597,6,35.0,2025-12-16 09:00:00,19.5,Low
141290489,17,39.0,2025-12-15 18:00:00,22.88,Medium
141302835,14,53.14,2025-12-17 20:00:00,21.92,Medium
141323792,30,18.93,2025-12-18 22:00:00,30.58,Medium
141324182,10,52.9,2025-12-18 23:00:00,13.17,Medium
141384260,17,26.06,2025-12-18 21:00:00,29.96,Medium
141388703,20,68.25,2025-12-17 22:00:00,25.04,Medium
141418782,8,10.25,2025-12-05 15:00:00,16.96,Low
141439882,21,16.14,2025-12-18 14:00:00,30.12,Medium
141444223,21,118.24,2025-12-14 17:00:00,25.92,High
141453769,27,31.89,2025-12-18 17:00:00,29.17,Medium
141464286,8,39.5,2025-12-18 01:00:00,28.17,Medium
141484663,25,22.04,2025-12-18 20:00:00,29.79,Medium
141504075,13,34.38,2025-12-18 19:00:00,27.12,Medium
141534742,26,45.73,2025-12-18 21:00:00,30.42,Medium
141578499,30,52.13,2025-12-18 20:00:00,30.54,Medium
141582467,23,60.17,2025-12-18 19:00:00,28.5,Medium
141600808,31,266.97,2025-12-18 19:00:00,30.75,High
141603737,21,20.67,2025-12-18 20:00:00,30.25,Medium
141604126,26,35.46,2025-12-18 17:00:00,30.29,Medium
141609995,20,21.8,2025-12-18 13:00:00,29.79,Medium
141700273,17,76.0,2025-12-15 20:00:00,27.54,Medium
141717702,17,23.53,2025-12-18 21:00:00,28.12,Medium
141754029,27,60.89,2025-12-18 21:00:00,30.42,Medium
141788152,27,57.63,2025-12-18 08:00:00,30.33,Medium
141792132,4,12.0,2025-12-18 22:00:00,30.33,Low
141794752,25,113.52,2025-12-17 21:00:00,29.38,High
141823298,31,18.84,2025-12-18 22:00:00,30.42,Medium
141840594,20,142.55,2025-12-18 12:00:00,27.08,High
141856245,29,56.79,2025-12-18 10:00:00,30.0,Medium
141870015,8,9.0,2025-12-06 17:00:00,17.25,Low
141878326,14,70.0,2025-12-17 23:00:00,29.88,Medium
141891337,31,72.32,2025-12-18 18:00:00,30.42,High
141906479,24,39.92,2025-12-18 20:00:00,30.83,Medium
141907831,24,85.04,2025-12-17 23:00:00,29.12,High
141927774,19,51.89,2025-12-14 13:00:00,25.04,Medium
141976720,23,169.17,2025-12-18 14:00:00,28.88,High
141993120,31,73.1,2025-12-18 22:00:00,30.88,High
142036510,22,38.05,2025-12-18 22:00:00,30.71,Medium
142048623,30,88.43,2025-12-18 20:00:00,30.62,High
142051625,27,75.59,2025-12-18 17:00:00,29.67,High
142060721,29,76.07,2025-12-18 23:00:00,30.62,High
142061900,12,9.67,2025-12-17 15:00:00,28.96,Low
142064691,29,46.48,2025-12-18 13:00:00,30.12,Medium
142073213,14,53.21,2025-12-18 18:00:00,19.75,Medium
142081324,25,132.16,2025-12-18 23:00:00,25.54,High
142095821,29,35.17,2025-12-18 21:00:00,30.21,Medium
142120051,31,293.84,2025-12-18 21:00:00,30.58,High
142126535,28,24.68,2025-12-16 13:00:00,28.42,Medium
142128942,29,113.07,2025-12-18 16:00:00,30.25,High
142128951,24,17.88,2025-12-18 14:00:00,30.21,Medium
142133884,9,22.78,2025-12-18 18:00:00,28.38,Low
142138619,26,26.5,2025-12-18 20:00:00,30.54,Medium
142144275,30,44.4,2025-12-18 22:00:00,30.29,Medium
142151675,30,32.33,2025-12-18 10:00:00,30.17,Medium
142168798,30,83.43,2025-12-18 17:00:00,30.46,High
142171065,3,11.33,2025-12-03 00:00:00,6.17,Low
142181816,26,132.69,2025-12-18 20:00:00,30.79,High
142204924,13,44.08,2025-12-18 15:00:00,29.88,Medium
142216376,29,36.55,2025-12-18 12:00:00,29.71,Medium
142227202,23,22.35,2025-12-18 02:00:00,29.46,Medium
142244794,31,78.03,2025-12-18 21:00:00,30.58,High
142265405,15,29.73,2025-12-18 20:00:00,29.96,Medium
142306250,26,51.58,2025-12-17 19:00:00,29.21,Medium
142306361,21,28.71,2025-12-18 22:00:00,30.38,Medium
142337230,23,21.7,2025-12-18 20:00:00,30.5,Medium
142358910,9,107.89,2025-12-18 23:00:00,8.67,Medium
142368840,27,33.85,2025-12-18 09:00:00,29.58,Medium
142376113,12,26.83,2025-12-18 09:00:00,24.5,Medium
142412247,25,13.4,2025-12-17 11:00:00,28.58,Medium
142430177,27,54.85,2025-12-18 23:00:00,30.38,Medium
142450275,31,219.97,2025-12-18 22:00:00,30.42,High
142455899,20,67.55,2025-12-14 21:00:00,25.29,Medium
